{"t_death": 2423.2499999999945, "death_mode": "ribo_collapse", "pnr_type": "ribo_depletion", "t_pnr": 1621.350000000103, "dt_walking_dead": 801.8999999998916, "N_RNAP": 7, "N_Ribo": 2, "N_ATP": 1000, "seed": 13}