{"t_death": 6047.5499999985295, "death_mode": "ribo_collapse", "pnr_type": "ribo_depletion", "t_pnr": 536.3999999999934, "dt_walking_dead": 5511.149999998536, "N_RNAP": 100, "N_Ribo": 2, "N_ATP": 1000, "seed": 54}