{"t_death": 4675.499999999084, "death_mode": "cycle_collapse", "pnr_type": "rnap_deadlock", "t_pnr": 4667.849999999087, "dt_walking_dead": 7.649999999996908, "N_RNAP": 41, "N_Ribo": 64, "N_ATP": 1000, "seed": 49}