{"t_death": 5804.099999998628, "death_mode": "ribo_collapse", "pnr_type": "ribo_depletion", "t_pnr": 5623.199999998701, "dt_walking_dead": 180.89999999992688, "N_RNAP": 27, "N_Ribo": 27, "N_ATP": 1000, "seed": 37}