{"t_death": 3332.249999999627, "death_mode": "ribo_collapse", "pnr_type": "ribo_depletion", "t_pnr": 749.2500000000149, "dt_walking_dead": 2582.999999999612, "N_RNAP": 64, "N_Ribo": 2, "N_ATP": 1000, "seed": 5}