{"t_death": 5401.349999998791, "death_mode": "ribo_collapse", "pnr_type": "ribo_depletion", "t_pnr": 398.69999999999374, "dt_walking_dead": 5002.649999998797, "N_RNAP": 17, "N_Ribo": 2, "N_ATP": 1000, "seed": 9}