{"t_death": 1954.8000000001366, "death_mode": "cycle_collapse", "pnr_type": "rnap_deadlock", "t_pnr": 1450.8000000000857, "dt_walking_dead": 504.00000000005093, "N_RNAP": 4, "N_Ribo": 11, "N_ATP": 1000, "seed": 97}