{"t_death": 2556.8999999999405, "death_mode": "ribo_collapse", "pnr_type": "ribo_depletion", "t_pnr": 404.0999999999936, "dt_walking_dead": 2152.799999999947, "N_RNAP": 7, "N_Ribo": 2, "N_ATP": 1000, "seed": 8}