{"t_death": 2593.7999999999256, "death_mode": "cycle_collapse", "pnr_type": "rnap_deadlock", "t_pnr": 2425.4999999999936, "dt_walking_dead": 168.29999999993197, "N_RNAP": 3, "N_Ribo": 2, "N_ATP": 1000, "seed": 34}