{"t_death": 4773.149999999045, "death_mode": "ribo_collapse", "pnr_type": "ribo_depletion", "t_pnr": 4212.899999999271, "dt_walking_dead": 560.2499999997735, "N_RNAP": 27, "N_Ribo": 17, "N_ATP": 1000, "seed": 74}