{"t_death": 5205.59999999887, "death_mode": "ribo_collapse", "pnr_type": "ribo_depletion", "t_pnr": 3605.8499999995165, "dt_walking_dead": 1599.7499999993533, "N_RNAP": 4, "N_Ribo": 41, "N_ATP": 1000, "seed": 99}