{"t_death": 2292.3000000000475, "death_mode": "ribo_collapse", "pnr_type": "ribo_depletion", "t_pnr": 921.1500000000323, "dt_walking_dead": 1371.150000000015, "N_RNAP": 17, "N_Ribo": 4, "N_ATP": 1000, "seed": 82}