{"t_death": 3365.5499999996136, "death_mode": "ribo_collapse", "pnr_type": "ribo_depletion", "t_pnr": 1019.2500000000422, "dt_walking_dead": 2346.2999999995714, "N_RNAP": 17, "N_Ribo": 11, "N_ATP": 1000, "seed": 44}