{"t_death": 6756.749999998243, "death_mode": "ribo_collapse", "pnr_type": "ribo_depletion", "t_pnr": 623.2500000000022, "dt_walking_dead": 6133.499999998241, "N_RNAP": 11, "N_Ribo": 2, "N_ATP": 1000, "seed": 35}