{"t_death": 2625.299999999913, "death_mode": "ribo_collapse", "pnr_type": "ribo_depletion", "t_pnr": 315.44999999999584, "dt_walking_dead": 2309.849999999917, "N_RNAP": 27, "N_Ribo": 2, "N_ATP": 1000, "seed": 16}