{"t_death": 3468.149999999572, "death_mode": "ribo_collapse", "pnr_type": "ribo_depletion", "t_pnr": 1378.8000000000784, "dt_walking_dead": 2089.349999999494, "N_RNAP": 27, "N_Ribo": 11, "N_ATP": 1000, "seed": 49}