{"t_death": 3513.599999999554, "death_mode": "ribo_collapse", "pnr_type": "ribo_depletion", "t_pnr": 662.4000000000061, "dt_walking_dead": 2851.199999999548, "N_RNAP": 17, "N_Ribo": 3, "N_ATP": 1000, "seed": 75}