{"t_death": 6953.849999998163, "death_mode": "ribo_collapse", "pnr_type": "ribo_depletion", "t_pnr": 3676.9499999994878, "dt_walking_dead": 3276.8999999986754, "N_RNAP": 100, "N_Ribo": 17, "N_ATP": 1000, "seed": 34}