{"t_death": 5745.599999998652, "death_mode": "ribo_collapse", "pnr_type": "ribo_depletion", "t_pnr": 5688.8999999986745, "dt_walking_dead": 56.69999999997708, "N_RNAP": 64, "N_Ribo": 64, "N_ATP": 1000, "seed": 50}