{"t_death": 3694.4999999994807, "death_mode": "cycle_collapse", "pnr_type": "rnap_deadlock", "t_pnr": 3673.3499999994892, "dt_walking_dead": 21.14999999999145, "N_RNAP": 41, "N_Ribo": 17, "N_ATP": 1000, "seed": 78}