{"t_death": 1874.7000000001285, "death_mode": "cycle_collapse", "pnr_type": "rnap_deadlock", "t_pnr": 1832.8500000001243, "dt_walking_dead": 41.85000000000423, "N_RNAP": 11, "N_Ribo": 17, "N_ATP": 1000, "seed": 77}