{"t_death": 3053.6999999997397, "death_mode": "ribo_collapse", "pnr_type": "ribo_depletion", "t_pnr": 2907.449999999799, "dt_walking_dead": 146.24999999994088, "N_RNAP": 11, "N_Ribo": 27, "N_ATP": 1000, "seed": 95}