{"t_death": 4137.7499999993015, "death_mode": "ribo_collapse", "pnr_type": "ribo_depletion", "t_pnr": 2819.6999999998343, "dt_walking_dead": 1318.0499999994672, "N_RNAP": 7, "N_Ribo": 7, "N_ATP": 1000, "seed": 81}