{"t_death": 3608.0999999995156, "death_mode": "ribo_collapse", "pnr_type": "ribo_depletion", "t_pnr": 1003.5000000000406, "dt_walking_dead": 2604.599999999475, "N_RNAP": 41, "N_Ribo": 2, "N_ATP": 1000, "seed": 21}