{"t_death": 3301.1999999996397, "death_mode": "ribo_collapse", "pnr_type": "ribo_depletion", "t_pnr": 1830.150000000124, "dt_walking_dead": 1471.0499999995156, "N_RNAP": 7, "N_Ribo": 3, "N_ATP": 1000, "seed": 74}