{"t_death": 3553.199999999538, "death_mode": "ribo_collapse", "pnr_type": "ribo_depletion", "t_pnr": 2503.799999999962, "dt_walking_dead": 1049.3999999995758, "N_RNAP": 17, "N_Ribo": 7, "N_ATP": 1000, "seed": 99}