{"t_death": 3156.749999999698, "death_mode": "cycle_collapse", "pnr_type": "rnap_deadlock", "t_pnr": 3094.1999999997233, "dt_walking_dead": 62.549999999974716, "N_RNAP": 11, "N_Ribo": 27, "N_ATP": 1000, "seed": 7}