{"t_death": 4754.249999999052, "death_mode": "ribo_collapse", "pnr_type": "ribo_depletion", "t_pnr": 2018.700000000143, "dt_walking_dead": 2735.5499999989092, "N_RNAP": 41, "N_Ribo": 4, "N_ATP": 1000, "seed": 76}