{"t_death": 5994.449999998551, "death_mode": "ribo_collapse", "pnr_type": "ribo_depletion", "t_pnr": 1781.100000000119, "dt_walking_dead": 4213.349999998432, "N_RNAP": 41, "N_Ribo": 27, "N_ATP": 1000, "seed": 66}