{"t_death": 8549.09999999824, "death_mode": "ribo_collapse", "pnr_type": "ribo_depletion", "t_pnr": 5717.249999998663, "dt_walking_dead": 2831.8499999995765, "N_RNAP": 41, "N_Ribo": 64, "N_ATP": 1000, "seed": 15}