{"t_death": 3707.5499999994754, "death_mode": "ribo_collapse", "pnr_type": "ribo_depletion", "t_pnr": 3359.249999999616, "dt_walking_dead": 348.2999999998592, "N_RNAP": 100, "N_Ribo": 7, "N_ATP": 1000, "seed": 72}