{"t_death": 4124.249999999307, "death_mode": "ribo_collapse", "pnr_type": "ribo_depletion", "t_pnr": 615.1500000000013, "dt_walking_dead": 3509.0999999993055, "N_RNAP": 64, "N_Ribo": 2, "N_ATP": 1000, "seed": 74}