{"t_death": 2071.8000000001366, "death_mode": "ribo_collapse", "pnr_type": "ribo_depletion", "t_pnr": 1355.850000000076, "dt_walking_dead": 715.9500000000605, "N_RNAP": 7, "N_Ribo": 2, "N_ATP": 1000, "seed": 41}