{"t_death": 3062.2499999997362, "death_mode": "ribo_collapse", "pnr_type": "ribo_depletion", "t_pnr": 2054.7000000001435, "dt_walking_dead": 1007.5499999995927, "N_RNAP": 27, "N_Ribo": 7, "N_ATP": 1000, "seed": 18}