{"t_death": 1780.650000000119, "death_mode": "ribo_collapse", "pnr_type": "ribo_depletion", "t_pnr": 885.1500000000286, "dt_walking_dead": 895.5000000000904, "N_RNAP": 2, "N_Ribo": 2, "N_ATP": 1000, "seed": 30}