{"t_death": 2725.6499999998723, "death_mode": "ribo_collapse", "pnr_type": "ribo_depletion", "t_pnr": 1138.9500000000542, "dt_walking_dead": 1586.6999999998181, "N_RNAP": 2, "N_Ribo": 4, "N_ATP": 1000, "seed": 70}