{"t_death": 4694.849999999076, "death_mode": "ribo_collapse", "pnr_type": "ribo_depletion", "t_pnr": 3654.449999999497, "dt_walking_dead": 1040.3999999995794, "N_RNAP": 100, "N_Ribo": 4, "N_ATP": 1000, "seed": 62}