{"t_death": 5350.949999998811, "death_mode": "ribo_collapse", "pnr_type": "ribo_depletion", "t_pnr": 3399.7499999996, "dt_walking_dead": 1951.1999999992113, "N_RNAP": 41, "N_Ribo": 11, "N_ATP": 1000, "seed": 74}