{"t_death": 3131.5499999997082, "death_mode": "ribo_collapse", "pnr_type": "ribo_depletion", "t_pnr": 1136.700000000054, "dt_walking_dead": 1994.8499999996543, "N_RNAP": 27, "N_Ribo": 4, "N_ATP": 1000, "seed": 2}