{"t_death": 2680.1999999998907, "death_mode": "ribo_collapse", "pnr_type": "ribo_depletion", "t_pnr": 1632.150000000104, "dt_walking_dead": 1048.0499999997867, "N_RNAP": 7, "N_Ribo": 4, "N_ATP": 1000, "seed": 29}