{"t_death": 3811.4999999994334, "death_mode": "ribo_collapse", "pnr_type": "ribo_depletion", "t_pnr": 2769.2999999998547, "dt_walking_dead": 1042.1999999995787, "N_RNAP": 11, "N_Ribo": 17, "N_ATP": 1000, "seed": 40}