{"t_death": 2663.0999999998976, "death_mode": "cycle_collapse", "pnr_type": "rnap_deadlock", "t_pnr": 2271.600000000056, "dt_walking_dead": 391.49999999984175, "N_RNAP": 4, "N_Ribo": 11, "N_ATP": 1000, "seed": 13}