{"t_death": 2353.5000000000227, "death_mode": "cycle_collapse", "pnr_type": "rnap_deadlock", "t_pnr": 2250.0000000000646, "dt_walking_dead": 103.49999999995816, "N_RNAP": 2, "N_Ribo": 7, "N_ATP": 1000, "seed": 50}