{"t_death": 1428.3000000000834, "death_mode": "cycle_collapse", "pnr_type": "rnap_deadlock", "t_pnr": 1407.1500000000813, "dt_walking_dead": 21.150000000002137, "N_RNAP": 2, "N_Ribo": 17, "N_ATP": 1000, "seed": 66}