{"t_death": 7035.29999999813, "death_mode": "ribo_collapse", "pnr_type": "ribo_depletion", "t_pnr": 5133.149999998899, "dt_walking_dead": 1902.149999999231, "N_RNAP": 27, "N_Ribo": 4, "N_ATP": 1000, "seed": 92}