{"t_death": 6066.899999998522, "death_mode": "ribo_collapse", "pnr_type": "ribo_depletion", "t_pnr": 756.0000000000156, "dt_walking_dead": 5310.899999998506, "N_RNAP": 100, "N_Ribo": 3, "N_ATP": 1000, "seed": 23}