{"t_death": 7846.649999997802, "death_mode": "ribo_collapse", "pnr_type": "ribo_depletion", "t_pnr": 3805.199999999436, "dt_walking_dead": 4041.4499999983664, "N_RNAP": 27, "N_Ribo": 64, "N_ATP": 1000, "seed": 21}