{"t_death": 5243.399999998855, "death_mode": "cycle_collapse", "pnr_type": "rnap_deadlock", "t_pnr": 5156.54999999889, "dt_walking_dead": 86.8499999999649, "N_RNAP": 100, "N_Ribo": 7, "N_ATP": 1000, "seed": 12}