{"t_death": 2036.2500000001448, "death_mode": "ribo_collapse", "pnr_type": "ribo_depletion", "t_pnr": 708.7500000000108, "dt_walking_dead": 1327.5000000001342, "N_RNAP": 2, "N_Ribo": 3, "N_ATP": 1000, "seed": 87}