{"t_death": 7586.549999997907, "death_mode": "ribo_collapse", "pnr_type": "ribo_depletion", "t_pnr": 643.5000000000042, "dt_walking_dead": 6943.049999997903, "N_RNAP": 17, "N_Ribo": 2, "N_ATP": 1000, "seed": 81}