{"t_death": 4129.199999999305, "death_mode": "ribo_collapse", "pnr_type": "ribo_depletion", "t_pnr": 768.1500000000168, "dt_walking_dead": 3361.049999999288, "N_RNAP": 41, "N_Ribo": 2, "N_ATP": 1000, "seed": 59}