{"t_death": 4175.099999999286, "death_mode": "ribo_collapse", "pnr_type": "ribo_depletion", "t_pnr": 4119.299999999309, "dt_walking_dead": 55.799999999977445, "N_RNAP": 17, "N_Ribo": 17, "N_ATP": 1000, "seed": 17}