{"t_death": 2023.2000000001435, "death_mode": "cycle_collapse", "pnr_type": "rnap_deadlock", "t_pnr": 1909.350000000132, "dt_walking_dead": 113.8500000000115, "N_RNAP": 4, "N_Ribo": 41, "N_ATP": 1000, "seed": 24}