{"t_death": 3406.949999999597, "death_mode": "cycle_collapse", "pnr_type": "rnap_deadlock", "t_pnr": 3309.749999999636, "dt_walking_dead": 97.19999999996071, "N_RNAP": 17, "N_Ribo": 7, "N_ATP": 1000, "seed": 59}