{"t_death": 7284.14999999803, "death_mode": "ribo_collapse", "pnr_type": "ribo_depletion", "t_pnr": 3209.3999999996768, "dt_walking_dead": 4074.749999998353, "N_RNAP": 11, "N_Ribo": 11, "N_ATP": 1000, "seed": 60}