{"t_death": 2196.900000000086, "death_mode": "cycle_collapse", "pnr_type": "rnap_deadlock", "t_pnr": 2133.9000000001115, "dt_walking_dead": 62.999999999974534, "N_RNAP": 7, "N_Ribo": 64, "N_ATP": 1000, "seed": 92}