{"t_death": 5906.249999998587, "death_mode": "ribo_collapse", "pnr_type": "ribo_depletion", "t_pnr": 5878.799999998598, "dt_walking_dead": 27.449999999988904, "N_RNAP": 27, "N_Ribo": 17, "N_ATP": 1000, "seed": 8}