{"t_death": 5786.099999998635, "death_mode": "ribo_collapse", "pnr_type": "ribo_depletion", "t_pnr": 4578.749999999123, "dt_walking_dead": 1207.349999999512, "N_RNAP": 64, "N_Ribo": 17, "N_ATP": 1000, "seed": 25}