{"t_death": 1536.3000000000943, "death_mode": "cycle_collapse", "pnr_type": "rnap_deadlock", "t_pnr": 1388.2500000000794, "dt_walking_dead": 148.05000000001496, "N_RNAP": 2, "N_Ribo": 17, "N_ATP": 1000, "seed": 55}