{"t_death": 4942.349999998976, "death_mode": "ribo_collapse", "pnr_type": "ribo_depletion", "t_pnr": 3260.699999999656, "dt_walking_dead": 1681.6499999993202, "N_RNAP": 41, "N_Ribo": 17, "N_ATP": 1000, "seed": 51}