{"t_death": 3259.3499999996566, "death_mode": "ribo_collapse", "pnr_type": "ribo_depletion", "t_pnr": 2225.2500000000746, "dt_walking_dead": 1034.099999999582, "N_RNAP": 11, "N_Ribo": 17, "N_ATP": 1000, "seed": 51}