{"t_death": 4971.599999998964, "death_mode": "ribo_collapse", "pnr_type": "ribo_depletion", "t_pnr": 4076.0999999993264, "dt_walking_dead": 895.499999999638, "N_RNAP": 17, "N_Ribo": 100, "N_ATP": 1000, "seed": 52}