{"t_death": 4645.349999999096, "death_mode": "ribo_collapse", "pnr_type": "ribo_depletion", "t_pnr": 3407.8499999995965, "dt_walking_dead": 1237.4999999994998, "N_RNAP": 4, "N_Ribo": 41, "N_ATP": 1000, "seed": 40}