{"t_death": 3387.149999999605, "death_mode": "ribo_collapse", "pnr_type": "ribo_depletion", "t_pnr": 2088.9000000001297, "dt_walking_dead": 1298.2499999994752, "N_RNAP": 11, "N_Ribo": 11, "N_ATP": 1000, "seed": 50}