{"t_death": 4041.8999999993403, "death_mode": "cycle_collapse", "pnr_type": "rnap_deadlock", "t_pnr": 4041.8999999993403, "dt_walking_dead": 0.0, "N_RNAP": 27, "N_Ribo": 17, "N_ATP": 1000, "seed": 45}