{"t_death": 3581.0999999995265, "death_mode": "ribo_collapse", "pnr_type": "ribo_depletion", "t_pnr": 2290.500000000048, "dt_walking_dead": 1290.5999999994783, "N_RNAP": 11, "N_Ribo": 2, "N_ATP": 1000, "seed": 70}