{"t_death": 2615.8499999999167, "death_mode": "ribo_collapse", "pnr_type": "ribo_depletion", "t_pnr": 760.050000000016, "dt_walking_dead": 1855.7999999999006, "N_RNAP": 27, "N_Ribo": 3, "N_ATP": 1000, "seed": 47}