{"t_death": 3705.2999999994763, "death_mode": "ribo_collapse", "pnr_type": "ribo_depletion", "t_pnr": 3623.8499999995092, "dt_walking_dead": 81.44999999996708, "N_RNAP": 41, "N_Ribo": 4, "N_ATP": 1000, "seed": 66}