{"t_death": 2328.300000000033, "death_mode": "cycle_collapse", "pnr_type": "rnap_deadlock", "t_pnr": 2261.25000000006, "dt_walking_dead": 67.0499999999729, "N_RNAP": 7, "N_Ribo": 64, "N_ATP": 1000, "seed": 70}