{"t_death": 4173.299999999287, "death_mode": "ribo_collapse", "pnr_type": "ribo_depletion", "t_pnr": 1558.8000000000966, "dt_walking_dead": 2614.4999999991905, "N_RNAP": 41, "N_Ribo": 7, "N_ATP": 1000, "seed": 49}