{"t_death": 3678.749999999487, "death_mode": "ribo_collapse", "pnr_type": "ribo_depletion", "t_pnr": 2173.5000000000955, "dt_walking_dead": 1505.2499999993915, "N_RNAP": 41, "N_Ribo": 2, "N_ATP": 1000, "seed": 95}