{"t_death": 5898.59999999859, "death_mode": "ribo_collapse", "pnr_type": "ribo_depletion", "t_pnr": 5652.449999998689, "dt_walking_dead": 246.1499999999005, "N_RNAP": 100, "N_Ribo": 7, "N_ATP": 1000, "seed": 86}