{"t_death": 3734.5499999994645, "death_mode": "ribo_collapse", "pnr_type": "ribo_depletion", "t_pnr": 2384.55000000001, "dt_walking_dead": 1349.9999999994543, "N_RNAP": 64, "N_Ribo": 3, "N_ATP": 1000, "seed": 84}