{"t_death": 1493.10000000009, "death_mode": "ribo_collapse", "pnr_type": "ribo_depletion", "t_pnr": 1130.8500000000533, "dt_walking_dead": 362.2500000000366, "N_RNAP": 4, "N_Ribo": 11, "N_ATP": 1000, "seed": 19}