{"t_death": 3372.299999999611, "death_mode": "ribo_collapse", "pnr_type": "ribo_depletion", "t_pnr": 969.7500000000372, "dt_walking_dead": 2402.5499999995736, "N_RNAP": 2, "N_Ribo": 4, "N_ATP": 1000, "seed": 59}