{"t_death": 1563.300000000097, "death_mode": "cycle_collapse", "pnr_type": "rnap_deadlock", "t_pnr": 1408.0500000000814, "dt_walking_dead": 155.2500000000157, "N_RNAP": 4, "N_Ribo": 100, "N_ATP": 1000, "seed": 30}