{"t_death": 1489.5000000000896, "death_mode": "ribo_collapse", "pnr_type": "ribo_depletion", "t_pnr": 739.3500000000139, "dt_walking_dead": 750.1500000000757, "N_RNAP": 3, "N_Ribo": 4, "N_ATP": 1000, "seed": 77}