{"t_death": 3178.799999999689, "death_mode": "ribo_collapse", "pnr_type": "ribo_depletion", "t_pnr": 622.8000000000021, "dt_walking_dead": 2555.999999999687, "N_RNAP": 100, "N_Ribo": 2, "N_ATP": 1000, "seed": 31}