{"t_death": 4974.749999998963, "death_mode": "ribo_collapse", "pnr_type": "ribo_depletion", "t_pnr": 3622.9499999995096, "dt_walking_dead": 1351.7999999994536, "N_RNAP": 17, "N_Ribo": 27, "N_ATP": 1000, "seed": 87}