{"t_death": 4723.199999999065, "death_mode": "ribo_collapse", "pnr_type": "ribo_depletion", "t_pnr": 3163.949999999695, "dt_walking_dead": 1559.2499999993697, "N_RNAP": 11, "N_Ribo": 64, "N_ATP": 1000, "seed": 88}