{"t_death": 5317.649999998825, "death_mode": "ribo_collapse", "pnr_type": "ribo_depletion", "t_pnr": 4364.09999999921, "dt_walking_dead": 953.5499999996146, "N_RNAP": 41, "N_Ribo": 27, "N_ATP": 1000, "seed": 52}