{"t_death": 3957.7499999993743, "death_mode": "cycle_collapse", "pnr_type": "rnap_deadlock", "t_pnr": 3924.8999999993875, "dt_walking_dead": 32.84999999998672, "N_RNAP": 3, "N_Ribo": 64, "N_ATP": 1000, "seed": 35}