{"t_death": 4149.449999999297, "death_mode": "cycle_collapse", "pnr_type": "rnap_deadlock", "t_pnr": 4099.499999999317, "dt_walking_dead": 49.94999999997981, "N_RNAP": 17, "N_Ribo": 64, "N_ATP": 1000, "seed": 93}