{"t_death": 4304.699999999234, "death_mode": "ribo_collapse", "pnr_type": "ribo_depletion", "t_pnr": 3245.849999999662, "dt_walking_dead": 1058.849999999572, "N_RNAP": 27, "N_Ribo": 11, "N_ATP": 1000, "seed": 93}