{"t_death": 4580.999999999122, "death_mode": "cycle_collapse", "pnr_type": "rnap_deadlock", "t_pnr": 4478.849999999164, "dt_walking_dead": 102.14999999995871, "N_RNAP": 27, "N_Ribo": 7, "N_ATP": 1000, "seed": 15}