{"t_death": 2357.1000000000213, "death_mode": "ribo_collapse", "pnr_type": "ribo_depletion", "t_pnr": 1818.9000000001229, "dt_walking_dead": 538.1999999998984, "N_RNAP": 2, "N_Ribo": 3, "N_ATP": 1000, "seed": 58}