{"t_death": 5322.599999998823, "death_mode": "ribo_collapse", "pnr_type": "ribo_depletion", "t_pnr": 1983.1500000001395, "dt_walking_dead": 3339.449999998683, "N_RNAP": 27, "N_Ribo": 4, "N_ATP": 1000, "seed": 99}