{"t_death": 2978.0999999997703, "death_mode": "ribo_collapse", "pnr_type": "ribo_depletion", "t_pnr": 1365.750000000077, "dt_walking_dead": 1612.3499999996932, "N_RNAP": 3, "N_Ribo": 3, "N_ATP": 1000, "seed": 2}