{"t_death": 6088.049999998513, "death_mode": "cycle_collapse", "pnr_type": "rnap_deadlock", "t_pnr": 6040.349999998532, "dt_walking_dead": 47.69999999998072, "N_RNAP": 64, "N_Ribo": 27, "N_ATP": 1000, "seed": 60}