{"t_death": 2188.3500000000895, "death_mode": "ribo_collapse", "pnr_type": "ribo_depletion", "t_pnr": 2092.950000000128, "dt_walking_dead": 95.39999999996144, "N_RNAP": 2, "N_Ribo": 11, "N_ATP": 1000, "seed": 73}