{"t_death": 2726.099999999872, "death_mode": "ribo_collapse", "pnr_type": "ribo_depletion", "t_pnr": 844.2000000000245, "dt_walking_dead": 1881.8999999998478, "N_RNAP": 2, "N_Ribo": 4, "N_ATP": 1000, "seed": 42}