{"t_death": 2719.349999999875, "death_mode": "ribo_collapse", "pnr_type": "ribo_depletion", "t_pnr": 1471.0500000000877, "dt_walking_dead": 1248.2999999997871, "N_RNAP": 11, "N_Ribo": 3, "N_ATP": 1000, "seed": 76}