{"t_death": 5763.599999998644, "death_mode": "ribo_collapse", "pnr_type": "ribo_depletion", "t_pnr": 1325.700000000073, "dt_walking_dead": 4437.899999998572, "N_RNAP": 100, "N_Ribo": 4, "N_ATP": 1000, "seed": 4}