{"t_death": 2211.30000000008, "death_mode": "ribo_collapse", "pnr_type": "ribo_depletion", "t_pnr": 1995.3000000001407, "dt_walking_dead": 215.99999999993952, "N_RNAP": 7, "N_Ribo": 7, "N_ATP": 1000, "seed": 42}