{"t_death": 4351.049999999215, "death_mode": "cycle_collapse", "pnr_type": "rnap_deadlock", "t_pnr": 4229.549999999264, "dt_walking_dead": 121.49999999995089, "N_RNAP": 41, "N_Ribo": 27, "N_ATP": 1000, "seed": 64}