{"t_death": 5495.8499999987525, "death_mode": "ribo_collapse", "pnr_type": "ribo_depletion", "t_pnr": 491.8499999999914, "dt_walking_dead": 5003.999999998761, "N_RNAP": 64, "N_Ribo": 2, "N_ATP": 1000, "seed": 38}