{"t_death": 2896.649999999803, "death_mode": "cycle_collapse", "pnr_type": "rnap_deadlock", "t_pnr": 2043.4500000001456, "dt_walking_dead": 853.1999999996576, "N_RNAP": 3, "N_Ribo": 64, "N_ATP": 1000, "seed": 98}