{"t_death": 4644.449999999097, "death_mode": "ribo_collapse", "pnr_type": "ribo_depletion", "t_pnr": 3635.9999999995043, "dt_walking_dead": 1008.4499999995924, "N_RNAP": 17, "N_Ribo": 4, "N_ATP": 1000, "seed": 55}