{"t_death": 2772.899999999853, "death_mode": "cycle_collapse", "pnr_type": "rnap_deadlock", "t_pnr": 2591.0999999999267, "dt_walking_dead": 181.7999999999265, "N_RNAP": 7, "N_Ribo": 17, "N_ATP": 1000, "seed": 25}