{"t_death": 5129.9999999989, "death_mode": "ribo_collapse", "pnr_type": "ribo_depletion", "t_pnr": 3392.099999999603, "dt_walking_dead": 1737.8999999992975, "N_RNAP": 27, "N_Ribo": 41, "N_ATP": 1000, "seed": 52}