{"t_death": 5263.199999998847, "death_mode": "ribo_collapse", "pnr_type": "ribo_depletion", "t_pnr": 5005.349999998951, "dt_walking_dead": 257.8499999998958, "N_RNAP": 64, "N_Ribo": 27, "N_ATP": 1000, "seed": 95}