{"t_death": 11426.400000002892, "death_mode": "ribo_collapse", "pnr_type": "ribo_depletion", "t_pnr": 6452.099999998366, "dt_walking_dead": 4974.300000004526, "N_RNAP": 64, "N_Ribo": 27, "N_ATP": 1000, "seed": 98}