{"t_death": 2913.2999999997965, "death_mode": "ribo_collapse", "pnr_type": "ribo_depletion", "t_pnr": 1382.4000000000788, "dt_walking_dead": 1530.8999999997177, "N_RNAP": 64, "N_Ribo": 7, "N_ATP": 1000, "seed": 52}