{"t_death": 4162.4999999992915, "death_mode": "ribo_collapse", "pnr_type": "ribo_depletion", "t_pnr": 1080.4500000000482, "dt_walking_dead": 3082.0499999992435, "N_RNAP": 64, "N_Ribo": 4, "N_ATP": 1000, "seed": 12}