{"t_death": 2656.7999999999, "death_mode": "cycle_collapse", "pnr_type": "rnap_deadlock", "t_pnr": 2640.149999999907, "dt_walking_dead": 16.64999999999327, "N_RNAP": 3, "N_Ribo": 3, "N_ATP": 1000, "seed": 8}