{"t_death": 539.9999999999937, "death_mode": "cycle_collapse", "pnr_type": "rnap_deadlock", "t_pnr": 527.3999999999925, "dt_walking_dead": 12.600000000001273, "N_RNAP": 2, "N_Ribo": 100, "N_ATP": 1000, "seed": 82}