{"t_death": 6328.799999998416, "death_mode": "ribo_collapse", "pnr_type": "ribo_depletion", "t_pnr": 2461.949999999979, "dt_walking_dead": 3866.849999998437, "N_RNAP": 41, "N_Ribo": 4, "N_ATP": 1000, "seed": 44}