{"t_death": 4104.899999999315, "death_mode": "ribo_collapse", "pnr_type": "ribo_depletion", "t_pnr": 1381.0500000000786, "dt_walking_dead": 2723.8499999992364, "N_RNAP": 7, "N_Ribo": 3, "N_ATP": 1000, "seed": 89}