{"t_death": 3844.34999999942, "death_mode": "ribo_collapse", "pnr_type": "ribo_depletion", "t_pnr": 832.9500000000234, "dt_walking_dead": 3011.3999999993966, "N_RNAP": 100, "N_Ribo": 3, "N_ATP": 1000, "seed": 21}