{"t_death": 4274.099999999246, "death_mode": "cycle_collapse", "pnr_type": "rnap_deadlock", "t_pnr": 4187.699999999281, "dt_walking_dead": 86.39999999996508, "N_RNAP": 100, "N_Ribo": 3, "N_ATP": 1000, "seed": 19}