{"t_death": 3804.749999999436, "death_mode": "ribo_collapse", "pnr_type": "ribo_depletion", "t_pnr": 2323.350000000035, "dt_walking_dead": 1481.3999999994012, "N_RNAP": 4, "N_Ribo": 3, "N_ATP": 1000, "seed": 26}