{"t_death": 3816.899999999431, "death_mode": "ribo_collapse", "pnr_type": "ribo_depletion", "t_pnr": 3169.349999999693, "dt_walking_dead": 647.5499999997382, "N_RNAP": 64, "N_Ribo": 17, "N_ATP": 1000, "seed": 52}