{"t_death": 4018.04999999935, "death_mode": "ribo_collapse", "pnr_type": "ribo_depletion", "t_pnr": 3846.1499999994194, "dt_walking_dead": 171.89999999993051, "N_RNAP": 64, "N_Ribo": 11, "N_ATP": 1000, "seed": 98}