{"t_death": 4598.099999999115, "death_mode": "ribo_collapse", "pnr_type": "ribo_depletion", "t_pnr": 3734.5499999994645, "dt_walking_dead": 863.5499999996509, "N_RNAP": 41, "N_Ribo": 41, "N_ATP": 1000, "seed": 73}