{"t_death": 3481.6499999995667, "death_mode": "cycle_collapse", "pnr_type": "rnap_deadlock", "t_pnr": 3079.799999999729, "dt_walking_dead": 401.84999999983756, "N_RNAP": 4, "N_Ribo": 11, "N_ATP": 1000, "seed": 68}