{"t_death": 1752.3000000001161, "death_mode": "cycle_collapse", "pnr_type": "rnap_deadlock", "t_pnr": 1591.6500000001, "dt_walking_dead": 160.65000000001623, "N_RNAP": 3, "N_Ribo": 27, "N_ATP": 1000, "seed": 5}