{"t_death": 3811.4999999994334, "death_mode": "ribo_collapse", "pnr_type": "ribo_depletion", "t_pnr": 2968.1999999997743, "dt_walking_dead": 843.2999999996591, "N_RNAP": 64, "N_Ribo": 27, "N_ATP": 1000, "seed": 47}