{"t_death": 984.1500000000386, "death_mode": "cycle_collapse", "pnr_type": "rnap_deadlock", "t_pnr": 689.8500000000089, "dt_walking_dead": 294.30000000002974, "N_RNAP": 2, "N_Ribo": 41, "N_ATP": 1000, "seed": 11}