{"t_death": 3064.4999999997353, "death_mode": "ribo_collapse", "pnr_type": "ribo_depletion", "t_pnr": 1112.4000000000515, "dt_walking_dead": 1952.0999999996839, "N_RNAP": 7, "N_Ribo": 4, "N_ATP": 1000, "seed": 89}