{"t_death": 4830.299999999022, "death_mode": "ribo_collapse", "pnr_type": "ribo_depletion", "t_pnr": 3721.04999999947, "dt_walking_dead": 1109.2499999995516, "N_RNAP": 2, "N_Ribo": 100, "N_ATP": 1000, "seed": 73}