{"t_death": 4592.249999999118, "death_mode": "ribo_collapse", "pnr_type": "ribo_depletion", "t_pnr": 4532.399999999142, "dt_walking_dead": 59.84999999997581, "N_RNAP": 27, "N_Ribo": 41, "N_ATP": 1000, "seed": 44}