{"t_death": 5362.199999998807, "death_mode": "ribo_collapse", "pnr_type": "ribo_depletion", "t_pnr": 1740.600000000115, "dt_walking_dead": 3621.5999999986916, "N_RNAP": 64, "N_Ribo": 7, "N_ATP": 1000, "seed": 15}