{"t_death": 4187.699999999281, "death_mode": "ribo_collapse", "pnr_type": "ribo_depletion", "t_pnr": 994.0500000000396, "dt_walking_dead": 3193.6499999992416, "N_RNAP": 100, "N_Ribo": 2, "N_ATP": 1000, "seed": 93}