{"t_death": 976.5000000000379, "death_mode": "cycle_collapse", "pnr_type": "rnap_deadlock", "t_pnr": 905.8500000000307, "dt_walking_dead": 70.65000000000714, "N_RNAP": 4, "N_Ribo": 11, "N_ATP": 1000, "seed": 49}