{"t_death": 6818.849999998218, "death_mode": "ribo_collapse", "pnr_type": "ribo_depletion", "t_pnr": 2420.5499999999956, "dt_walking_dead": 4398.299999998222, "N_RNAP": 100, "N_Ribo": 7, "N_ATP": 1000, "seed": 39}