{"t_death": 6463.799999998361, "death_mode": "ribo_collapse", "pnr_type": "ribo_depletion", "t_pnr": 5552.999999998729, "dt_walking_dead": 910.7999999996318, "N_RNAP": 41, "N_Ribo": 64, "N_ATP": 1000, "seed": 82}