{"t_death": 5320.799999998823, "death_mode": "ribo_collapse", "pnr_type": "ribo_depletion", "t_pnr": 3195.4499999996824, "dt_walking_dead": 2125.349999999141, "N_RNAP": 64, "N_Ribo": 11, "N_ATP": 1000, "seed": 7}