{"t_death": 8876.249999998769, "death_mode": "ribo_collapse", "pnr_type": "ribo_depletion", "t_pnr": 6388.199999998392, "dt_walking_dead": 2488.0500000003767, "N_RNAP": 100, "N_Ribo": 17, "N_ATP": 1000, "seed": 79}