{"t_death": 3294.899999999642, "death_mode": "ribo_collapse", "pnr_type": "ribo_depletion", "t_pnr": 1169.5500000000573, "dt_walking_dead": 2125.3499999995847, "N_RNAP": 27, "N_Ribo": 3, "N_ATP": 1000, "seed": 64}