{"t_death": 1486.8000000000893, "death_mode": "cycle_collapse", "pnr_type": "rnap_deadlock", "t_pnr": 1435.5000000000841, "dt_walking_dead": 51.300000000005184, "N_RNAP": 3, "N_Ribo": 100, "N_ATP": 1000, "seed": 80}