{"t_death": 3130.199999999709, "death_mode": "ribo_collapse", "pnr_type": "ribo_depletion", "t_pnr": 1688.4000000001097, "dt_walking_dead": 1441.799999999599, "N_RNAP": 11, "N_Ribo": 4, "N_ATP": 1000, "seed": 82}