{"t_death": 2821.0499999998337, "death_mode": "ribo_collapse", "pnr_type": "ribo_depletion", "t_pnr": 674.5500000000073, "dt_walking_dead": 2146.4999999998263, "N_RNAP": 4, "N_Ribo": 3, "N_ATP": 1000, "seed": 96}