{"t_death": 1657.3500000001065, "death_mode": "ribo_collapse", "pnr_type": "ribo_depletion", "t_pnr": 1426.9500000000833, "dt_walking_dead": 230.40000000002328, "N_RNAP": 3, "N_Ribo": 11, "N_ATP": 1000, "seed": 45}