{"t_death": 2472.2999999999747, "death_mode": "ribo_collapse", "pnr_type": "ribo_depletion", "t_pnr": 766.3500000000166, "dt_walking_dead": 1705.949999999958, "N_RNAP": 4, "N_Ribo": 4, "N_ATP": 1000, "seed": 2}