{"t_death": 1561.5000000000969, "death_mode": "cycle_collapse", "pnr_type": "rnap_deadlock", "t_pnr": 1437.3000000000843, "dt_walking_dead": 124.20000000001255, "N_RNAP": 7, "N_Ribo": 27, "N_ATP": 1000, "seed": 84}