{"t_death": 5188.499999998877, "death_mode": "ribo_collapse", "pnr_type": "ribo_depletion", "t_pnr": 1955.2500000001367, "dt_walking_dead": 3233.2499999987403, "N_RNAP": 100, "N_Ribo": 17, "N_ATP": 1000, "seed": 36}