{"t_death": 2214.9000000000788, "death_mode": "cycle_collapse", "pnr_type": "rnap_deadlock", "t_pnr": 2186.55000000009, "dt_walking_dead": 28.34999999998854, "N_RNAP": 3, "N_Ribo": 41, "N_ATP": 1000, "seed": 90}