{"t_death": 4896.449999998995, "death_mode": "ribo_collapse", "pnr_type": "ribo_depletion", "t_pnr": 851.8500000000253, "dt_walking_dead": 4044.5999999989695, "N_RNAP": 11, "N_Ribo": 4, "N_ATP": 1000, "seed": 20}