{"t_death": 4409.549999999192, "death_mode": "ribo_collapse", "pnr_type": "ribo_depletion", "t_pnr": 3954.1499999993757, "dt_walking_dead": 455.3999999998159, "N_RNAP": 100, "N_Ribo": 4, "N_ATP": 1000, "seed": 13}