{"t_death": 3716.9999999994716, "death_mode": "cycle_collapse", "pnr_type": "rnap_deadlock", "t_pnr": 3707.0999999994756, "dt_walking_dead": 9.899999999995998, "N_RNAP": 4, "N_Ribo": 64, "N_ATP": 1000, "seed": 89}