{"t_death": 1578.6000000000986, "death_mode": "ribo_collapse", "pnr_type": "ribo_depletion", "t_pnr": 981.0000000000383, "dt_walking_dead": 597.6000000000603, "N_RNAP": 4, "N_Ribo": 3, "N_ATP": 1000, "seed": 49}