{"t_death": 4004.999999999355, "death_mode": "ribo_collapse", "pnr_type": "ribo_depletion", "t_pnr": 3577.949999999528, "dt_walking_dead": 427.0499999998274, "N_RNAP": 3, "N_Ribo": 2, "N_ATP": 1000, "seed": 49}