{"t_death": 929.7000000000331, "death_mode": "cycle_collapse", "pnr_type": "rnap_deadlock", "t_pnr": 923.8500000000325, "dt_walking_dead": 5.850000000000591, "N_RNAP": 3, "N_Ribo": 17, "N_ATP": 1000, "seed": 11}