{"t_death": 3955.499999999375, "death_mode": "ribo_collapse", "pnr_type": "ribo_depletion", "t_pnr": 3184.6499999996868, "dt_walking_dead": 770.8499999996884, "N_RNAP": 11, "N_Ribo": 11, "N_ATP": 1000, "seed": 41}