{"t_death": 2254.050000000063, "death_mode": "ribo_collapse", "pnr_type": "ribo_depletion", "t_pnr": 656.5500000000055, "dt_walking_dead": 1597.5000000000573, "N_RNAP": 4, "N_Ribo": 2, "N_ATP": 1000, "seed": 15}