{"t_death": 2745.899999999864, "death_mode": "ribo_collapse", "pnr_type": "ribo_depletion", "t_pnr": 1713.6000000001122, "dt_walking_dead": 1032.299999999752, "N_RNAP": 64, "N_Ribo": 2, "N_ATP": 1000, "seed": 51}