{"t_death": 4069.799999999329, "death_mode": "cycle_collapse", "pnr_type": "rnap_deadlock", "t_pnr": 4010.849999999353, "dt_walking_dead": 58.94999999997617, "N_RNAP": 2, "N_Ribo": 27, "N_ATP": 1000, "seed": 64}