{"t_death": 5881.499999998597, "death_mode": "ribo_collapse", "pnr_type": "ribo_depletion", "t_pnr": 173.24999999999943, "dt_walking_dead": 5708.249999998598, "N_RNAP": 17, "N_Ribo": 2, "N_ATP": 1000, "seed": 37}