{"t_death": 2284.6500000000506, "death_mode": "cycle_collapse", "pnr_type": "rnap_deadlock", "t_pnr": 2259.4500000000608, "dt_walking_dead": 25.199999999989814, "N_RNAP": 7, "N_Ribo": 41, "N_ATP": 1000, "seed": 68}