{"t_death": 1779.3000000001189, "death_mode": "cycle_collapse", "pnr_type": "rnap_deadlock", "t_pnr": 1206.000000000061, "dt_walking_dead": 573.3000000000579, "N_RNAP": 3, "N_Ribo": 27, "N_ATP": 1000, "seed": 79}