{"t_death": 2805.74999999984, "death_mode": "ribo_collapse", "pnr_type": "ribo_depletion", "t_pnr": 476.99999999999176, "dt_walking_dead": 2328.749999999848, "N_RNAP": 27, "N_Ribo": 3, "N_ATP": 1000, "seed": 48}