{"t_death": 4270.949999999248, "death_mode": "ribo_collapse", "pnr_type": "ribo_depletion", "t_pnr": 1920.6000000001332, "dt_walking_dead": 2350.3499999991145, "N_RNAP": 27, "N_Ribo": 2, "N_ATP": 1000, "seed": 64}