{"t_death": 2067.3000000001384, "death_mode": "cycle_collapse", "pnr_type": "rnap_deadlock", "t_pnr": 2067.3000000001384, "dt_walking_dead": 0.0, "N_RNAP": 3, "N_Ribo": 100, "N_ATP": 1000, "seed": 46}