{"t_death": 6389.999999998391, "death_mode": "ribo_collapse", "pnr_type": "ribo_depletion", "t_pnr": 5107.4999999989095, "dt_walking_dead": 1282.4999999994816, "N_RNAP": 100, "N_Ribo": 3, "N_ATP": 1000, "seed": 4}