{"t_death": 5927.399999998578, "death_mode": "ribo_collapse", "pnr_type": "ribo_depletion", "t_pnr": 992.2500000000394, "dt_walking_dead": 4935.149999998539, "N_RNAP": 11, "N_Ribo": 4, "N_ATP": 1000, "seed": 11}