{"t_death": 1009.8000000000412, "death_mode": "cycle_collapse", "pnr_type": "rnap_deadlock", "t_pnr": 908.100000000031, "dt_walking_dead": 101.70000000001028, "N_RNAP": 3, "N_Ribo": 100, "N_ATP": 1000, "seed": 26}