{"t_death": 1843.6500000001254, "death_mode": "cycle_collapse", "pnr_type": "rnap_deadlock", "t_pnr": 1843.6500000001254, "dt_walking_dead": 0.0, "N_RNAP": 11, "N_Ribo": 11, "N_ATP": 1000, "seed": 66}