{"t_death": 2068.200000000138, "death_mode": "ribo_collapse", "pnr_type": "ribo_depletion", "t_pnr": 1460.2500000000866, "dt_walking_dead": 607.9500000000514, "N_RNAP": 11, "N_Ribo": 4, "N_ATP": 1000, "seed": 31}