{"t_death": 2875.4999999998117, "death_mode": "ribo_collapse", "pnr_type": "ribo_depletion", "t_pnr": 1420.6500000000826, "dt_walking_dead": 1454.849999999729, "N_RNAP": 11, "N_Ribo": 2, "N_ATP": 1000, "seed": 74}