{"t_death": 4709.2499999990705, "death_mode": "ribo_collapse", "pnr_type": "ribo_depletion", "t_pnr": 1355.850000000076, "dt_walking_dead": 3353.3999999989946, "N_RNAP": 41, "N_Ribo": 4, "N_ATP": 1000, "seed": 89}