{"t_death": 322.19999999999567, "death_mode": "cycle_collapse", "pnr_type": "rnap_deadlock", "t_pnr": 307.79999999999603, "dt_walking_dead": 14.399999999999636, "N_RNAP": 2, "N_Ribo": 3, "N_ATP": 1000, "seed": 97}