{"t_death": 6098.849999998509, "death_mode": "ribo_collapse", "pnr_type": "ribo_depletion", "t_pnr": 1766.2500000001176, "dt_walking_dead": 4332.5999999983915, "N_RNAP": 100, "N_Ribo": 2, "N_ATP": 1000, "seed": 16}