{"t_death": 5242.049999998855, "death_mode": "ribo_collapse", "pnr_type": "ribo_depletion", "t_pnr": 3319.1999999996324, "dt_walking_dead": 1922.8499999992227, "N_RNAP": 64, "N_Ribo": 11, "N_ATP": 1000, "seed": 76}