{"t_death": 2497.0499999999647, "death_mode": "ribo_collapse", "pnr_type": "ribo_depletion", "t_pnr": 1267.2000000000671, "dt_walking_dead": 1229.8499999998976, "N_RNAP": 2, "N_Ribo": 7, "N_ATP": 1000, "seed": 65}