{"t_death": 1074.1500000000476, "death_mode": "ribo_collapse", "pnr_type": "ribo_depletion", "t_pnr": 1062.0000000000464, "dt_walking_dead": 12.150000000001228, "N_RNAP": 2, "N_Ribo": 3, "N_ATP": 1000, "seed": 94}