{"t_death": 7869.599999997793, "death_mode": "ribo_collapse", "pnr_type": "ribo_depletion", "t_pnr": 5512.499999998746, "dt_walking_dead": 2357.099999999047, "N_RNAP": 7, "N_Ribo": 64, "N_ATP": 1000, "seed": 38}