{"t_death": 3885.2999999994036, "death_mode": "ribo_collapse", "pnr_type": "ribo_depletion", "t_pnr": 1619.1000000001027, "dt_walking_dead": 2266.199999999301, "N_RNAP": 64, "N_Ribo": 2, "N_ATP": 1000, "seed": 8}