{"t_death": 4821.749999999025, "death_mode": "ribo_collapse", "pnr_type": "ribo_depletion", "t_pnr": 3556.7999999995363, "dt_walking_dead": 1264.9499999994887, "N_RNAP": 4, "N_Ribo": 41, "N_ATP": 1000, "seed": 80}