{"t_death": 3712.4999999994734, "death_mode": "cycle_collapse", "pnr_type": "rnap_deadlock", "t_pnr": 3680.0999999994865, "dt_walking_dead": 32.3999999999869, "N_RNAP": 41, "N_Ribo": 17, "N_ATP": 1000, "seed": 62}