{"t_death": 1900.350000000131, "death_mode": "ribo_collapse", "pnr_type": "ribo_depletion", "t_pnr": 794.2500000000194, "dt_walking_dead": 1106.1000000001118, "N_RNAP": 11, "N_Ribo": 2, "N_ATP": 1000, "seed": 82}