{"t_death": 5230.79999999886, "death_mode": "ribo_collapse", "pnr_type": "ribo_depletion", "t_pnr": 3054.5999999997393, "dt_walking_dead": 2176.1999999991203, "N_RNAP": 17, "N_Ribo": 11, "N_ATP": 1000, "seed": 95}