{"t_death": 2728.349999999871, "death_mode": "cycle_collapse", "pnr_type": "rnap_deadlock", "t_pnr": 2724.7499999998727, "dt_walking_dead": 3.599999999998545, "N_RNAP": 3, "N_Ribo": 41, "N_ATP": 1000, "seed": 61}