{"t_death": 4594.949999999117, "death_mode": "cycle_collapse", "pnr_type": "rnap_deadlock", "t_pnr": 4407.299999999193, "dt_walking_dead": 187.64999999992415, "N_RNAP": 17, "N_Ribo": 11, "N_ATP": 1000, "seed": 58}