{"t_death": 3601.799999999518, "death_mode": "ribo_collapse", "pnr_type": "ribo_depletion", "t_pnr": 3570.299999999531, "dt_walking_dead": 31.499999999987267, "N_RNAP": 17, "N_Ribo": 64, "N_ATP": 1000, "seed": 6}