{"t_death": 2058.750000000142, "death_mode": "ribo_collapse", "pnr_type": "ribo_depletion", "t_pnr": 501.29999999999114, "dt_walking_dead": 1557.4500000001508, "N_RNAP": 4, "N_Ribo": 3, "N_ATP": 1000, "seed": 37}