{"t_death": 2841.7499999998254, "death_mode": "ribo_collapse", "pnr_type": "ribo_depletion", "t_pnr": 1161.0000000000564, "dt_walking_dead": 1680.749999999769, "N_RNAP": 27, "N_Ribo": 3, "N_ATP": 1000, "seed": 20}