{"t_death": 7036.19999999813, "death_mode": "ribo_collapse", "pnr_type": "ribo_depletion", "t_pnr": 6808.049999998222, "dt_walking_dead": 228.14999999990778, "N_RNAP": 41, "N_Ribo": 64, "N_ATP": 1000, "seed": 69}