{"t_death": 2878.1999999998106, "death_mode": "ribo_collapse", "pnr_type": "ribo_depletion", "t_pnr": 2494.349999999966, "dt_walking_dead": 383.84999999984484, "N_RNAP": 11, "N_Ribo": 27, "N_ATP": 1000, "seed": 37}