{"t_death": 5653.349999998689, "death_mode": "ribo_collapse", "pnr_type": "ribo_depletion", "t_pnr": 3451.499999999579, "dt_walking_dead": 2201.84999999911, "N_RNAP": 17, "N_Ribo": 17, "N_ATP": 1000, "seed": 29}