{"t_death": 5199.299999998872, "death_mode": "ribo_collapse", "pnr_type": "ribo_depletion", "t_pnr": 4449.599999999175, "dt_walking_dead": 749.699999999697, "N_RNAP": 41, "N_Ribo": 17, "N_ATP": 1000, "seed": 19}