{"t_death": 3011.399999999757, "death_mode": "ribo_collapse", "pnr_type": "ribo_depletion", "t_pnr": 2010.6000000001422, "dt_walking_dead": 1000.7999999996146, "N_RNAP": 7, "N_Ribo": 4, "N_ATP": 1000, "seed": 54}