{"t_death": 3302.0999999996393, "death_mode": "ribo_collapse", "pnr_type": "ribo_depletion", "t_pnr": 1876.5000000001287, "dt_walking_dead": 1425.5999999995106, "N_RNAP": 4, "N_Ribo": 7, "N_ATP": 1000, "seed": 39}