{"t_death": 5479.649999998759, "death_mode": "atp_depletion", "pnr_type": "ribo_depletion", "t_pnr": 2003.4000000001415, "dt_walking_dead": 3476.2499999986176, "N_RNAP": 100, "N_Ribo": 2, "N_ATP": 1000, "seed": 35}