{"t_death": 4756.049999999052, "death_mode": "ribo_collapse", "pnr_type": "ribo_depletion", "t_pnr": 4153.499999999295, "dt_walking_dead": 602.5499999997564, "N_RNAP": 64, "N_Ribo": 27, "N_ATP": 1000, "seed": 0}