{"t_death": 6278.399999998436, "death_mode": "ribo_collapse", "pnr_type": "ribo_depletion", "t_pnr": 5028.2999999989415, "dt_walking_dead": 1250.0999999994947, "N_RNAP": 100, "N_Ribo": 2, "N_ATP": 1000, "seed": 91}