{"t_death": 2634.2999999999092, "death_mode": "cycle_collapse", "pnr_type": "rnap_deadlock", "t_pnr": 2609.999999999919, "dt_walking_dead": 24.299999999990177, "N_RNAP": 11, "N_Ribo": 64, "N_ATP": 1000, "seed": 36}