{"t_death": 4779.449999999042, "death_mode": "ribo_collapse", "pnr_type": "ribo_depletion", "t_pnr": 2035.3500000001447, "dt_walking_dead": 2744.099999998897, "N_RNAP": 27, "N_Ribo": 2, "N_ATP": 1000, "seed": 36}