{"t_death": 4756.499999999051, "death_mode": "atp_depletion", "pnr_type": "ribo_depletion", "t_pnr": 2566.7999999999365, "dt_walking_dead": 2189.699999999115, "N_RNAP": 100, "N_Ribo": 11, "N_ATP": 1000, "seed": 79}