{"t_death": 2043.0000000001455, "death_mode": "ribo_collapse", "pnr_type": "ribo_depletion", "t_pnr": 601.1999999999999, "dt_walking_dead": 1441.8000000001457, "N_RNAP": 11, "N_Ribo": 2, "N_ATP": 1000, "seed": 54}