{"t_death": 2767.949999999855, "death_mode": "ribo_collapse", "pnr_type": "ribo_depletion", "t_pnr": 1634.4000000001042, "dt_walking_dead": 1133.549999999751, "N_RNAP": 27, "N_Ribo": 2, "N_ATP": 1000, "seed": 91}