{"t_death": 3745.34999999946, "death_mode": "ribo_collapse", "pnr_type": "ribo_depletion", "t_pnr": 1305.900000000071, "dt_walking_dead": 2439.449999999389, "N_RNAP": 27, "N_Ribo": 3, "N_ATP": 1000, "seed": 43}