{"t_death": 3358.7999999996164, "death_mode": "cycle_collapse", "pnr_type": "rnap_deadlock", "t_pnr": 3306.1499999996377, "dt_walking_dead": 52.64999999997872, "N_RNAP": 3, "N_Ribo": 41, "N_ATP": 1000, "seed": 27}