{"t_death": 445.94999999999254, "death_mode": "cycle_collapse", "pnr_type": "rnap_deadlock", "t_pnr": 413.99999999999335, "dt_walking_dead": 31.949999999999193, "N_RNAP": 3, "N_Ribo": 7, "N_ATP": 1000, "seed": 7}