{"t_death": 4047.299999999338, "death_mode": "ribo_collapse", "pnr_type": "ribo_depletion", "t_pnr": 2934.449999999788, "dt_walking_dead": 1112.8499999995502, "N_RNAP": 27, "N_Ribo": 4, "N_ATP": 1000, "seed": 27}