{"t_death": 1963.3500000001375, "death_mode": "ribo_collapse", "pnr_type": "ribo_depletion", "t_pnr": 885.6000000000287, "dt_walking_dead": 1077.7500000001087, "N_RNAP": 11, "N_Ribo": 3, "N_ATP": 1000, "seed": 15}