{"t_death": 5684.399999998676, "death_mode": "ribo_collapse", "pnr_type": "ribo_depletion", "t_pnr": 3229.1999999996688, "dt_walking_dead": 2455.1999999990076, "N_RNAP": 41, "N_Ribo": 11, "N_ATP": 1000, "seed": 99}