{"t_death": 5440.499999998775, "death_mode": "ribo_collapse", "pnr_type": "ribo_depletion", "t_pnr": 3452.3999999995785, "dt_walking_dead": 1988.0999999991964, "N_RNAP": 64, "N_Ribo": 11, "N_ATP": 1000, "seed": 22}