{"t_death": 5379.7499999987995, "death_mode": "cycle_collapse", "pnr_type": "rnap_deadlock", "t_pnr": 5379.7499999987995, "dt_walking_dead": 0.0, "N_RNAP": 64, "N_Ribo": 41, "N_ATP": 1000, "seed": 23}