{"t_death": 1272.6000000000677, "death_mode": "ribo_collapse", "pnr_type": "ribo_depletion", "t_pnr": 728.5500000000128, "dt_walking_dead": 544.0500000000549, "N_RNAP": 7, "N_Ribo": 3, "N_ATP": 1000, "seed": 1}