{"t_death": 8082.449999997707, "death_mode": "ribo_collapse", "pnr_type": "ribo_depletion", "t_pnr": 3465.899999999573, "dt_walking_dead": 4616.549999998134, "N_RNAP": 100, "N_Ribo": 3, "N_ATP": 1000, "seed": 55}