{"t_death": 1307.2500000000712, "death_mode": "ribo_collapse", "pnr_type": "ribo_depletion", "t_pnr": 894.1500000000295, "dt_walking_dead": 413.10000000004163, "N_RNAP": 3, "N_Ribo": 3, "N_ATP": 1000, "seed": 73}