{"t_death": 3477.1499999995685, "death_mode": "ribo_collapse", "pnr_type": "ribo_depletion", "t_pnr": 3312.449999999635, "dt_walking_dead": 164.69999999993342, "N_RNAP": 27, "N_Ribo": 17, "N_ATP": 1000, "seed": 66}