{"t_death": 3154.949999999699, "death_mode": "ribo_collapse", "pnr_type": "ribo_depletion", "t_pnr": 1496.7000000000903, "dt_walking_dead": 1658.2499999996085, "N_RNAP": 11, "N_Ribo": 4, "N_ATP": 1000, "seed": 7}