{"t_death": 510.7499999999909, "death_mode": "cycle_collapse", "pnr_type": "rnap_deadlock", "t_pnr": 507.149999999991, "dt_walking_dead": 3.599999999999909, "N_RNAP": 4, "N_Ribo": 100, "N_ATP": 1000, "seed": 49}