{"t_death": 3727.799999999467, "death_mode": "ribo_collapse", "pnr_type": "ribo_depletion", "t_pnr": 2671.649999999894, "dt_walking_dead": 1056.149999999573, "N_RNAP": 64, "N_Ribo": 17, "N_ATP": 1000, "seed": 85}