{"t_death": 5789.699999998634, "death_mode": "ribo_collapse", "pnr_type": "ribo_depletion", "t_pnr": 2350.800000000024, "dt_walking_dead": 3438.89999999861, "N_RNAP": 7, "N_Ribo": 4, "N_ATP": 1000, "seed": 67}