{"t_death": 2408.8500000000004, "death_mode": "ribo_collapse", "pnr_type": "ribo_depletion", "t_pnr": 1430.5500000000836, "dt_walking_dead": 978.2999999999167, "N_RNAP": 17, "N_Ribo": 4, "N_ATP": 1000, "seed": 27}