{"t_death": 2929.49999999979, "death_mode": "ribo_collapse", "pnr_type": "ribo_depletion", "t_pnr": 2820.599999999834, "dt_walking_dead": 108.89999999995598, "N_RNAP": 7, "N_Ribo": 4, "N_ATP": 1000, "seed": 19}