{"t_death": 6130.799999998496, "death_mode": "ribo_collapse", "pnr_type": "ribo_depletion", "t_pnr": 3868.6499999994103, "dt_walking_dead": 2262.1499999990856, "N_RNAP": 27, "N_Ribo": 64, "N_ATP": 1000, "seed": 3}