{"t_death": 10964.700000002145, "death_mode": "ribo_collapse", "pnr_type": "ribo_depletion", "t_pnr": 3142.349999999704, "dt_walking_dead": 7822.350000002441, "N_RNAP": 2, "N_Ribo": 3, "N_ATP": 1000, "seed": 90}