{"t_death": 2013.7500000001426, "death_mode": "cycle_collapse", "pnr_type": "rnap_deadlock", "t_pnr": 1815.7500000001226, "dt_walking_dead": 198.00000000002, "N_RNAP": 4, "N_Ribo": 100, "N_ATP": 1000, "seed": 93}