{"t_death": 3976.6499999993666, "death_mode": "ribo_collapse", "pnr_type": "ribo_depletion", "t_pnr": 1178.1000000000581, "dt_walking_dead": 2798.5499999993085, "N_RNAP": 41, "N_Ribo": 2, "N_ATP": 1000, "seed": 4}