{"t_death": 4554.449999999133, "death_mode": "ribo_collapse", "pnr_type": "ribo_depletion", "t_pnr": 2304.0000000000427, "dt_walking_dead": 2250.4499999990903, "N_RNAP": 17, "N_Ribo": 4, "N_ATP": 1000, "seed": 81}