{"t_death": 6124.949999998498, "death_mode": "ribo_collapse", "pnr_type": "ribo_depletion", "t_pnr": 1793.7000000001203, "dt_walking_dead": 4331.2499999983775, "N_RNAP": 64, "N_Ribo": 2, "N_ATP": 1000, "seed": 42}