{"t_death": 4143.149999999299, "death_mode": "ribo_collapse", "pnr_type": "ribo_depletion", "t_pnr": 1606.0500000001014, "dt_walking_dead": 2537.099999999198, "N_RNAP": 27, "N_Ribo": 3, "N_ATP": 1000, "seed": 4}