{"t_death": 3988.349999999362, "death_mode": "ribo_collapse", "pnr_type": "ribo_depletion", "t_pnr": 2318.8500000000367, "dt_walking_dead": 1669.4999999993252, "N_RNAP": 41, "N_Ribo": 2, "N_ATP": 1000, "seed": 13}