{"t_death": 6739.19999999825, "death_mode": "cycle_collapse", "pnr_type": "rnap_deadlock", "t_pnr": 6506.099999998344, "dt_walking_dead": 233.09999999990578, "N_RNAP": 41, "N_Ribo": 17, "N_ATP": 1000, "seed": 87}