{"t_death": 3692.2499999994816, "death_mode": "ribo_collapse", "pnr_type": "ribo_depletion", "t_pnr": 3446.9999999995807, "dt_walking_dead": 245.24999999990087, "N_RNAP": 4, "N_Ribo": 41, "N_ATP": 1000, "seed": 74}