{"t_death": 3281.8499999996475, "death_mode": "ribo_collapse", "pnr_type": "ribo_depletion", "t_pnr": 2880.4499999998097, "dt_walking_dead": 401.39999999983775, "N_RNAP": 64, "N_Ribo": 2, "N_ATP": 1000, "seed": 80}