{"t_death": 4770.449999999046, "death_mode": "ribo_collapse", "pnr_type": "ribo_depletion", "t_pnr": 370.79999999999444, "dt_walking_dead": 4399.649999999051, "N_RNAP": 11, "N_Ribo": 4, "N_ATP": 1000, "seed": 93}