{"t_death": 4431.149999999183, "death_mode": "ribo_collapse", "pnr_type": "ribo_depletion", "t_pnr": 3412.3499999995947, "dt_walking_dead": 1018.7999999995882, "N_RNAP": 41, "N_Ribo": 11, "N_ATP": 1000, "seed": 23}