{"t_death": 3446.099999999581, "death_mode": "ribo_collapse", "pnr_type": "ribo_depletion", "t_pnr": 3405.1499999995976, "dt_walking_dead": 40.94999999998345, "N_RNAP": 41, "N_Ribo": 7, "N_ATP": 1000, "seed": 81}