{"t_death": 1942.6500000001354, "death_mode": "ribo_collapse", "pnr_type": "ribo_depletion", "t_pnr": 1145.7000000000548, "dt_walking_dead": 796.9500000000805, "N_RNAP": 3, "N_Ribo": 11, "N_ATP": 1000, "seed": 35}