{"t_death": 7297.649999998024, "death_mode": "atp_depletion", "pnr_type": "ribo_depletion", "t_pnr": 5219.549999998864, "dt_walking_dead": 2078.09999999916, "N_RNAP": 100, "N_Ribo": 4, "N_ATP": 1000, "seed": 79}