{"t_death": 5920.649999998581, "death_mode": "ribo_collapse", "pnr_type": "ribo_depletion", "t_pnr": 1950.3000000001362, "dt_walking_dead": 3970.3499999984447, "N_RNAP": 27, "N_Ribo": 3, "N_ATP": 1000, "seed": 85}