{"t_death": 2941.199999999785, "death_mode": "ribo_collapse", "pnr_type": "ribo_depletion", "t_pnr": 1106.5500000000509, "dt_walking_dead": 1834.6499999997343, "N_RNAP": 17, "N_Ribo": 3, "N_ATP": 1000, "seed": 80}