{"t_death": 964.8000000000367, "death_mode": "ribo_collapse", "pnr_type": "ribo_depletion", "t_pnr": 802.8000000000203, "dt_walking_dead": 162.00000000001637, "N_RNAP": 2, "N_Ribo": 2, "N_ATP": 1000, "seed": 10}