{"t_death": 3548.6999999995396, "death_mode": "ribo_collapse", "pnr_type": "ribo_depletion", "t_pnr": 2533.94999999995, "dt_walking_dead": 1014.7499999995898, "N_RNAP": 11, "N_Ribo": 11, "N_ATP": 1000, "seed": 8}