{"t_death": 5492.699999998754, "death_mode": "ribo_collapse", "pnr_type": "ribo_depletion", "t_pnr": 3483.899999999566, "dt_walking_dead": 2008.799999999188, "N_RNAP": 41, "N_Ribo": 27, "N_ATP": 1000, "seed": 37}