{"t_death": 5090.399999998916, "death_mode": "ribo_collapse", "pnr_type": "ribo_depletion", "t_pnr": 4575.149999999125, "dt_walking_dead": 515.2499999997917, "N_RNAP": 11, "N_Ribo": 100, "N_ATP": 1000, "seed": 87}