{"t_death": 1841.4000000001251, "death_mode": "ribo_collapse", "pnr_type": "ribo_depletion", "t_pnr": 1775.7000000001185, "dt_walking_dead": 65.70000000000664, "N_RNAP": 4, "N_Ribo": 4, "N_ATP": 1000, "seed": 94}