{"t_death": 6394.949999998389, "death_mode": "ribo_collapse", "pnr_type": "ribo_depletion", "t_pnr": 576.4499999999974, "dt_walking_dead": 5818.499999998392, "N_RNAP": 64, "N_Ribo": 3, "N_ATP": 1000, "seed": 53}