{"t_death": 4779.899999999042, "death_mode": "ribo_collapse", "pnr_type": "ribo_depletion", "t_pnr": 3114.899999999715, "dt_walking_dead": 1664.999999999327, "N_RNAP": 64, "N_Ribo": 7, "N_ATP": 1000, "seed": 28}