{"t_death": 1539.0000000000946, "death_mode": "ribo_collapse", "pnr_type": "ribo_depletion", "t_pnr": 1090.3500000000492, "dt_walking_dead": 448.65000000004534, "N_RNAP": 4, "N_Ribo": 7, "N_ATP": 1000, "seed": 70}