{"t_death": 2083.9500000001317, "death_mode": "ribo_collapse", "pnr_type": "ribo_depletion", "t_pnr": 1032.7500000000434, "dt_walking_dead": 1051.2000000000883, "N_RNAP": 2, "N_Ribo": 2, "N_ATP": 1000, "seed": 75}