{"t_death": 5449.499999998771, "death_mode": "ribo_collapse", "pnr_type": "ribo_depletion", "t_pnr": 5262.749999998847, "dt_walking_dead": 186.7499999999245, "N_RNAP": 41, "N_Ribo": 64, "N_ATP": 1000, "seed": 20}