{"t_death": 6324.299999998418, "death_mode": "ribo_collapse", "pnr_type": "ribo_depletion", "t_pnr": 5541.299999998734, "dt_walking_dead": 782.9999999996835, "N_RNAP": 17, "N_Ribo": 64, "N_ATP": 1000, "seed": 54}