{"t_death": 2496.149999999965, "death_mode": "ribo_collapse", "pnr_type": "ribo_depletion", "t_pnr": 700.2000000000099, "dt_walking_dead": 1795.9499999999553, "N_RNAP": 7, "N_Ribo": 3, "N_ATP": 1000, "seed": 33}