{"t_death": 3156.2999999996982, "death_mode": "ribo_collapse", "pnr_type": "ribo_depletion", "t_pnr": 1404.900000000081, "dt_walking_dead": 1751.3999999996172, "N_RNAP": 27, "N_Ribo": 4, "N_ATP": 1000, "seed": 64}