{"t_death": 4602.149999999114, "death_mode": "ribo_collapse", "pnr_type": "ribo_depletion", "t_pnr": 1237.5000000000641, "dt_walking_dead": 3364.6499999990497, "N_RNAP": 11, "N_Ribo": 4, "N_ATP": 1000, "seed": 60}