{"t_death": 4502.249999999154, "death_mode": "ribo_collapse", "pnr_type": "ribo_depletion", "t_pnr": 2801.6999999998416, "dt_walking_dead": 1700.5499999993126, "N_RNAP": 27, "N_Ribo": 17, "N_ATP": 1000, "seed": 73}