{"t_death": 2887.649999999807, "death_mode": "ribo_collapse", "pnr_type": "ribo_depletion", "t_pnr": 2094.3000000001275, "dt_walking_dead": 793.3499999996793, "N_RNAP": 2, "N_Ribo": 7, "N_ATP": 1000, "seed": 33}