{"t_death": 2192.400000000088, "death_mode": "ribo_collapse", "pnr_type": "ribo_depletion", "t_pnr": 1791.00000000012, "dt_walking_dead": 401.3999999999678, "N_RNAP": 17, "N_Ribo": 3, "N_ATP": 1000, "seed": 8}