{"t_death": 3541.4999999995425, "death_mode": "ribo_collapse", "pnr_type": "ribo_depletion", "t_pnr": 2417.8499999999967, "dt_walking_dead": 1123.6499999995458, "N_RNAP": 27, "N_Ribo": 7, "N_ATP": 1000, "seed": 60}