{"t_death": 6666.299999998279, "death_mode": "ribo_collapse", "pnr_type": "ribo_depletion", "t_pnr": 2627.099999999912, "dt_walking_dead": 4039.1999999983673, "N_RNAP": 17, "N_Ribo": 17, "N_ATP": 1000, "seed": 91}