{"t_death": 3326.8499999996293, "death_mode": "ribo_collapse", "pnr_type": "ribo_depletion", "t_pnr": 566.0999999999964, "dt_walking_dead": 2760.749999999633, "N_RNAP": 27, "N_Ribo": 2, "N_ATP": 1000, "seed": 23}