{"t_death": 5615.549999998704, "death_mode": "ribo_collapse", "pnr_type": "ribo_depletion", "t_pnr": 4649.399999999095, "dt_walking_dead": 966.1499999996095, "N_RNAP": 4, "N_Ribo": 11, "N_ATP": 1000, "seed": 95}