{"t_death": 3376.3499999996093, "death_mode": "ribo_collapse", "pnr_type": "ribo_depletion", "t_pnr": 1045.8000000000447, "dt_walking_dead": 2330.5499999995645, "N_RNAP": 11, "N_Ribo": 2, "N_ATP": 1000, "seed": 90}