{"t_death": 6143.849999998491, "death_mode": "ribo_collapse", "pnr_type": "ribo_depletion", "t_pnr": 3586.0499999995245, "dt_walking_dead": 2557.799999998966, "N_RNAP": 100, "N_Ribo": 17, "N_ATP": 1000, "seed": 88}