{"t_death": 3831.749999999425, "death_mode": "ribo_collapse", "pnr_type": "ribo_depletion", "t_pnr": 3723.749999999469, "dt_walking_dead": 107.99999999995634, "N_RNAP": 3, "N_Ribo": 64, "N_ATP": 1000, "seed": 92}