{"t_death": 1452.6000000000859, "death_mode": "cycle_collapse", "pnr_type": "rnap_deadlock", "t_pnr": 1334.250000000074, "dt_walking_dead": 118.35000000001196, "N_RNAP": 3, "N_Ribo": 27, "N_ATP": 1000, "seed": 98}