{"t_death": 1935.4500000001347, "death_mode": "ribo_collapse", "pnr_type": "ribo_depletion", "t_pnr": 576.4499999999974, "dt_walking_dead": 1359.0000000001373, "N_RNAP": 2, "N_Ribo": 2, "N_ATP": 1000, "seed": 66}