{"t_death": 5743.3499999986525, "death_mode": "ribo_collapse", "pnr_type": "ribo_depletion", "t_pnr": 1401.7500000000807, "dt_walking_dead": 4341.599999998572, "N_RNAP": 41, "N_Ribo": 4, "N_ATP": 1000, "seed": 93}