{"t_death": 2632.04999999991, "death_mode": "ribo_collapse", "pnr_type": "ribo_depletion", "t_pnr": 705.6000000000105, "dt_walking_dead": 1926.4499999998998, "N_RNAP": 11, "N_Ribo": 4, "N_ATP": 1000, "seed": 26}