{"t_death": 2843.9999999998245, "death_mode": "ribo_collapse", "pnr_type": "ribo_depletion", "t_pnr": 2052.4500000001444, "dt_walking_dead": 791.54999999968, "N_RNAP": 7, "N_Ribo": 11, "N_ATP": 1000, "seed": 74}