{"t_death": 2245.5000000000664, "death_mode": "ribo_collapse", "pnr_type": "ribo_depletion", "t_pnr": 1089.9000000000492, "dt_walking_dead": 1155.6000000000172, "N_RNAP": 4, "N_Ribo": 2, "N_ATP": 1000, "seed": 72}