{"t_death": 3321.4499999996315, "death_mode": "cycle_collapse", "pnr_type": "rnap_deadlock", "t_pnr": 3247.6499999996613, "dt_walking_dead": 73.79999999997017, "N_RNAP": 3, "N_Ribo": 100, "N_ATP": 1000, "seed": 74}