{"t_death": 904.9500000000306, "death_mode": "cycle_collapse", "pnr_type": "rnap_deadlock", "t_pnr": 863.5500000000264, "dt_walking_dead": 41.400000000004184, "N_RNAP": 3, "N_Ribo": 3, "N_ATP": 1000, "seed": 70}