{"t_death": 7357.049999998, "death_mode": "ribo_collapse", "pnr_type": "ribo_depletion", "t_pnr": 5855.849999998607, "dt_walking_dead": 1501.1999999993932, "N_RNAP": 17, "N_Ribo": 100, "N_ATP": 1000, "seed": 31}