{"t_death": 5458.499999998768, "death_mode": "cycle_collapse", "pnr_type": "rnap_deadlock", "t_pnr": 5360.399999998807, "dt_walking_dead": 98.09999999996035, "N_RNAP": 2, "N_Ribo": 100, "N_ATP": 1000, "seed": 88}