{"t_death": 4266.899999999249, "death_mode": "ribo_collapse", "pnr_type": "ribo_depletion", "t_pnr": 4112.9999999993115, "dt_walking_dead": 153.8999999999378, "N_RNAP": 3, "N_Ribo": 100, "N_ATP": 1000, "seed": 68}