{"t_death": 4940.999999998977, "death_mode": "ribo_collapse", "pnr_type": "ribo_depletion", "t_pnr": 3389.849999999604, "dt_walking_dead": 1551.149999999373, "N_RNAP": 64, "N_Ribo": 17, "N_ATP": 1000, "seed": 61}