{"t_death": 3243.149999999663, "death_mode": "ribo_collapse", "pnr_type": "ribo_depletion", "t_pnr": 2613.5999999999176, "dt_walking_dead": 629.5499999997455, "N_RNAP": 17, "N_Ribo": 7, "N_ATP": 1000, "seed": 54}