{"t_death": 6552.899999998325, "death_mode": "ribo_collapse", "pnr_type": "ribo_depletion", "t_pnr": 6370.199999998399, "dt_walking_dead": 182.69999999992615, "N_RNAP": 64, "N_Ribo": 27, "N_ATP": 1000, "seed": 79}