{"t_death": 4396.949999999197, "death_mode": "ribo_collapse", "pnr_type": "ribo_depletion", "t_pnr": 2911.0499999997974, "dt_walking_dead": 1485.8999999993994, "N_RNAP": 17, "N_Ribo": 7, "N_ATP": 1000, "seed": 19}