{"t_death": 3273.299999999651, "death_mode": "ribo_collapse", "pnr_type": "ribo_depletion", "t_pnr": 3125.249999999711, "dt_walking_dead": 148.04999999994016, "N_RNAP": 27, "N_Ribo": 7, "N_ATP": 1000, "seed": 85}