{"t_death": 6677.099999998275, "death_mode": "ribo_collapse", "pnr_type": "ribo_depletion", "t_pnr": 5298.299999998832, "dt_walking_dead": 1378.7999999994427, "N_RNAP": 7, "N_Ribo": 11, "N_ATP": 1000, "seed": 50}