{"t_death": 5920.649999998581, "death_mode": "ribo_collapse", "pnr_type": "ribo_depletion", "t_pnr": 5052.149999998932, "dt_walking_dead": 868.4999999996489, "N_RNAP": 17, "N_Ribo": 3, "N_ATP": 1000, "seed": 93}