{"t_death": 5033.2499999989395, "death_mode": "ribo_collapse", "pnr_type": "ribo_depletion", "t_pnr": 4771.799999999045, "dt_walking_dead": 261.4499999998943, "N_RNAP": 17, "N_Ribo": 100, "N_ATP": 1000, "seed": 5}