{"t_death": 9756.450000000192, "death_mode": "ribo_collapse", "pnr_type": "ribo_depletion", "t_pnr": 4047.299999999338, "dt_walking_dead": 5709.150000000854, "N_RNAP": 64, "N_Ribo": 17, "N_ATP": 1000, "seed": 55}