{"t_death": 3374.99999999961, "death_mode": "cycle_collapse", "pnr_type": "rnap_deadlock", "t_pnr": 3220.649999999672, "dt_walking_dead": 154.3499999999376, "N_RNAP": 17, "N_Ribo": 27, "N_ATP": 1000, "seed": 95}