{"t_death": 2243.700000000067, "death_mode": "cycle_collapse", "pnr_type": "rnap_deadlock", "t_pnr": 2174.850000000095, "dt_walking_dead": 68.84999999997217, "N_RNAP": 11, "N_Ribo": 4, "N_ATP": 1000, "seed": 44}