{"t_death": 2592.899999999926, "death_mode": "cycle_collapse", "pnr_type": "rnap_deadlock", "t_pnr": 2491.199999999967, "dt_walking_dead": 101.69999999995889, "N_RNAP": 2, "N_Ribo": 17, "N_ATP": 1000, "seed": 81}