{"t_death": 1008.000000000041, "death_mode": "cycle_collapse", "pnr_type": "rnap_deadlock", "t_pnr": 849.150000000025, "dt_walking_dead": 158.85000000001605, "N_RNAP": 2, "N_Ribo": 27, "N_ATP": 1000, "seed": 36}