{"t_death": 3044.2499999997435, "death_mode": "cycle_collapse", "pnr_type": "rnap_deadlock", "t_pnr": 2969.5499999997737, "dt_walking_dead": 74.6999999999698, "N_RNAP": 2, "N_Ribo": 100, "N_ATP": 1000, "seed": 64}