{"t_death": 2236.95000000007, "death_mode": "ribo_collapse", "pnr_type": "ribo_depletion", "t_pnr": 1579.9500000000987, "dt_walking_dead": 656.9999999999711, "N_RNAP": 7, "N_Ribo": 11, "N_ATP": 1000, "seed": 65}