{"t_death": 6610.499999998302, "death_mode": "ribo_collapse", "pnr_type": "ribo_depletion", "t_pnr": 4042.34999999934, "dt_walking_dead": 2568.149999998962, "N_RNAP": 64, "N_Ribo": 17, "N_ATP": 1000, "seed": 69}