{"t_death": 2147.400000000106, "death_mode": "ribo_collapse", "pnr_type": "ribo_depletion", "t_pnr": 1680.750000000109, "dt_walking_dead": 466.64999999999714, "N_RNAP": 11, "N_Ribo": 3, "N_ATP": 1000, "seed": 51}