{"t_death": 3124.349999999711, "death_mode": "ribo_collapse", "pnr_type": "ribo_depletion", "t_pnr": 1220.4000000000624, "dt_walking_dead": 1903.9499999996488, "N_RNAP": 17, "N_Ribo": 2, "N_ATP": 1000, "seed": 4}