{"t_death": 3085.649999999727, "death_mode": "cycle_collapse", "pnr_type": "rnap_deadlock", "t_pnr": 3015.449999999755, "dt_walking_dead": 70.19999999997162, "N_RNAP": 7, "N_Ribo": 27, "N_ATP": 1000, "seed": 1}