{"t_death": 3236.8499999996657, "death_mode": "ribo_collapse", "pnr_type": "ribo_depletion", "t_pnr": 3139.199999999705, "dt_walking_dead": 97.64999999996053, "N_RNAP": 4, "N_Ribo": 17, "N_ATP": 1000, "seed": 73}