{"t_death": 3993.29999999936, "death_mode": "ribo_collapse", "pnr_type": "ribo_depletion", "t_pnr": 1086.7500000000489, "dt_walking_dead": 2906.549999999311, "N_RNAP": 7, "N_Ribo": 2, "N_ATP": 1000, "seed": 9}