{"t_death": 5726.249999998659, "death_mode": "cycle_collapse", "pnr_type": "rnap_deadlock", "t_pnr": 5656.049999998688, "dt_walking_dead": 70.19999999997162, "N_RNAP": 27, "N_Ribo": 100, "N_ATP": 1000, "seed": 59}