{"t_death": 3281.8499999996475, "death_mode": "ribo_collapse", "pnr_type": "ribo_depletion", "t_pnr": 374.84999999999434, "dt_walking_dead": 2906.999999999653, "N_RNAP": 64, "N_Ribo": 2, "N_ATP": 1000, "seed": 13}