{"t_death": 3777.749999999447, "death_mode": "ribo_collapse", "pnr_type": "ribo_depletion", "t_pnr": 2213.1000000000795, "dt_walking_dead": 1564.6499999993675, "N_RNAP": 11, "N_Ribo": 7, "N_ATP": 1000, "seed": 88}