{"t_death": 2031.3000000001443, "death_mode": "ribo_collapse", "pnr_type": "ribo_depletion", "t_pnr": 1544.8500000000952, "dt_walking_dead": 486.45000000004916, "N_RNAP": 4, "N_Ribo": 2, "N_ATP": 1000, "seed": 93}