{"t_death": 11498.850000003009, "death_mode": "ribo_collapse", "pnr_type": "ribo_depletion", "t_pnr": 1440.4500000000846, "dt_walking_dead": 10058.400000002925, "N_RNAP": 100, "N_Ribo": 4, "N_ATP": 1000, "seed": 49}