{"t_death": 3088.3499999997257, "death_mode": "ribo_collapse", "pnr_type": "ribo_depletion", "t_pnr": 512.999999999991, "dt_walking_dead": 2575.349999999735, "N_RNAP": 2, "N_Ribo": 3, "N_ATP": 1000, "seed": 51}