{"t_death": 4755.599999999052, "death_mode": "ribo_collapse", "pnr_type": "ribo_depletion", "t_pnr": 2173.9500000000953, "dt_walking_dead": 2581.6499999989564, "N_RNAP": 2, "N_Ribo": 7, "N_ATP": 1000, "seed": 53}