{"t_death": 5942.699999998572, "death_mode": "ribo_collapse", "pnr_type": "ribo_depletion", "t_pnr": 3370.9499999996115, "dt_walking_dead": 2571.7499999989604, "N_RNAP": 64, "N_Ribo": 7, "N_ATP": 1000, "seed": 67}