{"t_death": 7138.799999998088, "death_mode": "atp_depletion", "pnr_type": "ribo_depletion", "t_pnr": 1968.750000000138, "dt_walking_dead": 5170.04999999795, "N_RNAP": 100, "N_Ribo": 7, "N_ATP": 1000, "seed": 24}