{"t_death": 1606.9500000001015, "death_mode": "ribo_collapse", "pnr_type": "ribo_depletion", "t_pnr": 1107.900000000051, "dt_walking_dead": 499.05000000005043, "N_RNAP": 7, "N_Ribo": 4, "N_ATP": 1000, "seed": 37}