{"t_death": 4244.849999999258, "death_mode": "ribo_collapse", "pnr_type": "ribo_depletion", "t_pnr": 4008.149999999354, "dt_walking_dead": 236.69999999990432, "N_RNAP": 64, "N_Ribo": 27, "N_ATP": 1000, "seed": 4}