{"t_death": 4396.049999999197, "death_mode": "ribo_collapse", "pnr_type": "ribo_depletion", "t_pnr": 1429.6500000000835, "dt_walking_dead": 2966.399999999114, "N_RNAP": 27, "N_Ribo": 7, "N_ATP": 1000, "seed": 79}