{"t_death": 3158.999999999697, "death_mode": "ribo_collapse", "pnr_type": "ribo_depletion", "t_pnr": 2092.950000000128, "dt_walking_dead": 1066.049999999569, "N_RNAP": 41, "N_Ribo": 4, "N_ATP": 1000, "seed": 92}