{"t_death": 7178.399999998072, "death_mode": "ribo_collapse", "pnr_type": "ribo_depletion", "t_pnr": 4021.6499999993484, "dt_walking_dead": 3156.749999998724, "N_RNAP": 100, "N_Ribo": 11, "N_ATP": 1000, "seed": 26}