{"t_death": 4239.89999999926, "death_mode": "ribo_collapse", "pnr_type": "ribo_depletion", "t_pnr": 2393.5500000000065, "dt_walking_dead": 1846.3499999992537, "N_RNAP": 11, "N_Ribo": 7, "N_ATP": 1000, "seed": 22}