{"t_death": 6944.849999998167, "death_mode": "ribo_collapse", "pnr_type": "ribo_depletion", "t_pnr": 3678.749999999487, "dt_walking_dead": 3266.09999999868, "N_RNAP": 41, "N_Ribo": 4, "N_ATP": 1000, "seed": 49}