{"t_death": 5209.199999998868, "death_mode": "ribo_collapse", "pnr_type": "ribo_depletion", "t_pnr": 1295.55000000007, "dt_walking_dead": 3913.649999998798, "N_RNAP": 17, "N_Ribo": 4, "N_ATP": 1000, "seed": 52}