{"t_death": 8673.749999998441, "death_mode": "ribo_collapse", "pnr_type": "ribo_depletion", "t_pnr": 8009.999999997736, "dt_walking_dead": 663.7500000007049, "N_RNAP": 41, "N_Ribo": 64, "N_ATP": 1000, "seed": 72}