{"t_death": 4270.049999999248, "death_mode": "cycle_collapse", "pnr_type": "rnap_deadlock", "t_pnr": 4253.849999999255, "dt_walking_dead": 16.19999999999345, "N_RNAP": 27, "N_Ribo": 27, "N_ATP": 1000, "seed": 85}