{"t_death": 4076.0999999993264, "death_mode": "cycle_collapse", "pnr_type": "rnap_deadlock", "t_pnr": 4076.0999999993264, "dt_walking_dead": 0.0, "N_RNAP": 27, "N_Ribo": 41, "N_ATP": 1000, "seed": 38}