{"t_death": 1991.2500000001403, "death_mode": "ribo_collapse", "pnr_type": "ribo_depletion", "t_pnr": 1938.600000000135, "dt_walking_dead": 52.65000000000532, "N_RNAP": 3, "N_Ribo": 4, "N_ATP": 1000, "seed": 24}