{"t_death": 5365.349999998805, "death_mode": "ribo_collapse", "pnr_type": "ribo_depletion", "t_pnr": 1505.2500000000912, "dt_walking_dead": 3860.0999999987143, "N_RNAP": 100, "N_Ribo": 7, "N_ATP": 1000, "seed": 3}