{"t_death": 4545.449999999137, "death_mode": "ribo_collapse", "pnr_type": "ribo_depletion", "t_pnr": 4207.0499999992735, "dt_walking_dead": 338.3999999998632, "N_RNAP": 41, "N_Ribo": 27, "N_ATP": 1000, "seed": 83}