{"t_death": 5149.799999998892, "death_mode": "ribo_collapse", "pnr_type": "ribo_depletion", "t_pnr": 3094.649999999723, "dt_walking_dead": 2055.1499999991693, "N_RNAP": 27, "N_Ribo": 7, "N_ATP": 1000, "seed": 38}