{"t_death": 4914.449999998988, "death_mode": "ribo_collapse", "pnr_type": "ribo_depletion", "t_pnr": 3961.349999999373, "dt_walking_dead": 953.0999999996147, "N_RNAP": 100, "N_Ribo": 4, "N_ATP": 1000, "seed": 70}