{"t_death": 6909.749999998181, "death_mode": "ribo_collapse", "pnr_type": "ribo_depletion", "t_pnr": 3467.6999999995724, "dt_walking_dead": 3442.0499999986087, "N_RNAP": 100, "N_Ribo": 4, "N_ATP": 1000, "seed": 20}