{"t_death": 1614.6000000001022, "death_mode": "ribo_collapse", "pnr_type": "ribo_depletion", "t_pnr": 855.4500000000256, "dt_walking_dead": 759.1500000000766, "N_RNAP": 2, "N_Ribo": 3, "N_ATP": 1000, "seed": 19}