{"t_death": 2723.849999999873, "death_mode": "ribo_collapse", "pnr_type": "ribo_depletion", "t_pnr": 2347.650000000025, "dt_walking_dead": 376.19999999984793, "N_RNAP": 3, "N_Ribo": 4, "N_ATP": 1000, "seed": 28}