{"t_death": 4986.449999998958, "death_mode": "ribo_collapse", "pnr_type": "ribo_depletion", "t_pnr": 4546.349999999136, "dt_walking_dead": 440.0999999998221, "N_RNAP": 41, "N_Ribo": 41, "N_ATP": 1000, "seed": 61}