{"t_death": 2503.349999999962, "death_mode": "cycle_collapse", "pnr_type": "rnap_deadlock", "t_pnr": 2418.2999999999965, "dt_walking_dead": 85.04999999996562, "N_RNAP": 4, "N_Ribo": 17, "N_ATP": 1000, "seed": 38}