{"t_death": 4900.049999998993, "death_mode": "ribo_collapse", "pnr_type": "ribo_depletion", "t_pnr": 4234.499999999262, "dt_walking_dead": 665.549999999731, "N_RNAP": 100, "N_Ribo": 4, "N_ATP": 1000, "seed": 78}