{"t_death": 2943.899999999784, "death_mode": "cycle_collapse", "pnr_type": "rnap_deadlock", "t_pnr": 2674.349999999893, "dt_walking_dead": 269.54999999989104, "N_RNAP": 2, "N_Ribo": 17, "N_ATP": 1000, "seed": 94}