{"t_death": 2295.0000000000464, "death_mode": "cycle_collapse", "pnr_type": "rnap_deadlock", "t_pnr": 2274.3000000000548, "dt_walking_dead": 20.699999999991633, "N_RNAP": 7, "N_Ribo": 3, "N_ATP": 1000, "seed": 22}