{"t_death": 5125.049999998902, "death_mode": "ribo_collapse", "pnr_type": "ribo_depletion", "t_pnr": 1145.7000000000548, "dt_walking_dead": 3979.3499999988476, "N_RNAP": 100, "N_Ribo": 2, "N_ATP": 1000, "seed": 50}