{"t_death": 3730.499999999466, "death_mode": "cycle_collapse", "pnr_type": "rnap_deadlock", "t_pnr": 3595.4999999995207, "dt_walking_dead": 134.99999999994543, "N_RNAP": 4, "N_Ribo": 100, "N_ATP": 1000, "seed": 51}