{"t_death": 949.9500000000352, "death_mode": "ribo_collapse", "pnr_type": "ribo_depletion", "t_pnr": 925.2000000000327, "dt_walking_dead": 24.7500000000025, "N_RNAP": 4, "N_Ribo": 4, "N_ATP": 1000, "seed": 18}