{"t_death": 3289.4999999996444, "death_mode": "ribo_collapse", "pnr_type": "ribo_depletion", "t_pnr": 3289.4999999996444, "dt_walking_dead": 0.0, "N_RNAP": 11, "N_Ribo": 41, "N_ATP": 1000, "seed": 25}