{"t_death": 2000.2500000001412, "death_mode": "ribo_collapse", "pnr_type": "ribo_depletion", "t_pnr": 1741.050000000115, "dt_walking_dead": 259.2000000000262, "N_RNAP": 3, "N_Ribo": 4, "N_ATP": 1000, "seed": 56}