{"t_death": 3593.2499999995216, "death_mode": "ribo_collapse", "pnr_type": "ribo_depletion", "t_pnr": 3171.149999999692, "dt_walking_dead": 422.0999999998294, "N_RNAP": 27, "N_Ribo": 4, "N_ATP": 1000, "seed": 46}