{"t_death": 552.599999999995, "death_mode": "cycle_collapse", "pnr_type": "rnap_deadlock", "t_pnr": 481.94999999999163, "dt_walking_dead": 70.65000000000339, "N_RNAP": 3, "N_Ribo": 2, "N_ATP": 1000, "seed": 40}