{"t_death": 5021.549999998944, "death_mode": "ribo_collapse", "pnr_type": "ribo_depletion", "t_pnr": 3565.7999999995327, "dt_walking_dead": 1455.7499999994116, "N_RNAP": 41, "N_Ribo": 4, "N_ATP": 1000, "seed": 38}