{"t_death": 3100.9499999997206, "death_mode": "ribo_collapse", "pnr_type": "ribo_depletion", "t_pnr": 1155.1500000000558, "dt_walking_dead": 1945.7999999996648, "N_RNAP": 17, "N_Ribo": 3, "N_ATP": 1000, "seed": 10}