{"t_death": 4387.9499999992, "death_mode": "cycle_collapse", "pnr_type": "rnap_deadlock", "t_pnr": 4279.949999999244, "dt_walking_dead": 107.99999999995634, "N_RNAP": 64, "N_Ribo": 27, "N_ATP": 1000, "seed": 70}