{"t_death": 1954.8000000001366, "death_mode": "ribo_collapse", "pnr_type": "ribo_depletion", "t_pnr": 1224.0000000000628, "dt_walking_dead": 730.8000000000739, "N_RNAP": 11, "N_Ribo": 2, "N_ATP": 1000, "seed": 84}