{"t_death": 7445.249999997965, "death_mode": "ribo_collapse", "pnr_type": "ribo_depletion", "t_pnr": 1914.7500000001326, "dt_walking_dead": 5530.499999997832, "N_RNAP": 100, "N_Ribo": 2, "N_ATP": 1000, "seed": 13}