{"t_death": 2105.550000000123, "death_mode": "ribo_collapse", "pnr_type": "ribo_depletion", "t_pnr": 1993.0500000001405, "dt_walking_dead": 112.49999999998249, "N_RNAP": 2, "N_Ribo": 17, "N_ATP": 1000, "seed": 79}