{"t_death": 4524.749999999145, "death_mode": "ribo_collapse", "pnr_type": "ribo_depletion", "t_pnr": 2961.449999999777, "dt_walking_dead": 1563.299999999368, "N_RNAP": 64, "N_Ribo": 7, "N_ATP": 1000, "seed": 25}