{"t_death": 3863.2499999994125, "death_mode": "ribo_collapse", "pnr_type": "ribo_depletion", "t_pnr": 1186.650000000059, "dt_walking_dead": 2676.5999999993537, "N_RNAP": 100, "N_Ribo": 3, "N_ATP": 1000, "seed": 83}