{"t_death": 6346.349999998409, "death_mode": "ribo_collapse", "pnr_type": "ribo_depletion", "t_pnr": 4082.399999999324, "dt_walking_dead": 2263.949999999085, "N_RNAP": 64, "N_Ribo": 17, "N_ATP": 1000, "seed": 0}