{"t_death": 5846.399999998611, "death_mode": "ribo_collapse", "pnr_type": "ribo_depletion", "t_pnr": 3755.249999999456, "dt_walking_dead": 2091.1499999991547, "N_RNAP": 7, "N_Ribo": 100, "N_ATP": 1000, "seed": 73}