{"t_death": 2886.749999999807, "death_mode": "ribo_collapse", "pnr_type": "ribo_depletion", "t_pnr": 990.9000000000393, "dt_walking_dead": 1895.849999999768, "N_RNAP": 41, "N_Ribo": 4, "N_ATP": 1000, "seed": 12}