{"t_death": 5128.199999998901, "death_mode": "ribo_collapse", "pnr_type": "ribo_depletion", "t_pnr": 1903.9500000001315, "dt_walking_dead": 3224.2499999987695, "N_RNAP": 64, "N_Ribo": 4, "N_ATP": 1000, "seed": 48}