{"t_death": 6020.54999999854, "death_mode": "ribo_collapse", "pnr_type": "ribo_depletion", "t_pnr": 4303.799999999234, "dt_walking_dead": 1716.749999999306, "N_RNAP": 27, "N_Ribo": 27, "N_ATP": 1000, "seed": 0}