{"t_death": 2015.1000000001427, "death_mode": "ribo_collapse", "pnr_type": "ribo_depletion", "t_pnr": 1062.4500000000464, "dt_walking_dead": 952.6500000000963, "N_RNAP": 11, "N_Ribo": 3, "N_ATP": 1000, "seed": 23}