{"t_death": 2013.7500000001426, "death_mode": "ribo_collapse", "pnr_type": "ribo_depletion", "t_pnr": 1133.1000000000536, "dt_walking_dead": 880.650000000089, "N_RNAP": 3, "N_Ribo": 7, "N_ATP": 1000, "seed": 82}