{"t_death": 4579.649999999123, "death_mode": "ribo_collapse", "pnr_type": "ribo_depletion", "t_pnr": 4293.899999999238, "dt_walking_dead": 285.7499999998845, "N_RNAP": 41, "N_Ribo": 27, "N_ATP": 1000, "seed": 82}