{"t_death": 5393.699999998794, "death_mode": "ribo_collapse", "pnr_type": "ribo_depletion", "t_pnr": 909.4500000000311, "dt_walking_dead": 4484.249999998763, "N_RNAP": 4, "N_Ribo": 4, "N_ATP": 1000, "seed": 36}