{"t_death": 5428.79999999878, "death_mode": "ribo_collapse", "pnr_type": "ribo_depletion", "t_pnr": 3034.3499999997475, "dt_walking_dead": 2394.449999999032, "N_RNAP": 41, "N_Ribo": 17, "N_ATP": 1000, "seed": 94}