{"t_death": 2299.9500000000444, "death_mode": "ribo_collapse", "pnr_type": "ribo_depletion", "t_pnr": 1510.6500000000917, "dt_walking_dead": 789.2999999999527, "N_RNAP": 7, "N_Ribo": 2, "N_ATP": 1000, "seed": 53}