{"t_death": 5942.249999998572, "death_mode": "cycle_collapse", "pnr_type": "rnap_deadlock", "t_pnr": 5894.999999998591, "dt_walking_dead": 47.2499999999809, "N_RNAP": 27, "N_Ribo": 100, "N_ATP": 1000, "seed": 77}