{"t_death": 4522.499999999146, "death_mode": "ribo_collapse", "pnr_type": "ribo_depletion", "t_pnr": 2989.7999999997655, "dt_walking_dead": 1532.6999999993805, "N_RNAP": 17, "N_Ribo": 4, "N_ATP": 1000, "seed": 35}