{"t_death": 749.7000000000149, "death_mode": "cycle_collapse", "pnr_type": "rnap_deadlock", "t_pnr": 625.9500000000024, "dt_walking_dead": 123.7500000000125, "N_RNAP": 2, "N_Ribo": 41, "N_ATP": 1000, "seed": 80}