{"t_death": 3883.949999999404, "death_mode": "ribo_collapse", "pnr_type": "ribo_depletion", "t_pnr": 166.0499999999996, "dt_walking_dead": 3717.8999999994044, "N_RNAP": 41, "N_Ribo": 2, "N_ATP": 1000, "seed": 71}