{"t_death": 6032.249999998536, "death_mode": "ribo_collapse", "pnr_type": "ribo_depletion", "t_pnr": 1273.9500000000678, "dt_walking_dead": 4758.299999998468, "N_RNAP": 17, "N_Ribo": 11, "N_ATP": 1000, "seed": 31}