{"t_death": 2787.749999999847, "death_mode": "ribo_collapse", "pnr_type": "ribo_depletion", "t_pnr": 1843.6500000001254, "dt_walking_dead": 944.0999999997218, "N_RNAP": 64, "N_Ribo": 4, "N_ATP": 1000, "seed": 76}