{"t_death": 5503.04999999875, "death_mode": "ribo_collapse", "pnr_type": "ribo_depletion", "t_pnr": 1223.1000000000627, "dt_walking_dead": 4279.949999998687, "N_RNAP": 64, "N_Ribo": 3, "N_ATP": 1000, "seed": 6}