{"t_death": 2369.2500000000164, "death_mode": "ribo_collapse", "pnr_type": "ribo_depletion", "t_pnr": 1320.7500000000725, "dt_walking_dead": 1048.4999999999438, "N_RNAP": 3, "N_Ribo": 4, "N_ATP": 1000, "seed": 44}