{"t_death": 670.0500000000069, "death_mode": "cycle_collapse", "pnr_type": "rnap_deadlock", "t_pnr": 562.9499999999961, "dt_walking_dead": 107.10000000001082, "N_RNAP": 2, "N_Ribo": 11, "N_ATP": 1000, "seed": 11}