{"t_death": 3263.399999999655, "death_mode": "cycle_collapse", "pnr_type": "rnap_deadlock", "t_pnr": 3202.6499999996795, "dt_walking_dead": 60.749999999975444, "N_RNAP": 4, "N_Ribo": 17, "N_ATP": 1000, "seed": 42}