{"t_death": 2375.100000000014, "death_mode": "cycle_collapse", "pnr_type": "rnap_deadlock", "t_pnr": 2195.1000000000868, "dt_walking_dead": 179.99999999992724, "N_RNAP": 7, "N_Ribo": 7, "N_ATP": 1000, "seed": 75}