{"t_death": 6223.049999998459, "death_mode": "ribo_collapse", "pnr_type": "ribo_depletion", "t_pnr": 4777.649999999043, "dt_walking_dead": 1445.3999999994157, "N_RNAP": 7, "N_Ribo": 100, "N_ATP": 1000, "seed": 82}