{"t_death": 6121.3499999985, "death_mode": "ribo_collapse", "pnr_type": "ribo_depletion", "t_pnr": 4935.149999998979, "dt_walking_dead": 1186.1999999995205, "N_RNAP": 100, "N_Ribo": 4, "N_ATP": 1000, "seed": 76}