{"t_death": 5665.949999998684, "death_mode": "ribo_collapse", "pnr_type": "ribo_depletion", "t_pnr": 4124.699999999307, "dt_walking_dead": 1541.249999999377, "N_RNAP": 64, "N_Ribo": 11, "N_ATP": 1000, "seed": 54}