{"t_death": 798.3000000000198, "death_mode": "cycle_collapse", "pnr_type": "rnap_deadlock", "t_pnr": 599.3999999999997, "dt_walking_dead": 198.9000000000201, "N_RNAP": 3, "N_Ribo": 64, "N_ATP": 1000, "seed": 86}