{"t_death": 2044.3500000001457, "death_mode": "cycle_collapse", "pnr_type": "rnap_deadlock", "t_pnr": 2025.9000000001438, "dt_walking_dead": 18.450000000001864, "N_RNAP": 3, "N_Ribo": 17, "N_ATP": 1000, "seed": 46}