{"t_death": 2079.0000000001337, "death_mode": "ribo_collapse", "pnr_type": "ribo_depletion", "t_pnr": 774.4500000000174, "dt_walking_dead": 1304.5500000001161, "N_RNAP": 7, "N_Ribo": 3, "N_ATP": 1000, "seed": 91}