{"t_death": 1993.9500000001406, "death_mode": "cycle_collapse", "pnr_type": "rnap_deadlock", "t_pnr": 1732.050000000114, "dt_walking_dead": 261.90000000002647, "N_RNAP": 4, "N_Ribo": 100, "N_ATP": 1000, "seed": 61}