{"t_death": 1513.800000000092, "death_mode": "cycle_collapse", "pnr_type": "rnap_deadlock", "t_pnr": 1460.2500000000866, "dt_walking_dead": 53.55000000000541, "N_RNAP": 4, "N_Ribo": 17, "N_ATP": 1000, "seed": 69}