{"t_death": 1110.1500000000513, "death_mode": "cycle_collapse", "pnr_type": "rnap_deadlock", "t_pnr": 338.39999999999526, "dt_walking_dead": 771.7500000000559, "N_RNAP": 2, "N_Ribo": 27, "N_ATP": 1000, "seed": 79}