{"t_death": 6134.849999998494, "death_mode": "ribo_collapse", "pnr_type": "ribo_depletion", "t_pnr": 4295.699999999238, "dt_walking_dead": 1839.1499999992566, "N_RNAP": 64, "N_Ribo": 11, "N_ATP": 1000, "seed": 92}