{"t_death": 6989.399999998149, "death_mode": "ribo_collapse", "pnr_type": "ribo_depletion", "t_pnr": 2322.900000000035, "dt_walking_dead": 4666.499999998114, "N_RNAP": 100, "N_Ribo": 4, "N_ATP": 1000, "seed": 64}