{"t_death": 5920.199999998581, "death_mode": "ribo_collapse", "pnr_type": "ribo_depletion", "t_pnr": 3460.949999999575, "dt_walking_dead": 2459.249999999006, "N_RNAP": 11, "N_Ribo": 100, "N_ATP": 1000, "seed": 46}