{"t_death": 4402.799999999194, "death_mode": "ribo_collapse", "pnr_type": "ribo_depletion", "t_pnr": 1194.3000000000598, "dt_walking_dead": 3208.4999999991346, "N_RNAP": 17, "N_Ribo": 3, "N_ATP": 1000, "seed": 76}