{"t_death": 3286.7999999996455, "death_mode": "cycle_collapse", "pnr_type": "rnap_deadlock", "t_pnr": 3172.9499999996915, "dt_walking_dead": 113.84999999995398, "N_RNAP": 17, "N_Ribo": 41, "N_ATP": 1000, "seed": 26}