{"t_death": 1691.10000000011, "death_mode": "ribo_collapse", "pnr_type": "ribo_depletion", "t_pnr": 1334.700000000074, "dt_walking_dead": 356.400000000036, "N_RNAP": 3, "N_Ribo": 2, "N_ATP": 1000, "seed": 87}