{"t_death": 4947.749999998974, "death_mode": "ribo_collapse", "pnr_type": "ribo_depletion", "t_pnr": 1969.650000000138, "dt_walking_dead": 2978.099999998836, "N_RNAP": 100, "N_Ribo": 3, "N_ATP": 1000, "seed": 8}