{"t_death": 2064.1500000001397, "death_mode": "cycle_collapse", "pnr_type": "rnap_deadlock", "t_pnr": 1910.7000000001321, "dt_walking_dead": 153.45000000000755, "N_RNAP": 3, "N_Ribo": 27, "N_ATP": 1000, "seed": 77}