{"t_death": 4131.899999999304, "death_mode": "ribo_collapse", "pnr_type": "ribo_depletion", "t_pnr": 3482.5499999995664, "dt_walking_dead": 649.3499999997375, "N_RNAP": 41, "N_Ribo": 41, "N_ATP": 1000, "seed": 6}