{"t_death": 1357.2000000000762, "death_mode": "cycle_collapse", "pnr_type": "rnap_deadlock", "t_pnr": 1310.4000000000715, "dt_walking_dead": 46.80000000000473, "N_RNAP": 3, "N_Ribo": 17, "N_ATP": 1000, "seed": 72}