{"t_death": 1931.4000000001342, "death_mode": "ribo_collapse", "pnr_type": "ribo_depletion", "t_pnr": 432.4499999999929, "dt_walking_dead": 1498.9500000001412, "N_RNAP": 3, "N_Ribo": 2, "N_ATP": 1000, "seed": 29}