{"t_death": 5739.299999998654, "death_mode": "ribo_collapse", "pnr_type": "ribo_depletion", "t_pnr": 4962.599999998968, "dt_walking_dead": 776.699999999686, "N_RNAP": 64, "N_Ribo": 64, "N_ATP": 1000, "seed": 4}