{"t_death": 2938.949999999786, "death_mode": "ribo_collapse", "pnr_type": "ribo_depletion", "t_pnr": 2011.0500000001423, "dt_walking_dead": 927.8999999996438, "N_RNAP": 11, "N_Ribo": 11, "N_ATP": 1000, "seed": 82}