{"t_death": 3587.399999999524, "death_mode": "ribo_collapse", "pnr_type": "ribo_depletion", "t_pnr": 2265.750000000058, "dt_walking_dead": 1321.6499999994658, "N_RNAP": 100, "N_Ribo": 3, "N_ATP": 1000, "seed": 17}