{"t_death": 4423.499999999186, "death_mode": "ribo_collapse", "pnr_type": "ribo_depletion", "t_pnr": 1177.200000000058, "dt_walking_dead": 3246.299999999128, "N_RNAP": 41, "N_Ribo": 7, "N_ATP": 1000, "seed": 42}