{"t_death": 3572.99999999953, "death_mode": "ribo_collapse", "pnr_type": "ribo_depletion", "t_pnr": 3327.299999999629, "dt_walking_dead": 245.69999999990068, "N_RNAP": 64, "N_Ribo": 4, "N_ATP": 1000, "seed": 79}