{"t_death": 3905.0999999993955, "death_mode": "ribo_collapse", "pnr_type": "ribo_depletion", "t_pnr": 2701.349999999882, "dt_walking_dead": 1203.7499999995134, "N_RNAP": 41, "N_Ribo": 7, "N_ATP": 1000, "seed": 33}