{"t_death": 3421.799999999591, "death_mode": "ribo_collapse", "pnr_type": "ribo_depletion", "t_pnr": 1464.750000000087, "dt_walking_dead": 1957.0499999995038, "N_RNAP": 41, "N_Ribo": 11, "N_ATP": 1000, "seed": 3}