{"t_death": 2901.1499999998014, "death_mode": "ribo_collapse", "pnr_type": "ribo_depletion", "t_pnr": 1721.250000000113, "dt_walking_dead": 1179.8999999996884, "N_RNAP": 17, "N_Ribo": 4, "N_ATP": 1000, "seed": 0}