{"t_death": 5179.049999998881, "death_mode": "ribo_collapse", "pnr_type": "ribo_depletion", "t_pnr": 4968.8999999989655, "dt_walking_dead": 210.14999999991505, "N_RNAP": 64, "N_Ribo": 41, "N_ATP": 1000, "seed": 45}