{"t_death": 2171.2500000000964, "death_mode": "ribo_collapse", "pnr_type": "ribo_depletion", "t_pnr": 538.1999999999936, "dt_walking_dead": 1633.050000000103, "N_RNAP": 7, "N_Ribo": 3, "N_ATP": 1000, "seed": 54}