{"t_death": 3071.2499999997326, "death_mode": "ribo_collapse", "pnr_type": "ribo_depletion", "t_pnr": 2824.6499999998323, "dt_walking_dead": 246.59999999990032, "N_RNAP": 7, "N_Ribo": 64, "N_ATP": 1000, "seed": 80}