{"t_death": 5294.699999998834, "death_mode": "ribo_collapse", "pnr_type": "ribo_depletion", "t_pnr": 4631.399999999102, "dt_walking_dead": 663.2999999997319, "N_RNAP": 11, "N_Ribo": 17, "N_ATP": 1000, "seed": 18}