{"t_death": 4490.549999999159, "death_mode": "ribo_collapse", "pnr_type": "ribo_depletion", "t_pnr": 2726.9999999998718, "dt_walking_dead": 1763.5499999992871, "N_RNAP": 11, "N_Ribo": 17, "N_ATP": 1000, "seed": 41}