{"t_death": 5773.49999999864, "death_mode": "ribo_collapse", "pnr_type": "ribo_depletion", "t_pnr": 4626.899999999104, "dt_walking_dead": 1146.5999999995365, "N_RNAP": 7, "N_Ribo": 64, "N_ATP": 1000, "seed": 1}