{"t_death": 4349.699999999216, "death_mode": "ribo_collapse", "pnr_type": "ribo_depletion", "t_pnr": 3929.3999999993857, "dt_walking_dead": 420.2999999998301, "N_RNAP": 27, "N_Ribo": 11, "N_ATP": 1000, "seed": 38}