{"t_death": 3071.6999999997324, "death_mode": "ribo_collapse", "pnr_type": "ribo_depletion", "t_pnr": 2829.5999999998303, "dt_walking_dead": 242.09999999990214, "N_RNAP": 4, "N_Ribo": 11, "N_ATP": 1000, "seed": 52}