{"t_death": 1428.7500000000834, "death_mode": "cycle_collapse", "pnr_type": "rnap_deadlock", "t_pnr": 1252.3500000000656, "dt_walking_dead": 176.40000000001783, "N_RNAP": 7, "N_Ribo": 41, "N_ATP": 1000, "seed": 3}