{"t_death": 2537.0999999999485, "death_mode": "cycle_collapse", "pnr_type": "rnap_deadlock", "t_pnr": 2309.4000000000406, "dt_walking_dead": 227.69999999990796, "N_RNAP": 7, "N_Ribo": 41, "N_ATP": 1000, "seed": 43}