{"t_death": 3126.5999999997102, "death_mode": "ribo_collapse", "pnr_type": "ribo_depletion", "t_pnr": 993.1500000000395, "dt_walking_dead": 2133.4499999996706, "N_RNAP": 41, "N_Ribo": 3, "N_ATP": 1000, "seed": 87}