{"t_death": 3445.1999999995815, "death_mode": "ribo_collapse", "pnr_type": "ribo_depletion", "t_pnr": 271.34999999999695, "dt_walking_dead": 3173.8499999995847, "N_RNAP": 7, "N_Ribo": 2, "N_ATP": 1000, "seed": 71}