{"t_death": 5022.899999998944, "death_mode": "cycle_collapse", "pnr_type": "rnap_deadlock", "t_pnr": 4680.449999999082, "dt_walking_dead": 342.4499999998616, "N_RNAP": 7, "N_Ribo": 100, "N_ATP": 1000, "seed": 95}