{"t_death": 452.6999999999924, "death_mode": "cycle_collapse", "pnr_type": "rnap_deadlock", "t_pnr": 356.8499999999948, "dt_walking_dead": 95.84999999999758, "N_RNAP": 2, "N_Ribo": 3, "N_ATP": 1000, "seed": 33}