{"t_death": 2307.6000000000413, "death_mode": "cycle_collapse", "pnr_type": "rnap_deadlock", "t_pnr": 2234.250000000071, "dt_walking_dead": 73.34999999997035, "N_RNAP": 3, "N_Ribo": 17, "N_ATP": 1000, "seed": 0}