{"t_death": 7387.649999997988, "death_mode": "ribo_collapse", "pnr_type": "ribo_depletion", "t_pnr": 1159.2000000000562, "dt_walking_dead": 6228.449999997932, "N_RNAP": 27, "N_Ribo": 4, "N_ATP": 1000, "seed": 77}