{"t_death": 2670.7499999998945, "death_mode": "ribo_collapse", "pnr_type": "ribo_depletion", "t_pnr": 2448.899999999984, "dt_walking_dead": 221.84999999991032, "N_RNAP": 11, "N_Ribo": 3, "N_ATP": 1000, "seed": 25}