{"t_death": 3392.099999999603, "death_mode": "ribo_collapse", "pnr_type": "ribo_depletion", "t_pnr": 2038.500000000145, "dt_walking_dead": 1353.5999999994579, "N_RNAP": 17, "N_Ribo": 7, "N_ATP": 1000, "seed": 74}