{"t_death": 3012.2999999997564, "death_mode": "ribo_collapse", "pnr_type": "ribo_depletion", "t_pnr": 1119.1500000000522, "dt_walking_dead": 1893.1499999997043, "N_RNAP": 2, "N_Ribo": 2, "N_ATP": 1000, "seed": 16}