{"t_death": 4083.2999999993235, "death_mode": "ribo_collapse", "pnr_type": "ribo_depletion", "t_pnr": 1846.8000000001257, "dt_walking_dead": 2236.499999999198, "N_RNAP": 64, "N_Ribo": 2, "N_ATP": 1000, "seed": 96}