{"t_death": 8989.199999998951, "death_mode": "ribo_collapse", "pnr_type": "ribo_depletion", "t_pnr": 2043.0000000001455, "dt_walking_dead": 6946.199999998806, "N_RNAP": 64, "N_Ribo": 4, "N_ATP": 1000, "seed": 77}