{"t_death": 5378.8499999988, "death_mode": "ribo_collapse", "pnr_type": "ribo_depletion", "t_pnr": 4674.149999999085, "dt_walking_dead": 704.6999999997151, "N_RNAP": 64, "N_Ribo": 17, "N_ATP": 1000, "seed": 58}