{"t_death": 4590.899999999118, "death_mode": "ribo_collapse", "pnr_type": "ribo_depletion", "t_pnr": 1747.3500000001156, "dt_walking_dead": 2843.5499999990025, "N_RNAP": 41, "N_Ribo": 11, "N_ATP": 1000, "seed": 82}