{"t_death": 4179.149999999285, "death_mode": "ribo_collapse", "pnr_type": "ribo_depletion", "t_pnr": 3258.8999999996568, "dt_walking_dead": 920.249999999628, "N_RNAP": 64, "N_Ribo": 17, "N_ATP": 1000, "seed": 44}