{"t_death": 2872.799999999813, "death_mode": "ribo_collapse", "pnr_type": "ribo_depletion", "t_pnr": 1271.7000000000676, "dt_walking_dead": 1601.0999999997453, "N_RNAP": 11, "N_Ribo": 7, "N_ATP": 1000, "seed": 90}