{"t_death": 1597.5000000001005, "death_mode": "cycle_collapse", "pnr_type": "rnap_deadlock", "t_pnr": 1586.7000000000994, "dt_walking_dead": 10.800000000001091, "N_RNAP": 4, "N_Ribo": 41, "N_ATP": 1000, "seed": 81}