{"t_death": 2621.6999999999143, "death_mode": "ribo_collapse", "pnr_type": "ribo_depletion", "t_pnr": 1029.150000000043, "dt_walking_dead": 1592.5499999998713, "N_RNAP": 17, "N_Ribo": 11, "N_ATP": 1000, "seed": 63}