{"t_death": 2666.699999999896, "death_mode": "cycle_collapse", "pnr_type": "rnap_deadlock", "t_pnr": 2618.9999999999154, "dt_walking_dead": 47.69999999998072, "N_RNAP": 7, "N_Ribo": 64, "N_ATP": 1000, "seed": 23}