{"t_death": 2880.8999999998096, "death_mode": "cycle_collapse", "pnr_type": "rnap_deadlock", "t_pnr": 2592.449999999926, "dt_walking_dead": 288.4499999998834, "N_RNAP": 11, "N_Ribo": 7, "N_ATP": 1000, "seed": 62}