{"t_death": 2284.6500000000506, "death_mode": "cycle_collapse", "pnr_type": "rnap_deadlock", "t_pnr": 2187.9000000000897, "dt_walking_dead": 96.74999999996089, "N_RNAP": 11, "N_Ribo": 3, "N_ATP": 1000, "seed": 40}