{"t_death": 2734.6499999998687, "death_mode": "ribo_collapse", "pnr_type": "ribo_depletion", "t_pnr": 1024.2000000000426, "dt_walking_dead": 1710.449999999826, "N_RNAP": 41, "N_Ribo": 2, "N_ATP": 1000, "seed": 60}