{"t_death": 2912.8499999997966, "death_mode": "cycle_collapse", "pnr_type": "rnap_deadlock", "t_pnr": 2897.099999999803, "dt_walking_dead": 15.749999999993634, "N_RNAP": 41, "N_Ribo": 11, "N_ATP": 1000, "seed": 40}