{"t_death": 6735.599999998251, "death_mode": "ribo_collapse", "pnr_type": "ribo_depletion", "t_pnr": 5256.899999998849, "dt_walking_dead": 1478.6999999994023, "N_RNAP": 17, "N_Ribo": 27, "N_ATP": 1000, "seed": 35}