{"t_death": 4283.099999999243, "death_mode": "ribo_collapse", "pnr_type": "ribo_depletion", "t_pnr": 1958.400000000137, "dt_walking_dead": 2324.699999999106, "N_RNAP": 27, "N_Ribo": 2, "N_ATP": 1000, "seed": 59}