{"t_death": 3113.0999999997157, "death_mode": "ribo_collapse", "pnr_type": "ribo_depletion", "t_pnr": 3043.7999999997437, "dt_walking_dead": 69.29999999997199, "N_RNAP": 17, "N_Ribo": 2, "N_ATP": 1000, "seed": 68}