{"t_death": 4020.749999999349, "death_mode": "cycle_collapse", "pnr_type": "rnap_deadlock", "t_pnr": 3960.449999999373, "dt_walking_dead": 60.299999999975626, "N_RNAP": 17, "N_Ribo": 100, "N_ATP": 1000, "seed": 54}