{"t_death": 1868.4000000001279, "death_mode": "ribo_collapse", "pnr_type": "ribo_depletion", "t_pnr": 1684.8000000001093, "dt_walking_dead": 183.60000000001855, "N_RNAP": 4, "N_Ribo": 11, "N_ATP": 1000, "seed": 46}