{"t_death": 3699.8999999994785, "death_mode": "ribo_collapse", "pnr_type": "ribo_depletion", "t_pnr": 1082.7000000000485, "dt_walking_dead": 2617.19999999943, "N_RNAP": 2, "N_Ribo": 4, "N_ATP": 1000, "seed": 64}