{"t_death": 5711.399999998665, "death_mode": "ribo_collapse", "pnr_type": "ribo_depletion", "t_pnr": 3086.5499999997264, "dt_walking_dead": 2624.849999998939, "N_RNAP": 41, "N_Ribo": 11, "N_ATP": 1000, "seed": 7}