{"t_death": 3514.0499999995536, "death_mode": "ribo_collapse", "pnr_type": "ribo_depletion", "t_pnr": 3097.349999999722, "dt_walking_dead": 416.69999999983156, "N_RNAP": 11, "N_Ribo": 27, "N_ATP": 1000, "seed": 62}