{"t_death": 1602.450000000101, "death_mode": "cycle_collapse", "pnr_type": "rnap_deadlock", "t_pnr": 1516.5000000000923, "dt_walking_dead": 85.95000000000869, "N_RNAP": 3, "N_Ribo": 11, "N_ATP": 1000, "seed": 15}