{"t_death": 2291.400000000048, "death_mode": "cycle_collapse", "pnr_type": "rnap_deadlock", "t_pnr": 2262.1500000000597, "dt_walking_dead": 29.249999999988177, "N_RNAP": 11, "N_Ribo": 100, "N_ATP": 1000, "seed": 91}