{"t_death": 5129.9999999989, "death_mode": "ribo_collapse", "pnr_type": "ribo_depletion", "t_pnr": 3806.999999999435, "dt_walking_dead": 1322.9999999994652, "N_RNAP": 11, "N_Ribo": 64, "N_ATP": 1000, "seed": 95}