{"t_death": 5710.499999998666, "death_mode": "ribo_collapse", "pnr_type": "ribo_depletion", "t_pnr": 3993.29999999936, "dt_walking_dead": 1717.1999999993059, "N_RNAP": 64, "N_Ribo": 7, "N_ATP": 1000, "seed": 89}