{"t_death": 1020.6000000000423, "death_mode": "cycle_collapse", "pnr_type": "rnap_deadlock", "t_pnr": 1003.5000000000406, "dt_walking_dead": 17.100000000001728, "N_RNAP": 2, "N_Ribo": 27, "N_ATP": 1000, "seed": 30}