{"t_death": 5243.399999998855, "death_mode": "ribo_collapse", "pnr_type": "ribo_depletion", "t_pnr": 4254.749999999254, "dt_walking_dead": 988.6499999996004, "N_RNAP": 64, "N_Ribo": 27, "N_ATP": 1000, "seed": 1}