{"t_death": 7345.799999998005, "death_mode": "ribo_collapse", "pnr_type": "ribo_depletion", "t_pnr": 5557.949999998727, "dt_walking_dead": 1787.8499999992773, "N_RNAP": 41, "N_Ribo": 64, "N_ATP": 1000, "seed": 18}