{"t_death": 4306.0499999992335, "death_mode": "ribo_collapse", "pnr_type": "ribo_depletion", "t_pnr": 287.54999999999654, "dt_walking_dead": 4018.499999999237, "N_RNAP": 64, "N_Ribo": 2, "N_ATP": 1000, "seed": 84}