{"t_death": 4370.849999999207, "death_mode": "ribo_collapse", "pnr_type": "ribo_depletion", "t_pnr": 3107.699999999718, "dt_walking_dead": 1263.1499999994894, "N_RNAP": 17, "N_Ribo": 17, "N_ATP": 1000, "seed": 66}