{"t_death": 3063.5999999997357, "death_mode": "cycle_collapse", "pnr_type": "rnap_deadlock", "t_pnr": 3048.7499999997417, "dt_walking_dead": 14.849999999993997, "N_RNAP": 4, "N_Ribo": 64, "N_ATP": 1000, "seed": 46}