{"t_death": 5592.599999998713, "death_mode": "ribo_collapse", "pnr_type": "ribo_depletion", "t_pnr": 2606.8499999999203, "dt_walking_dead": 2985.749999998793, "N_RNAP": 64, "N_Ribo": 4, "N_ATP": 1000, "seed": 10}