{"t_death": 2722.4999999998736, "death_mode": "ribo_collapse", "pnr_type": "ribo_depletion", "t_pnr": 2657.2499999999, "dt_walking_dead": 65.24999999997362, "N_RNAP": 7, "N_Ribo": 4, "N_ATP": 1000, "seed": 77}