{"t_death": 5938.199999998574, "death_mode": "ribo_collapse", "pnr_type": "ribo_depletion", "t_pnr": 204.29999999999865, "dt_walking_dead": 5733.899999998575, "N_RNAP": 27, "N_Ribo": 2, "N_ATP": 1000, "seed": 93}