{"t_death": 3086.0999999997266, "death_mode": "ribo_collapse", "pnr_type": "ribo_depletion", "t_pnr": 2036.7000000001449, "dt_walking_dead": 1049.3999999995817, "N_RNAP": 3, "N_Ribo": 4, "N_ATP": 1000, "seed": 2}