{"t_death": 5062.049999998928, "death_mode": "ribo_collapse", "pnr_type": "ribo_depletion", "t_pnr": 4538.24999999914, "dt_walking_dead": 523.7999999997883, "N_RNAP": 27, "N_Ribo": 27, "N_ATP": 1000, "seed": 99}