{"t_death": 2321.100000000036, "death_mode": "ribo_collapse", "pnr_type": "ribo_depletion", "t_pnr": 1563.750000000097, "dt_walking_dead": 757.3499999999387, "N_RNAP": 7, "N_Ribo": 3, "N_ATP": 1000, "seed": 13}