{"t_death": 6863.3999999982, "death_mode": "ribo_collapse", "pnr_type": "ribo_depletion", "t_pnr": 5364.449999998806, "dt_walking_dead": 1498.949999999394, "N_RNAP": 17, "N_Ribo": 100, "N_ATP": 1000, "seed": 62}