{"t_death": 2525.849999999953, "death_mode": "ribo_collapse", "pnr_type": "ribo_depletion", "t_pnr": 2442.149999999987, "dt_walking_dead": 83.69999999996617, "N_RNAP": 27, "N_Ribo": 11, "N_ATP": 1000, "seed": 55}