{"t_death": 4594.499999999117, "death_mode": "ribo_collapse", "pnr_type": "ribo_depletion", "t_pnr": 3521.2499999995507, "dt_walking_dead": 1073.2499999995662, "N_RNAP": 17, "N_Ribo": 4, "N_ATP": 1000, "seed": 93}