{"t_death": 1980.4500000001392, "death_mode": "cycle_collapse", "pnr_type": "rnap_deadlock", "t_pnr": 1872.4500000001283, "dt_walking_dead": 108.00000000001091, "N_RNAP": 17, "N_Ribo": 17, "N_ATP": 1000, "seed": 63}