{"t_death": 8306.549999997847, "death_mode": "ribo_collapse", "pnr_type": "ribo_depletion", "t_pnr": 5555.2499999987285, "dt_walking_dead": 2751.299999999119, "N_RNAP": 64, "N_Ribo": 11, "N_ATP": 1000, "seed": 90}