{"t_death": 2766.5999999998558, "death_mode": "cycle_collapse", "pnr_type": "rnap_deadlock", "t_pnr": 2453.3999999999824, "dt_walking_dead": 313.1999999998734, "N_RNAP": 7, "N_Ribo": 41, "N_ATP": 1000, "seed": 17}