{"t_death": 1656.9000000001065, "death_mode": "cycle_collapse", "pnr_type": "rnap_deadlock", "t_pnr": 1502.1000000000909, "dt_walking_dead": 154.80000000001564, "N_RNAP": 3, "N_Ribo": 27, "N_ATP": 1000, "seed": 60}