{"t_death": 4400.0999999991955, "death_mode": "ribo_collapse", "pnr_type": "ribo_depletion", "t_pnr": 3758.8499999994547, "dt_walking_dead": 641.2499999997408, "N_RNAP": 27, "N_Ribo": 17, "N_ATP": 1000, "seed": 72}