{"t_death": 2267.5500000000575, "death_mode": "cycle_collapse", "pnr_type": "rnap_deadlock", "t_pnr": 2061.000000000141, "dt_walking_dead": 206.5499999999165, "N_RNAP": 11, "N_Ribo": 7, "N_ATP": 1000, "seed": 74}