{"t_death": 5622.299999998701, "death_mode": "ribo_collapse", "pnr_type": "ribo_depletion", "t_pnr": 2594.2499999999254, "dt_walking_dead": 3028.049999998776, "N_RNAP": 64, "N_Ribo": 11, "N_ATP": 1000, "seed": 50}