{"t_death": 6297.299999998429, "death_mode": "ribo_collapse", "pnr_type": "ribo_depletion", "t_pnr": 4174.649999999287, "dt_walking_dead": 2122.649999999142, "N_RNAP": 100, "N_Ribo": 17, "N_ATP": 1000, "seed": 67}