{"t_death": 4974.299999998963, "death_mode": "ribo_collapse", "pnr_type": "ribo_depletion", "t_pnr": 3561.2999999995345, "dt_walking_dead": 1412.9999999994288, "N_RNAP": 64, "N_Ribo": 4, "N_ATP": 1000, "seed": 13}