{"t_death": 4227.299999999265, "death_mode": "ribo_collapse", "pnr_type": "ribo_depletion", "t_pnr": 1430.5500000000836, "dt_walking_dead": 2796.7499999991815, "N_RNAP": 27, "N_Ribo": 2, "N_ATP": 1000, "seed": 71}