{"t_death": 6758.999999998242, "death_mode": "ribo_collapse", "pnr_type": "ribo_depletion", "t_pnr": 1974.1500000001386, "dt_walking_dead": 4784.849999998103, "N_RNAP": 17, "N_Ribo": 11, "N_ATP": 1000, "seed": 71}