{"t_death": 2759.8499999998585, "death_mode": "ribo_collapse", "pnr_type": "ribo_depletion", "t_pnr": 2607.74999999992, "dt_walking_dead": 152.09999999993852, "N_RNAP": 7, "N_Ribo": 17, "N_ATP": 1000, "seed": 32}