{"t_death": 4072.049999999328, "death_mode": "ribo_collapse", "pnr_type": "ribo_depletion", "t_pnr": 1500.3000000000907, "dt_walking_dead": 2571.7499999992374, "N_RNAP": 64, "N_Ribo": 3, "N_ATP": 1000, "seed": 7}