{"t_death": 5829.749999998618, "death_mode": "ribo_collapse", "pnr_type": "ribo_depletion", "t_pnr": 2814.7499999998363, "dt_walking_dead": 3014.9999999987813, "N_RNAP": 4, "N_Ribo": 2, "N_ATP": 1000, "seed": 75}