{"t_death": 6984.449999998151, "death_mode": "ribo_collapse", "pnr_type": "ribo_depletion", "t_pnr": 2053.800000000144, "dt_walking_dead": 4930.649999998007, "N_RNAP": 17, "N_Ribo": 4, "N_ATP": 1000, "seed": 20}