{"t_death": 4057.649999999334, "death_mode": "ribo_collapse", "pnr_type": "ribo_depletion", "t_pnr": 2104.2000000001235, "dt_walking_dead": 1953.4499999992104, "N_RNAP": 4, "N_Ribo": 7, "N_ATP": 1000, "seed": 34}