{"t_death": 3104.0999999997193, "death_mode": "cycle_collapse", "pnr_type": "rnap_deadlock", "t_pnr": 3104.0999999997193, "dt_walking_dead": 0.0, "N_RNAP": 100, "N_Ribo": 11, "N_ATP": 1000, "seed": 64}