{"t_death": 2792.699999999845, "death_mode": "cycle_collapse", "pnr_type": "rnap_deadlock", "t_pnr": 2741.8499999998658, "dt_walking_dead": 50.849999999979445, "N_RNAP": 11, "N_Ribo": 100, "N_ATP": 1000, "seed": 26}