{"t_death": 728.5500000000128, "death_mode": "cycle_collapse", "pnr_type": "rnap_deadlock", "t_pnr": 548.5499999999946, "dt_walking_dead": 180.0000000000182, "N_RNAP": 2, "N_Ribo": 2, "N_ATP": 1000, "seed": 98}