{"t_death": 2007.0000000001419, "death_mode": "ribo_collapse", "pnr_type": "ribo_depletion", "t_pnr": 1559.2500000000966, "dt_walking_dead": 447.75000000004525, "N_RNAP": 4, "N_Ribo": 4, "N_ATP": 1000, "seed": 43}