{"t_death": 6323.399999998418, "death_mode": "ribo_collapse", "pnr_type": "ribo_depletion", "t_pnr": 5551.19999999873, "dt_walking_dead": 772.1999999996879, "N_RNAP": 64, "N_Ribo": 41, "N_ATP": 1000, "seed": 58}