{"t_death": 3180.1499999996886, "death_mode": "ribo_collapse", "pnr_type": "ribo_depletion", "t_pnr": 1572.750000000098, "dt_walking_dead": 1607.3999999995906, "N_RNAP": 41, "N_Ribo": 3, "N_ATP": 1000, "seed": 23}