{"t_death": 2669.849999999895, "death_mode": "ribo_collapse", "pnr_type": "ribo_depletion", "t_pnr": 2412.8999999999987, "dt_walking_dead": 256.94999999989614, "N_RNAP": 7, "N_Ribo": 11, "N_ATP": 1000, "seed": 76}