{"t_death": 2766.149999999856, "death_mode": "cycle_collapse", "pnr_type": "rnap_deadlock", "t_pnr": 2646.899999999904, "dt_walking_dead": 119.2499999999518, "N_RNAP": 11, "N_Ribo": 7, "N_ATP": 1000, "seed": 0}