{"t_death": 8402.399999998002, "death_mode": "ribo_collapse", "pnr_type": "ribo_depletion", "t_pnr": 5342.399999998815, "dt_walking_dead": 3059.999999999188, "N_RNAP": 41, "N_Ribo": 64, "N_ATP": 1000, "seed": 64}