{"t_death": 3396.1499999996013, "death_mode": "cycle_collapse", "pnr_type": "rnap_deadlock", "t_pnr": 3388.0499999996046, "dt_walking_dead": 8.099999999996726, "N_RNAP": 41, "N_Ribo": 27, "N_ATP": 1000, "seed": 67}