{"t_death": 10067.850000000695, "death_mode": "ribo_collapse", "pnr_type": "ribo_depletion", "t_pnr": 1435.9500000000842, "dt_walking_dead": 8631.90000000061, "N_RNAP": 100, "N_Ribo": 2, "N_ATP": 1000, "seed": 15}