{"t_death": 6379.649999998395, "death_mode": "ribo_collapse", "pnr_type": "ribo_depletion", "t_pnr": 4354.649999999214, "dt_walking_dead": 2024.9999999991815, "N_RNAP": 2, "N_Ribo": 27, "N_ATP": 1000, "seed": 68}