{"t_death": 7161.749999998079, "death_mode": "ribo_collapse", "pnr_type": "ribo_depletion", "t_pnr": 4464.449999999169, "dt_walking_dead": 2697.2999999989097, "N_RNAP": 27, "N_Ribo": 64, "N_ATP": 1000, "seed": 63}