{"t_death": 4671.449999999086, "death_mode": "ribo_collapse", "pnr_type": "ribo_depletion", "t_pnr": 2522.2499999999545, "dt_walking_dead": 2149.1999999991313, "N_RNAP": 27, "N_Ribo": 17, "N_ATP": 1000, "seed": 96}