{"t_death": 2858.3999999998186, "death_mode": "ribo_collapse", "pnr_type": "ribo_depletion", "t_pnr": 2613.5999999999176, "dt_walking_dead": 244.79999999990105, "N_RNAP": 7, "N_Ribo": 7, "N_ATP": 1000, "seed": 68}