{"t_death": 3421.799999999591, "death_mode": "ribo_collapse", "pnr_type": "ribo_depletion", "t_pnr": 3290.399999999644, "dt_walking_dead": 131.39999999994689, "N_RNAP": 17, "N_Ribo": 11, "N_ATP": 1000, "seed": 91}