{"t_death": 3259.3499999996566, "death_mode": "ribo_collapse", "pnr_type": "ribo_depletion", "t_pnr": 1442.7000000000849, "dt_walking_dead": 1816.6499999995717, "N_RNAP": 11, "N_Ribo": 11, "N_ATP": 1000, "seed": 64}