{"t_death": 5262.749999998847, "death_mode": "ribo_collapse", "pnr_type": "ribo_depletion", "t_pnr": 2731.04999999987, "dt_walking_dead": 2531.6999999989766, "N_RNAP": 3, "N_Ribo": 11, "N_ATP": 1000, "seed": 95}