{"t_death": 2629.3499999999112, "death_mode": "ribo_collapse", "pnr_type": "ribo_depletion", "t_pnr": 1416.6000000000822, "dt_walking_dead": 1212.749999999829, "N_RNAP": 4, "N_Ribo": 11, "N_ATP": 1000, "seed": 41}