{"t_death": 3180.5999999996884, "death_mode": "cycle_collapse", "pnr_type": "rnap_deadlock", "t_pnr": 3171.149999999692, "dt_walking_dead": 9.44999999999618, "N_RNAP": 41, "N_Ribo": 27, "N_ATP": 1000, "seed": 8}