{"t_death": 2406.1500000000015, "death_mode": "ribo_collapse", "pnr_type": "ribo_depletion", "t_pnr": 2221.200000000076, "dt_walking_dead": 184.94999999992524, "N_RNAP": 3, "N_Ribo": 17, "N_ATP": 1000, "seed": 24}