{"t_death": 2253.600000000063, "death_mode": "ribo_collapse", "pnr_type": "ribo_depletion", "t_pnr": 621.0000000000019, "dt_walking_dead": 1632.6000000000613, "N_RNAP": 3, "N_Ribo": 4, "N_ATP": 1000, "seed": 15}