{"t_death": 1873.8000000001284, "death_mode": "cycle_collapse", "pnr_type": "rnap_deadlock", "t_pnr": 1773.4500000001183, "dt_walking_dead": 100.35000000001014, "N_RNAP": 11, "N_Ribo": 27, "N_ATP": 1000, "seed": 56}