{"t_death": 2539.7999999999474, "death_mode": "ribo_collapse", "pnr_type": "ribo_depletion", "t_pnr": 1317.6000000000722, "dt_walking_dead": 1222.1999999998752, "N_RNAP": 4, "N_Ribo": 7, "N_ATP": 1000, "seed": 94}