{"t_death": 5256.449999998849, "death_mode": "ribo_collapse", "pnr_type": "ribo_depletion", "t_pnr": 1973.2500000001385, "dt_walking_dead": 3283.199999998711, "N_RNAP": 7, "N_Ribo": 2, "N_ATP": 1000, "seed": 76}