{"t_death": 3444.7499999995816, "death_mode": "cycle_collapse", "pnr_type": "rnap_deadlock", "t_pnr": 3302.0999999996393, "dt_walking_dead": 142.64999999994234, "N_RNAP": 41, "N_Ribo": 7, "N_ATP": 1000, "seed": 82}