{"t_death": 3944.6999999993795, "death_mode": "ribo_collapse", "pnr_type": "ribo_depletion", "t_pnr": 3685.0499999994845, "dt_walking_dead": 259.64999999989504, "N_RNAP": 27, "N_Ribo": 17, "N_ATP": 1000, "seed": 92}