{"t_death": 2544.2999999999456, "death_mode": "ribo_collapse", "pnr_type": "ribo_depletion", "t_pnr": 2390.400000000008, "dt_walking_dead": 153.8999999999378, "N_RNAP": 11, "N_Ribo": 4, "N_ATP": 1000, "seed": 79}