{"t_death": 2064.1500000001397, "death_mode": "ribo_collapse", "pnr_type": "ribo_depletion", "t_pnr": 1452.6000000000859, "dt_walking_dead": 611.5500000000538, "N_RNAP": 11, "N_Ribo": 17, "N_ATP": 1000, "seed": 10}