{"t_death": 2770.1999999998543, "death_mode": "ribo_collapse", "pnr_type": "ribo_depletion", "t_pnr": 1237.9500000000642, "dt_walking_dead": 1532.2499999997901, "N_RNAP": 7, "N_Ribo": 3, "N_ATP": 1000, "seed": 4}