{"t_death": 5981.399999998556, "death_mode": "ribo_collapse", "pnr_type": "ribo_depletion", "t_pnr": 2542.949999999946, "dt_walking_dead": 3438.44999999861, "N_RNAP": 11, "N_Ribo": 17, "N_ATP": 1000, "seed": 93}