{"t_death": 3000.599999999761, "death_mode": "ribo_collapse", "pnr_type": "ribo_depletion", "t_pnr": 2859.749999999818, "dt_walking_dead": 140.84999999994307, "N_RNAP": 11, "N_Ribo": 7, "N_ATP": 1000, "seed": 15}