{"t_death": 3739.0499999994627, "death_mode": "ribo_collapse", "pnr_type": "ribo_depletion", "t_pnr": 1382.4000000000788, "dt_walking_dead": 2356.649999999384, "N_RNAP": 4, "N_Ribo": 4, "N_ATP": 1000, "seed": 90}