{"t_death": 855.9000000000257, "death_mode": "cycle_collapse", "pnr_type": "rnap_deadlock", "t_pnr": 818.1000000000219, "dt_walking_dead": 37.80000000000382, "N_RNAP": 2, "N_Ribo": 41, "N_ATP": 1000, "seed": 46}