{"t_death": 1777.5000000001187, "death_mode": "ribo_collapse", "pnr_type": "ribo_depletion", "t_pnr": 911.7000000000313, "dt_walking_dead": 865.8000000000874, "N_RNAP": 3, "N_Ribo": 4, "N_ATP": 1000, "seed": 65}