{"t_death": 3628.3499999995074, "death_mode": "ribo_collapse", "pnr_type": "ribo_depletion", "t_pnr": 1667.2500000001075, "dt_walking_dead": 1961.0999999993999, "N_RNAP": 11, "N_Ribo": 3, "N_ATP": 1000, "seed": 32}