{"t_death": 3653.0999999994974, "death_mode": "ribo_collapse", "pnr_type": "ribo_depletion", "t_pnr": 356.3999999999948, "dt_walking_dead": 3296.699999999503, "N_RNAP": 7, "N_Ribo": 2, "N_ATP": 1000, "seed": 29}