{"t_death": 3344.849999999622, "death_mode": "cycle_collapse", "pnr_type": "rnap_deadlock", "t_pnr": 3330.449999999628, "dt_walking_dead": 14.39999999999418, "N_RNAP": 11, "N_Ribo": 17, "N_ATP": 1000, "seed": 3}