{"t_death": 3769.6499999994503, "death_mode": "ribo_collapse", "pnr_type": "ribo_depletion", "t_pnr": 3181.949999999688, "dt_walking_dead": 587.6999999997624, "N_RNAP": 17, "N_Ribo": 11, "N_ATP": 1000, "seed": 36}