{"t_death": 2770.649999999854, "death_mode": "ribo_collapse", "pnr_type": "ribo_depletion", "t_pnr": 2036.7000000001449, "dt_walking_dead": 733.9499999997092, "N_RNAP": 7, "N_Ribo": 17, "N_ATP": 1000, "seed": 92}