{"t_death": 2419.649999999996, "death_mode": "ribo_collapse", "pnr_type": "ribo_depletion", "t_pnr": 761.4000000000161, "dt_walking_dead": 1658.24999999998, "N_RNAP": 11, "N_Ribo": 2, "N_ATP": 1000, "seed": 5}