{"t_death": 4854.149999999012, "death_mode": "ribo_collapse", "pnr_type": "ribo_depletion", "t_pnr": 772.2000000000172, "dt_walking_dead": 4081.949999998995, "N_RNAP": 4, "N_Ribo": 2, "N_ATP": 1000, "seed": 68}