{"t_death": 2763.899999999857, "death_mode": "cycle_collapse", "pnr_type": "rnap_deadlock", "t_pnr": 2640.149999999907, "dt_walking_dead": 123.74999999994998, "N_RNAP": 7, "N_Ribo": 64, "N_ATP": 1000, "seed": 94}