{"t_death": 4769.999999999046, "death_mode": "ribo_collapse", "pnr_type": "ribo_depletion", "t_pnr": 3018.599999999754, "dt_walking_dead": 1751.399999999292, "N_RNAP": 64, "N_Ribo": 11, "N_ATP": 1000, "seed": 30}