{"t_death": 2447.9999999999845, "death_mode": "ribo_collapse", "pnr_type": "ribo_depletion", "t_pnr": 1409.4000000000815, "dt_walking_dead": 1038.599999999903, "N_RNAP": 3, "N_Ribo": 7, "N_ATP": 1000, "seed": 85}