{"t_death": 993.6000000000396, "death_mode": "cycle_collapse", "pnr_type": "rnap_deadlock", "t_pnr": 923.4000000000325, "dt_walking_dead": 70.2000000000071, "N_RNAP": 3, "N_Ribo": 7, "N_ATP": 1000, "seed": 15}