{"t_death": 2277.4500000000535, "death_mode": "ribo_collapse", "pnr_type": "ribo_depletion", "t_pnr": 2013.3000000001425, "dt_walking_dead": 264.14999999991096, "N_RNAP": 41, "N_Ribo": 7, "N_ATP": 1000, "seed": 47}