{"t_death": 3626.0999999995083, "death_mode": "cycle_collapse", "pnr_type": "rnap_deadlock", "t_pnr": 3626.0999999995083, "dt_walking_dead": 0.0, "N_RNAP": 17, "N_Ribo": 100, "N_ATP": 1000, "seed": 83}