{"t_death": 7051.499999998124, "death_mode": "ribo_collapse", "pnr_type": "ribo_depletion", "t_pnr": 5008.4999999989495, "dt_walking_dead": 2042.9999999991742, "N_RNAP": 11, "N_Ribo": 27, "N_ATP": 1000, "seed": 36}