{"t_death": 5330.2499999988195, "death_mode": "ribo_collapse", "pnr_type": "ribo_depletion", "t_pnr": 2422.349999999995, "dt_walking_dead": 2907.8999999988246, "N_RNAP": 2, "N_Ribo": 4, "N_ATP": 1000, "seed": 96}