{"t_death": 5221.799999998863, "death_mode": "cycle_collapse", "pnr_type": "rnap_deadlock", "t_pnr": 5071.949999998924, "dt_walking_dead": 149.84999999993943, "N_RNAP": 41, "N_Ribo": 64, "N_ATP": 1000, "seed": 0}