{"t_death": 4219.649999999268, "death_mode": "cycle_collapse", "pnr_type": "rnap_deadlock", "t_pnr": 4164.749999999291, "dt_walking_dead": 54.89999999997781, "N_RNAP": 27, "N_Ribo": 41, "N_ATP": 1000, "seed": 60}