{"t_death": 1637.1000000001045, "death_mode": "cycle_collapse", "pnr_type": "rnap_deadlock", "t_pnr": 1613.7000000001021, "dt_walking_dead": 23.400000000002365, "N_RNAP": 3, "N_Ribo": 27, "N_ATP": 1000, "seed": 45}