{"t_death": 6414.749999998381, "death_mode": "ribo_collapse", "pnr_type": "ribo_depletion", "t_pnr": 4424.8499999991855, "dt_walking_dead": 1989.8999999991956, "N_RNAP": 17, "N_Ribo": 17, "N_ATP": 1000, "seed": 14}