{"t_death": 3816.4499999994314, "death_mode": "ribo_collapse", "pnr_type": "ribo_depletion", "t_pnr": 821.7000000000222, "dt_walking_dead": 2994.7499999994093, "N_RNAP": 64, "N_Ribo": 2, "N_ATP": 1000, "seed": 10}