{"t_death": 7402.949999997982, "death_mode": "ribo_collapse", "pnr_type": "ribo_depletion", "t_pnr": 4452.299999999174, "dt_walking_dead": 2950.6499999988073, "N_RNAP": 17, "N_Ribo": 64, "N_ATP": 1000, "seed": 53}