{"t_death": 6705.449999998264, "death_mode": "ribo_collapse", "pnr_type": "ribo_depletion", "t_pnr": 2356.6500000000215, "dt_walking_dead": 4348.799999998242, "N_RNAP": 17, "N_Ribo": 3, "N_ATP": 1000, "seed": 34}