{"t_death": 1150.6500000000553, "death_mode": "cycle_collapse", "pnr_type": "rnap_deadlock", "t_pnr": 1080.4500000000482, "dt_walking_dead": 70.2000000000071, "N_RNAP": 4, "N_Ribo": 17, "N_ATP": 1000, "seed": 1}