{"t_death": 3129.299999999709, "death_mode": "ribo_collapse", "pnr_type": "ribo_depletion", "t_pnr": 836.5500000000237, "dt_walking_dead": 2292.7499999996853, "N_RNAP": 4, "N_Ribo": 4, "N_ATP": 1000, "seed": 45}