{"t_death": 1113.7500000000516, "death_mode": "ribo_collapse", "pnr_type": "ribo_depletion", "t_pnr": 805.0500000000205, "dt_walking_dead": 308.7000000000311, "N_RNAP": 2, "N_Ribo": 3, "N_ATP": 1000, "seed": 27}