{"t_death": 2523.149999999954, "death_mode": "ribo_collapse", "pnr_type": "ribo_depletion", "t_pnr": 2408.8500000000004, "dt_walking_dead": 114.2999999999538, "N_RNAP": 3, "N_Ribo": 4, "N_ATP": 1000, "seed": 10}