{"t_death": 973.3500000000375, "death_mode": "ribo_collapse", "pnr_type": "ribo_depletion", "t_pnr": 669.6000000000068, "dt_walking_dead": 303.7500000000307, "N_RNAP": 3, "N_Ribo": 2, "N_ATP": 1000, "seed": 20}