{"t_death": 2700.4499999998825, "death_mode": "ribo_collapse", "pnr_type": "ribo_depletion", "t_pnr": 582.299999999998, "dt_walking_dead": 2118.1499999998846, "N_RNAP": 17, "N_Ribo": 3, "N_ATP": 1000, "seed": 85}