{"t_death": 3553.6499999995376, "death_mode": "ribo_collapse", "pnr_type": "ribo_depletion", "t_pnr": 2434.49999999999, "dt_walking_dead": 1119.1499999995476, "N_RNAP": 11, "N_Ribo": 17, "N_ATP": 1000, "seed": 64}