{"t_death": 876.1500000000277, "death_mode": "cycle_collapse", "pnr_type": "rnap_deadlock", "t_pnr": 873.4500000000274, "dt_walking_dead": 2.700000000000273, "N_RNAP": 4, "N_Ribo": 27, "N_ATP": 1000, "seed": 75}