{"t_death": 3951.8999999993766, "death_mode": "cycle_collapse", "pnr_type": "rnap_deadlock", "t_pnr": 3755.249999999456, "dt_walking_dead": 196.6499999999205, "N_RNAP": 11, "N_Ribo": 100, "N_ATP": 1000, "seed": 57}