{"t_death": 883.8000000000285, "death_mode": "cycle_collapse", "pnr_type": "rnap_deadlock", "t_pnr": 828.9000000000229, "dt_walking_dead": 54.90000000000555, "N_RNAP": 4, "N_Ribo": 17, "N_ATP": 1000, "seed": 30}