{"t_death": 6857.999999998202, "death_mode": "ribo_collapse", "pnr_type": "ribo_depletion", "t_pnr": 4390.649999999199, "dt_walking_dead": 2467.3499999990026, "N_RNAP": 64, "N_Ribo": 11, "N_ATP": 1000, "seed": 43}