{"t_death": 5572.349999998722, "death_mode": "ribo_collapse", "pnr_type": "ribo_depletion", "t_pnr": 647.5500000000046, "dt_walking_dead": 4924.799999998717, "N_RNAP": 64, "N_Ribo": 2, "N_ATP": 1000, "seed": 89}