{"t_death": 5026.499999998942, "death_mode": "ribo_collapse", "pnr_type": "ribo_depletion", "t_pnr": 3372.299999999611, "dt_walking_dead": 1654.1999999993313, "N_RNAP": 41, "N_Ribo": 3, "N_ATP": 1000, "seed": 10}