{"t_death": 5953.949999998567, "death_mode": "ribo_collapse", "pnr_type": "ribo_depletion", "t_pnr": 3698.549999999479, "dt_walking_dead": 2255.3999999990883, "N_RNAP": 27, "N_Ribo": 41, "N_ATP": 1000, "seed": 2}