{"t_death": 5570.0999999987225, "death_mode": "ribo_collapse", "pnr_type": "ribo_depletion", "t_pnr": 4514.849999999149, "dt_walking_dead": 1055.2499999995734, "N_RNAP": 11, "N_Ribo": 100, "N_ATP": 1000, "seed": 12}