{"t_death": 5734.349999998656, "death_mode": "ribo_collapse", "pnr_type": "ribo_depletion", "t_pnr": 4186.799999999282, "dt_walking_dead": 1547.5499999993744, "N_RNAP": 100, "N_Ribo": 7, "N_ATP": 1000, "seed": 81}