{"t_death": 2420.099999999996, "death_mode": "cycle_collapse", "pnr_type": "rnap_deadlock", "t_pnr": 2336.8500000000295, "dt_walking_dead": 83.24999999996635, "N_RNAP": 7, "N_Ribo": 27, "N_ATP": 1000, "seed": 22}