{"t_death": 3121.1999999997124, "death_mode": "cycle_collapse", "pnr_type": "rnap_deadlock", "t_pnr": 3021.7499999997526, "dt_walking_dead": 99.4499999999598, "N_RNAP": 3, "N_Ribo": 17, "N_ATP": 1000, "seed": 65}