{"t_death": 2382.300000000011, "death_mode": "ribo_collapse", "pnr_type": "ribo_depletion", "t_pnr": 286.64999999999657, "dt_walking_dead": 2095.6500000000146, "N_RNAP": 27, "N_Ribo": 2, "N_ATP": 1000, "seed": 77}