{"t_death": 7007.849999998141, "death_mode": "ribo_collapse", "pnr_type": "ribo_depletion", "t_pnr": 6401.249999998387, "dt_walking_dead": 606.5999999997548, "N_RNAP": 17, "N_Ribo": 100, "N_ATP": 1000, "seed": 93}