{"t_death": 4253.849999999255, "death_mode": "ribo_collapse", "pnr_type": "ribo_depletion", "t_pnr": 3796.6499999994394, "dt_walking_dead": 457.1999999998152, "N_RNAP": 100, "N_Ribo": 4, "N_ATP": 1000, "seed": 98}