{"t_death": 2922.299999999793, "death_mode": "cycle_collapse", "pnr_type": "rnap_deadlock", "t_pnr": 2909.699999999798, "dt_walking_dead": 12.599999999994907, "N_RNAP": 3, "N_Ribo": 7, "N_ATP": 1000, "seed": 40}