{"t_death": 3763.349999999453, "death_mode": "ribo_collapse", "pnr_type": "ribo_depletion", "t_pnr": 1991.2500000001403, "dt_walking_dead": 1772.0999999993126, "N_RNAP": 4, "N_Ribo": 7, "N_ATP": 1000, "seed": 7}