{"t_death": 3945.1499999993794, "death_mode": "ribo_collapse", "pnr_type": "ribo_depletion", "t_pnr": 3287.699999999645, "dt_walking_dead": 657.4499999997342, "N_RNAP": 41, "N_Ribo": 3, "N_ATP": 1000, "seed": 52}