{"t_death": 1512.450000000092, "death_mode": "cycle_collapse", "pnr_type": "rnap_deadlock", "t_pnr": 1441.3500000000847, "dt_walking_dead": 71.10000000000719, "N_RNAP": 7, "N_Ribo": 3, "N_ATP": 1000, "seed": 44}