{"t_death": 3651.749999999498, "death_mode": "ribo_collapse", "pnr_type": "ribo_depletion", "t_pnr": 2963.699999999776, "dt_walking_dead": 688.0499999997219, "N_RNAP": 11, "N_Ribo": 17, "N_ATP": 1000, "seed": 69}