{"t_death": 1996.2000000001408, "death_mode": "ribo_collapse", "pnr_type": "ribo_depletion", "t_pnr": 1981.8000000001393, "dt_walking_dead": 14.400000000001455, "N_RNAP": 4, "N_Ribo": 4, "N_ATP": 1000, "seed": 63}