{"t_death": 5201.099999998872, "death_mode": "cycle_collapse", "pnr_type": "rnap_deadlock", "t_pnr": 5074.199999998923, "dt_walking_dead": 126.8999999999487, "N_RNAP": 100, "N_Ribo": 11, "N_ATP": 1000, "seed": 75}