{"t_death": 3909.5999999993937, "death_mode": "ribo_collapse", "pnr_type": "ribo_depletion", "t_pnr": 3374.09999999961, "dt_walking_dead": 535.4999999997835, "N_RNAP": 7, "N_Ribo": 27, "N_ATP": 1000, "seed": 57}