{"t_death": 6015.149999998543, "death_mode": "ribo_collapse", "pnr_type": "ribo_depletion", "t_pnr": 5822.099999998621, "dt_walking_dead": 193.04999999992197, "N_RNAP": 41, "N_Ribo": 64, "N_ATP": 1000, "seed": 9}