{"t_death": 4675.499999999084, "death_mode": "ribo_collapse", "pnr_type": "ribo_depletion", "t_pnr": 4209.299999999273, "dt_walking_dead": 466.19999999981155, "N_RNAP": 7, "N_Ribo": 64, "N_ATP": 1000, "seed": 88}