{"t_death": 4567.049999999128, "death_mode": "ribo_collapse", "pnr_type": "ribo_depletion", "t_pnr": 1985.4000000001397, "dt_walking_dead": 2581.6499999989883, "N_RNAP": 41, "N_Ribo": 11, "N_ATP": 1000, "seed": 69}