{"t_death": 3491.9999999995625, "death_mode": "ribo_collapse", "pnr_type": "ribo_depletion", "t_pnr": 596.2499999999994, "dt_walking_dead": 2895.749999999563, "N_RNAP": 64, "N_Ribo": 2, "N_ATP": 1000, "seed": 76}