{"t_death": 5788.799999998634, "death_mode": "ribo_collapse", "pnr_type": "ribo_depletion", "t_pnr": 4231.7999999992635, "dt_walking_dead": 1556.9999999993706, "N_RNAP": 4, "N_Ribo": 100, "N_ATP": 1000, "seed": 7}