{"t_death": 813.1500000000214, "death_mode": "cycle_collapse", "pnr_type": "rnap_deadlock", "t_pnr": 729.4500000000129, "dt_walking_dead": 83.70000000000846, "N_RNAP": 3, "N_Ribo": 11, "N_ATP": 1000, "seed": 93}