{"t_death": 5144.849999998894, "death_mode": "ribo_collapse", "pnr_type": "ribo_depletion", "t_pnr": 4174.649999999287, "dt_walking_dead": 970.1999999996078, "N_RNAP": 64, "N_Ribo": 27, "N_ATP": 1000, "seed": 30}