{"t_death": 5577.749999998719, "death_mode": "ribo_collapse", "pnr_type": "ribo_depletion", "t_pnr": 3285.899999999646, "dt_walking_dead": 2291.8499999990736, "N_RNAP": 100, "N_Ribo": 7, "N_ATP": 1000, "seed": 89}