{"t_death": 7910.099999997777, "death_mode": "ribo_collapse", "pnr_type": "ribo_depletion", "t_pnr": 7192.349999998067, "dt_walking_dead": 717.7499999997099, "N_RNAP": 7, "N_Ribo": 41, "N_ATP": 1000, "seed": 46}