{"t_death": 3165.7499999996944, "death_mode": "ribo_collapse", "pnr_type": "ribo_depletion", "t_pnr": 2041.2000000001453, "dt_walking_dead": 1124.549999999549, "N_RNAP": 17, "N_Ribo": 2, "N_ATP": 1000, "seed": 12}