{"t_death": 1120.0500000000523, "death_mode": "cycle_collapse", "pnr_type": "rnap_deadlock", "t_pnr": 1098.90000000005, "dt_walking_dead": 21.150000000002137, "N_RNAP": 2, "N_Ribo": 7, "N_ATP": 1000, "seed": 22}