{"t_death": 1463.850000000087, "death_mode": "cycle_collapse", "pnr_type": "rnap_deadlock", "t_pnr": 1453.950000000086, "dt_walking_dead": 9.900000000001, "N_RNAP": 7, "N_Ribo": 11, "N_ATP": 1000, "seed": 66}