{"t_death": 4495.499999999157, "death_mode": "ribo_collapse", "pnr_type": "ribo_depletion", "t_pnr": 3177.4499999996897, "dt_walking_dead": 1318.0499999994672, "N_RNAP": 11, "N_Ribo": 41, "N_ATP": 1000, "seed": 6}