{"t_death": 3005.0999999997593, "death_mode": "ribo_collapse", "pnr_type": "ribo_depletion", "t_pnr": 2704.049999999881, "dt_walking_dead": 301.0499999998783, "N_RNAP": 11, "N_Ribo": 11, "N_ATP": 1000, "seed": 2}