{"t_death": 3839.399999999422, "death_mode": "ribo_collapse", "pnr_type": "ribo_depletion", "t_pnr": 2136.1500000001106, "dt_walking_dead": 1703.2499999993115, "N_RNAP": 27, "N_Ribo": 17, "N_ATP": 1000, "seed": 39}