{"t_death": 5701.499999998669, "death_mode": "ribo_collapse", "pnr_type": "ribo_depletion", "t_pnr": 5516.999999998744, "dt_walking_dead": 184.49999999992542, "N_RNAP": 7, "N_Ribo": 100, "N_ATP": 1000, "seed": 26}