{"t_death": 5952.149999998568, "death_mode": "ribo_collapse", "pnr_type": "ribo_depletion", "t_pnr": 958.9500000000361, "dt_walking_dead": 4993.199999998532, "N_RNAP": 64, "N_Ribo": 4, "N_ATP": 1000, "seed": 65}