{"t_death": 3706.6499999994758, "death_mode": "ribo_collapse", "pnr_type": "ribo_depletion", "t_pnr": 1796.4000000001206, "dt_walking_dead": 1910.2499999993552, "N_RNAP": 2, "N_Ribo": 17, "N_ATP": 1000, "seed": 82}