{"t_death": 4543.199999999138, "death_mode": "ribo_collapse", "pnr_type": "ribo_depletion", "t_pnr": 1802.2500000001212, "dt_walking_dead": 2740.9499999990167, "N_RNAP": 17, "N_Ribo": 3, "N_ATP": 1000, "seed": 44}