{"t_death": 4988.6999999989575, "death_mode": "ribo_collapse", "pnr_type": "ribo_depletion", "t_pnr": 2925.8999999997914, "dt_walking_dead": 2062.799999999166, "N_RNAP": 7, "N_Ribo": 11, "N_ATP": 1000, "seed": 5}