{"t_death": 5128.199999998901, "death_mode": "ribo_collapse", "pnr_type": "ribo_depletion", "t_pnr": 3509.9999999995553, "dt_walking_dead": 1618.199999999346, "N_RNAP": 41, "N_Ribo": 17, "N_ATP": 1000, "seed": 74}