{"t_death": 2564.5499999999374, "death_mode": "cycle_collapse", "pnr_type": "rnap_deadlock", "t_pnr": 2564.5499999999374, "dt_walking_dead": 0.0, "N_RNAP": 3, "N_Ribo": 100, "N_ATP": 1000, "seed": 94}