{"t_death": 1377.9000000000783, "death_mode": "cycle_collapse", "pnr_type": "rnap_deadlock", "t_pnr": 1327.0500000000732, "dt_walking_dead": 50.85000000000514, "N_RNAP": 3, "N_Ribo": 41, "N_ATP": 1000, "seed": 39}