{"t_death": 5070.149999998925, "death_mode": "ribo_collapse", "pnr_type": "ribo_depletion", "t_pnr": 3626.999999999508, "dt_walking_dead": 1443.1499999994167, "N_RNAP": 64, "N_Ribo": 17, "N_ATP": 1000, "seed": 72}