{"t_death": 872.5500000000274, "death_mode": "cycle_collapse", "pnr_type": "rnap_deadlock", "t_pnr": 835.6500000000236, "dt_walking_dead": 36.90000000000373, "N_RNAP": 2, "N_Ribo": 7, "N_ATP": 1000, "seed": 61}