{"t_death": 5107.949999998909, "death_mode": "atp_depletion", "pnr_type": "ribo_depletion", "t_pnr": 3625.1999999995087, "dt_walking_dead": 1482.7499999994006, "N_RNAP": 100, "N_Ribo": 17, "N_ATP": 1000, "seed": 10}