{"t_death": 1887.3000000001298, "death_mode": "ribo_collapse", "pnr_type": "ribo_depletion", "t_pnr": 1273.5000000000678, "dt_walking_dead": 613.800000000062, "N_RNAP": 2, "N_Ribo": 3, "N_ATP": 1000, "seed": 20}