{"t_death": 3911.399999999393, "death_mode": "ribo_collapse", "pnr_type": "ribo_depletion", "t_pnr": 2856.1499999998196, "dt_walking_dead": 1055.2499999995734, "N_RNAP": 3, "N_Ribo": 41, "N_ATP": 1000, "seed": 80}