{"t_death": 5694.749999998672, "death_mode": "ribo_collapse", "pnr_type": "ribo_depletion", "t_pnr": 624.6000000000023, "dt_walking_dead": 5070.14999999867, "N_RNAP": 64, "N_Ribo": 2, "N_ATP": 1000, "seed": 81}