{"t_death": 1268.5500000000673, "death_mode": "ribo_collapse", "pnr_type": "ribo_depletion", "t_pnr": 1026.4500000000428, "dt_walking_dead": 242.10000000002447, "N_RNAP": 2, "N_Ribo": 2, "N_ATP": 1000, "seed": 76}