{"t_death": 5813.999999998624, "death_mode": "atp_depletion", "pnr_type": "ribo_depletion", "t_pnr": 4661.99999999909, "dt_walking_dead": 1151.9999999995343, "N_RNAP": 64, "N_Ribo": 41, "N_ATP": 1000, "seed": 76}