{"t_death": 5415.749999998785, "death_mode": "ribo_collapse", "pnr_type": "ribo_depletion", "t_pnr": 2258.1000000000613, "dt_walking_dead": 3157.6499999987236, "N_RNAP": 11, "N_Ribo": 7, "N_ATP": 1000, "seed": 92}