{"t_death": 958.500000000036, "death_mode": "cycle_collapse", "pnr_type": "rnap_deadlock", "t_pnr": 957.600000000036, "dt_walking_dead": 0.900000000000091, "N_RNAP": 7, "N_Ribo": 7, "N_ATP": 1000, "seed": 72}