{"t_death": 1679.8500000001088, "death_mode": "cycle_collapse", "pnr_type": "rnap_deadlock", "t_pnr": 1622.700000000103, "dt_walking_dead": 57.150000000005775, "N_RNAP": 4, "N_Ribo": 17, "N_ATP": 1000, "seed": 39}