{"t_death": 4143.149999999299, "death_mode": "ribo_collapse", "pnr_type": "ribo_depletion", "t_pnr": 1723.9500000001133, "dt_walking_dead": 2419.199999999186, "N_RNAP": 17, "N_Ribo": 4, "N_ATP": 1000, "seed": 70}