{"t_death": 3889.349999999402, "death_mode": "ribo_collapse", "pnr_type": "ribo_depletion", "t_pnr": 822.6000000000223, "dt_walking_dead": 3066.7499999993797, "N_RNAP": 41, "N_Ribo": 2, "N_ATP": 1000, "seed": 64}