{"t_death": 4333.499999999222, "death_mode": "ribo_collapse", "pnr_type": "ribo_depletion", "t_pnr": 3014.5499999997555, "dt_walking_dead": 1318.9499999994669, "N_RNAP": 11, "N_Ribo": 27, "N_ATP": 1000, "seed": 84}