{"t_death": 1104.3000000000507, "death_mode": "ribo_collapse", "pnr_type": "ribo_depletion", "t_pnr": 290.2499999999965, "dt_walking_dead": 814.0500000000542, "N_RNAP": 11, "N_Ribo": 2, "N_ATP": 1000, "seed": 30}