{"t_death": 6203.249999998467, "death_mode": "ribo_collapse", "pnr_type": "ribo_depletion", "t_pnr": 5134.499999998899, "dt_walking_dead": 1068.749999999568, "N_RNAP": 41, "N_Ribo": 27, "N_ATP": 1000, "seed": 50}