{"t_death": 1672.200000000108, "death_mode": "ribo_collapse", "pnr_type": "ribo_depletion", "t_pnr": 841.9500000000243, "dt_walking_dead": 830.2500000000838, "N_RNAP": 11, "N_Ribo": 2, "N_ATP": 1000, "seed": 46}