{"t_death": 2018.250000000143, "death_mode": "cycle_collapse", "pnr_type": "rnap_deadlock", "t_pnr": 1945.8000000001357, "dt_walking_dead": 72.45000000000732, "N_RNAP": 2, "N_Ribo": 17, "N_ATP": 1000, "seed": 37}