{"t_death": 2886.2999999998074, "death_mode": "cycle_collapse", "pnr_type": "rnap_deadlock", "t_pnr": 2880.8999999998096, "dt_walking_dead": 5.399999999997817, "N_RNAP": 3, "N_Ribo": 3, "N_ATP": 1000, "seed": 60}