{"t_death": 2595.599999999925, "death_mode": "ribo_collapse", "pnr_type": "ribo_depletion", "t_pnr": 2569.0499999999356, "dt_walking_dead": 26.549999999989268, "N_RNAP": 11, "N_Ribo": 3, "N_ATP": 1000, "seed": 89}