{"t_death": 2054.7000000001435, "death_mode": "cycle_collapse", "pnr_type": "rnap_deadlock", "t_pnr": 1932.3000000001343, "dt_walking_dead": 122.40000000000919, "N_RNAP": 3, "N_Ribo": 17, "N_ATP": 1000, "seed": 34}