{"t_death": 1051.2000000000453, "death_mode": "cycle_collapse", "pnr_type": "rnap_deadlock", "t_pnr": 951.3000000000353, "dt_walking_dead": 99.90000000000998, "N_RNAP": 2, "N_Ribo": 27, "N_ATP": 1000, "seed": 83}