{"t_death": 2404.350000000002, "death_mode": "ribo_collapse", "pnr_type": "ribo_depletion", "t_pnr": 490.0499999999914, "dt_walking_dead": 1914.3000000000106, "N_RNAP": 7, "N_Ribo": 3, "N_ATP": 1000, "seed": 35}