{"t_death": 5494.499999998753, "death_mode": "ribo_collapse", "pnr_type": "ribo_depletion", "t_pnr": 3378.5999999996084, "dt_walking_dead": 2115.8999999991447, "N_RNAP": 41, "N_Ribo": 27, "N_ATP": 1000, "seed": 98}