{"t_death": 3149.099999999701, "death_mode": "ribo_collapse", "pnr_type": "ribo_depletion", "t_pnr": 253.7999999999974, "dt_walking_dead": 2895.2999999997037, "N_RNAP": 4, "N_Ribo": 2, "N_ATP": 1000, "seed": 1}