{"t_death": 4673.249999999085, "death_mode": "ribo_collapse", "pnr_type": "ribo_depletion", "t_pnr": 3836.2499999994234, "dt_walking_dead": 836.9999999996617, "N_RNAP": 27, "N_Ribo": 11, "N_ATP": 1000, "seed": 27}