{"t_death": 3020.849999999753, "death_mode": "ribo_collapse", "pnr_type": "ribo_depletion", "t_pnr": 1945.3500000001357, "dt_walking_dead": 1075.4999999996173, "N_RNAP": 41, "N_Ribo": 3, "N_ATP": 1000, "seed": 36}