{"t_death": 7117.199999998097, "death_mode": "ribo_collapse", "pnr_type": "ribo_depletion", "t_pnr": 6146.5499999984895, "dt_walking_dead": 970.6499999996076, "N_RNAP": 27, "N_Ribo": 100, "N_ATP": 1000, "seed": 6}