{"t_death": 3196.349999999682, "death_mode": "ribo_collapse", "pnr_type": "ribo_depletion", "t_pnr": 1592.1000000001, "dt_walking_dead": 1604.249999999582, "N_RNAP": 4, "N_Ribo": 11, "N_ATP": 1000, "seed": 81}