{"t_death": 2232.4500000000717, "death_mode": "ribo_collapse", "pnr_type": "ribo_depletion", "t_pnr": 523.7999999999921, "dt_walking_dead": 1708.6500000000797, "N_RNAP": 17, "N_Ribo": 3, "N_ATP": 1000, "seed": 39}