{"t_death": 5885.099999998595, "death_mode": "ribo_collapse", "pnr_type": "ribo_depletion", "t_pnr": 2145.600000000107, "dt_walking_dead": 3739.4999999984884, "N_RNAP": 27, "N_Ribo": 4, "N_ATP": 1000, "seed": 26}