{"t_death": 6312.149999998423, "death_mode": "ribo_collapse", "pnr_type": "ribo_depletion", "t_pnr": 4229.099999999265, "dt_walking_dead": 2083.049999999158, "N_RNAP": 100, "N_Ribo": 27, "N_ATP": 1000, "seed": 64}