{"t_death": 4720.949999999066, "death_mode": "ribo_collapse", "pnr_type": "ribo_depletion", "t_pnr": 4544.099999999137, "dt_walking_dead": 176.8499999999285, "N_RNAP": 64, "N_Ribo": 7, "N_ATP": 1000, "seed": 7}