{"t_death": 4829.849999999022, "death_mode": "ribo_collapse", "pnr_type": "ribo_depletion", "t_pnr": 3856.0499999994154, "dt_walking_dead": 973.7999999996064, "N_RNAP": 11, "N_Ribo": 100, "N_ATP": 1000, "seed": 4}