{"t_death": 4923.899999998984, "death_mode": "ribo_collapse", "pnr_type": "ribo_depletion", "t_pnr": 1175.4000000000578, "dt_walking_dead": 3748.499999998926, "N_RNAP": 3, "N_Ribo": 3, "N_ATP": 1000, "seed": 63}