{"t_death": 1282.0500000000686, "death_mode": "cycle_collapse", "pnr_type": "rnap_deadlock", "t_pnr": 1005.7500000000408, "dt_walking_dead": 276.3000000000278, "N_RNAP": 7, "N_Ribo": 64, "N_ATP": 1000, "seed": 33}