{"t_death": 7059.59999999812, "death_mode": "ribo_collapse", "pnr_type": "ribo_depletion", "t_pnr": 1160.1000000000563, "dt_walking_dead": 5899.499999998065, "N_RNAP": 11, "N_Ribo": 3, "N_ATP": 1000, "seed": 99}