{"t_death": 2926.349999999791, "death_mode": "ribo_collapse", "pnr_type": "ribo_depletion", "t_pnr": 2140.200000000109, "dt_walking_dead": 786.1499999996822, "N_RNAP": 11, "N_Ribo": 11, "N_ATP": 1000, "seed": 39}