{"t_death": 3529.7999999995473, "death_mode": "cycle_collapse", "pnr_type": "rnap_deadlock", "t_pnr": 3468.599999999572, "dt_walking_dead": 61.19999999997526, "N_RNAP": 11, "N_Ribo": 100, "N_ATP": 1000, "seed": 83}