{"t_death": 6317.99999999842, "death_mode": "ribo_collapse", "pnr_type": "ribo_depletion", "t_pnr": 5957.099999998566, "dt_walking_dead": 360.8999999998541, "N_RNAP": 64, "N_Ribo": 27, "N_ATP": 1000, "seed": 3}