{"t_death": 4918.499999998986, "death_mode": "ribo_collapse", "pnr_type": "ribo_depletion", "t_pnr": 4170.149999999288, "dt_walking_dead": 748.3499999996975, "N_RNAP": 41, "N_Ribo": 11, "N_ATP": 1000, "seed": 39}