{"t_death": 1804.0500000001214, "death_mode": "ribo_collapse", "pnr_type": "ribo_depletion", "t_pnr": 1396.8000000000802, "dt_walking_dead": 407.25000000004115, "N_RNAP": 3, "N_Ribo": 4, "N_ATP": 1000, "seed": 72}