{"t_death": 3111.7499999997162, "death_mode": "ribo_collapse", "pnr_type": "ribo_depletion", "t_pnr": 2831.3999999998296, "dt_walking_dead": 280.3499999998867, "N_RNAP": 11, "N_Ribo": 2, "N_ATP": 1000, "seed": 29}