{"t_death": 4148.549999999297, "death_mode": "ribo_collapse", "pnr_type": "ribo_depletion", "t_pnr": 1235.250000000064, "dt_walking_dead": 2913.2999999992335, "N_RNAP": 3, "N_Ribo": 3, "N_ATP": 1000, "seed": 35}