{"t_death": 2697.2999999998838, "death_mode": "ribo_collapse", "pnr_type": "ribo_depletion", "t_pnr": 2514.5999999999576, "dt_walking_dead": 182.69999999992615, "N_RNAP": 3, "N_Ribo": 7, "N_ATP": 1000, "seed": 81}