{"t_death": 3301.6499999996395, "death_mode": "ribo_collapse", "pnr_type": "ribo_depletion", "t_pnr": 1558.3500000000965, "dt_walking_dead": 1743.299999999543, "N_RNAP": 41, "N_Ribo": 3, "N_ATP": 1000, "seed": 60}