{"t_death": 2275.650000000054, "death_mode": "ribo_collapse", "pnr_type": "ribo_depletion", "t_pnr": 1390.0500000000795, "dt_walking_dead": 885.5999999999747, "N_RNAP": 17, "N_Ribo": 4, "N_ATP": 1000, "seed": 90}