{"t_death": 4740.299999999058, "death_mode": "ribo_collapse", "pnr_type": "ribo_depletion", "t_pnr": 1066.9500000000469, "dt_walking_dead": 3673.349999999011, "N_RNAP": 11, "N_Ribo": 3, "N_ATP": 1000, "seed": 71}