{"t_death": 4617.449999999108, "death_mode": "cycle_collapse", "pnr_type": "rnap_deadlock", "t_pnr": 4612.04999999911, "dt_walking_dead": 5.399999999997817, "N_RNAP": 27, "N_Ribo": 100, "N_ATP": 1000, "seed": 21}