{"t_death": 2817.899999999835, "death_mode": "ribo_collapse", "pnr_type": "ribo_depletion", "t_pnr": 2013.7500000001426, "dt_walking_dead": 804.1499999996925, "N_RNAP": 11, "N_Ribo": 11, "N_ATP": 1000, "seed": 21}