{"t_death": 3227.3999999996695, "death_mode": "ribo_collapse", "pnr_type": "ribo_depletion", "t_pnr": 1318.9500000000724, "dt_walking_dead": 1908.4499999995971, "N_RNAP": 2, "N_Ribo": 7, "N_ATP": 1000, "seed": 32}