{"t_death": 2158.2000000001017, "death_mode": "cycle_collapse", "pnr_type": "rnap_deadlock", "t_pnr": 2124.4500000001153, "dt_walking_dead": 33.74999999998636, "N_RNAP": 4, "N_Ribo": 100, "N_ATP": 1000, "seed": 22}