{"t_death": 3064.949999999735, "death_mode": "ribo_collapse", "pnr_type": "ribo_depletion", "t_pnr": 1674.9000000001083, "dt_walking_dead": 1390.0499999996268, "N_RNAP": 7, "N_Ribo": 3, "N_ATP": 1000, "seed": 56}