{"t_death": 6602.399999998305, "death_mode": "ribo_collapse", "pnr_type": "ribo_depletion", "t_pnr": 3681.449999999486, "dt_walking_dead": 2920.9499999988193, "N_RNAP": 27, "N_Ribo": 7, "N_ATP": 1000, "seed": 22}