{"t_death": 8070.299999997712, "death_mode": "ribo_collapse", "pnr_type": "ribo_depletion", "t_pnr": 472.0499999999919, "dt_walking_dead": 7598.24999999772, "N_RNAP": 100, "N_Ribo": 3, "N_ATP": 1000, "seed": 30}