{"t_death": 251.99999999999744, "death_mode": "cycle_collapse", "pnr_type": "rnap_deadlock", "t_pnr": 211.04999999999848, "dt_walking_dead": 40.949999999998965, "N_RNAP": 3, "N_Ribo": 27, "N_ATP": 1000, "seed": 6}