{"t_death": 2767.949999999855, "death_mode": "ribo_collapse", "pnr_type": "ribo_depletion", "t_pnr": 2207.250000000082, "dt_walking_dead": 560.6999999997734, "N_RNAP": 3, "N_Ribo": 11, "N_ATP": 1000, "seed": 47}