{"t_death": 3856.949999999415, "death_mode": "ribo_collapse", "pnr_type": "ribo_depletion", "t_pnr": 3464.5499999995736, "dt_walking_dead": 392.3999999998414, "N_RNAP": 11, "N_Ribo": 17, "N_ATP": 1000, "seed": 60}