{"t_death": 6335.099999998413, "death_mode": "ribo_collapse", "pnr_type": "ribo_depletion", "t_pnr": 5344.649999998814, "dt_walking_dead": 990.4499999995996, "N_RNAP": 41, "N_Ribo": 41, "N_ATP": 1000, "seed": 53}