{"t_death": 6891.749999998188, "death_mode": "cycle_collapse", "pnr_type": "rnap_deadlock", "t_pnr": 6827.399999998214, "dt_walking_dead": 64.34999999997399, "N_RNAP": 27, "N_Ribo": 100, "N_ATP": 1000, "seed": 79}