{"t_death": 5638.499999998695, "death_mode": "ribo_collapse", "pnr_type": "ribo_depletion", "t_pnr": 5568.749999998723, "dt_walking_dead": 69.7499999999718, "N_RNAP": 100, "N_Ribo": 3, "N_ATP": 1000, "seed": 98}