{"t_death": 4301.999999999235, "death_mode": "ribo_collapse", "pnr_type": "ribo_depletion", "t_pnr": 3611.2499999995143, "dt_walking_dead": 690.7499999997208, "N_RNAP": 4, "N_Ribo": 41, "N_ATP": 1000, "seed": 95}