{"t_death": 4530.149999999143, "death_mode": "ribo_collapse", "pnr_type": "ribo_depletion", "t_pnr": 3032.999999999748, "dt_walking_dead": 1497.1499999993948, "N_RNAP": 27, "N_Ribo": 7, "N_ATP": 1000, "seed": 56}