{"t_death": 4175.099999999286, "death_mode": "ribo_collapse", "pnr_type": "ribo_depletion", "t_pnr": 2259.000000000061, "dt_walking_dead": 1916.0999999992255, "N_RNAP": 27, "N_Ribo": 17, "N_ATP": 1000, "seed": 52}