{"t_death": 4622.849999999105, "death_mode": "ribo_collapse", "pnr_type": "ribo_depletion", "t_pnr": 2230.6500000000724, "dt_walking_dead": 2392.199999999033, "N_RNAP": 100, "N_Ribo": 4, "N_ATP": 1000, "seed": 35}