{"t_death": 4297.049999999237, "death_mode": "ribo_collapse", "pnr_type": "ribo_depletion", "t_pnr": 1788.7500000001198, "dt_walking_dead": 2508.299999999117, "N_RNAP": 17, "N_Ribo": 7, "N_ATP": 1000, "seed": 11}