{"t_death": 3044.6999999997433, "death_mode": "ribo_collapse", "pnr_type": "ribo_depletion", "t_pnr": 791.1000000000191, "dt_walking_dead": 2253.5999999997243, "N_RNAP": 27, "N_Ribo": 2, "N_ATP": 1000, "seed": 98}