{"t_death": 7764.299999997836, "death_mode": "ribo_collapse", "pnr_type": "ribo_depletion", "t_pnr": 4277.699999999245, "dt_walking_dead": 3486.5999999985906, "N_RNAP": 3, "N_Ribo": 100, "N_ATP": 1000, "seed": 18}