{"t_death": 2355.300000000022, "death_mode": "ribo_collapse", "pnr_type": "ribo_depletion", "t_pnr": 1283.4000000000688, "dt_walking_dead": 1071.8999999999533, "N_RNAP": 17, "N_Ribo": 7, "N_ATP": 1000, "seed": 62}