{"t_death": 3352.049999999619, "death_mode": "ribo_collapse", "pnr_type": "ribo_depletion", "t_pnr": 3253.499999999659, "dt_walking_dead": 98.54999999996016, "N_RNAP": 4, "N_Ribo": 41, "N_ATP": 1000, "seed": 64}