{"t_death": 4697.099999999075, "death_mode": "ribo_collapse", "pnr_type": "ribo_depletion", "t_pnr": 1640.7000000001049, "dt_walking_dead": 3056.3999999989705, "N_RNAP": 41, "N_Ribo": 3, "N_ATP": 1000, "seed": 46}