{"t_death": 4032.899999999344, "death_mode": "ribo_collapse", "pnr_type": "ribo_depletion", "t_pnr": 3138.2999999997055, "dt_walking_dead": 894.5999999996384, "N_RNAP": 41, "N_Ribo": 7, "N_ATP": 1000, "seed": 92}