{"t_death": 3515.849999999553, "death_mode": "ribo_collapse", "pnr_type": "ribo_depletion", "t_pnr": 3301.6499999996395, "dt_walking_dead": 214.19999999991342, "N_RNAP": 4, "N_Ribo": 4, "N_ATP": 1000, "seed": 37}