{"t_death": 4085.099999999323, "death_mode": "ribo_collapse", "pnr_type": "ribo_depletion", "t_pnr": 1677.6000000001086, "dt_walking_dead": 2407.499999999214, "N_RNAP": 64, "N_Ribo": 7, "N_ATP": 1000, "seed": 57}