{"t_death": 4930.199999998981, "death_mode": "ribo_collapse", "pnr_type": "ribo_depletion", "t_pnr": 2183.4000000000915, "dt_walking_dead": 2746.7999999988897, "N_RNAP": 2, "N_Ribo": 7, "N_ATP": 1000, "seed": 31}