{"t_death": 2996.099999999763, "death_mode": "cycle_collapse", "pnr_type": "rnap_deadlock", "t_pnr": 2879.99999999981, "dt_walking_dead": 116.09999999995307, "N_RNAP": 41, "N_Ribo": 7, "N_ATP": 1000, "seed": 46}