{"t_death": 3125.249999999711, "death_mode": "ribo_collapse", "pnr_type": "ribo_depletion", "t_pnr": 670.950000000007, "dt_walking_dead": 2454.2999999997037, "N_RNAP": 4, "N_Ribo": 2, "N_ATP": 1000, "seed": 22}