{"t_death": 4464.449999999169, "death_mode": "ribo_collapse", "pnr_type": "ribo_depletion", "t_pnr": 1083.6000000000486, "dt_walking_dead": 3380.849999999121, "N_RNAP": 3, "N_Ribo": 2, "N_ATP": 1000, "seed": 12}