{"t_death": 4771.799999999045, "death_mode": "ribo_collapse", "pnr_type": "ribo_depletion", "t_pnr": 3941.099999999381, "dt_walking_dead": 830.6999999996642, "N_RNAP": 2, "N_Ribo": 27, "N_ATP": 1000, "seed": 39}