{"t_death": 4050.8999999993366, "death_mode": "ribo_collapse", "pnr_type": "ribo_depletion", "t_pnr": 799.65000000002, "dt_walking_dead": 3251.2499999993165, "N_RNAP": 17, "N_Ribo": 2, "N_ATP": 1000, "seed": 26}