{"t_death": 3480.2999999995673, "death_mode": "ribo_collapse", "pnr_type": "ribo_depletion", "t_pnr": 1303.6500000000708, "dt_walking_dead": 2176.6499999994967, "N_RNAP": 41, "N_Ribo": 2, "N_ATP": 1000, "seed": 78}