{"t_death": 8611.19999999834, "death_mode": "ribo_collapse", "pnr_type": "ribo_depletion", "t_pnr": 1188.4500000000592, "dt_walking_dead": 7422.749999998281, "N_RNAP": 64, "N_Ribo": 2, "N_ATP": 1000, "seed": 68}