{"t_death": 2047.050000000146, "death_mode": "cycle_collapse", "pnr_type": "rnap_deadlock", "t_pnr": 2004.7500000001417, "dt_walking_dead": 42.300000000004275, "N_RNAP": 17, "N_Ribo": 2, "N_ATP": 1000, "seed": 21}