{"t_death": 2911.0499999997974, "death_mode": "cycle_collapse", "pnr_type": "rnap_deadlock", "t_pnr": 2911.0499999997974, "dt_walking_dead": 0.0, "N_RNAP": 2, "N_Ribo": 100, "N_ATP": 1000, "seed": 32}