{"t_death": 3578.3999999995276, "death_mode": "ribo_collapse", "pnr_type": "ribo_depletion", "t_pnr": 1750.050000000116, "dt_walking_dead": 1828.3499999994117, "N_RNAP": 41, "N_Ribo": 2, "N_ATP": 1000, "seed": 32}