{"t_death": 3205.3499999996784, "death_mode": "ribo_collapse", "pnr_type": "ribo_depletion", "t_pnr": 922.9500000000324, "dt_walking_dead": 2282.399999999646, "N_RNAP": 41, "N_Ribo": 4, "N_ATP": 1000, "seed": 95}