{"t_death": 3771.8999999994494, "death_mode": "ribo_collapse", "pnr_type": "ribo_depletion", "t_pnr": 2932.199999999789, "dt_walking_dead": 839.6999999996606, "N_RNAP": 17, "N_Ribo": 17, "N_ATP": 1000, "seed": 75}