{"t_death": 3490.649999999563, "death_mode": "cycle_collapse", "pnr_type": "rnap_deadlock", "t_pnr": 3446.9999999995807, "dt_walking_dead": 43.649999999982356, "N_RNAP": 17, "N_Ribo": 17, "N_ATP": 1000, "seed": 76}