{"t_death": 5455.799999998769, "death_mode": "ribo_collapse", "pnr_type": "ribo_depletion", "t_pnr": 3461.399999999575, "dt_walking_dead": 1994.3999999991938, "N_RNAP": 100, "N_Ribo": 11, "N_ATP": 1000, "seed": 7}