{"t_death": 3620.2499999995107, "death_mode": "cycle_collapse", "pnr_type": "rnap_deadlock", "t_pnr": 3552.749999999538, "dt_walking_dead": 67.49999999997272, "N_RNAP": 3, "N_Ribo": 100, "N_ATP": 1000, "seed": 40}