{"t_death": 4589.549999999119, "death_mode": "ribo_collapse", "pnr_type": "ribo_depletion", "t_pnr": 629.5500000000028, "dt_walking_dead": 3959.999999999116, "N_RNAP": 100, "N_Ribo": 2, "N_ATP": 1000, "seed": 72}