{"t_death": 2290.950000000048, "death_mode": "ribo_collapse", "pnr_type": "ribo_depletion", "t_pnr": 1835.1000000001245, "dt_walking_dead": 455.8499999999235, "N_RNAP": 17, "N_Ribo": 4, "N_ATP": 1000, "seed": 22}