{"t_death": 1858.5000000001269, "death_mode": "cycle_collapse", "pnr_type": "rnap_deadlock", "t_pnr": 1828.8000000001239, "dt_walking_dead": 29.700000000003, "N_RNAP": 4, "N_Ribo": 41, "N_ATP": 1000, "seed": 8}