{"t_death": 5183.999999998879, "death_mode": "ribo_collapse", "pnr_type": "ribo_depletion", "t_pnr": 4170.599999999288, "dt_walking_dead": 1013.3999999995904, "N_RNAP": 4, "N_Ribo": 41, "N_ATP": 1000, "seed": 98}