{"t_death": 3970.349999999369, "death_mode": "ribo_collapse", "pnr_type": "ribo_depletion", "t_pnr": 2924.9999999997917, "dt_walking_dead": 1045.3499999995774, "N_RNAP": 4, "N_Ribo": 17, "N_ATP": 1000, "seed": 14}