{"t_death": 5084.549999998919, "death_mode": "ribo_collapse", "pnr_type": "ribo_depletion", "t_pnr": 3515.849999999553, "dt_walking_dead": 1568.699999999366, "N_RNAP": 27, "N_Ribo": 41, "N_ATP": 1000, "seed": 62}