{"t_death": 5396.849999998793, "death_mode": "ribo_collapse", "pnr_type": "ribo_depletion", "t_pnr": 3320.9999999996317, "dt_walking_dead": 2075.849999999161, "N_RNAP": 7, "N_Ribo": 41, "N_ATP": 1000, "seed": 24}