{"t_death": 4146.299999999298, "death_mode": "ribo_collapse", "pnr_type": "ribo_depletion", "t_pnr": 3826.799999999427, "dt_walking_dead": 319.49999999987085, "N_RNAP": 64, "N_Ribo": 41, "N_ATP": 1000, "seed": 72}