{"t_death": 3761.5499999994536, "death_mode": "ribo_collapse", "pnr_type": "ribo_depletion", "t_pnr": 2609.999999999919, "dt_walking_dead": 1151.5499999995345, "N_RNAP": 64, "N_Ribo": 11, "N_ATP": 1000, "seed": 23}