{"t_death": 2001.1500000001413, "death_mode": "cycle_collapse", "pnr_type": "rnap_deadlock", "t_pnr": 1911.1500000001322, "dt_walking_dead": 90.0000000000091, "N_RNAP": 3, "N_Ribo": 17, "N_ATP": 1000, "seed": 40}