{"t_death": 2777.849999999851, "death_mode": "ribo_collapse", "pnr_type": "ribo_depletion", "t_pnr": 2540.699999999947, "dt_walking_dead": 237.14999999990414, "N_RNAP": 7, "N_Ribo": 17, "N_ATP": 1000, "seed": 77}