{"t_death": 4664.249999999089, "death_mode": "ribo_collapse", "pnr_type": "ribo_depletion", "t_pnr": 3000.1499999997613, "dt_walking_dead": 1664.0999999993273, "N_RNAP": 41, "N_Ribo": 3, "N_ATP": 1000, "seed": 98}