{"t_death": 4261.4999999992515, "death_mode": "ribo_collapse", "pnr_type": "ribo_depletion", "t_pnr": 2425.049999999994, "dt_walking_dead": 1836.4499999992577, "N_RNAP": 27, "N_Ribo": 17, "N_ATP": 1000, "seed": 76}