{"t_death": 2875.9499999998116, "death_mode": "ribo_collapse", "pnr_type": "ribo_depletion", "t_pnr": 2099.2500000001255, "dt_walking_dead": 776.699999999686, "N_RNAP": 17, "N_Ribo": 7, "N_ATP": 1000, "seed": 33}