{"t_death": 4252.949999999255, "death_mode": "ribo_collapse", "pnr_type": "ribo_depletion", "t_pnr": 2775.599999999852, "dt_walking_dead": 1477.3499999994028, "N_RNAP": 64, "N_Ribo": 41, "N_ATP": 1000, "seed": 51}