{"t_death": 1313.5500000000718, "death_mode": "cycle_collapse", "pnr_type": "rnap_deadlock", "t_pnr": 1247.4000000000651, "dt_walking_dead": 66.15000000000668, "N_RNAP": 4, "N_Ribo": 11, "N_ATP": 1000, "seed": 35}