{"t_death": 5799.14999999863, "death_mode": "ribo_collapse", "pnr_type": "ribo_depletion", "t_pnr": 5402.69999999879, "dt_walking_dead": 396.44999999983975, "N_RNAP": 27, "N_Ribo": 100, "N_ATP": 1000, "seed": 92}