{"t_death": 5453.54999999877, "death_mode": "ribo_collapse", "pnr_type": "ribo_depletion", "t_pnr": 3073.4999999997317, "dt_walking_dead": 2380.049999999038, "N_RNAP": 100, "N_Ribo": 4, "N_ATP": 1000, "seed": 38}