{"t_death": 3973.049999999368, "death_mode": "ribo_collapse", "pnr_type": "ribo_depletion", "t_pnr": 893.2500000000294, "dt_walking_dead": 3079.7999999993385, "N_RNAP": 27, "N_Ribo": 2, "N_ATP": 1000, "seed": 14}