{"t_death": 2028.600000000144, "death_mode": "ribo_collapse", "pnr_type": "ribo_depletion", "t_pnr": 1653.3000000001061, "dt_walking_dead": 375.3000000000379, "N_RNAP": 2, "N_Ribo": 17, "N_ATP": 1000, "seed": 61}