{"t_death": 3304.799999999638, "death_mode": "ribo_collapse", "pnr_type": "ribo_depletion", "t_pnr": 2710.3499999998785, "dt_walking_dead": 594.4499999997597, "N_RNAP": 41, "N_Ribo": 7, "N_ATP": 1000, "seed": 44}