{"t_death": 6042.5999999985315, "death_mode": "ribo_collapse", "pnr_type": "ribo_depletion", "t_pnr": 4242.599999999259, "dt_walking_dead": 1799.9999999992724, "N_RNAP": 100, "N_Ribo": 11, "N_ATP": 1000, "seed": 27}