{"t_death": 4094.549999999319, "death_mode": "ribo_collapse", "pnr_type": "ribo_depletion", "t_pnr": 3307.0499999996373, "dt_walking_dead": 787.4999999996817, "N_RNAP": 3, "N_Ribo": 27, "N_ATP": 1000, "seed": 93}