{"t_death": 2725.1999999998725, "death_mode": "cycle_collapse", "pnr_type": "rnap_deadlock", "t_pnr": 2725.1999999998725, "dt_walking_dead": 0.0, "N_RNAP": 17, "N_Ribo": 41, "N_ATP": 1000, "seed": 63}