{"t_death": 3817.799999999431, "death_mode": "ribo_collapse", "pnr_type": "ribo_depletion", "t_pnr": 2054.2500000001437, "dt_walking_dead": 1763.5499999992871, "N_RNAP": 27, "N_Ribo": 11, "N_ATP": 1000, "seed": 1}