{"t_death": 3732.749999999465, "death_mode": "ribo_collapse", "pnr_type": "ribo_depletion", "t_pnr": 284.3999999999966, "dt_walking_dead": 3448.3499999994688, "N_RNAP": 100, "N_Ribo": 2, "N_ATP": 1000, "seed": 69}