{"t_death": 4526.999999999144, "death_mode": "ribo_collapse", "pnr_type": "ribo_depletion", "t_pnr": 3236.8499999996657, "dt_walking_dead": 1290.1499999994785, "N_RNAP": 3, "N_Ribo": 17, "N_ATP": 1000, "seed": 85}