{"t_death": 4679.099999999083, "death_mode": "ribo_collapse", "pnr_type": "ribo_depletion", "t_pnr": 2617.649999999916, "dt_walking_dead": 2061.4499999991667, "N_RNAP": 41, "N_Ribo": 7, "N_ATP": 1000, "seed": 67}