{"t_death": 6302.699999998426, "death_mode": "ribo_collapse", "pnr_type": "ribo_depletion", "t_pnr": 3291.7499999996435, "dt_walking_dead": 3010.949999998783, "N_RNAP": 27, "N_Ribo": 7, "N_ATP": 1000, "seed": 91}