{"t_death": 3571.6499999995303, "death_mode": "cycle_collapse", "pnr_type": "rnap_deadlock", "t_pnr": 3455.5499999995773, "dt_walking_dead": 116.09999999995307, "N_RNAP": 17, "N_Ribo": 41, "N_ATP": 1000, "seed": 28}