{"t_death": 5455.349999998769, "death_mode": "ribo_collapse", "pnr_type": "ribo_depletion", "t_pnr": 1377.4500000000783, "dt_walking_dead": 4077.899999998691, "N_RNAP": 17, "N_Ribo": 2, "N_ATP": 1000, "seed": 74}