{"t_death": 4418.549999999188, "death_mode": "cycle_collapse", "pnr_type": "rnap_deadlock", "t_pnr": 4193.999999999279, "dt_walking_dead": 224.54999999990923, "N_RNAP": 7, "N_Ribo": 64, "N_ATP": 1000, "seed": 16}