{"t_death": 4683.599999999081, "death_mode": "cycle_collapse", "pnr_type": "rnap_deadlock", "t_pnr": 4584.149999999121, "dt_walking_dead": 99.4499999999598, "N_RNAP": 100, "N_Ribo": 7, "N_ATP": 1000, "seed": 84}