{"t_death": 1093.5000000000496, "death_mode": "ribo_collapse", "pnr_type": "ribo_depletion", "t_pnr": 821.7000000000222, "dt_walking_dead": 271.80000000002735, "N_RNAP": 7, "N_Ribo": 4, "N_ATP": 1000, "seed": 79}