{"t_death": 954.9000000000357, "death_mode": "cycle_collapse", "pnr_type": "rnap_deadlock", "t_pnr": 584.9999999999983, "dt_walking_dead": 369.9000000000374, "N_RNAP": 2, "N_Ribo": 2, "N_ATP": 1000, "seed": 27}