{"t_death": 4109.849999999313, "death_mode": "cycle_collapse", "pnr_type": "rnap_deadlock", "t_pnr": 4038.2999999993417, "dt_walking_dead": 71.54999999997108, "N_RNAP": 17, "N_Ribo": 17, "N_ATP": 1000, "seed": 53}