{"t_death": 1710.450000000112, "death_mode": "ribo_collapse", "pnr_type": "ribo_depletion", "t_pnr": 1165.0500000000568, "dt_walking_dead": 545.4000000000551, "N_RNAP": 11, "N_Ribo": 4, "N_ATP": 1000, "seed": 14}