{"t_death": 2592.449999999926, "death_mode": "cycle_collapse", "pnr_type": "rnap_deadlock", "t_pnr": 2487.1499999999687, "dt_walking_dead": 105.29999999995744, "N_RNAP": 7, "N_Ribo": 41, "N_ATP": 1000, "seed": 30}