{"t_death": 3259.3499999996566, "death_mode": "ribo_collapse", "pnr_type": "ribo_depletion", "t_pnr": 874.8000000000276, "dt_walking_dead": 2384.549999999629, "N_RNAP": 27, "N_Ribo": 3, "N_ATP": 1000, "seed": 10}