{"t_death": 7236.449999998049, "death_mode": "cycle_collapse", "pnr_type": "rnap_deadlock", "t_pnr": 7194.149999998066, "dt_walking_dead": 42.2999999999829, "N_RNAP": 27, "N_Ribo": 100, "N_ATP": 1000, "seed": 95}