{"t_death": 4814.999999999028, "death_mode": "ribo_collapse", "pnr_type": "ribo_depletion", "t_pnr": 4180.499999999284, "dt_walking_dead": 634.4999999997435, "N_RNAP": 17, "N_Ribo": 41, "N_ATP": 1000, "seed": 1}