{"t_death": 684.4500000000083, "death_mode": "ribo_collapse", "pnr_type": "ribo_depletion", "t_pnr": 315.44999999999584, "dt_walking_dead": 369.0000000000125, "N_RNAP": 3, "N_Ribo": 2, "N_ATP": 1000, "seed": 76}