{"t_death": 4324.949999999226, "death_mode": "ribo_collapse", "pnr_type": "ribo_depletion", "t_pnr": 2609.0999999999194, "dt_walking_dead": 1715.8499999993064, "N_RNAP": 41, "N_Ribo": 7, "N_ATP": 1000, "seed": 26}