{"t_death": 2875.049999999812, "death_mode": "ribo_collapse", "pnr_type": "ribo_depletion", "t_pnr": 921.1500000000323, "dt_walking_dead": 1953.8999999997795, "N_RNAP": 17, "N_Ribo": 3, "N_ATP": 1000, "seed": 56}