{"t_death": 1618.6500000001026, "death_mode": "cycle_collapse", "pnr_type": "rnap_deadlock", "t_pnr": 1607.4000000001015, "dt_walking_dead": 11.250000000001137, "N_RNAP": 4, "N_Ribo": 4, "N_ATP": 1000, "seed": 80}