{"t_death": 5270.399999998844, "death_mode": "ribo_collapse", "pnr_type": "ribo_depletion", "t_pnr": 4186.799999999282, "dt_walking_dead": 1083.599999999562, "N_RNAP": 64, "N_Ribo": 27, "N_ATP": 1000, "seed": 96}