{"t_death": 3006.449999999759, "death_mode": "ribo_collapse", "pnr_type": "ribo_depletion", "t_pnr": 2225.7000000000744, "dt_walking_dead": 780.7499999996844, "N_RNAP": 4, "N_Ribo": 11, "N_ATP": 1000, "seed": 71}