{"t_death": 3361.0499999996155, "death_mode": "atp_depletion", "pnr_type": "ribo_depletion", "t_pnr": 3236.8499999996657, "dt_walking_dead": 124.1999999999498, "N_RNAP": 100, "N_Ribo": 17, "N_ATP": 1000, "seed": 60}