{"t_death": 3989.6999999993614, "death_mode": "ribo_collapse", "pnr_type": "ribo_depletion", "t_pnr": 2772.899999999853, "dt_walking_dead": 1216.7999999995081, "N_RNAP": 27, "N_Ribo": 4, "N_ATP": 1000, "seed": 41}