{"t_death": 3144.599999999703, "death_mode": "ribo_collapse", "pnr_type": "ribo_depletion", "t_pnr": 1660.5000000001069, "dt_walking_dead": 1484.099999999596, "N_RNAP": 64, "N_Ribo": 3, "N_ATP": 1000, "seed": 39}