{"t_death": 4743.449999999057, "death_mode": "cycle_collapse", "pnr_type": "rnap_deadlock", "t_pnr": 4693.049999999077, "dt_walking_dead": 50.39999999997963, "N_RNAP": 27, "N_Ribo": 64, "N_ATP": 1000, "seed": 33}