{"t_death": 5041.799999998936, "death_mode": "cycle_collapse", "pnr_type": "rnap_deadlock", "t_pnr": 4918.049999998986, "dt_walking_dead": 123.74999999994998, "N_RNAP": 41, "N_Ribo": 7, "N_ATP": 1000, "seed": 22}