{"t_death": 7492.949999997945, "death_mode": "ribo_collapse", "pnr_type": "ribo_depletion", "t_pnr": 4259.699999999252, "dt_walking_dead": 3233.249999998693, "N_RNAP": 41, "N_Ribo": 41, "N_ATP": 1000, "seed": 29}