{"t_death": 1211.8500000000615, "death_mode": "ribo_collapse", "pnr_type": "ribo_depletion", "t_pnr": 967.500000000037, "dt_walking_dead": 244.35000000002458, "N_RNAP": 3, "N_Ribo": 3, "N_ATP": 1000, "seed": 53}