{"t_death": 4830.749999999021, "death_mode": "ribo_collapse", "pnr_type": "ribo_depletion", "t_pnr": 1823.8500000001234, "dt_walking_dead": 3006.8999999988982, "N_RNAP": 27, "N_Ribo": 11, "N_ATP": 1000, "seed": 70}