{"t_death": 1557.9000000000965, "death_mode": "ribo_collapse", "pnr_type": "ribo_depletion", "t_pnr": 929.7000000000331, "dt_walking_dead": 628.2000000000634, "N_RNAP": 3, "N_Ribo": 2, "N_ATP": 1000, "seed": 19}