{"t_death": 7016.399999998138, "death_mode": "ribo_collapse", "pnr_type": "ribo_depletion", "t_pnr": 1451.2500000000857, "dt_walking_dead": 5565.149999998052, "N_RNAP": 64, "N_Ribo": 3, "N_ATP": 1000, "seed": 83}