{"t_death": 3872.6999999994086, "death_mode": "ribo_collapse", "pnr_type": "ribo_depletion", "t_pnr": 3509.5499999995554, "dt_walking_dead": 363.1499999998532, "N_RNAP": 7, "N_Ribo": 41, "N_ATP": 1000, "seed": 87}