{"t_death": 5258.249999998849, "death_mode": "ribo_collapse", "pnr_type": "ribo_depletion", "t_pnr": 4307.849999999233, "dt_walking_dead": 950.3999999996158, "N_RNAP": 17, "N_Ribo": 11, "N_ATP": 1000, "seed": 85}