{"t_death": 3965.849999999371, "death_mode": "cycle_collapse", "pnr_type": "rnap_deadlock", "t_pnr": 3909.5999999993937, "dt_walking_dead": 56.24999999997726, "N_RNAP": 41, "N_Ribo": 4, "N_ATP": 1000, "seed": 57}