{"t_death": 1733.8500000001143, "death_mode": "ribo_collapse", "pnr_type": "ribo_depletion", "t_pnr": 1603.350000000101, "dt_walking_dead": 130.5000000000132, "N_RNAP": 3, "N_Ribo": 3, "N_ATP": 1000, "seed": 30}