{"t_death": 4170.149999999288, "death_mode": "ribo_collapse", "pnr_type": "ribo_depletion", "t_pnr": 1471.9500000000878, "dt_walking_dead": 2698.1999999992004, "N_RNAP": 4, "N_Ribo": 3, "N_ATP": 1000, "seed": 25}