{"t_death": 2461.949999999979, "death_mode": "cycle_collapse", "pnr_type": "rnap_deadlock", "t_pnr": 2299.0500000000447, "dt_walking_dead": 162.89999999993415, "N_RNAP": 11, "N_Ribo": 27, "N_ATP": 1000, "seed": 22}