{"t_death": 4818.1499999990265, "death_mode": "ribo_collapse", "pnr_type": "ribo_depletion", "t_pnr": 766.3500000000166, "dt_walking_dead": 4051.7999999990097, "N_RNAP": 27, "N_Ribo": 4, "N_ATP": 1000, "seed": 28}