{"t_death": 6115.949999998502, "death_mode": "ribo_collapse", "pnr_type": "ribo_depletion", "t_pnr": 3227.3999999996695, "dt_walking_dead": 2888.5499999988324, "N_RNAP": 64, "N_Ribo": 7, "N_ATP": 1000, "seed": 19}