{"t_death": 9225.449999999333, "death_mode": "ribo_collapse", "pnr_type": "ribo_depletion", "t_pnr": 2584.3499999999294, "dt_walking_dead": 6641.099999999404, "N_RNAP": 27, "N_Ribo": 17, "N_ATP": 1000, "seed": 64}