{"t_death": 3365.099999999614, "death_mode": "ribo_collapse", "pnr_type": "ribo_depletion", "t_pnr": 2609.0999999999194, "dt_walking_dead": 755.9999999996944, "N_RNAP": 11, "N_Ribo": 17, "N_ATP": 1000, "seed": 25}