{"t_death": 5234.849999998858, "death_mode": "ribo_collapse", "pnr_type": "ribo_depletion", "t_pnr": 4090.4999999993206, "dt_walking_dead": 1144.3499999995374, "N_RNAP": 64, "N_Ribo": 27, "N_ATP": 1000, "seed": 90}