{"t_death": 4213.349999999271, "death_mode": "ribo_collapse", "pnr_type": "ribo_depletion", "t_pnr": 4124.699999999307, "dt_walking_dead": 88.64999999996417, "N_RNAP": 41, "N_Ribo": 11, "N_ATP": 1000, "seed": 64}