{"t_death": 5592.149999998714, "death_mode": "ribo_collapse", "pnr_type": "ribo_depletion", "t_pnr": 2256.750000000062, "dt_walking_dead": 3335.3999999986518, "N_RNAP": 100, "N_Ribo": 2, "N_ATP": 1000, "seed": 67}