{"t_death": 4385.2499999992015, "death_mode": "ribo_collapse", "pnr_type": "ribo_depletion", "t_pnr": 3070.349999999733, "dt_walking_dead": 1314.8999999994685, "N_RNAP": 41, "N_Ribo": 7, "N_ATP": 1000, "seed": 91}