{"t_death": 7530.29999999793, "death_mode": "ribo_collapse", "pnr_type": "ribo_depletion", "t_pnr": 5828.849999998618, "dt_walking_dead": 1701.4499999993122, "N_RNAP": 17, "N_Ribo": 100, "N_ATP": 1000, "seed": 88}