{"t_death": 1477.3500000000884, "death_mode": "ribo_collapse", "pnr_type": "ribo_depletion", "t_pnr": 657.9000000000057, "dt_walking_dead": 819.4500000000827, "N_RNAP": 2, "N_Ribo": 2, "N_ATP": 1000, "seed": 95}