{"t_death": 1745.5500000001155, "death_mode": "ribo_collapse", "pnr_type": "ribo_depletion", "t_pnr": 1467.0000000000873, "dt_walking_dead": 278.55000000002815, "N_RNAP": 7, "N_Ribo": 7, "N_ATP": 1000, "seed": 39}