{"t_death": 4620.599999999106, "death_mode": "cycle_collapse", "pnr_type": "rnap_deadlock", "t_pnr": 4523.399999999146, "dt_walking_dead": 97.19999999996071, "N_RNAP": 4, "N_Ribo": 41, "N_ATP": 1000, "seed": 33}