{"t_death": 2124.900000000115, "death_mode": "ribo_collapse", "pnr_type": "ribo_depletion", "t_pnr": 1156.500000000056, "dt_walking_dead": 968.4000000000592, "N_RNAP": 7, "N_Ribo": 4, "N_ATP": 1000, "seed": 82}