{"t_death": 4317.749999999229, "death_mode": "ribo_collapse", "pnr_type": "ribo_depletion", "t_pnr": 1423.350000000083, "dt_walking_dead": 2894.3999999991456, "N_RNAP": 27, "N_Ribo": 7, "N_ATP": 1000, "seed": 35}