{"t_death": 5844.599999998612, "death_mode": "ribo_collapse", "pnr_type": "ribo_depletion", "t_pnr": 5074.649999998923, "dt_walking_dead": 769.9499999996888, "N_RNAP": 27, "N_Ribo": 41, "N_ATP": 1000, "seed": 98}