{"t_death": 2908.7999999997983, "death_mode": "cycle_collapse", "pnr_type": "rnap_deadlock", "t_pnr": 2791.7999999998456, "dt_walking_dead": 116.9999999999527, "N_RNAP": 11, "N_Ribo": 11, "N_ATP": 1000, "seed": 43}