{"t_death": 4384.349999999202, "death_mode": "ribo_collapse", "pnr_type": "ribo_depletion", "t_pnr": 3862.7999999994126, "dt_walking_dead": 521.5499999997892, "N_RNAP": 4, "N_Ribo": 11, "N_ATP": 1000, "seed": 29}