{"t_death": 3620.2499999995107, "death_mode": "ribo_collapse", "pnr_type": "ribo_depletion", "t_pnr": 909.9000000000311, "dt_walking_dead": 2710.3499999994797, "N_RNAP": 4, "N_Ribo": 4, "N_ATP": 1000, "seed": 19}