{"t_death": 5949.449999998569, "death_mode": "ribo_collapse", "pnr_type": "ribo_depletion", "t_pnr": 4341.599999999219, "dt_walking_dead": 1607.84999999935, "N_RNAP": 27, "N_Ribo": 11, "N_ATP": 1000, "seed": 23}