{"t_death": 5963.849999998563, "death_mode": "ribo_collapse", "pnr_type": "ribo_depletion", "t_pnr": 1294.65000000007, "dt_walking_dead": 4669.199999998494, "N_RNAP": 41, "N_Ribo": 4, "N_ATP": 1000, "seed": 30}