{"t_death": 2062.8000000001402, "death_mode": "cycle_collapse", "pnr_type": "rnap_deadlock", "t_pnr": 2002.5000000001414, "dt_walking_dead": 60.29999999999882, "N_RNAP": 2, "N_Ribo": 41, "N_ATP": 1000, "seed": 83}