{"t_death": 4909.49999999899, "death_mode": "ribo_collapse", "pnr_type": "ribo_depletion", "t_pnr": 2877.299999999811, "dt_walking_dead": 2032.1999999991785, "N_RNAP": 11, "N_Ribo": 11, "N_ATP": 1000, "seed": 7}