{"t_death": 4686.74999999908, "death_mode": "ribo_collapse", "pnr_type": "ribo_depletion", "t_pnr": 1715.4000000001124, "dt_walking_dead": 2971.349999998967, "N_RNAP": 100, "N_Ribo": 2, "N_ATP": 1000, "seed": 33}