{"t_death": 1913.4000000001324, "death_mode": "ribo_collapse", "pnr_type": "ribo_depletion", "t_pnr": 550.3499999999948, "dt_walking_dead": 1363.0500000001375, "N_RNAP": 2, "N_Ribo": 2, "N_ATP": 1000, "seed": 52}