{"t_death": 4858.64999999901, "death_mode": "ribo_collapse", "pnr_type": "ribo_depletion", "t_pnr": 2580.749999999931, "dt_walking_dead": 2277.8999999990792, "N_RNAP": 41, "N_Ribo": 2, "N_ATP": 1000, "seed": 9}