{"t_death": 4698.899999999075, "death_mode": "ribo_collapse", "pnr_type": "ribo_depletion", "t_pnr": 965.7000000000368, "dt_walking_dead": 3733.199999999038, "N_RNAP": 4, "N_Ribo": 3, "N_ATP": 1000, "seed": 7}