{"t_death": 5551.19999999873, "death_mode": "ribo_collapse", "pnr_type": "ribo_depletion", "t_pnr": 1305.900000000071, "dt_walking_dead": 4245.299999998659, "N_RNAP": 3, "N_Ribo": 2, "N_ATP": 1000, "seed": 47}