{"t_death": 3101.3999999997204, "death_mode": "cycle_collapse", "pnr_type": "rnap_deadlock", "t_pnr": 2939.399999999786, "dt_walking_dead": 161.99999999993452, "N_RNAP": 64, "N_Ribo": 27, "N_ATP": 1000, "seed": 85}