{"t_death": 711.4500000000111, "death_mode": "cycle_collapse", "pnr_type": "rnap_deadlock", "t_pnr": 675.9000000000075, "dt_walking_dead": 35.55000000000359, "N_RNAP": 2, "N_Ribo": 7, "N_ATP": 1000, "seed": 25}