{"t_death": 2065.500000000139, "death_mode": "ribo_collapse", "pnr_type": "ribo_depletion", "t_pnr": 742.5000000000142, "dt_walking_dead": 1323.000000000125, "N_RNAP": 11, "N_Ribo": 2, "N_ATP": 1000, "seed": 89}