{"t_death": 5472.449999998762, "death_mode": "ribo_collapse", "pnr_type": "ribo_depletion", "t_pnr": 5423.399999998782, "dt_walking_dead": 49.04999999998017, "N_RNAP": 17, "N_Ribo": 100, "N_ATP": 1000, "seed": 2}