{"t_death": 473.84999999999184, "death_mode": "cycle_collapse", "pnr_type": "rnap_deadlock", "t_pnr": 420.7499999999932, "dt_walking_dead": 53.09999999999866, "N_RNAP": 3, "N_Ribo": 27, "N_ATP": 1000, "seed": 21}