{"t_death": 4706.099999999072, "death_mode": "ribo_collapse", "pnr_type": "ribo_depletion", "t_pnr": 3933.899999999384, "dt_walking_dead": 772.1999999996879, "N_RNAP": 11, "N_Ribo": 100, "N_ATP": 1000, "seed": 38}