{"t_death": 3466.349999999573, "death_mode": "ribo_collapse", "pnr_type": "ribo_depletion", "t_pnr": 2631.1499999999105, "dt_walking_dead": 835.1999999996624, "N_RNAP": 41, "N_Ribo": 4, "N_ATP": 1000, "seed": 68}