{"t_death": 4133.249999999303, "death_mode": "cycle_collapse", "pnr_type": "rnap_deadlock", "t_pnr": 4019.849999999349, "dt_walking_dead": 113.39999999995416, "N_RNAP": 17, "N_Ribo": 100, "N_ATP": 1000, "seed": 1}