{"t_death": 6967.799999998158, "death_mode": "ribo_collapse", "pnr_type": "ribo_depletion", "t_pnr": 5891.8499999985925, "dt_walking_dead": 1075.949999999565, "N_RNAP": 64, "N_Ribo": 3, "N_ATP": 1000, "seed": 80}