{"t_death": 2680.1999999998907, "death_mode": "cycle_collapse", "pnr_type": "rnap_deadlock", "t_pnr": 2591.5499999999265, "dt_walking_dead": 88.64999999996417, "N_RNAP": 17, "N_Ribo": 3, "N_ATP": 1000, "seed": 87}