{"t_death": 541.7999999999939, "death_mode": "cycle_collapse", "pnr_type": "rnap_deadlock", "t_pnr": 512.999999999991, "dt_walking_dead": 28.80000000000291, "N_RNAP": 2, "N_Ribo": 27, "N_ATP": 1000, "seed": 67}