{"t_death": 2596.0499999999247, "death_mode": "cycle_collapse", "pnr_type": "rnap_deadlock", "t_pnr": 2305.800000000042, "dt_walking_dead": 290.2499999998827, "N_RNAP": 27, "N_Ribo": 27, "N_ATP": 1000, "seed": 90}