{"t_death": 3601.799999999518, "death_mode": "ribo_collapse", "pnr_type": "ribo_depletion", "t_pnr": 3539.2499999995434, "dt_walking_dead": 62.549999999974716, "N_RNAP": 7, "N_Ribo": 27, "N_ATP": 1000, "seed": 86}