{"t_death": 618.3000000000017, "death_mode": "cycle_collapse", "pnr_type": "rnap_deadlock", "t_pnr": 499.9499999999912, "dt_walking_dead": 118.35000000001048, "N_RNAP": 3, "N_Ribo": 2, "N_ATP": 1000, "seed": 6}