{"t_death": 2918.2499999997945, "death_mode": "ribo_collapse", "pnr_type": "ribo_depletion", "t_pnr": 2039.8500000001452, "dt_walking_dead": 878.3999999996493, "N_RNAP": 17, "N_Ribo": 17, "N_ATP": 1000, "seed": 12}