{"t_death": 2892.599999999805, "death_mode": "ribo_collapse", "pnr_type": "ribo_depletion", "t_pnr": 2738.249999999867, "dt_walking_dead": 154.3499999999376, "N_RNAP": 17, "N_Ribo": 4, "N_ATP": 1000, "seed": 16}