{"t_death": 3168.4499999996933, "death_mode": "ribo_collapse", "pnr_type": "ribo_depletion", "t_pnr": 2066.400000000139, "dt_walking_dead": 1102.0499999995545, "N_RNAP": 7, "N_Ribo": 4, "N_ATP": 1000, "seed": 75}