{"t_death": 3332.249999999627, "death_mode": "ribo_collapse", "pnr_type": "ribo_depletion", "t_pnr": 1150.6500000000553, "dt_walking_dead": 2181.599999999572, "N_RNAP": 11, "N_Ribo": 2, "N_ATP": 1000, "seed": 3}