{"t_death": 2150.100000000105, "death_mode": "cycle_collapse", "pnr_type": "rnap_deadlock", "t_pnr": 1808.1000000001218, "dt_walking_dead": 341.9999999999832, "N_RNAP": 2, "N_Ribo": 100, "N_ATP": 1000, "seed": 60}