{"t_death": 4122.8999999993075, "death_mode": "ribo_collapse", "pnr_type": "ribo_depletion", "t_pnr": 4035.599999999343, "dt_walking_dead": 87.29999999996471, "N_RNAP": 41, "N_Ribo": 41, "N_ATP": 1000, "seed": 64}