{"t_death": 5063.849999998927, "death_mode": "ribo_collapse", "pnr_type": "ribo_depletion", "t_pnr": 4642.199999999098, "dt_walking_dead": 421.64999999982956, "N_RNAP": 41, "N_Ribo": 17, "N_ATP": 1000, "seed": 12}