{"t_death": 5826.599999998619, "death_mode": "ribo_collapse", "pnr_type": "ribo_depletion", "t_pnr": 231.74999999999795, "dt_walking_dead": 5594.849999998621, "N_RNAP": 41, "N_Ribo": 2, "N_ATP": 1000, "seed": 22}