{"t_death": 4365.899999999209, "death_mode": "ribo_collapse", "pnr_type": "ribo_depletion", "t_pnr": 1707.7500000001116, "dt_walking_dead": 2658.1499999990974, "N_RNAP": 100, "N_Ribo": 3, "N_ATP": 1000, "seed": 36}