{"t_death": 4792.049999999037, "death_mode": "ribo_collapse", "pnr_type": "ribo_depletion", "t_pnr": 96.75000000000037, "dt_walking_dead": 4695.299999999037, "N_RNAP": 100, "N_Ribo": 2, "N_ATP": 1000, "seed": 21}