{"t_death": 2004.3000000001416, "death_mode": "ribo_collapse", "pnr_type": "ribo_depletion", "t_pnr": 977.400000000038, "dt_walking_dead": 1026.9000000001038, "N_RNAP": 7, "N_Ribo": 2, "N_ATP": 1000, "seed": 38}