{"t_death": 2918.2499999997945, "death_mode": "ribo_collapse", "pnr_type": "ribo_depletion", "t_pnr": 1301.8500000000706, "dt_walking_dead": 1616.3999999997238, "N_RNAP": 11, "N_Ribo": 2, "N_ATP": 1000, "seed": 97}