{"t_death": 4760.09999999905, "death_mode": "cycle_collapse", "pnr_type": "rnap_deadlock", "t_pnr": 4672.799999999085, "dt_walking_dead": 87.29999999996471, "N_RNAP": 64, "N_Ribo": 2, "N_ATP": 1000, "seed": 32}