{"t_death": 4876.649999999003, "death_mode": "ribo_collapse", "pnr_type": "ribo_depletion", "t_pnr": 4685.39999999908, "dt_walking_dead": 191.2499999999227, "N_RNAP": 64, "N_Ribo": 7, "N_ATP": 1000, "seed": 34}