{"t_death": 7350.749999998003, "death_mode": "ribo_collapse", "pnr_type": "ribo_depletion", "t_pnr": 4760.09999999905, "dt_walking_dead": 2590.649999998953, "N_RNAP": 27, "N_Ribo": 64, "N_ATP": 1000, "seed": 57}