{"t_death": 3210.749999999676, "death_mode": "ribo_collapse", "pnr_type": "ribo_depletion", "t_pnr": 1385.550000000079, "dt_walking_dead": 1825.1999999995971, "N_RNAP": 4, "N_Ribo": 3, "N_ATP": 1000, "seed": 10}