{"t_death": 5060.699999998928, "death_mode": "ribo_collapse", "pnr_type": "ribo_depletion", "t_pnr": 3571.6499999995303, "dt_walking_dead": 1489.049999999398, "N_RNAP": 7, "N_Ribo": 11, "N_ATP": 1000, "seed": 25}