{"t_death": 4778.999999999042, "death_mode": "ribo_collapse", "pnr_type": "ribo_depletion", "t_pnr": 2588.8499999999276, "dt_walking_dead": 2190.1499999991147, "N_RNAP": 64, "N_Ribo": 27, "N_ATP": 1000, "seed": 49}