{"t_death": 6871.4999999981965, "death_mode": "ribo_collapse", "pnr_type": "ribo_depletion", "t_pnr": 3399.7499999996, "dt_walking_dead": 3471.7499999985966, "N_RNAP": 11, "N_Ribo": 41, "N_ATP": 1000, "seed": 13}