{"t_death": 3922.1999999993886, "death_mode": "ribo_collapse", "pnr_type": "ribo_depletion", "t_pnr": 3259.3499999996566, "dt_walking_dead": 662.8499999997321, "N_RNAP": 17, "N_Ribo": 17, "N_ATP": 1000, "seed": 81}