{"t_death": 1561.5000000000969, "death_mode": "ribo_collapse", "pnr_type": "ribo_depletion", "t_pnr": 1487.2500000000894, "dt_walking_dead": 74.2500000000075, "N_RNAP": 7, "N_Ribo": 4, "N_ATP": 1000, "seed": 18}