{"t_death": 3473.99999999957, "death_mode": "ribo_collapse", "pnr_type": "ribo_depletion", "t_pnr": 2497.9499999999643, "dt_walking_dead": 976.0499999996055, "N_RNAP": 41, "N_Ribo": 3, "N_ATP": 1000, "seed": 63}