{"t_death": 6566.39999999832, "death_mode": "ribo_collapse", "pnr_type": "ribo_depletion", "t_pnr": 1452.1500000000858, "dt_walking_dead": 5114.249999998234, "N_RNAP": 64, "N_Ribo": 7, "N_ATP": 1000, "seed": 40}