{"t_death": 2166.3000000000984, "death_mode": "ribo_collapse", "pnr_type": "ribo_depletion", "t_pnr": 842.4000000000243, "dt_walking_dead": 1323.9000000000742, "N_RNAP": 2, "N_Ribo": 2, "N_ATP": 1000, "seed": 47}