{"t_death": 7070.399999998116, "death_mode": "ribo_collapse", "pnr_type": "ribo_depletion", "t_pnr": 3803.8499999994365, "dt_walking_dead": 3266.5499999986796, "N_RNAP": 17, "N_Ribo": 41, "N_ATP": 1000, "seed": 78}