{"t_death": 3678.299999999487, "death_mode": "ribo_collapse", "pnr_type": "ribo_depletion", "t_pnr": 1298.2500000000703, "dt_walking_dead": 2380.049999999417, "N_RNAP": 7, "N_Ribo": 4, "N_ATP": 1000, "seed": 87}