{"t_death": 3733.199999999465, "death_mode": "ribo_collapse", "pnr_type": "ribo_depletion", "t_pnr": 1263.6000000000668, "dt_walking_dead": 2469.5999999993983, "N_RNAP": 11, "N_Ribo": 2, "N_ATP": 1000, "seed": 37}