{"t_death": 6941.249999998168, "death_mode": "ribo_collapse", "pnr_type": "ribo_depletion", "t_pnr": 5838.299999998614, "dt_walking_dead": 1102.9499999995542, "N_RNAP": 2, "N_Ribo": 100, "N_ATP": 1000, "seed": 28}