{"t_death": 2028.600000000144, "death_mode": "cycle_collapse", "pnr_type": "rnap_deadlock", "t_pnr": 1862.5500000001273, "dt_walking_dead": 166.05000000001678, "N_RNAP": 7, "N_Ribo": 2, "N_ATP": 1000, "seed": 65}