{"t_death": 4398.749999999196, "death_mode": "ribo_collapse", "pnr_type": "ribo_depletion", "t_pnr": 4094.549999999319, "dt_walking_dead": 304.19999999987704, "N_RNAP": 100, "N_Ribo": 17, "N_ATP": 1000, "seed": 28}