{"t_death": 2605.499999999921, "death_mode": "ribo_collapse", "pnr_type": "ribo_depletion", "t_pnr": 1499.8500000000906, "dt_walking_dead": 1105.6499999998302, "N_RNAP": 27, "N_Ribo": 2, "N_ATP": 1000, "seed": 95}