{"t_death": 5336.549999998817, "death_mode": "ribo_collapse", "pnr_type": "ribo_depletion", "t_pnr": 387.899999999994, "dt_walking_dead": 4948.649999998823, "N_RNAP": 64, "N_Ribo": 2, "N_ATP": 1000, "seed": 90}