{"t_death": 2156.850000000102, "death_mode": "ribo_collapse", "pnr_type": "ribo_depletion", "t_pnr": 1567.3500000000975, "dt_walking_dead": 589.5000000000048, "N_RNAP": 2, "N_Ribo": 2, "N_ATP": 1000, "seed": 32}