{"t_death": 2181.600000000092, "death_mode": "cycle_collapse", "pnr_type": "rnap_deadlock", "t_pnr": 2147.400000000106, "dt_walking_dead": 34.199999999986176, "N_RNAP": 7, "N_Ribo": 100, "N_ATP": 1000, "seed": 79}