{"t_death": 7562.699999997917, "death_mode": "ribo_collapse", "pnr_type": "ribo_depletion", "t_pnr": 5992.649999998552, "dt_walking_dead": 1570.0499999993654, "N_RNAP": 4, "N_Ribo": 100, "N_ATP": 1000, "seed": 1}