{"t_death": 4993.199999998956, "death_mode": "ribo_collapse", "pnr_type": "ribo_depletion", "t_pnr": 2963.699999999776, "dt_walking_dead": 2029.4999999991796, "N_RNAP": 11, "N_Ribo": 27, "N_ATP": 1000, "seed": 97}