{"t_death": 5152.949999998891, "death_mode": "ribo_collapse", "pnr_type": "ribo_depletion", "t_pnr": 1534.5000000000941, "dt_walking_dead": 3618.449999998797, "N_RNAP": 3, "N_Ribo": 4, "N_ATP": 1000, "seed": 42}