{"t_death": 2372.400000000015, "death_mode": "ribo_collapse", "pnr_type": "ribo_depletion", "t_pnr": 2367.450000000017, "dt_walking_dead": 4.949999999997999, "N_RNAP": 3, "N_Ribo": 4, "N_ATP": 1000, "seed": 78}