{"t_death": 1114.6500000000517, "death_mode": "cycle_collapse", "pnr_type": "rnap_deadlock", "t_pnr": 949.0500000000351, "dt_walking_dead": 165.60000000001662, "N_RNAP": 7, "N_Ribo": 27, "N_ATP": 1000, "seed": 82}