{"t_death": 2958.2999999997783, "death_mode": "cycle_collapse", "pnr_type": "rnap_deadlock", "t_pnr": 2958.2999999997783, "dt_walking_dead": 0.0, "N_RNAP": 27, "N_Ribo": 64, "N_ATP": 1000, "seed": 69}