{"t_death": 5160.149999998888, "death_mode": "ribo_collapse", "pnr_type": "ribo_depletion", "t_pnr": 2939.399999999786, "dt_walking_dead": 2220.7499999991023, "N_RNAP": 4, "N_Ribo": 17, "N_ATP": 1000, "seed": 34}