{"t_death": 2486.699999999969, "death_mode": "ribo_collapse", "pnr_type": "ribo_depletion", "t_pnr": 1316.7000000000721, "dt_walking_dead": 1169.9999999998968, "N_RNAP": 27, "N_Ribo": 7, "N_ATP": 1000, "seed": 58}