{"t_death": 3071.6999999997324, "death_mode": "cycle_collapse", "pnr_type": "rnap_deadlock", "t_pnr": 3048.7499999997417, "dt_walking_dead": 22.949999999990723, "N_RNAP": 3, "N_Ribo": 7, "N_ATP": 1000, "seed": 68}