{"t_death": 3329.549999999628, "death_mode": "ribo_collapse", "pnr_type": "ribo_depletion", "t_pnr": 3176.99999999969, "dt_walking_dead": 152.54999999993834, "N_RNAP": 100, "N_Ribo": 11, "N_ATP": 1000, "seed": 51}