{"t_death": 3462.2999999995745, "death_mode": "ribo_collapse", "pnr_type": "ribo_depletion", "t_pnr": 2742.7499999998654, "dt_walking_dead": 719.5499999997091, "N_RNAP": 27, "N_Ribo": 11, "N_ATP": 1000, "seed": 63}