{"t_death": 4466.6999999991685, "death_mode": "cycle_collapse", "pnr_type": "rnap_deadlock", "t_pnr": 4466.6999999991685, "dt_walking_dead": 0.0, "N_RNAP": 27, "N_Ribo": 11, "N_ATP": 1000, "seed": 64}