{"t_death": 4351.049999999215, "death_mode": "ribo_collapse", "pnr_type": "ribo_depletion", "t_pnr": 3370.9499999996115, "dt_walking_dead": 980.0999999996038, "N_RNAP": 27, "N_Ribo": 17, "N_ATP": 1000, "seed": 95}