{"t_death": 3754.3499999994565, "death_mode": "ribo_collapse", "pnr_type": "ribo_depletion", "t_pnr": 2298.600000000045, "dt_walking_dead": 1455.7499999994116, "N_RNAP": 4, "N_Ribo": 7, "N_ATP": 1000, "seed": 11}