{"t_death": 1936.8000000001348, "death_mode": "ribo_collapse", "pnr_type": "ribo_depletion", "t_pnr": 1742.4000000001151, "dt_walking_dead": 194.40000000001965, "N_RNAP": 7, "N_Ribo": 4, "N_ATP": 1000, "seed": 96}