{"t_death": 2373.7500000000146, "death_mode": "cycle_collapse", "pnr_type": "rnap_deadlock", "t_pnr": 2146.9500000001062, "dt_walking_dead": 226.79999999990832, "N_RNAP": 7, "N_Ribo": 17, "N_ATP": 1000, "seed": 96}