{"t_death": 3558.5999999995356, "death_mode": "ribo_collapse", "pnr_type": "ribo_depletion", "t_pnr": 266.3999999999971, "dt_walking_dead": 3292.1999999995387, "N_RNAP": 17, "N_Ribo": 3, "N_ATP": 1000, "seed": 29}