{"t_death": 1352.2500000000757, "death_mode": "ribo_collapse", "pnr_type": "ribo_depletion", "t_pnr": 1069.200000000047, "dt_walking_dead": 283.0500000000286, "N_RNAP": 4, "N_Ribo": 7, "N_ATP": 1000, "seed": 52}