{"t_death": 8149.04999999768, "death_mode": "ribo_collapse", "pnr_type": "ribo_depletion", "t_pnr": 3440.6999999995833, "dt_walking_dead": 4708.349999998097, "N_RNAP": 41, "N_Ribo": 7, "N_ATP": 1000, "seed": 3}