{"t_death": 3420.4499999995915, "death_mode": "cycle_collapse", "pnr_type": "rnap_deadlock", "t_pnr": 3270.599999999652, "dt_walking_dead": 149.84999999993943, "N_RNAP": 11, "N_Ribo": 7, "N_ATP": 1000, "seed": 85}