{"t_death": 3662.099999999494, "death_mode": "ribo_collapse", "pnr_type": "ribo_depletion", "t_pnr": 2874.599999999812, "dt_walking_dead": 787.4999999996817, "N_RNAP": 4, "N_Ribo": 17, "N_ATP": 1000, "seed": 52}