{"t_death": 4007.699999999354, "death_mode": "ribo_collapse", "pnr_type": "ribo_depletion", "t_pnr": 1373.4000000000779, "dt_walking_dead": 2634.299999999276, "N_RNAP": 17, "N_Ribo": 4, "N_ATP": 1000, "seed": 34}