{"t_death": 4953.599999998972, "death_mode": "ribo_collapse", "pnr_type": "ribo_depletion", "t_pnr": 2704.049999999881, "dt_walking_dead": 2249.5499999990907, "N_RNAP": 17, "N_Ribo": 17, "N_ATP": 1000, "seed": 18}