{"t_death": 7051.049999998124, "death_mode": "ribo_collapse", "pnr_type": "ribo_depletion", "t_pnr": 1695.1500000001104, "dt_walking_dead": 5355.899999998013, "N_RNAP": 64, "N_Ribo": 3, "N_ATP": 1000, "seed": 67}