{"t_death": 1917.0000000001328, "death_mode": "ribo_collapse", "pnr_type": "ribo_depletion", "t_pnr": 877.5000000000279, "dt_walking_dead": 1039.500000000105, "N_RNAP": 4, "N_Ribo": 2, "N_ATP": 1000, "seed": 46}