{"t_death": 3237.2999999996655, "death_mode": "ribo_collapse", "pnr_type": "ribo_depletion", "t_pnr": 688.5000000000088, "dt_walking_dead": 2548.799999999657, "N_RNAP": 41, "N_Ribo": 4, "N_ATP": 1000, "seed": 80}