{"t_death": 2398.5000000000045, "death_mode": "ribo_collapse", "pnr_type": "ribo_depletion", "t_pnr": 1919.700000000133, "dt_walking_dead": 478.7999999998715, "N_RNAP": 7, "N_Ribo": 7, "N_ATP": 1000, "seed": 56}