{"t_death": 1959.300000000137, "death_mode": "ribo_collapse", "pnr_type": "ribo_depletion", "t_pnr": 1623.6000000001031, "dt_walking_dead": 335.7000000000339, "N_RNAP": 7, "N_Ribo": 17, "N_ATP": 1000, "seed": 6}