{"t_death": 4361.849999999211, "death_mode": "ribo_collapse", "pnr_type": "ribo_depletion", "t_pnr": 878.400000000028, "dt_walking_dead": 3483.449999999183, "N_RNAP": 41, "N_Ribo": 3, "N_ATP": 1000, "seed": 61}