{"t_death": 4088.6999999993213, "death_mode": "ribo_collapse", "pnr_type": "ribo_depletion", "t_pnr": 2861.5499999998174, "dt_walking_dead": 1227.149999999504, "N_RNAP": 64, "N_Ribo": 4, "N_ATP": 1000, "seed": 58}