{"t_death": 5862.1499999986045, "death_mode": "ribo_collapse", "pnr_type": "ribo_depletion", "t_pnr": 1750.950000000116, "dt_walking_dead": 4111.199999998488, "N_RNAP": 17, "N_Ribo": 2, "N_ATP": 1000, "seed": 57}