{"t_death": 4364.54999999921, "death_mode": "ribo_collapse", "pnr_type": "ribo_depletion", "t_pnr": 1691.55000000011, "dt_walking_dead": 2672.9999999990996, "N_RNAP": 3, "N_Ribo": 3, "N_ATP": 1000, "seed": 42}