{"t_death": 4030.199999999345, "death_mode": "cycle_collapse", "pnr_type": "rnap_deadlock", "t_pnr": 3948.749999999378, "dt_walking_dead": 81.44999999996708, "N_RNAP": 64, "N_Ribo": 11, "N_ATP": 1000, "seed": 0}