{"t_death": 4571.999999999126, "death_mode": "ribo_collapse", "pnr_type": "ribo_depletion", "t_pnr": 4466.6999999991685, "dt_walking_dead": 105.29999999995744, "N_RNAP": 27, "N_Ribo": 41, "N_ATP": 1000, "seed": 82}