{"t_death": 3956.8499999993746, "death_mode": "ribo_collapse", "pnr_type": "ribo_depletion", "t_pnr": 890.1000000000291, "dt_walking_dead": 3066.7499999993456, "N_RNAP": 17, "N_Ribo": 2, "N_ATP": 1000, "seed": 25}