{"t_death": 6308.999999998424, "death_mode": "ribo_collapse", "pnr_type": "ribo_depletion", "t_pnr": 4885.199999998999, "dt_walking_dead": 1423.7999999994245, "N_RNAP": 41, "N_Ribo": 64, "N_ATP": 1000, "seed": 19}