{"t_death": 2250.900000000064, "death_mode": "cycle_collapse", "pnr_type": "rnap_deadlock", "t_pnr": 1899.900000000131, "dt_walking_dead": 350.99999999993315, "N_RNAP": 17, "N_Ribo": 11, "N_ATP": 1000, "seed": 64}