{"t_death": 2431.799999999991, "death_mode": "ribo_collapse", "pnr_type": "ribo_depletion", "t_pnr": 1180.3500000000583, "dt_walking_dead": 1251.4499999999327, "N_RNAP": 4, "N_Ribo": 11, "N_ATP": 1000, "seed": 4}