{"t_death": 6095.69999999851, "death_mode": "ribo_collapse", "pnr_type": "ribo_depletion", "t_pnr": 2681.54999999989, "dt_walking_dead": 3414.14999999862, "N_RNAP": 100, "N_Ribo": 4, "N_ATP": 1000, "seed": 52}