{"t_death": 5348.699999998812, "death_mode": "ribo_collapse", "pnr_type": "ribo_depletion", "t_pnr": 3732.749999999465, "dt_walking_dead": 1615.9499999993468, "N_RNAP": 17, "N_Ribo": 7, "N_ATP": 1000, "seed": 41}