{"t_death": 4670.999999999086, "death_mode": "ribo_collapse", "pnr_type": "ribo_depletion", "t_pnr": 3279.1499999996486, "dt_walking_dead": 1391.8499999994374, "N_RNAP": 100, "N_Ribo": 17, "N_ATP": 1000, "seed": 17}