{"t_death": 4625.549999999104, "death_mode": "ribo_collapse", "pnr_type": "ribo_depletion", "t_pnr": 3116.6999999997142, "dt_walking_dead": 1508.84999999939, "N_RNAP": 41, "N_Ribo": 11, "N_ATP": 1000, "seed": 59}