{"t_death": 3062.699999999736, "death_mode": "ribo_collapse", "pnr_type": "ribo_depletion", "t_pnr": 2392.650000000007, "dt_walking_dead": 670.0499999997292, "N_RNAP": 4, "N_Ribo": 2, "N_ATP": 1000, "seed": 69}