{"t_death": 4604.399999999113, "death_mode": "ribo_collapse", "pnr_type": "ribo_depletion", "t_pnr": 2953.79999999978, "dt_walking_dead": 1650.5999999993328, "N_RNAP": 2, "N_Ribo": 11, "N_ATP": 1000, "seed": 42}