{"t_death": 6054.299999998527, "death_mode": "ribo_collapse", "pnr_type": "ribo_depletion", "t_pnr": 2937.149999999787, "dt_walking_dead": 3117.14999999874, "N_RNAP": 27, "N_Ribo": 17, "N_ATP": 1000, "seed": 67}