{"t_death": 5814.449999998624, "death_mode": "ribo_collapse", "pnr_type": "ribo_depletion", "t_pnr": 5401.349999998791, "dt_walking_dead": 413.099999999833, "N_RNAP": 4, "N_Ribo": 41, "N_ATP": 1000, "seed": 41}