{"t_death": 3205.3499999996784, "death_mode": "ribo_collapse", "pnr_type": "ribo_depletion", "t_pnr": 3091.0499999997246, "dt_walking_dead": 114.2999999999538, "N_RNAP": 4, "N_Ribo": 41, "N_ATP": 1000, "seed": 73}