{"t_death": 5001.749999998952, "death_mode": "ribo_collapse", "pnr_type": "ribo_depletion", "t_pnr": 701.5500000000101, "dt_walking_dead": 4300.199999998942, "N_RNAP": 100, "N_Ribo": 2, "N_ATP": 1000, "seed": 80}