{"t_death": 3599.999999999519, "death_mode": "ribo_collapse", "pnr_type": "ribo_depletion", "t_pnr": 1478.2500000000884, "dt_walking_dead": 2121.7499999994307, "N_RNAP": 7, "N_Ribo": 7, "N_ATP": 1000, "seed": 30}