{"t_death": 3318.7499999996326, "death_mode": "ribo_collapse", "pnr_type": "ribo_depletion", "t_pnr": 1338.7500000000744, "dt_walking_dead": 1979.9999999995582, "N_RNAP": 3, "N_Ribo": 2, "N_ATP": 1000, "seed": 80}