{"t_death": 3883.4999999994043, "death_mode": "ribo_collapse", "pnr_type": "ribo_depletion", "t_pnr": 3217.4999999996735, "dt_walking_dead": 665.9999999997308, "N_RNAP": 27, "N_Ribo": 17, "N_ATP": 1000, "seed": 29}