{"t_death": 4760.99999999905, "death_mode": "ribo_collapse", "pnr_type": "ribo_depletion", "t_pnr": 478.7999999999917, "dt_walking_dead": 4282.199999999058, "N_RNAP": 41, "N_Ribo": 2, "N_ATP": 1000, "seed": 27}