{"t_death": 3749.3999999994585, "death_mode": "ribo_collapse", "pnr_type": "ribo_depletion", "t_pnr": 2516.399999999957, "dt_walking_dead": 1232.9999999995016, "N_RNAP": 41, "N_Ribo": 17, "N_ATP": 1000, "seed": 21}