{"t_death": 2662.199999999898, "death_mode": "ribo_collapse", "pnr_type": "ribo_depletion", "t_pnr": 1095.7500000000498, "dt_walking_dead": 1566.4499999998482, "N_RNAP": 17, "N_Ribo": 4, "N_ATP": 1000, "seed": 13}