{"t_death": 2620.349999999915, "death_mode": "cycle_collapse", "pnr_type": "rnap_deadlock", "t_pnr": 2567.699999999936, "dt_walking_dead": 52.64999999997872, "N_RNAP": 3, "N_Ribo": 17, "N_ATP": 1000, "seed": 7}