{"t_death": 2803.499999999841, "death_mode": "ribo_collapse", "pnr_type": "ribo_depletion", "t_pnr": 1498.9500000000905, "dt_walking_dead": 1304.5499999997503, "N_RNAP": 2, "N_Ribo": 2, "N_ATP": 1000, "seed": 91}