{"t_death": 5192.099999998875, "death_mode": "ribo_collapse", "pnr_type": "ribo_depletion", "t_pnr": 4579.649999999123, "dt_walking_dead": 612.4499999997524, "N_RNAP": 4, "N_Ribo": 100, "N_ATP": 1000, "seed": 32}