{"t_death": 6588.449999998311, "death_mode": "ribo_collapse", "pnr_type": "ribo_depletion", "t_pnr": 3867.299999999411, "dt_walking_dead": 2721.1499999989, "N_RNAP": 41, "N_Ribo": 17, "N_ATP": 1000, "seed": 18}