{"t_death": 2010.1500000001422, "death_mode": "ribo_collapse", "pnr_type": "ribo_depletion", "t_pnr": 1872.4500000001283, "dt_walking_dead": 137.70000000001392, "N_RNAP": 7, "N_Ribo": 11, "N_ATP": 1000, "seed": 96}