{"t_death": 2664.449999999897, "death_mode": "ribo_collapse", "pnr_type": "ribo_depletion", "t_pnr": 1343.2500000000748, "dt_walking_dead": 1321.1999999998222, "N_RNAP": 11, "N_Ribo": 3, "N_ATP": 1000, "seed": 78}