{"t_death": 1634.4000000001042, "death_mode": "ribo_collapse", "pnr_type": "ribo_depletion", "t_pnr": 1213.2000000000617, "dt_walking_dead": 421.20000000004256, "N_RNAP": 7, "N_Ribo": 4, "N_ATP": 1000, "seed": 6}