{"t_death": 3130.199999999709, "death_mode": "ribo_collapse", "pnr_type": "ribo_depletion", "t_pnr": 1690.65000000011, "dt_walking_dead": 1439.5499999995989, "N_RNAP": 11, "N_Ribo": 7, "N_ATP": 1000, "seed": 14}