{"t_death": 4269.149999999248, "death_mode": "cycle_collapse", "pnr_type": "rnap_deadlock", "t_pnr": 4107.149999999314, "dt_walking_dead": 161.99999999993452, "N_RNAP": 64, "N_Ribo": 17, "N_ATP": 1000, "seed": 86}