{"t_death": 2277.4500000000535, "death_mode": "cycle_collapse", "pnr_type": "rnap_deadlock", "t_pnr": 1770.300000000118, "dt_walking_dead": 507.1499999999355, "N_RNAP": 4, "N_Ribo": 100, "N_ATP": 1000, "seed": 20}