{"t_death": 7040.249999998128, "death_mode": "ribo_collapse", "pnr_type": "ribo_depletion", "t_pnr": 720.900000000012, "dt_walking_dead": 6319.349999998116, "N_RNAP": 64, "N_Ribo": 3, "N_ATP": 1000, "seed": 21}