{"t_death": 4501.799999999154, "death_mode": "ribo_collapse", "pnr_type": "ribo_depletion", "t_pnr": 2441.699999999987, "dt_walking_dead": 2060.0999999991673, "N_RNAP": 64, "N_Ribo": 17, "N_ATP": 1000, "seed": 5}