{"t_death": 4118.849999999309, "death_mode": "ribo_collapse", "pnr_type": "ribo_depletion", "t_pnr": 3878.999999999406, "dt_walking_dead": 239.84999999990305, "N_RNAP": 7, "N_Ribo": 41, "N_ATP": 1000, "seed": 13}