{"t_death": 2828.6999999998307, "death_mode": "ribo_collapse", "pnr_type": "ribo_depletion", "t_pnr": 1609.6500000001017, "dt_walking_dead": 1219.049999999729, "N_RNAP": 4, "N_Ribo": 2, "N_ATP": 1000, "seed": 42}