{"t_death": 1253.2500000000657, "death_mode": "ribo_collapse", "pnr_type": "ribo_depletion", "t_pnr": 639.4500000000038, "dt_walking_dead": 613.8000000000619, "N_RNAP": 2, "N_Ribo": 4, "N_ATP": 1000, "seed": 20}