{"t_death": 2534.8499999999494, "death_mode": "cycle_collapse", "pnr_type": "rnap_deadlock", "t_pnr": 2534.8499999999494, "dt_walking_dead": 0.0, "N_RNAP": 27, "N_Ribo": 17, "N_ATP": 1000, "seed": 14}