{"t_death": 3139.649999999705, "death_mode": "ribo_collapse", "pnr_type": "ribo_depletion", "t_pnr": 2050.2000000001453, "dt_walking_dead": 1089.4499999995596, "N_RNAP": 27, "N_Ribo": 2, "N_ATP": 1000, "seed": 10}