{"t_death": 4779.899999999042, "death_mode": "cycle_collapse", "pnr_type": "rnap_deadlock", "t_pnr": 4727.249999999063, "dt_walking_dead": 52.64999999997872, "N_RNAP": 41, "N_Ribo": 27, "N_ATP": 1000, "seed": 68}