{"t_death": 1194.7500000000598, "death_mode": "ribo_collapse", "pnr_type": "ribo_depletion", "t_pnr": 184.94999999999914, "dt_walking_dead": 1009.8000000000607, "N_RNAP": 2, "N_Ribo": 3, "N_ATP": 1000, "seed": 60}