{"t_death": 1906.6500000001317, "death_mode": "ribo_collapse", "pnr_type": "ribo_depletion", "t_pnr": 1543.950000000095, "dt_walking_dead": 362.70000000003665, "N_RNAP": 3, "N_Ribo": 2, "N_ATP": 1000, "seed": 28}