{"t_death": 3064.0499999997355, "death_mode": "ribo_collapse", "pnr_type": "ribo_depletion", "t_pnr": 2587.499999999928, "dt_walking_dead": 476.54999999980737, "N_RNAP": 11, "N_Ribo": 3, "N_ATP": 1000, "seed": 74}