{"t_death": 6207.299999998465, "death_mode": "ribo_collapse", "pnr_type": "ribo_depletion", "t_pnr": 4985.999999998959, "dt_walking_dead": 1221.2999999995063, "N_RNAP": 17, "N_Ribo": 17, "N_ATP": 1000, "seed": 89}