{"t_death": 3356.5499999996173, "death_mode": "cycle_collapse", "pnr_type": "rnap_deadlock", "t_pnr": 3268.349999999653, "dt_walking_dead": 88.19999999996435, "N_RNAP": 7, "N_Ribo": 100, "N_ATP": 1000, "seed": 88}