{"t_death": 1358.1000000000763, "death_mode": "ribo_collapse", "pnr_type": "ribo_depletion", "t_pnr": 509.8499999999909, "dt_walking_dead": 848.2500000000854, "N_RNAP": 2, "N_Ribo": 2, "N_ATP": 1000, "seed": 3}