{"t_death": 3121.1999999997124, "death_mode": "ribo_collapse", "pnr_type": "ribo_depletion", "t_pnr": 2387.250000000009, "dt_walking_dead": 733.9499999997033, "N_RNAP": 7, "N_Ribo": 3, "N_ATP": 1000, "seed": 61}