{"t_death": 5672.699999998681, "death_mode": "ribo_collapse", "pnr_type": "ribo_depletion", "t_pnr": 442.34999999999263, "dt_walking_dead": 5230.349999998689, "N_RNAP": 100, "N_Ribo": 3, "N_ATP": 1000, "seed": 57}