{"t_death": 4915.349999998987, "death_mode": "ribo_collapse", "pnr_type": "ribo_depletion", "t_pnr": 1565.1000000000972, "dt_walking_dead": 3350.24999999889, "N_RNAP": 64, "N_Ribo": 7, "N_ATP": 1000, "seed": 30}