{"t_death": 3407.3999999995967, "death_mode": "ribo_collapse", "pnr_type": "ribo_depletion", "t_pnr": 1259.1000000000663, "dt_walking_dead": 2148.2999999995304, "N_RNAP": 27, "N_Ribo": 2, "N_ATP": 1000, "seed": 67}