{"t_death": 6168.149999998481, "death_mode": "ribo_collapse", "pnr_type": "ribo_depletion", "t_pnr": 5081.39999999892, "dt_walking_dead": 1086.7499999995607, "N_RNAP": 64, "N_Ribo": 7, "N_ATP": 1000, "seed": 44}