{"t_death": 4372.199999999207, "death_mode": "ribo_collapse", "pnr_type": "ribo_depletion", "t_pnr": 4148.999999999297, "dt_walking_dead": 223.19999999990978, "N_RNAP": 17, "N_Ribo": 100, "N_ATP": 1000, "seed": 82}