{"t_death": 2330.550000000032, "death_mode": "ribo_collapse", "pnr_type": "ribo_depletion", "t_pnr": 720.0000000000119, "dt_walking_dead": 1610.5500000000202, "N_RNAP": 11, "N_Ribo": 3, "N_ATP": 1000, "seed": 64}