{"t_death": 4627.799999999103, "death_mode": "ribo_collapse", "pnr_type": "ribo_depletion", "t_pnr": 436.4999999999928, "dt_walking_dead": 4191.299999999111, "N_RNAP": 27, "N_Ribo": 3, "N_ATP": 1000, "seed": 29}