{"t_death": 4549.499999999135, "death_mode": "ribo_collapse", "pnr_type": "ribo_depletion", "t_pnr": 3954.1499999993757, "dt_walking_dead": 595.3499999997593, "N_RNAP": 27, "N_Ribo": 41, "N_ATP": 1000, "seed": 11}