{"t_death": 5552.54999999873, "death_mode": "ribo_collapse", "pnr_type": "ribo_depletion", "t_pnr": 2142.900000000108, "dt_walking_dead": 3409.6499999986218, "N_RNAP": 100, "N_Ribo": 3, "N_ATP": 1000, "seed": 95}