{"t_death": 3321.4499999996315, "death_mode": "ribo_collapse", "pnr_type": "ribo_depletion", "t_pnr": 3267.4499999996533, "dt_walking_dead": 53.99999999997817, "N_RNAP": 27, "N_Ribo": 7, "N_ATP": 1000, "seed": 30}