{"t_death": 3876.749999999407, "death_mode": "ribo_collapse", "pnr_type": "ribo_depletion", "t_pnr": 2105.100000000123, "dt_walking_dead": 1771.6499999992839, "N_RNAP": 41, "N_Ribo": 3, "N_ATP": 1000, "seed": 33}