{"t_death": 3324.59999999963, "death_mode": "ribo_collapse", "pnr_type": "ribo_depletion", "t_pnr": 1725.3000000001134, "dt_walking_dead": 1599.2999999995168, "N_RNAP": 4, "N_Ribo": 7, "N_ATP": 1000, "seed": 68}