{"t_death": 509.8499999999909, "death_mode": "cycle_collapse", "pnr_type": "rnap_deadlock", "t_pnr": 388.349999999994, "dt_walking_dead": 121.49999999999693, "N_RNAP": 2, "N_Ribo": 64, "N_ATP": 1000, "seed": 39}