{"t_death": 1400.4000000000806, "death_mode": "ribo_collapse", "pnr_type": "ribo_depletion", "t_pnr": 679.9500000000079, "dt_walking_dead": 720.4500000000727, "N_RNAP": 7, "N_Ribo": 2, "N_ATP": 1000, "seed": 67}