{"t_death": 3631.949999999506, "death_mode": "ribo_collapse", "pnr_type": "ribo_depletion", "t_pnr": 990.4500000000393, "dt_walking_dead": 2641.4999999994666, "N_RNAP": 17, "N_Ribo": 4, "N_ATP": 1000, "seed": 39}