{"t_death": 690.750000000009, "death_mode": "cycle_collapse", "pnr_type": "rnap_deadlock", "t_pnr": 644.4000000000043, "dt_walking_dead": 46.350000000004684, "N_RNAP": 2, "N_Ribo": 27, "N_ATP": 1000, "seed": 74}