{"t_death": 2448.899999999984, "death_mode": "ribo_collapse", "pnr_type": "ribo_depletion", "t_pnr": 1769.4000000001179, "dt_walking_dead": 679.4999999998663, "N_RNAP": 17, "N_Ribo": 11, "N_ATP": 1000, "seed": 56}