{"t_death": 4227.299999999265, "death_mode": "ribo_collapse", "pnr_type": "ribo_depletion", "t_pnr": 877.5000000000279, "dt_walking_dead": 3349.7999999992376, "N_RNAP": 100, "N_Ribo": 4, "N_ATP": 1000, "seed": 46}