{"t_death": 4752.449999999053, "death_mode": "cycle_collapse", "pnr_type": "rnap_deadlock", "t_pnr": 4708.349999999071, "dt_walking_dead": 44.099999999982174, "N_RNAP": 41, "N_Ribo": 17, "N_ATP": 1000, "seed": 63}