{"t_death": 6066.449999998522, "death_mode": "ribo_collapse", "pnr_type": "ribo_depletion", "t_pnr": 2437.6499999999887, "dt_walking_dead": 3628.799999998533, "N_RNAP": 100, "N_Ribo": 3, "N_ATP": 1000, "seed": 6}