{"t_death": 6510.599999998342, "death_mode": "ribo_collapse", "pnr_type": "ribo_depletion", "t_pnr": 4812.299999999029, "dt_walking_dead": 1698.2999999993135, "N_RNAP": 17, "N_Ribo": 64, "N_ATP": 1000, "seed": 92}