{"t_death": 2508.29999999996, "death_mode": "cycle_collapse", "pnr_type": "rnap_deadlock", "t_pnr": 2391.3000000000075, "dt_walking_dead": 116.9999999999527, "N_RNAP": 27, "N_Ribo": 27, "N_ATP": 1000, "seed": 14}