{"t_death": 4232.249999999263, "death_mode": "ribo_collapse", "pnr_type": "ribo_depletion", "t_pnr": 3618.4499999995114, "dt_walking_dead": 613.7999999997519, "N_RNAP": 41, "N_Ribo": 41, "N_ATP": 1000, "seed": 48}