{"t_death": 4150.799999999296, "death_mode": "ribo_collapse", "pnr_type": "ribo_depletion", "t_pnr": 1517.4000000000924, "dt_walking_dead": 2633.399999999204, "N_RNAP": 27, "N_Ribo": 2, "N_ATP": 1000, "seed": 12}