{"t_death": 1858.0500000001268, "death_mode": "ribo_collapse", "pnr_type": "ribo_depletion", "t_pnr": 1369.3500000000774, "dt_walking_dead": 488.7000000000494, "N_RNAP": 7, "N_Ribo": 4, "N_ATP": 1000, "seed": 43}