{"t_death": 4211.9999999992715, "death_mode": "cycle_collapse", "pnr_type": "rnap_deadlock", "t_pnr": 4211.9999999992715, "dt_walking_dead": 0.0, "N_RNAP": 11, "N_Ribo": 11, "N_ATP": 1000, "seed": 71}