{"t_death": 3559.0499999995354, "death_mode": "ribo_collapse", "pnr_type": "ribo_depletion", "t_pnr": 928.800000000033, "dt_walking_dead": 2630.2499999995025, "N_RNAP": 11, "N_Ribo": 3, "N_ATP": 1000, "seed": 29}