{"t_death": 5328.44999999882, "death_mode": "ribo_collapse", "pnr_type": "ribo_depletion", "t_pnr": 3370.049999999612, "dt_walking_dead": 1958.3999999992084, "N_RNAP": 64, "N_Ribo": 7, "N_ATP": 1000, "seed": 61}