{"t_death": 5243.399999998855, "death_mode": "cycle_collapse", "pnr_type": "rnap_deadlock", "t_pnr": 5231.2499999988595, "dt_walking_dead": 12.149999999995089, "N_RNAP": 27, "N_Ribo": 64, "N_ATP": 1000, "seed": 20}