{"t_death": 4330.349999999224, "death_mode": "ribo_collapse", "pnr_type": "ribo_depletion", "t_pnr": 2638.3499999999076, "dt_walking_dead": 1691.999999999316, "N_RNAP": 17, "N_Ribo": 11, "N_ATP": 1000, "seed": 42}