{"t_death": 8126.999999997689, "death_mode": "ribo_collapse", "pnr_type": "ribo_depletion", "t_pnr": 4503.599999999154, "dt_walking_dead": 3623.3999999985353, "N_RNAP": 41, "N_Ribo": 41, "N_ATP": 1000, "seed": 69}