{"t_death": 552.149999999995, "death_mode": "cycle_collapse", "pnr_type": "rnap_deadlock", "t_pnr": 504.44999999999106, "dt_walking_dead": 47.70000000000391, "N_RNAP": 3, "N_Ribo": 11, "N_ATP": 1000, "seed": 19}