{"t_death": 3707.999999999475, "death_mode": "ribo_collapse", "pnr_type": "ribo_depletion", "t_pnr": 893.7000000000295, "dt_walking_dead": 2814.299999999446, "N_RNAP": 64, "N_Ribo": 4, "N_ATP": 1000, "seed": 47}