{"t_death": 6163.649999998483, "death_mode": "ribo_collapse", "pnr_type": "ribo_depletion", "t_pnr": 3528.8999999995476, "dt_walking_dead": 2634.749999998935, "N_RNAP": 27, "N_Ribo": 27, "N_ATP": 1000, "seed": 29}