{"t_death": 3687.7499999994834, "death_mode": "ribo_collapse", "pnr_type": "ribo_depletion", "t_pnr": 3445.6499999995813, "dt_walking_dead": 242.09999999990214, "N_RNAP": 27, "N_Ribo": 27, "N_ATP": 1000, "seed": 92}