{"t_death": 6241.949999998451, "death_mode": "ribo_collapse", "pnr_type": "ribo_depletion", "t_pnr": 4171.049999999288, "dt_walking_dead": 2070.899999999163, "N_RNAP": 2, "N_Ribo": 7, "N_ATP": 1000, "seed": 59}