{"t_death": 4834.79999999902, "death_mode": "ribo_collapse", "pnr_type": "ribo_depletion", "t_pnr": 2981.249999999769, "dt_walking_dead": 1853.5499999992508, "N_RNAP": 100, "N_Ribo": 7, "N_ATP": 1000, "seed": 0}