{"t_death": 4933.79999999898, "death_mode": "ribo_collapse", "pnr_type": "ribo_depletion", "t_pnr": 2476.799999999973, "dt_walking_dead": 2456.999999999007, "N_RNAP": 2, "N_Ribo": 3, "N_ATP": 1000, "seed": 15}