{"t_death": 7407.89999999798, "death_mode": "ribo_collapse", "pnr_type": "ribo_depletion", "t_pnr": 2317.5000000000373, "dt_walking_dead": 5090.399999997942, "N_RNAP": 100, "N_Ribo": 3, "N_ATP": 1000, "seed": 38}