{"t_death": 4849.649999999014, "death_mode": "atp_depletion", "pnr_type": "ribo_depletion", "t_pnr": 4099.499999999317, "dt_walking_dead": 750.1499999996968, "N_RNAP": 100, "N_Ribo": 7, "N_ATP": 1000, "seed": 76}