{"t_death": 6011.099999998544, "death_mode": "ribo_collapse", "pnr_type": "ribo_depletion", "t_pnr": 2722.9499999998734, "dt_walking_dead": 3288.149999998671, "N_RNAP": 100, "N_Ribo": 2, "N_ATP": 1000, "seed": 43}