{"t_death": 4970.699999998965, "death_mode": "ribo_collapse", "pnr_type": "ribo_depletion", "t_pnr": 2313.450000000039, "dt_walking_dead": 2657.249999998926, "N_RNAP": 17, "N_Ribo": 17, "N_ATP": 1000, "seed": 73}