{"t_death": 3818.6999999994305, "death_mode": "ribo_collapse", "pnr_type": "ribo_depletion", "t_pnr": 2495.2499999999654, "dt_walking_dead": 1323.449999999465, "N_RNAP": 27, "N_Ribo": 3, "N_ATP": 1000, "seed": 62}