{"t_death": 1754.1000000001163, "death_mode": "ribo_collapse", "pnr_type": "ribo_depletion", "t_pnr": 1333.3500000000738, "dt_walking_dead": 420.7500000000425, "N_RNAP": 3, "N_Ribo": 3, "N_ATP": 1000, "seed": 67}