{"t_death": 5764.499999998644, "death_mode": "ribo_collapse", "pnr_type": "ribo_depletion", "t_pnr": 5118.299999998905, "dt_walking_dead": 646.1999999997388, "N_RNAP": 11, "N_Ribo": 100, "N_ATP": 1000, "seed": 69}