{"t_death": 3693.599999999481, "death_mode": "ribo_collapse", "pnr_type": "ribo_depletion", "t_pnr": 1223.5500000000627, "dt_walking_dead": 2470.049999999418, "N_RNAP": 27, "N_Ribo": 4, "N_ATP": 1000, "seed": 78}