{"t_death": 3509.5499999995554, "death_mode": "ribo_collapse", "pnr_type": "ribo_depletion", "t_pnr": 3459.5999999995756, "dt_walking_dead": 49.94999999997981, "N_RNAP": 7, "N_Ribo": 41, "N_ATP": 1000, "seed": 22}