{"t_death": 5122.3499999989035, "death_mode": "ribo_collapse", "pnr_type": "ribo_depletion", "t_pnr": 3737.699999999463, "dt_walking_dead": 1384.6499999994403, "N_RNAP": 17, "N_Ribo": 41, "N_ATP": 1000, "seed": 73}