{"t_death": 5287.049999998837, "death_mode": "ribo_collapse", "pnr_type": "ribo_depletion", "t_pnr": 3779.5499999994463, "dt_walking_dead": 1507.4999999993906, "N_RNAP": 100, "N_Ribo": 7, "N_ATP": 1000, "seed": 20}