{"t_death": 5619.149999998703, "death_mode": "ribo_collapse", "pnr_type": "ribo_depletion", "t_pnr": 2825.9999999998317, "dt_walking_dead": 2793.149999998871, "N_RNAP": 27, "N_Ribo": 3, "N_ATP": 1000, "seed": 25}