{"t_death": 4116.59999999931, "death_mode": "ribo_collapse", "pnr_type": "ribo_depletion", "t_pnr": 1737.0000000001146, "dt_walking_dead": 2379.5999999991955, "N_RNAP": 64, "N_Ribo": 3, "N_ATP": 1000, "seed": 73}