{"t_death": 6698.699999998266, "death_mode": "ribo_collapse", "pnr_type": "ribo_depletion", "t_pnr": 3185.5499999996864, "dt_walking_dead": 3513.14999999858, "N_RNAP": 41, "N_Ribo": 11, "N_ATP": 1000, "seed": 43}