{"t_death": 5499.899999998751, "death_mode": "ribo_collapse", "pnr_type": "ribo_depletion", "t_pnr": 3189.149999999685, "dt_walking_dead": 2310.749999999066, "N_RNAP": 11, "N_Ribo": 41, "N_ATP": 1000, "seed": 97}