{"t_death": 3687.2999999994836, "death_mode": "cycle_collapse", "pnr_type": "rnap_deadlock", "t_pnr": 3677.3999999994876, "dt_walking_dead": 9.899999999995998, "N_RNAP": 27, "N_Ribo": 64, "N_ATP": 1000, "seed": 76}