{"t_death": 2371.5000000000155, "death_mode": "cycle_collapse", "pnr_type": "rnap_deadlock", "t_pnr": 2352.600000000023, "dt_walking_dead": 18.89999999999236, "N_RNAP": 4, "N_Ribo": 27, "N_ATP": 1000, "seed": 69}