{"t_death": 960.3000000000362, "death_mode": "cycle_collapse", "pnr_type": "rnap_deadlock", "t_pnr": 773.1000000000173, "dt_walking_dead": 187.20000000001892, "N_RNAP": 3, "N_Ribo": 3, "N_ATP": 1000, "seed": 37}