{"t_death": 4679.099999999083, "death_mode": "ribo_collapse", "pnr_type": "ribo_depletion", "t_pnr": 3676.499999999488, "dt_walking_dead": 1002.5999999995947, "N_RNAP": 64, "N_Ribo": 7, "N_ATP": 1000, "seed": 94}