{"t_death": 3250.79999999966, "death_mode": "ribo_collapse", "pnr_type": "ribo_depletion", "t_pnr": 2822.399999999833, "dt_walking_dead": 428.39999999982683, "N_RNAP": 100, "N_Ribo": 4, "N_ATP": 1000, "seed": 8}