{"t_death": 3351.1499999996195, "death_mode": "ribo_collapse", "pnr_type": "ribo_depletion", "t_pnr": 3056.3999999997386, "dt_walking_dead": 294.74999999988086, "N_RNAP": 64, "N_Ribo": 7, "N_ATP": 1000, "seed": 69}