{"t_death": 7390.799999997987, "death_mode": "ribo_collapse", "pnr_type": "ribo_depletion", "t_pnr": 4584.149999999121, "dt_walking_dead": 2806.6499999988655, "N_RNAP": 41, "N_Ribo": 64, "N_ATP": 1000, "seed": 4}