{"t_death": 4110.299999999313, "death_mode": "cycle_collapse", "pnr_type": "rnap_deadlock", "t_pnr": 4059.899999999333, "dt_walking_dead": 50.39999999997963, "N_RNAP": 17, "N_Ribo": 17, "N_ATP": 1000, "seed": 48}