{"t_death": 3677.8499999994874, "death_mode": "cycle_collapse", "pnr_type": "rnap_deadlock", "t_pnr": 3515.849999999553, "dt_walking_dead": 161.99999999993452, "N_RNAP": 27, "N_Ribo": 17, "N_ATP": 1000, "seed": 12}