{"t_death": 4688.999999999079, "death_mode": "ribo_collapse", "pnr_type": "ribo_depletion", "t_pnr": 2708.999999999879, "dt_walking_dead": 1979.9999999991996, "N_RNAP": 64, "N_Ribo": 17, "N_ATP": 1000, "seed": 76}