{"t_death": 3676.499999999488, "death_mode": "ribo_collapse", "pnr_type": "ribo_depletion", "t_pnr": 2903.3999999998005, "dt_walking_dead": 773.0999999996875, "N_RNAP": 64, "N_Ribo": 3, "N_ATP": 1000, "seed": 37}