{"t_death": 2416.4999999999973, "death_mode": "ribo_collapse", "pnr_type": "ribo_depletion", "t_pnr": 1136.700000000054, "dt_walking_dead": 1279.7999999999433, "N_RNAP": 3, "N_Ribo": 3, "N_ATP": 1000, "seed": 23}