{"t_death": 8000.09999999774, "death_mode": "ribo_collapse", "pnr_type": "ribo_depletion", "t_pnr": 2310.75000000004, "dt_walking_dead": 5689.3499999977, "N_RNAP": 64, "N_Ribo": 4, "N_ATP": 1000, "seed": 14}