{"t_death": 6209.549999998464, "death_mode": "ribo_collapse", "pnr_type": "ribo_depletion", "t_pnr": 5886.449999998595, "dt_walking_dead": 323.0999999998694, "N_RNAP": 7, "N_Ribo": 64, "N_ATP": 1000, "seed": 63}