{"t_death": 3289.949999999644, "death_mode": "ribo_collapse", "pnr_type": "ribo_depletion", "t_pnr": 1305.000000000071, "dt_walking_dead": 1984.9499999995733, "N_RNAP": 3, "N_Ribo": 3, "N_ATP": 1000, "seed": 19}