{"t_death": 3019.4999999997535, "death_mode": "cycle_collapse", "pnr_type": "rnap_deadlock", "t_pnr": 3019.4999999997535, "dt_walking_dead": 0.0, "N_RNAP": 17, "N_Ribo": 27, "N_ATP": 1000, "seed": 28}