{"t_death": 4693.949999999077, "death_mode": "ribo_collapse", "pnr_type": "ribo_depletion", "t_pnr": 3301.1999999996397, "dt_walking_dead": 1392.749999999437, "N_RNAP": 17, "N_Ribo": 64, "N_ATP": 1000, "seed": 72}