{"t_death": 5906.6999999985865, "death_mode": "ribo_collapse", "pnr_type": "ribo_depletion", "t_pnr": 5906.6999999985865, "dt_walking_dead": 0.0, "N_RNAP": 100, "N_Ribo": 7, "N_ATP": 1000, "seed": 75}