{"t_death": 2861.5499999998174, "death_mode": "cycle_collapse", "pnr_type": "rnap_deadlock", "t_pnr": 2722.9499999998734, "dt_walking_dead": 138.59999999994398, "N_RNAP": 17, "N_Ribo": 41, "N_ATP": 1000, "seed": 74}