{"t_death": 5334.749999998818, "death_mode": "ribo_collapse", "pnr_type": "ribo_depletion", "t_pnr": 5279.84999999884, "dt_walking_dead": 54.89999999997781, "N_RNAP": 27, "N_Ribo": 41, "N_ATP": 1000, "seed": 15}