{"t_death": 4667.399999999087, "death_mode": "ribo_collapse", "pnr_type": "ribo_depletion", "t_pnr": 1656.0000000001064, "dt_walking_dead": 3011.399999998981, "N_RNAP": 64, "N_Ribo": 7, "N_ATP": 1000, "seed": 60}