{"t_death": 2923.6499999997923, "death_mode": "cycle_collapse", "pnr_type": "rnap_deadlock", "t_pnr": 2716.199999999876, "dt_walking_dead": 207.44999999991614, "N_RNAP": 27, "N_Ribo": 41, "N_ATP": 1000, "seed": 51}