{"t_death": 1288.8000000000693, "death_mode": "ribo_collapse", "pnr_type": "ribo_depletion", "t_pnr": 940.0500000000342, "dt_walking_dead": 348.75000000003513, "N_RNAP": 2, "N_Ribo": 3, "N_ATP": 1000, "seed": 22}