{"t_death": 3893.3999999994003, "death_mode": "ribo_collapse", "pnr_type": "ribo_depletion", "t_pnr": 2994.2999999997637, "dt_walking_dead": 899.0999999996366, "N_RNAP": 17, "N_Ribo": 11, "N_ATP": 1000, "seed": 15}