{"t_death": 2542.4999999999463, "death_mode": "ribo_collapse", "pnr_type": "ribo_depletion", "t_pnr": 1494.45000000009, "dt_walking_dead": 1048.0499999998563, "N_RNAP": 11, "N_Ribo": 7, "N_ATP": 1000, "seed": 12}