{"t_death": 3776.8499999994474, "death_mode": "cycle_collapse", "pnr_type": "rnap_deadlock", "t_pnr": 3776.8499999994474, "dt_walking_dead": 0.0, "N_RNAP": 17, "N_Ribo": 64, "N_ATP": 1000, "seed": 38}