{"t_death": 2846.6999999998234, "death_mode": "cycle_collapse", "pnr_type": "rnap_deadlock", "t_pnr": 2831.3999999998296, "dt_walking_dead": 15.299999999993815, "N_RNAP": 17, "N_Ribo": 100, "N_ATP": 1000, "seed": 87}