{"t_death": 3669.299999999491, "death_mode": "ribo_collapse", "pnr_type": "ribo_depletion", "t_pnr": 3523.49999999955, "dt_walking_dead": 145.79999999994106, "N_RNAP": 17, "N_Ribo": 4, "N_ATP": 1000, "seed": 47}