{"t_death": 5011.649999998948, "death_mode": "ribo_collapse", "pnr_type": "ribo_depletion", "t_pnr": 3226.9499999996697, "dt_walking_dead": 1784.6999999992786, "N_RNAP": 11, "N_Ribo": 17, "N_ATP": 1000, "seed": 20}