{"t_death": 3507.2999999995563, "death_mode": "ribo_collapse", "pnr_type": "ribo_depletion", "t_pnr": 3048.299999999742, "dt_walking_dead": 458.99999999981446, "N_RNAP": 27, "N_Ribo": 27, "N_ATP": 1000, "seed": 84}