{"t_death": 6499.799999998347, "death_mode": "ribo_collapse", "pnr_type": "ribo_depletion", "t_pnr": 5874.749999998599, "dt_walking_dead": 625.0499999997473, "N_RNAP": 41, "N_Ribo": 100, "N_ATP": 1000, "seed": 98}