{"t_death": 5282.099999998839, "death_mode": "ribo_collapse", "pnr_type": "ribo_depletion", "t_pnr": 2651.3999999999023, "dt_walking_dead": 2630.6999999989366, "N_RNAP": 17, "N_Ribo": 3, "N_ATP": 1000, "seed": 15}