{"t_death": 1841.4000000001251, "death_mode": "cycle_collapse", "pnr_type": "rnap_deadlock", "t_pnr": 1702.8000000001111, "dt_walking_dead": 138.600000000014, "N_RNAP": 3, "N_Ribo": 4, "N_ATP": 1000, "seed": 26}