{"t_death": 7027.649999998133, "death_mode": "ribo_collapse", "pnr_type": "ribo_depletion", "t_pnr": 2013.7500000001426, "dt_walking_dead": 5013.899999997991, "N_RNAP": 64, "N_Ribo": 7, "N_ATP": 1000, "seed": 43}