{"t_death": 4310.099999999232, "death_mode": "ribo_collapse", "pnr_type": "ribo_depletion", "t_pnr": 2629.799999999911, "dt_walking_dead": 1680.2999999993208, "N_RNAP": 64, "N_Ribo": 3, "N_ATP": 1000, "seed": 17}