{"t_death": 4444.649999999177, "death_mode": "ribo_collapse", "pnr_type": "ribo_depletion", "t_pnr": 1919.250000000133, "dt_walking_dead": 2525.3999999990447, "N_RNAP": 64, "N_Ribo": 2, "N_ATP": 1000, "seed": 18}