{"t_death": 2035.8000000001448, "death_mode": "cycle_collapse", "pnr_type": "rnap_deadlock", "t_pnr": 1920.150000000133, "dt_walking_dead": 115.65000000001169, "N_RNAP": 11, "N_Ribo": 17, "N_ATP": 1000, "seed": 38}