{"t_death": 4497.299999999156, "death_mode": "ribo_collapse", "pnr_type": "ribo_depletion", "t_pnr": 3771.4499999994496, "dt_walking_dead": 725.8499999997066, "N_RNAP": 4, "N_Ribo": 64, "N_ATP": 1000, "seed": 13}