{"t_death": 560.6999999999958, "death_mode": "cycle_collapse", "pnr_type": "rnap_deadlock", "t_pnr": 550.3499999999948, "dt_walking_dead": 10.350000000001046, "N_RNAP": 2, "N_Ribo": 7, "N_ATP": 1000, "seed": 1}