{"t_death": 3907.7999999993945, "death_mode": "ribo_collapse", "pnr_type": "ribo_depletion", "t_pnr": 3719.6999999994705, "dt_walking_dead": 188.09999999992397, "N_RNAP": 2, "N_Ribo": 17, "N_ATP": 1000, "seed": 99}