{"t_death": 6815.249999998219, "death_mode": "ribo_collapse", "pnr_type": "ribo_depletion", "t_pnr": 4352.399999999215, "dt_walking_dead": 2462.8499999990045, "N_RNAP": 64, "N_Ribo": 41, "N_ATP": 1000, "seed": 11}