{"t_death": 4637.2499999991, "death_mode": "ribo_collapse", "pnr_type": "ribo_depletion", "t_pnr": 3240.899999999664, "dt_walking_dead": 1396.3499999994356, "N_RNAP": 64, "N_Ribo": 11, "N_ATP": 1000, "seed": 86}