{"t_death": 2884.949999999808, "death_mode": "ribo_collapse", "pnr_type": "ribo_depletion", "t_pnr": 832.5000000000233, "dt_walking_dead": 2052.4499999997847, "N_RNAP": 41, "N_Ribo": 3, "N_ATP": 1000, "seed": 80}