{"t_death": 3500.999999999559, "death_mode": "ribo_collapse", "pnr_type": "ribo_depletion", "t_pnr": 2002.9500000001415, "dt_walking_dead": 1498.0499999994174, "N_RNAP": 27, "N_Ribo": 4, "N_ATP": 1000, "seed": 74}