{"t_death": 4540.049999999139, "death_mode": "ribo_collapse", "pnr_type": "ribo_depletion", "t_pnr": 3645.4499999995005, "dt_walking_dead": 894.5999999996384, "N_RNAP": 100, "N_Ribo": 7, "N_ATP": 1000, "seed": 33}