{"t_death": 2815.649999999836, "death_mode": "ribo_collapse", "pnr_type": "ribo_depletion", "t_pnr": 566.9999999999965, "dt_walking_dead": 2248.6499999998396, "N_RNAP": 4, "N_Ribo": 2, "N_ATP": 1000, "seed": 28}