{"t_death": 3326.3999999996295, "death_mode": "cycle_collapse", "pnr_type": "rnap_deadlock", "t_pnr": 3273.299999999651, "dt_walking_dead": 53.099999999978536, "N_RNAP": 11, "N_Ribo": 100, "N_ATP": 1000, "seed": 52}