{"t_death": 2065.0500000001393, "death_mode": "ribo_collapse", "pnr_type": "ribo_depletion", "t_pnr": 1694.7000000001103, "dt_walking_dead": 370.350000000029, "N_RNAP": 4, "N_Ribo": 11, "N_ATP": 1000, "seed": 98}