{"t_death": 3841.649999999421, "death_mode": "ribo_collapse", "pnr_type": "ribo_depletion", "t_pnr": 1975.5000000001387, "dt_walking_dead": 1866.1499999992825, "N_RNAP": 100, "N_Ribo": 4, "N_ATP": 1000, "seed": 61}