{"t_death": 5465.699999998765, "death_mode": "ribo_collapse", "pnr_type": "ribo_depletion", "t_pnr": 2302.2000000000435, "dt_walking_dead": 3163.4999999987213, "N_RNAP": 27, "N_Ribo": 7, "N_ATP": 1000, "seed": 63}