{"t_death": 3504.5999999995574, "death_mode": "ribo_collapse", "pnr_type": "ribo_depletion", "t_pnr": 2972.6999999997724, "dt_walking_dead": 531.899999999785, "N_RNAP": 41, "N_Ribo": 4, "N_ATP": 1000, "seed": 39}