{"t_death": 3540.149999999543, "death_mode": "ribo_collapse", "pnr_type": "ribo_depletion", "t_pnr": 2623.9499999999134, "dt_walking_dead": 916.1999999996297, "N_RNAP": 17, "N_Ribo": 11, "N_ATP": 1000, "seed": 38}