{"t_death": 1354.500000000076, "death_mode": "cycle_collapse", "pnr_type": "rnap_deadlock", "t_pnr": 1152.0000000000555, "dt_walking_dead": 202.50000000002046, "N_RNAP": 2, "N_Ribo": 64, "N_ATP": 1000, "seed": 94}