{"t_death": 4473.449999999166, "death_mode": "ribo_collapse", "pnr_type": "ribo_depletion", "t_pnr": 3792.599999999441, "dt_walking_dead": 680.8499999997248, "N_RNAP": 64, "N_Ribo": 17, "N_ATP": 1000, "seed": 43}