{"t_death": 2336.8500000000295, "death_mode": "cycle_collapse", "pnr_type": "rnap_deadlock", "t_pnr": 2336.8500000000295, "dt_walking_dead": 0.0, "N_RNAP": 11, "N_Ribo": 100, "N_ATP": 1000, "seed": 16}