{"t_death": 2274.7500000000546, "death_mode": "ribo_collapse", "pnr_type": "ribo_depletion", "t_pnr": 1721.700000000113, "dt_walking_dead": 553.0499999999415, "N_RNAP": 2, "N_Ribo": 2, "N_ATP": 1000, "seed": 69}