{"t_death": 3614.849999999513, "death_mode": "ribo_collapse", "pnr_type": "ribo_depletion", "t_pnr": 1618.6500000001026, "dt_walking_dead": 1996.1999999994102, "N_RNAP": 3, "N_Ribo": 11, "N_ATP": 1000, "seed": 33}