{"t_death": 2741.8499999998658, "death_mode": "ribo_collapse", "pnr_type": "ribo_depletion", "t_pnr": 2286.00000000005, "dt_walking_dead": 455.84999999981574, "N_RNAP": 27, "N_Ribo": 11, "N_ATP": 1000, "seed": 57}