{"t_death": 2045.7000000001458, "death_mode": "ribo_collapse", "pnr_type": "ribo_depletion", "t_pnr": 1354.500000000076, "dt_walking_dead": 691.2000000000698, "N_RNAP": 7, "N_Ribo": 3, "N_ATP": 1000, "seed": 76}