{"t_death": 3246.299999999662, "death_mode": "ribo_collapse", "pnr_type": "ribo_depletion", "t_pnr": 1472.850000000088, "dt_walking_dead": 1773.449999999574, "N_RNAP": 27, "N_Ribo": 3, "N_ATP": 1000, "seed": 61}