{"t_death": 3851.549999999417, "death_mode": "ribo_collapse", "pnr_type": "ribo_depletion", "t_pnr": 1937.2500000001348, "dt_walking_dead": 1914.2999999992824, "N_RNAP": 4, "N_Ribo": 4, "N_ATP": 1000, "seed": 54}