{"t_death": 3528.8999999995476, "death_mode": "ribo_collapse", "pnr_type": "ribo_depletion", "t_pnr": 3256.199999999658, "dt_walking_dead": 272.69999999988977, "N_RNAP": 11, "N_Ribo": 27, "N_ATP": 1000, "seed": 74}