{"t_death": 5822.99999999862, "death_mode": "ribo_collapse", "pnr_type": "ribo_depletion", "t_pnr": 500.84999999999116, "dt_walking_dead": 5322.149999998629, "N_RNAP": 2, "N_Ribo": 4, "N_ATP": 1000, "seed": 85}