{"t_death": 2863.3499999998166, "death_mode": "ribo_collapse", "pnr_type": "ribo_depletion", "t_pnr": 2554.6499999999414, "dt_walking_dead": 308.6999999998752, "N_RNAP": 11, "N_Ribo": 3, "N_ATP": 1000, "seed": 54}