{"t_death": 3093.7499999997235, "death_mode": "ribo_collapse", "pnr_type": "ribo_depletion", "t_pnr": 2214.9000000000788, "dt_walking_dead": 878.8499999996448, "N_RNAP": 27, "N_Ribo": 4, "N_ATP": 1000, "seed": 65}