{"t_death": 3850.1999999994177, "death_mode": "ribo_collapse", "pnr_type": "ribo_depletion", "t_pnr": 3264.7499999996544, "dt_walking_dead": 585.4499999997633, "N_RNAP": 41, "N_Ribo": 17, "N_ATP": 1000, "seed": 77}