{"t_death": 2163.1500000000997, "death_mode": "cycle_collapse", "pnr_type": "rnap_deadlock", "t_pnr": 2038.950000000145, "dt_walking_dead": 124.19999999995457, "N_RNAP": 3, "N_Ribo": 100, "N_ATP": 1000, "seed": 41}