{"t_death": 4162.049999999292, "death_mode": "ribo_collapse", "pnr_type": "ribo_depletion", "t_pnr": 2566.3499999999367, "dt_walking_dead": 1595.699999999355, "N_RNAP": 27, "N_Ribo": 17, "N_ATP": 1000, "seed": 91}