{"t_death": 3947.3999999993785, "death_mode": "cycle_collapse", "pnr_type": "rnap_deadlock", "t_pnr": 3860.9999999994134, "dt_walking_dead": 86.39999999996508, "N_RNAP": 17, "N_Ribo": 7, "N_ATP": 1000, "seed": 69}