{"t_death": 5606.099999998708, "death_mode": "ribo_collapse", "pnr_type": "ribo_depletion", "t_pnr": 2872.349999999813, "dt_walking_dead": 2733.749999998895, "N_RNAP": 41, "N_Ribo": 11, "N_ATP": 1000, "seed": 33}