{"t_death": 3548.24999999954, "death_mode": "ribo_collapse", "pnr_type": "ribo_depletion", "t_pnr": 2504.249999999962, "dt_walking_dead": 1043.999999999578, "N_RNAP": 64, "N_Ribo": 3, "N_ATP": 1000, "seed": 65}