{"t_death": 6234.299999998454, "death_mode": "ribo_collapse", "pnr_type": "ribo_depletion", "t_pnr": 5007.59999999895, "dt_walking_dead": 1226.6999999995041, "N_RNAP": 27, "N_Ribo": 41, "N_ATP": 1000, "seed": 79}