{"t_death": 6470.099999998359, "death_mode": "ribo_collapse", "pnr_type": "ribo_depletion", "t_pnr": 2805.74999999984, "dt_walking_dead": 3664.349999998519, "N_RNAP": 64, "N_Ribo": 3, "N_ATP": 1000, "seed": 86}