{"t_death": 1234.3500000000638, "death_mode": "cycle_collapse", "pnr_type": "rnap_deadlock", "t_pnr": 1234.3500000000638, "dt_walking_dead": 0.0, "N_RNAP": 11, "N_Ribo": 64, "N_ATP": 1000, "seed": 55}