{"t_death": 4739.849999999058, "death_mode": "cycle_collapse", "pnr_type": "rnap_deadlock", "t_pnr": 4624.649999999105, "dt_walking_dead": 115.19999999995343, "N_RNAP": 41, "N_Ribo": 7, "N_ATP": 1000, "seed": 9}