{"t_death": 4419.8999999991875, "death_mode": "ribo_collapse", "pnr_type": "ribo_depletion", "t_pnr": 906.3000000000308, "dt_walking_dead": 3513.599999999157, "N_RNAP": 27, "N_Ribo": 3, "N_ATP": 1000, "seed": 16}