{"t_death": 4840.199999999018, "death_mode": "ribo_collapse", "pnr_type": "ribo_depletion", "t_pnr": 2952.4499999997806, "dt_walking_dead": 1887.749999999237, "N_RNAP": 100, "N_Ribo": 17, "N_ATP": 1000, "seed": 8}