{"t_death": 3636.449999999504, "death_mode": "cycle_collapse", "pnr_type": "rnap_deadlock", "t_pnr": 3629.699999999507, "dt_walking_dead": 6.7499999999972715, "N_RNAP": 64, "N_Ribo": 7, "N_ATP": 1000, "seed": 56}