{"t_death": 2900.2499999998017, "death_mode": "ribo_collapse", "pnr_type": "ribo_depletion", "t_pnr": 411.2999999999934, "dt_walking_dead": 2488.9499999998084, "N_RNAP": 11, "N_Ribo": 2, "N_ATP": 1000, "seed": 2}