{"t_death": 1579.0500000000986, "death_mode": "cycle_collapse", "pnr_type": "rnap_deadlock", "t_pnr": 1350.9000000000756, "dt_walking_dead": 228.15000000002306, "N_RNAP": 4, "N_Ribo": 4, "N_ATP": 1000, "seed": 60}