{"t_death": 2925.8999999997914, "death_mode": "ribo_collapse", "pnr_type": "ribo_depletion", "t_pnr": 422.09999999999314, "dt_walking_dead": 2503.7999999997983, "N_RNAP": 4, "N_Ribo": 3, "N_ATP": 1000, "seed": 3}