{"t_death": 3352.049999999619, "death_mode": "ribo_collapse", "pnr_type": "ribo_depletion", "t_pnr": 1511.5500000000918, "dt_walking_dead": 1840.4999999995273, "N_RNAP": 7, "N_Ribo": 11, "N_ATP": 1000, "seed": 48}