{"t_death": 7429.499999997971, "death_mode": "cycle_collapse", "pnr_type": "rnap_deadlock", "t_pnr": 7144.649999998086, "dt_walking_dead": 284.84999999988486, "N_RNAP": 27, "N_Ribo": 100, "N_ATP": 1000, "seed": 67}