{"t_death": 3515.399999999553, "death_mode": "ribo_collapse", "pnr_type": "ribo_depletion", "t_pnr": 1979.100000000139, "dt_walking_dead": 1536.299999999414, "N_RNAP": 100, "N_Ribo": 7, "N_ATP": 1000, "seed": 47}