{"t_death": 2619.899999999915, "death_mode": "ribo_collapse", "pnr_type": "ribo_depletion", "t_pnr": 2521.349999999955, "dt_walking_dead": 98.54999999996016, "N_RNAP": 27, "N_Ribo": 7, "N_ATP": 1000, "seed": 96}