{"t_death": 8238.149999997737, "death_mode": "ribo_collapse", "pnr_type": "ribo_depletion", "t_pnr": 1513.800000000092, "dt_walking_dead": 6724.349999997645, "N_RNAP": 41, "N_Ribo": 11, "N_ATP": 1000, "seed": 50}