{"t_death": 4904.099999998992, "death_mode": "ribo_collapse", "pnr_type": "ribo_depletion", "t_pnr": 2569.0499999999356, "dt_walking_dead": 2335.049999999056, "N_RNAP": 17, "N_Ribo": 4, "N_ATP": 1000, "seed": 3}