{"t_death": 1841.4000000001251, "death_mode": "ribo_collapse", "pnr_type": "ribo_depletion", "t_pnr": 820.3500000000221, "dt_walking_dead": 1021.0500000001031, "N_RNAP": 7, "N_Ribo": 2, "N_ATP": 1000, "seed": 82}