{"t_death": 3387.5999999996047, "death_mode": "cycle_collapse", "pnr_type": "rnap_deadlock", "t_pnr": 3379.949999999608, "dt_walking_dead": 7.649999999996908, "N_RNAP": 11, "N_Ribo": 17, "N_ATP": 1000, "seed": 67}