{"t_death": 3302.999999999639, "death_mode": "cycle_collapse", "pnr_type": "rnap_deadlock", "t_pnr": 3195.4499999996824, "dt_walking_dead": 107.54999999995653, "N_RNAP": 4, "N_Ribo": 7, "N_ATP": 1000, "seed": 64}