{"t_death": 6079.049999998517, "death_mode": "ribo_collapse", "pnr_type": "ribo_depletion", "t_pnr": 3505.0499999995573, "dt_walking_dead": 2573.9999999989595, "N_RNAP": 7, "N_Ribo": 64, "N_ATP": 1000, "seed": 62}