{"t_death": 2051.100000000145, "death_mode": "cycle_collapse", "pnr_type": "rnap_deadlock", "t_pnr": 1816.2000000001226, "dt_walking_dead": 234.90000000002237, "N_RNAP": 7, "N_Ribo": 11, "N_ATP": 1000, "seed": 86}