{"t_death": 5003.099999998952, "death_mode": "cycle_collapse", "pnr_type": "rnap_deadlock", "t_pnr": 4822.649999999025, "dt_walking_dead": 180.44999999992706, "N_RNAP": 7, "N_Ribo": 100, "N_ATP": 1000, "seed": 62}