{"t_death": 2661.2999999998983, "death_mode": "cycle_collapse", "pnr_type": "rnap_deadlock", "t_pnr": 2531.249999999951, "dt_walking_dead": 130.04999999994743, "N_RNAP": 17, "N_Ribo": 7, "N_ATP": 1000, "seed": 60}