{"t_death": 2431.799999999991, "death_mode": "ribo_collapse", "pnr_type": "ribo_depletion", "t_pnr": 485.09999999999155, "dt_walking_dead": 1946.6999999999996, "N_RNAP": 3, "N_Ribo": 2, "N_ATP": 1000, "seed": 3}