{"t_death": 1859.850000000127, "death_mode": "ribo_collapse", "pnr_type": "ribo_depletion", "t_pnr": 1539.0000000000946, "dt_walking_dead": 320.8500000000324, "N_RNAP": 3, "N_Ribo": 2, "N_ATP": 1000, "seed": 82}