{"t_death": 8410.499999998015, "death_mode": "ribo_collapse", "pnr_type": "ribo_depletion", "t_pnr": 2567.2499999999363, "dt_walking_dead": 5843.249999998079, "N_RNAP": 41, "N_Ribo": 7, "N_ATP": 1000, "seed": 93}