{"t_death": 5097.5999999989135, "death_mode": "cycle_collapse", "pnr_type": "rnap_deadlock", "t_pnr": 4899.149999998994, "dt_walking_dead": 198.44999999991978, "N_RNAP": 7, "N_Ribo": 64, "N_ATP": 1000, "seed": 43}