{"t_death": 2010.1500000001422, "death_mode": "cycle_collapse", "pnr_type": "rnap_deadlock", "t_pnr": 2010.1500000001422, "dt_walking_dead": 0.0, "N_RNAP": 11, "N_Ribo": 17, "N_ATP": 1000, "seed": 11}