{"t_death": 4999.949999998953, "death_mode": "ribo_collapse", "pnr_type": "ribo_depletion", "t_pnr": 1075.0500000000477, "dt_walking_dead": 3924.8999999989055, "N_RNAP": 11, "N_Ribo": 4, "N_ATP": 1000, "seed": 6}