{"t_death": 3272.849999999651, "death_mode": "ribo_collapse", "pnr_type": "ribo_depletion", "t_pnr": 3154.499999999699, "dt_walking_dead": 118.34999999995216, "N_RNAP": 11, "N_Ribo": 17, "N_ATP": 1000, "seed": 54}