{"t_death": 6255.899999998445, "death_mode": "ribo_collapse", "pnr_type": "ribo_depletion", "t_pnr": 5904.449999998587, "dt_walking_dead": 351.44999999985794, "N_RNAP": 27, "N_Ribo": 7, "N_ATP": 1000, "seed": 48}