{"t_death": 2707.6499999998796, "death_mode": "cycle_collapse", "pnr_type": "rnap_deadlock", "t_pnr": 2661.749999999898, "dt_walking_dead": 45.899999999981446, "N_RNAP": 2, "N_Ribo": 41, "N_ATP": 1000, "seed": 19}