{"t_death": 2649.599999999903, "death_mode": "ribo_collapse", "pnr_type": "ribo_depletion", "t_pnr": 1011.6000000000414, "dt_walking_dead": 1637.9999999998618, "N_RNAP": 27, "N_Ribo": 3, "N_ATP": 1000, "seed": 72}