{"t_death": 2375.100000000014, "death_mode": "ribo_collapse", "pnr_type": "ribo_depletion", "t_pnr": 1112.8500000000515, "dt_walking_dead": 1262.2499999999625, "N_RNAP": 11, "N_Ribo": 7, "N_ATP": 1000, "seed": 34}