{"t_death": 7098.749999998105, "death_mode": "cycle_collapse", "pnr_type": "rnap_deadlock", "t_pnr": 6720.299999998258, "dt_walking_dead": 378.449999999847, "N_RNAP": 64, "N_Ribo": 27, "N_ATP": 1000, "seed": 83}