{"t_death": 3417.2999999995927, "death_mode": "ribo_collapse", "pnr_type": "ribo_depletion", "t_pnr": 2098.350000000126, "dt_walking_dead": 1318.9499999994669, "N_RNAP": 17, "N_Ribo": 27, "N_ATP": 1000, "seed": 10}