{"t_death": 1464.300000000087, "death_mode": "cycle_collapse", "pnr_type": "rnap_deadlock", "t_pnr": 1459.3500000000865, "dt_walking_dead": 4.9500000000005, "N_RNAP": 4, "N_Ribo": 100, "N_ATP": 1000, "seed": 43}