{"t_death": 3638.2499999995034, "death_mode": "ribo_collapse", "pnr_type": "ribo_depletion", "t_pnr": 2012.8500000001425, "dt_walking_dead": 1625.399999999361, "N_RNAP": 64, "N_Ribo": 11, "N_ATP": 1000, "seed": 44}