{"t_death": 5528.249999998739, "death_mode": "ribo_collapse", "pnr_type": "ribo_depletion", "t_pnr": 3325.9499999996297, "dt_walking_dead": 2202.29999999911, "N_RNAP": 64, "N_Ribo": 4, "N_ATP": 1000, "seed": 81}