{"t_death": 4881.599999999001, "death_mode": "ribo_collapse", "pnr_type": "ribo_depletion", "t_pnr": 3668.849999999491, "dt_walking_dead": 1212.7499999995098, "N_RNAP": 100, "N_Ribo": 17, "N_ATP": 1000, "seed": 32}