{"t_death": 4135.949999999302, "death_mode": "ribo_collapse", "pnr_type": "ribo_depletion", "t_pnr": 2759.8499999998585, "dt_walking_dead": 1376.0999999994438, "N_RNAP": 7, "N_Ribo": 7, "N_ATP": 1000, "seed": 5}