{"t_death": 1107.000000000051, "death_mode": "cycle_collapse", "pnr_type": "rnap_deadlock", "t_pnr": 892.3500000000294, "dt_walking_dead": 214.65000000002158, "N_RNAP": 3, "N_Ribo": 11, "N_ATP": 1000, "seed": 7}