{"t_death": 3830.8499999994256, "death_mode": "cycle_collapse", "pnr_type": "rnap_deadlock", "t_pnr": 3593.6999999995214, "dt_walking_dead": 237.14999999990414, "N_RNAP": 3, "N_Ribo": 64, "N_ATP": 1000, "seed": 26}