{"t_death": 2079.4500000001335, "death_mode": "cycle_collapse", "pnr_type": "rnap_deadlock", "t_pnr": 2026.3500000001438, "dt_walking_dead": 53.09999999998968, "N_RNAP": 2, "N_Ribo": 11, "N_ATP": 1000, "seed": 1}