{"t_death": 1523.700000000093, "death_mode": "cycle_collapse", "pnr_type": "rnap_deadlock", "t_pnr": 1464.750000000087, "dt_walking_dead": 58.95000000000596, "N_RNAP": 11, "N_Ribo": 7, "N_ATP": 1000, "seed": 31}