{"t_death": 5714.549999998664, "death_mode": "ribo_collapse", "pnr_type": "ribo_depletion", "t_pnr": 2284.6500000000506, "dt_walking_dead": 3429.8999999986136, "N_RNAP": 27, "N_Ribo": 4, "N_ATP": 1000, "seed": 57}