{"t_death": 529.1999999999927, "death_mode": "cycle_collapse", "pnr_type": "rnap_deadlock", "t_pnr": 418.49999999999324, "dt_walking_dead": 110.69999999999942, "N_RNAP": 3, "N_Ribo": 7, "N_ATP": 1000, "seed": 65}