{"t_death": 5312.249999998827, "death_mode": "ribo_collapse", "pnr_type": "ribo_depletion", "t_pnr": 3894.2999999994, "dt_walking_dead": 1417.9499999994268, "N_RNAP": 7, "N_Ribo": 100, "N_ATP": 1000, "seed": 18}