{"t_death": 1210.0500000000613, "death_mode": "cycle_collapse", "pnr_type": "rnap_deadlock", "t_pnr": 1128.150000000053, "dt_walking_dead": 81.90000000000828, "N_RNAP": 3, "N_Ribo": 11, "N_ATP": 1000, "seed": 65}