{"t_death": 3500.999999999559, "death_mode": "ribo_collapse", "pnr_type": "ribo_depletion", "t_pnr": 2650.049999999903, "dt_walking_dead": 850.949999999656, "N_RNAP": 2, "N_Ribo": 27, "N_ATP": 1000, "seed": 16}