{"t_death": 4404.149999999194, "death_mode": "ribo_collapse", "pnr_type": "ribo_depletion", "t_pnr": 2395.350000000006, "dt_walking_dead": 2008.799999999188, "N_RNAP": 41, "N_Ribo": 11, "N_ATP": 1000, "seed": 38}