{"t_death": 7247.249999998045, "death_mode": "ribo_collapse", "pnr_type": "ribo_depletion", "t_pnr": 5103.899999998911, "dt_walking_dead": 2143.3499999991336, "N_RNAP": 100, "N_Ribo": 11, "N_ATP": 1000, "seed": 78}