{"t_death": 2655.8999999999005, "death_mode": "ribo_collapse", "pnr_type": "ribo_depletion", "t_pnr": 741.6000000000141, "dt_walking_dead": 1914.2999999998865, "N_RNAP": 17, "N_Ribo": 4, "N_ATP": 1000, "seed": 56}