{"t_death": 2161.3500000001004, "death_mode": "cycle_collapse", "pnr_type": "rnap_deadlock", "t_pnr": 1981.8000000001393, "dt_walking_dead": 179.54999999996107, "N_RNAP": 11, "N_Ribo": 100, "N_ATP": 1000, "seed": 53}