{"t_death": 6275.699999998437, "death_mode": "ribo_collapse", "pnr_type": "ribo_depletion", "t_pnr": 2172.600000000096, "dt_walking_dead": 4103.099999998341, "N_RNAP": 7, "N_Ribo": 2, "N_ATP": 1000, "seed": 50}