{"t_death": 7093.349999998107, "death_mode": "ribo_collapse", "pnr_type": "ribo_depletion", "t_pnr": 1664.1000000001072, "dt_walking_dead": 5429.249999997999, "N_RNAP": 64, "N_Ribo": 7, "N_ATP": 1000, "seed": 47}