{"t_death": 3892.4999999994006, "death_mode": "ribo_collapse", "pnr_type": "ribo_depletion", "t_pnr": 3170.6999999996924, "dt_walking_dead": 721.7999999997082, "N_RNAP": 11, "N_Ribo": 7, "N_ATP": 1000, "seed": 61}