{"t_death": 4301.999999999235, "death_mode": "cycle_collapse", "pnr_type": "rnap_deadlock", "t_pnr": 4200.299999999276, "dt_walking_dead": 101.69999999995889, "N_RNAP": 2, "N_Ribo": 41, "N_ATP": 1000, "seed": 13}