{"t_death": 4680.899999999082, "death_mode": "ribo_collapse", "pnr_type": "ribo_depletion", "t_pnr": 1522.350000000093, "dt_walking_dead": 3158.549999998989, "N_RNAP": 11, "N_Ribo": 7, "N_ATP": 1000, "seed": 64}