{"t_death": 7068.599999998117, "death_mode": "ribo_collapse", "pnr_type": "ribo_depletion", "t_pnr": 2747.6999999998634, "dt_walking_dead": 4320.899999998253, "N_RNAP": 64, "N_Ribo": 11, "N_ATP": 1000, "seed": 74}