{"t_death": 5603.849999998709, "death_mode": "ribo_collapse", "pnr_type": "ribo_depletion", "t_pnr": 2333.7000000000307, "dt_walking_dead": 3270.149999998678, "N_RNAP": 64, "N_Ribo": 4, "N_ATP": 1000, "seed": 97}