{"t_death": 4471.6499999991665, "death_mode": "cycle_collapse", "pnr_type": "rnap_deadlock", "t_pnr": 4459.949999999171, "dt_walking_dead": 11.69999999999527, "N_RNAP": 41, "N_Ribo": 27, "N_ATP": 1000, "seed": 34}