{"t_death": 6226.649999998457, "death_mode": "ribo_collapse", "pnr_type": "ribo_depletion", "t_pnr": 1716.3000000001125, "dt_walking_dead": 4510.349999998345, "N_RNAP": 11, "N_Ribo": 2, "N_ATP": 1000, "seed": 43}