{"t_death": 4639.9499999990985, "death_mode": "cycle_collapse", "pnr_type": "rnap_deadlock", "t_pnr": 4386.149999999201, "dt_walking_dead": 253.7999999998974, "N_RNAP": 41, "N_Ribo": 64, "N_ATP": 1000, "seed": 48}