{"t_death": 2434.94999999999, "death_mode": "ribo_collapse", "pnr_type": "ribo_depletion", "t_pnr": 1701.000000000111, "dt_walking_dead": 733.9499999998789, "N_RNAP": 4, "N_Ribo": 11, "N_ATP": 1000, "seed": 11}