{"t_death": 1327.9500000000733, "death_mode": "ribo_collapse", "pnr_type": "ribo_depletion", "t_pnr": 1112.8500000000515, "dt_walking_dead": 215.10000000002174, "N_RNAP": 4, "N_Ribo": 2, "N_ATP": 1000, "seed": 7}