{"t_death": 3424.49999999959, "death_mode": "ribo_collapse", "pnr_type": "ribo_depletion", "t_pnr": 630.0000000000028, "dt_walking_dead": 2794.499999999587, "N_RNAP": 27, "N_Ribo": 3, "N_ATP": 1000, "seed": 33}