{"t_death": 4145.849999999298, "death_mode": "ribo_collapse", "pnr_type": "ribo_depletion", "t_pnr": 2521.7999999999547, "dt_walking_dead": 1624.0499999993435, "N_RNAP": 11, "N_Ribo": 27, "N_ATP": 1000, "seed": 72}