{"t_death": 4808.69999999903, "death_mode": "ribo_collapse", "pnr_type": "ribo_depletion", "t_pnr": 3930.749999999385, "dt_walking_dead": 877.9499999996451, "N_RNAP": 64, "N_Ribo": 41, "N_ATP": 1000, "seed": 67}