{"t_death": 3828.5999999994265, "death_mode": "ribo_collapse", "pnr_type": "ribo_depletion", "t_pnr": 3117.149999999714, "dt_walking_dead": 711.4499999997124, "N_RNAP": 7, "N_Ribo": 11, "N_ATP": 1000, "seed": 9}