{"t_death": 4323.599999999226, "death_mode": "ribo_collapse", "pnr_type": "ribo_depletion", "t_pnr": 3807.899999999435, "dt_walking_dead": 515.6999999997915, "N_RNAP": 27, "N_Ribo": 41, "N_ATP": 1000, "seed": 1}