{"t_death": 3563.099999999534, "death_mode": "ribo_collapse", "pnr_type": "ribo_depletion", "t_pnr": 3320.9999999996317, "dt_walking_dead": 242.09999999990214, "N_RNAP": 17, "N_Ribo": 7, "N_ATP": 1000, "seed": 14}