{"t_death": 5682.599999998677, "death_mode": "ribo_collapse", "pnr_type": "ribo_depletion", "t_pnr": 2314.3500000000386, "dt_walking_dead": 3368.2499999986385, "N_RNAP": 41, "N_Ribo": 2, "N_ATP": 1000, "seed": 34}