{"t_death": 4410.899999999191, "death_mode": "cycle_collapse", "pnr_type": "rnap_deadlock", "t_pnr": 4400.0999999991955, "dt_walking_dead": 10.799999999995634, "N_RNAP": 41, "N_Ribo": 11, "N_ATP": 1000, "seed": 16}