{"t_death": 4375.799999999205, "death_mode": "ribo_collapse", "pnr_type": "ribo_depletion", "t_pnr": 2444.849999999986, "dt_walking_dead": 1930.9499999992195, "N_RNAP": 64, "N_Ribo": 4, "N_ATP": 1000, "seed": 87}