{"t_death": 7940.699999997764, "death_mode": "ribo_collapse", "pnr_type": "ribo_depletion", "t_pnr": 4595.3999999991165, "dt_walking_dead": 3345.2999999986478, "N_RNAP": 64, "N_Ribo": 41, "N_ATP": 1000, "seed": 32}