{"t_death": 2060.1000000001413, "death_mode": "ribo_collapse", "pnr_type": "ribo_depletion", "t_pnr": 1574.1000000000981, "dt_walking_dead": 486.0000000000432, "N_RNAP": 17, "N_Ribo": 4, "N_ATP": 1000, "seed": 17}