{"t_death": 3333.1499999996267, "death_mode": "ribo_collapse", "pnr_type": "ribo_depletion", "t_pnr": 1946.2500000001357, "dt_walking_dead": 1386.899999999491, "N_RNAP": 17, "N_Ribo": 11, "N_ATP": 1000, "seed": 61}