{"t_death": 4372.649999999207, "death_mode": "ribo_collapse", "pnr_type": "ribo_depletion", "t_pnr": 2300.400000000044, "dt_walking_dead": 2072.2499999991624, "N_RNAP": 27, "N_Ribo": 11, "N_ATP": 1000, "seed": 11}