{"t_death": 2510.999999999959, "death_mode": "ribo_collapse", "pnr_type": "ribo_depletion", "t_pnr": 1303.2000000000708, "dt_walking_dead": 1207.7999999998883, "N_RNAP": 2, "N_Ribo": 3, "N_ATP": 1000, "seed": 48}