{"t_death": 5719.049999998662, "death_mode": "ribo_collapse", "pnr_type": "ribo_depletion", "t_pnr": 5356.349999998809, "dt_walking_dead": 362.6999999998534, "N_RNAP": 64, "N_Ribo": 41, "N_ATP": 1000, "seed": 73}