{"t_death": 6073.649999998519, "death_mode": "ribo_collapse", "pnr_type": "ribo_depletion", "t_pnr": 5050.349999998933, "dt_walking_dead": 1023.2999999995864, "N_RNAP": 100, "N_Ribo": 3, "N_ATP": 1000, "seed": 15}