{"t_death": 3321.4499999996315, "death_mode": "ribo_collapse", "pnr_type": "ribo_depletion", "t_pnr": 1251.9000000000656, "dt_walking_dead": 2069.549999999566, "N_RNAP": 2, "N_Ribo": 11, "N_ATP": 1000, "seed": 95}