{"t_death": 1672.650000000108, "death_mode": "ribo_collapse", "pnr_type": "ribo_depletion", "t_pnr": 1418.4000000000824, "dt_walking_dead": 254.2500000000257, "N_RNAP": 7, "N_Ribo": 7, "N_ATP": 1000, "seed": 19}