{"t_death": 4042.34999999934, "death_mode": "ribo_collapse", "pnr_type": "ribo_depletion", "t_pnr": 2488.499999999968, "dt_walking_dead": 1553.849999999372, "N_RNAP": 17, "N_Ribo": 11, "N_ATP": 1000, "seed": 41}