{"t_death": 1456.2000000000862, "death_mode": "ribo_collapse", "pnr_type": "ribo_depletion", "t_pnr": 1210.9500000000614, "dt_walking_dead": 245.25000000002478, "N_RNAP": 2, "N_Ribo": 4, "N_ATP": 1000, "seed": 83}