{"t_death": 1965.6000000001377, "death_mode": "cycle_collapse", "pnr_type": "rnap_deadlock", "t_pnr": 1927.3500000001338, "dt_walking_dead": 38.250000000003865, "N_RNAP": 7, "N_Ribo": 27, "N_ATP": 1000, "seed": 76}