{"t_death": 3535.199999999545, "death_mode": "ribo_collapse", "pnr_type": "ribo_depletion", "t_pnr": 3065.849999999735, "dt_walking_dead": 469.3499999998103, "N_RNAP": 11, "N_Ribo": 17, "N_ATP": 1000, "seed": 88}