{"t_death": 1561.950000000097, "death_mode": "cycle_collapse", "pnr_type": "rnap_deadlock", "t_pnr": 1538.1000000000945, "dt_walking_dead": 23.85000000000241, "N_RNAP": 11, "N_Ribo": 7, "N_ATP": 1000, "seed": 17}