{"t_death": 7891.199999997784, "death_mode": "ribo_collapse", "pnr_type": "ribo_depletion", "t_pnr": 3259.3499999996566, "dt_walking_dead": 4631.849999998128, "N_RNAP": 64, "N_Ribo": 3, "N_ATP": 1000, "seed": 13}