{"t_death": 4990.949999998957, "death_mode": "cycle_collapse", "pnr_type": "rnap_deadlock", "t_pnr": 4985.999999998959, "dt_walking_dead": 4.949999999997999, "N_RNAP": 17, "N_Ribo": 100, "N_ATP": 1000, "seed": 69}