{"t_death": 3788.099999999443, "death_mode": "ribo_collapse", "pnr_type": "ribo_depletion", "t_pnr": 2887.649999999807, "dt_walking_dead": 900.449999999636, "N_RNAP": 41, "N_Ribo": 3, "N_ATP": 1000, "seed": 37}