{"t_death": 6220.7999999984595, "death_mode": "ribo_collapse", "pnr_type": "ribo_depletion", "t_pnr": 458.9999999999922, "dt_walking_dead": 5761.799999998468, "N_RNAP": 64, "N_Ribo": 4, "N_ATP": 1000, "seed": 19}