{"t_death": 4333.499999999222, "death_mode": "ribo_collapse", "pnr_type": "ribo_depletion", "t_pnr": 3083.3999999997277, "dt_walking_dead": 1250.0999999994947, "N_RNAP": 27, "N_Ribo": 27, "N_ATP": 1000, "seed": 60}