{"t_death": 3528.449999999548, "death_mode": "ribo_collapse", "pnr_type": "ribo_depletion", "t_pnr": 2460.1499999999796, "dt_walking_dead": 1068.2999999995682, "N_RNAP": 27, "N_Ribo": 2, "N_ATP": 1000, "seed": 88}