{"t_death": 7775.549999997831, "death_mode": "ribo_collapse", "pnr_type": "ribo_depletion", "t_pnr": 2924.099999999792, "dt_walking_dead": 4851.449999998039, "N_RNAP": 100, "N_Ribo": 2, "N_ATP": 1000, "seed": 90}