{"t_death": 4539.149999999139, "death_mode": "ribo_collapse", "pnr_type": "ribo_depletion", "t_pnr": 3939.2999999993817, "dt_walking_dead": 599.8499999997575, "N_RNAP": 41, "N_Ribo": 11, "N_ATP": 1000, "seed": 41}