{"t_death": 4188.599999999281, "death_mode": "ribo_collapse", "pnr_type": "ribo_depletion", "t_pnr": 4060.7999999993326, "dt_walking_dead": 127.79999999994834, "N_RNAP": 17, "N_Ribo": 4, "N_ATP": 1000, "seed": 19}