{"t_death": 2922.7499999997926, "death_mode": "cycle_collapse", "pnr_type": "rnap_deadlock", "t_pnr": 2800.799999999842, "dt_walking_dead": 121.9499999999507, "N_RNAP": 11, "N_Ribo": 17, "N_ATP": 1000, "seed": 84}