{"t_death": 938.250000000034, "death_mode": "cycle_collapse", "pnr_type": "rnap_deadlock", "t_pnr": 753.3000000000153, "dt_walking_dead": 184.9500000000187, "N_RNAP": 3, "N_Ribo": 4, "N_ATP": 1000, "seed": 86}