{"t_death": 2100.150000000125, "death_mode": "ribo_collapse", "pnr_type": "ribo_depletion", "t_pnr": 409.49999999999346, "dt_walking_dead": 1690.6500000001317, "N_RNAP": 7, "N_Ribo": 4, "N_ATP": 1000, "seed": 9}