{"t_death": 4381.649999999203, "death_mode": "ribo_collapse", "pnr_type": "ribo_depletion", "t_pnr": 1823.8500000001234, "dt_walking_dead": 2557.79999999908, "N_RNAP": 3, "N_Ribo": 17, "N_ATP": 1000, "seed": 27}