{"t_death": 9272.69999999941, "death_mode": "ribo_collapse", "pnr_type": "ribo_depletion", "t_pnr": 1779.3000000001189, "dt_walking_dead": 7493.39999999929, "N_RNAP": 41, "N_Ribo": 2, "N_ATP": 1000, "seed": 1}