{"t_death": 1067.850000000047, "death_mode": "cycle_collapse", "pnr_type": "rnap_deadlock", "t_pnr": 1028.700000000043, "dt_walking_dead": 39.150000000003956, "N_RNAP": 7, "N_Ribo": 2, "N_ATP": 1000, "seed": 48}