{"t_death": 3331.7999999996273, "death_mode": "cycle_collapse", "pnr_type": "rnap_deadlock", "t_pnr": 3331.7999999996273, "dt_walking_dead": 0.0, "N_RNAP": 27, "N_Ribo": 27, "N_ATP": 1000, "seed": 12}