{"t_death": 3063.149999999736, "death_mode": "ribo_collapse", "pnr_type": "ribo_depletion", "t_pnr": 2876.849999999811, "dt_walking_dead": 186.2999999999247, "N_RNAP": 3, "N_Ribo": 4, "N_ATP": 1000, "seed": 83}