{"t_death": 4516.649999999148, "death_mode": "ribo_collapse", "pnr_type": "ribo_depletion", "t_pnr": 3299.84999999964, "dt_walking_dead": 1216.7999999995081, "N_RNAP": 64, "N_Ribo": 2, "N_ATP": 1000, "seed": 37}