{"t_death": 1374.300000000078, "death_mode": "cycle_collapse", "pnr_type": "rnap_deadlock", "t_pnr": 1067.850000000047, "dt_walking_dead": 306.45000000003097, "N_RNAP": 2, "N_Ribo": 27, "N_ATP": 1000, "seed": 24}