{"t_death": 5372.549999998802, "death_mode": "ribo_collapse", "pnr_type": "ribo_depletion", "t_pnr": 5326.199999998821, "dt_walking_dead": 46.349999999981264, "N_RNAP": 17, "N_Ribo": 100, "N_ATP": 1000, "seed": 53}