{"t_death": 5346.899999998813, "death_mode": "ribo_collapse", "pnr_type": "ribo_depletion", "t_pnr": 5249.699999998852, "dt_walking_dead": 97.19999999996071, "N_RNAP": 100, "N_Ribo": 7, "N_ATP": 1000, "seed": 52}