{"t_death": 3859.199999999414, "death_mode": "ribo_collapse", "pnr_type": "ribo_depletion", "t_pnr": 3837.599999999423, "dt_walking_dead": 21.59999999999127, "N_RNAP": 100, "N_Ribo": 7, "N_ATP": 1000, "seed": 92}