{"t_death": 3890.2499999994016, "death_mode": "ribo_collapse", "pnr_type": "ribo_depletion", "t_pnr": 1393.65000000008, "dt_walking_dead": 2496.599999999322, "N_RNAP": 27, "N_Ribo": 4, "N_ATP": 1000, "seed": 59}