{"t_death": 2591.9999999999263, "death_mode": "ribo_collapse", "pnr_type": "ribo_depletion", "t_pnr": 1117.350000000052, "dt_walking_dead": 1474.6499999998744, "N_RNAP": 3, "N_Ribo": 4, "N_ATP": 1000, "seed": 91}