{"t_death": 6789.14999999823, "death_mode": "ribo_collapse", "pnr_type": "ribo_depletion", "t_pnr": 3038.399999999746, "dt_walking_dead": 3750.749999998484, "N_RNAP": 27, "N_Ribo": 17, "N_ATP": 1000, "seed": 33}