{"t_death": 4323.149999999227, "death_mode": "ribo_collapse", "pnr_type": "ribo_depletion", "t_pnr": 3328.1999999996287, "dt_walking_dead": 994.9499999995978, "N_RNAP": 17, "N_Ribo": 7, "N_ATP": 1000, "seed": 92}