{"t_death": 4405.949999999193, "death_mode": "ribo_collapse", "pnr_type": "ribo_depletion", "t_pnr": 1006.6500000000409, "dt_walking_dead": 3399.299999999152, "N_RNAP": 7, "N_Ribo": 4, "N_ATP": 1000, "seed": 2}