{"t_death": 2136.6000000001104, "death_mode": "ribo_collapse", "pnr_type": "ribo_depletion", "t_pnr": 790.200000000019, "dt_walking_dead": 1346.4000000000915, "N_RNAP": 2, "N_Ribo": 4, "N_ATP": 1000, "seed": 33}