{"t_death": 3288.149999999645, "death_mode": "ribo_collapse", "pnr_type": "ribo_depletion", "t_pnr": 673.6500000000073, "dt_walking_dead": 2614.4999999996376, "N_RNAP": 64, "N_Ribo": 3, "N_ATP": 1000, "seed": 99}