{"t_death": 2438.999999999988, "death_mode": "cycle_collapse", "pnr_type": "rnap_deadlock", "t_pnr": 2428.6499999999924, "dt_walking_dead": 10.349999999995816, "N_RNAP": 27, "N_Ribo": 2, "N_ATP": 1000, "seed": 70}