{"t_death": 1878.3000000001289, "death_mode": "ribo_collapse", "pnr_type": "ribo_depletion", "t_pnr": 1543.050000000095, "dt_walking_dead": 335.2500000000339, "N_RNAP": 4, "N_Ribo": 7, "N_ATP": 1000, "seed": 26}