{"t_death": 3331.3499999996275, "death_mode": "ribo_collapse", "pnr_type": "ribo_depletion", "t_pnr": 2452.049999999983, "dt_walking_dead": 879.2999999996446, "N_RNAP": 41, "N_Ribo": 2, "N_ATP": 1000, "seed": 33}