{"t_death": 4682.249999999081, "death_mode": "ribo_collapse", "pnr_type": "ribo_depletion", "t_pnr": 2355.300000000022, "dt_walking_dead": 2326.9499999990594, "N_RNAP": 64, "N_Ribo": 7, "N_ATP": 1000, "seed": 6}