{"t_death": 4869.449999999006, "death_mode": "ribo_collapse", "pnr_type": "ribo_depletion", "t_pnr": 4415.399999999189, "dt_walking_dead": 454.04999999981646, "N_RNAP": 11, "N_Ribo": 100, "N_ATP": 1000, "seed": 1}