{"t_death": 2983.949999999768, "death_mode": "ribo_collapse", "pnr_type": "ribo_depletion", "t_pnr": 427.499999999993, "dt_walking_dead": 2556.4499999997747, "N_RNAP": 7, "N_Ribo": 2, "N_ATP": 1000, "seed": 68}