{"t_death": 4039.1999999993413, "death_mode": "ribo_collapse", "pnr_type": "ribo_depletion", "t_pnr": 3564.4499999995332, "dt_walking_dead": 474.7499999998081, "N_RNAP": 27, "N_Ribo": 27, "N_ATP": 1000, "seed": 17}