{"t_death": 5113.799999998907, "death_mode": "ribo_collapse", "pnr_type": "ribo_depletion", "t_pnr": 3449.24999999958, "dt_walking_dead": 1664.5499999993272, "N_RNAP": 2, "N_Ribo": 17, "N_ATP": 1000, "seed": 75}