{"t_death": 1579.0500000000986, "death_mode": "ribo_collapse", "pnr_type": "ribo_depletion", "t_pnr": 1443.150000000085, "dt_walking_dead": 135.90000000001373, "N_RNAP": 11, "N_Ribo": 4, "N_ATP": 1000, "seed": 95}