{"t_death": 6161.3999999984835, "death_mode": "ribo_collapse", "pnr_type": "ribo_depletion", "t_pnr": 3766.0499999994518, "dt_walking_dead": 2395.3499999990318, "N_RNAP": 27, "N_Ribo": 11, "N_ATP": 1000, "seed": 82}