{"t_death": 4464.449999999169, "death_mode": "ribo_collapse", "pnr_type": "ribo_depletion", "t_pnr": 2698.649999999883, "dt_walking_dead": 1765.7999999992862, "N_RNAP": 41, "N_Ribo": 3, "N_ATP": 1000, "seed": 20}