{"t_death": 2583.44999999993, "death_mode": "cycle_collapse", "pnr_type": "rnap_deadlock", "t_pnr": 2403.4500000000025, "dt_walking_dead": 179.99999999992724, "N_RNAP": 17, "N_Ribo": 27, "N_ATP": 1000, "seed": 14}