{"t_death": 3240.449999999664, "death_mode": "ribo_collapse", "pnr_type": "ribo_depletion", "t_pnr": 2384.55000000001, "dt_walking_dead": 855.899999999654, "N_RNAP": 11, "N_Ribo": 11, "N_ATP": 1000, "seed": 32}