{"t_death": 2587.499999999928, "death_mode": "cycle_collapse", "pnr_type": "rnap_deadlock", "t_pnr": 2416.949999999997, "dt_walking_dead": 170.54999999993106, "N_RNAP": 7, "N_Ribo": 27, "N_ATP": 1000, "seed": 96}