{"t_death": 4246.199999999258, "death_mode": "ribo_collapse", "pnr_type": "ribo_depletion", "t_pnr": 3155.8499999996984, "dt_walking_dead": 1090.3499999995593, "N_RNAP": 41, "N_Ribo": 17, "N_ATP": 1000, "seed": 84}