{"t_death": 4787.549999999039, "death_mode": "ribo_collapse", "pnr_type": "ribo_depletion", "t_pnr": 4433.399999999182, "dt_walking_dead": 354.14999999985685, "N_RNAP": 17, "N_Ribo": 64, "N_ATP": 1000, "seed": 14}