{"t_death": 3069.4499999997333, "death_mode": "cycle_collapse", "pnr_type": "rnap_deadlock", "t_pnr": 2884.0499999998083, "dt_walking_dead": 185.39999999992506, "N_RNAP": 27, "N_Ribo": 27, "N_ATP": 1000, "seed": 48}