{"t_death": 5206.04999999887, "death_mode": "ribo_collapse", "pnr_type": "ribo_depletion", "t_pnr": 3797.999999999439, "dt_walking_dead": 1408.0499999994308, "N_RNAP": 100, "N_Ribo": 3, "N_ATP": 1000, "seed": 84}