{"t_death": 2871.4499999998134, "death_mode": "cycle_collapse", "pnr_type": "rnap_deadlock", "t_pnr": 2674.799999999893, "dt_walking_dead": 196.6499999999205, "N_RNAP": 2, "N_Ribo": 64, "N_ATP": 1000, "seed": 76}