{"t_death": 7050.149999998124, "death_mode": "ribo_collapse", "pnr_type": "ribo_depletion", "t_pnr": 3402.8999999995985, "dt_walking_dead": 3647.2499999985257, "N_RNAP": 27, "N_Ribo": 11, "N_ATP": 1000, "seed": 31}