{"t_death": 3010.949999999757, "death_mode": "ribo_collapse", "pnr_type": "ribo_depletion", "t_pnr": 1896.3000000001307, "dt_walking_dead": 1114.6499999996263, "N_RNAP": 27, "N_Ribo": 3, "N_ATP": 1000, "seed": 2}