{"t_death": 2323.350000000035, "death_mode": "ribo_collapse", "pnr_type": "ribo_depletion", "t_pnr": 466.19999999999203, "dt_walking_dead": 1857.1500000000428, "N_RNAP": 17, "N_Ribo": 4, "N_ATP": 1000, "seed": 58}