{"t_death": 5027.849999998942, "death_mode": "ribo_collapse", "pnr_type": "ribo_depletion", "t_pnr": 2010.1500000001422, "dt_walking_dead": 3017.6999999987993, "N_RNAP": 64, "N_Ribo": 11, "N_ATP": 1000, "seed": 11}