{"t_death": 4940.999999998977, "death_mode": "ribo_collapse", "pnr_type": "ribo_depletion", "t_pnr": 3388.949999999604, "dt_walking_dead": 1552.0499999993726, "N_RNAP": 64, "N_Ribo": 3, "N_ATP": 1000, "seed": 59}