{"t_death": 3329.999999999628, "death_mode": "ribo_collapse", "pnr_type": "ribo_depletion", "t_pnr": 2897.549999999803, "dt_walking_dead": 432.4499999998252, "N_RNAP": 7, "N_Ribo": 17, "N_ATP": 1000, "seed": 13}