{"t_death": 7026.299999998134, "death_mode": "ribo_collapse", "pnr_type": "ribo_depletion", "t_pnr": 5136.749999998898, "dt_walking_dead": 1889.5499999992362, "N_RNAP": 17, "N_Ribo": 100, "N_ATP": 1000, "seed": 89}