{"t_death": 3158.999999999697, "death_mode": "ribo_collapse", "pnr_type": "ribo_depletion", "t_pnr": 1268.5500000000673, "dt_walking_dead": 1890.4499999996299, "N_RNAP": 7, "N_Ribo": 4, "N_ATP": 1000, "seed": 32}