{"t_death": 5273.549999998842, "death_mode": "ribo_collapse", "pnr_type": "ribo_depletion", "t_pnr": 4153.949999999295, "dt_walking_dead": 1119.5999999995474, "N_RNAP": 17, "N_Ribo": 41, "N_ATP": 1000, "seed": 54}