{"t_death": 5214.149999998866, "death_mode": "ribo_collapse", "pnr_type": "ribo_depletion", "t_pnr": 2333.7000000000307, "dt_walking_dead": 2880.4499999988357, "N_RNAP": 100, "N_Ribo": 4, "N_ATP": 1000, "seed": 54}