{"t_death": 4038.7499999993415, "death_mode": "cycle_collapse", "pnr_type": "rnap_deadlock", "t_pnr": 3838.0499999994227, "dt_walking_dead": 200.69999999991887, "N_RNAP": 17, "N_Ribo": 64, "N_ATP": 1000, "seed": 29}