{"t_death": 7007.3999999981415, "death_mode": "atp_depletion", "pnr_type": "ribo_depletion", "t_pnr": 6741.449999998249, "dt_walking_dead": 265.9499999998925, "N_RNAP": 41, "N_Ribo": 100, "N_ATP": 1000, "seed": 69}