{"t_death": 5234.399999998858, "death_mode": "ribo_collapse", "pnr_type": "ribo_depletion", "t_pnr": 3712.4999999994734, "dt_walking_dead": 1521.8999999993848, "N_RNAP": 11, "N_Ribo": 11, "N_ATP": 1000, "seed": 98}