{"t_death": 2523.599999999954, "death_mode": "ribo_collapse", "pnr_type": "ribo_depletion", "t_pnr": 2520.899999999955, "dt_walking_dead": 2.6999999999989086, "N_RNAP": 4, "N_Ribo": 17, "N_ATP": 1000, "seed": 24}