{"t_death": 1755.0000000001164, "death_mode": "ribo_collapse", "pnr_type": "ribo_depletion", "t_pnr": 1083.1500000000485, "dt_walking_dead": 671.8500000000679, "N_RNAP": 3, "N_Ribo": 3, "N_ATP": 1000, "seed": 18}