{"t_death": 4715.549999999068, "death_mode": "ribo_collapse", "pnr_type": "ribo_depletion", "t_pnr": 1773.9000000001183, "dt_walking_dead": 2941.6499999989496, "N_RNAP": 41, "N_Ribo": 4, "N_ATP": 1000, "seed": 96}