{"t_death": 5460.299999998767, "death_mode": "cycle_collapse", "pnr_type": "rnap_deadlock", "t_pnr": 5178.149999998881, "dt_walking_dead": 282.14999999988595, "N_RNAP": 3, "N_Ribo": 100, "N_ATP": 1000, "seed": 8}