{"t_death": 6948.449999998165, "death_mode": "ribo_collapse", "pnr_type": "ribo_depletion", "t_pnr": 4391.099999999199, "dt_walking_dead": 2557.3499999989663, "N_RNAP": 7, "N_Ribo": 27, "N_ATP": 1000, "seed": 74}