{"t_death": 2526.7499999999527, "death_mode": "cycle_collapse", "pnr_type": "rnap_deadlock", "t_pnr": 2482.1999999999707, "dt_walking_dead": 44.54999999998199, "N_RNAP": 27, "N_Ribo": 41, "N_ATP": 1000, "seed": 30}