{"t_death": 6317.99999999842, "death_mode": "ribo_collapse", "pnr_type": "ribo_depletion", "t_pnr": 3639.149999999503, "dt_walking_dead": 2678.849999998917, "N_RNAP": 100, "N_Ribo": 3, "N_ATP": 1000, "seed": 68}