{"t_death": 2868.2999999998146, "death_mode": "ribo_collapse", "pnr_type": "ribo_depletion", "t_pnr": 2257.2000000000617, "dt_walking_dead": 611.099999999753, "N_RNAP": 4, "N_Ribo": 17, "N_ATP": 1000, "seed": 48}