{"t_death": 3035.249999999747, "death_mode": "ribo_collapse", "pnr_type": "ribo_depletion", "t_pnr": 3010.949999999757, "dt_walking_dead": 24.299999999990177, "N_RNAP": 11, "N_Ribo": 11, "N_ATP": 1000, "seed": 90}