{"t_death": 8467.649999998108, "death_mode": "ribo_collapse", "pnr_type": "ribo_depletion", "t_pnr": 5260.499999998848, "dt_walking_dead": 3207.14999999926, "N_RNAP": 27, "N_Ribo": 64, "N_ATP": 1000, "seed": 94}