{"t_death": 3778.199999999447, "death_mode": "ribo_collapse", "pnr_type": "ribo_depletion", "t_pnr": 2283.750000000051, "dt_walking_dead": 1494.449999999396, "N_RNAP": 100, "N_Ribo": 2, "N_ATP": 1000, "seed": 71}