{"t_death": 4432.499999999182, "death_mode": "ribo_collapse", "pnr_type": "ribo_depletion", "t_pnr": 2452.9499999999825, "dt_walking_dead": 1979.5499999991998, "N_RNAP": 11, "N_Ribo": 11, "N_ATP": 1000, "seed": 91}