{"t_death": 2184.300000000091, "death_mode": "ribo_collapse", "pnr_type": "ribo_depletion", "t_pnr": 463.0499999999921, "dt_walking_dead": 1721.2500000000991, "N_RNAP": 11, "N_Ribo": 2, "N_ATP": 1000, "seed": 45}