{"t_death": 2711.699999999878, "death_mode": "ribo_collapse", "pnr_type": "ribo_depletion", "t_pnr": 1003.9500000000406, "dt_walking_dead": 1707.7499999998372, "N_RNAP": 7, "N_Ribo": 3, "N_ATP": 1000, "seed": 11}