{"t_death": 4995.899999998955, "death_mode": "ribo_collapse", "pnr_type": "ribo_depletion", "t_pnr": 3851.0999999994174, "dt_walking_dead": 1144.7999999995372, "N_RNAP": 41, "N_Ribo": 64, "N_ATP": 1000, "seed": 63}