{"t_death": 1596.1500000001004, "death_mode": "ribo_collapse", "pnr_type": "ribo_depletion", "t_pnr": 1399.9500000000805, "dt_walking_dead": 196.20000000001983, "N_RNAP": 7, "N_Ribo": 7, "N_ATP": 1000, "seed": 67}