{"t_death": 2319.3000000000366, "death_mode": "ribo_collapse", "pnr_type": "ribo_depletion", "t_pnr": 1224.4500000000628, "dt_walking_dead": 1094.8499999999738, "N_RNAP": 4, "N_Ribo": 2, "N_ATP": 1000, "seed": 58}