{"t_death": 5416.649999998785, "death_mode": "ribo_collapse", "pnr_type": "ribo_depletion", "t_pnr": 768.6000000000168, "dt_walking_dead": 4648.049999998768, "N_RNAP": 64, "N_Ribo": 7, "N_ATP": 1000, "seed": 58}