{"t_death": 3264.2999999996546, "death_mode": "ribo_collapse", "pnr_type": "ribo_depletion", "t_pnr": 2104.2000000001235, "dt_walking_dead": 1160.099999999531, "N_RNAP": 2, "N_Ribo": 4, "N_ATP": 1000, "seed": 92}