{"t_death": 2839.4999999998263, "death_mode": "ribo_collapse", "pnr_type": "ribo_depletion", "t_pnr": 1629.4500000001037, "dt_walking_dead": 1210.0499999997226, "N_RNAP": 3, "N_Ribo": 7, "N_ATP": 1000, "seed": 60}