{"t_death": 5284.349999998838, "death_mode": "ribo_collapse", "pnr_type": "ribo_depletion", "t_pnr": 2906.999999999799, "dt_walking_dead": 2377.349999999039, "N_RNAP": 4, "N_Ribo": 3, "N_ATP": 1000, "seed": 41}