{"t_death": 3585.149999999525, "death_mode": "ribo_collapse", "pnr_type": "ribo_depletion", "t_pnr": 3034.3499999997475, "dt_walking_dead": 550.7999999997774, "N_RNAP": 41, "N_Ribo": 7, "N_ATP": 1000, "seed": 2}