{"t_death": 1435.5000000000841, "death_mode": "ribo_collapse", "pnr_type": "ribo_depletion", "t_pnr": 1267.2000000000671, "dt_walking_dead": 168.300000000017, "N_RNAP": 2, "N_Ribo": 3, "N_ATP": 1000, "seed": 5}