{"t_death": 2300.850000000044, "death_mode": "cycle_collapse", "pnr_type": "rnap_deadlock", "t_pnr": 2284.2000000000507, "dt_walking_dead": 16.64999999999327, "N_RNAP": 17, "N_Ribo": 27, "N_ATP": 1000, "seed": 43}