{"t_death": 3589.1999999995232, "death_mode": "ribo_collapse", "pnr_type": "ribo_depletion", "t_pnr": 989.5500000000392, "dt_walking_dead": 2599.649999999484, "N_RNAP": 100, "N_Ribo": 3, "N_ATP": 1000, "seed": 69}