{"t_death": 2274.3000000000548, "death_mode": "ribo_collapse", "pnr_type": "ribo_depletion", "t_pnr": 259.19999999999726, "dt_walking_dead": 2015.1000000000574, "N_RNAP": 17, "N_Ribo": 3, "N_ATP": 1000, "seed": 21}