{"t_death": 4350.149999999216, "death_mode": "ribo_collapse", "pnr_type": "ribo_depletion", "t_pnr": 3550.499999999539, "dt_walking_dead": 799.6499999996768, "N_RNAP": 11, "N_Ribo": 17, "N_ATP": 1000, "seed": 80}