{"t_death": 3279.5999999996484, "death_mode": "cycle_collapse", "pnr_type": "rnap_deadlock", "t_pnr": 3207.5999999996775, "dt_walking_dead": 71.9999999999709, "N_RNAP": 7, "N_Ribo": 11, "N_ATP": 1000, "seed": 41}