{"t_death": 2828.6999999998307, "death_mode": "cycle_collapse", "pnr_type": "rnap_deadlock", "t_pnr": 2776.9499999998516, "dt_walking_dead": 51.74999999997908, "N_RNAP": 4, "N_Ribo": 17, "N_ATP": 1000, "seed": 11}