{"t_death": 1992.6000000001404, "death_mode": "cycle_collapse", "pnr_type": "rnap_deadlock", "t_pnr": 1992.6000000001404, "dt_walking_dead": 0.0, "N_RNAP": 17, "N_Ribo": 17, "N_ATP": 1000, "seed": 62}