{"t_death": 2291.8500000000477, "death_mode": "cycle_collapse", "pnr_type": "rnap_deadlock", "t_pnr": 2168.5500000000975, "dt_walking_dead": 123.29999999995016, "N_RNAP": 7, "N_Ribo": 100, "N_ATP": 1000, "seed": 2}