{"t_death": 4906.349999998991, "death_mode": "cycle_collapse", "pnr_type": "rnap_deadlock", "t_pnr": 4708.799999999071, "dt_walking_dead": 197.54999999992015, "N_RNAP": 3, "N_Ribo": 64, "N_ATP": 1000, "seed": 91}