{"t_death": 5318.999999998824, "death_mode": "ribo_collapse", "pnr_type": "ribo_depletion", "t_pnr": 2496.149999999965, "dt_walking_dead": 2822.849999998859, "N_RNAP": 11, "N_Ribo": 2, "N_ATP": 1000, "seed": 50}