{"t_death": 4157.5499999992935, "death_mode": "ribo_collapse", "pnr_type": "ribo_depletion", "t_pnr": 2270.2500000000564, "dt_walking_dead": 1887.2999999992371, "N_RNAP": 64, "N_Ribo": 7, "N_ATP": 1000, "seed": 18}