{"t_death": 4908.14999999899, "death_mode": "ribo_collapse", "pnr_type": "ribo_depletion", "t_pnr": 4137.299999999302, "dt_walking_dead": 770.8499999996884, "N_RNAP": 17, "N_Ribo": 64, "N_ATP": 1000, "seed": 95}