{"t_death": 1868.850000000128, "death_mode": "cycle_collapse", "pnr_type": "rnap_deadlock", "t_pnr": 1860.300000000127, "dt_walking_dead": 8.550000000000864, "N_RNAP": 17, "N_Ribo": 17, "N_ATP": 1000, "seed": 15}