{"t_death": 2348.5500000000247, "death_mode": "ribo_collapse", "pnr_type": "ribo_depletion", "t_pnr": 1797.3000000001207, "dt_walking_dead": 551.249999999904, "N_RNAP": 41, "N_Ribo": 3, "N_ATP": 1000, "seed": 47}