{"t_death": 5882.849999998596, "death_mode": "ribo_collapse", "pnr_type": "ribo_depletion", "t_pnr": 2154.1500000001033, "dt_walking_dead": 3728.699999998493, "N_RNAP": 27, "N_Ribo": 3, "N_ATP": 1000, "seed": 51}