{"t_death": 5285.6999999988375, "death_mode": "ribo_collapse", "pnr_type": "ribo_depletion", "t_pnr": 1937.2500000001348, "dt_walking_dead": 3348.449999998703, "N_RNAP": 41, "N_Ribo": 2, "N_ATP": 1000, "seed": 66}