{"t_death": 7151.849999998083, "death_mode": "ribo_collapse", "pnr_type": "ribo_depletion", "t_pnr": 6924.599999998175, "dt_walking_dead": 227.24999999990814, "N_RNAP": 17, "N_Ribo": 100, "N_ATP": 1000, "seed": 17}