{"t_death": 4404.599999999194, "death_mode": "ribo_collapse", "pnr_type": "ribo_depletion", "t_pnr": 3086.0999999997266, "dt_walking_dead": 1318.499999999467, "N_RNAP": 3, "N_Ribo": 27, "N_ATP": 1000, "seed": 70}