{"t_death": 1955.7000000001367, "death_mode": "cycle_collapse", "pnr_type": "rnap_deadlock", "t_pnr": 1872.4500000001283, "dt_walking_dead": 83.25000000000841, "N_RNAP": 3, "N_Ribo": 27, "N_ATP": 1000, "seed": 97}