{"t_death": 3318.7499999996326, "death_mode": "ribo_collapse", "pnr_type": "ribo_depletion", "t_pnr": 2234.250000000071, "dt_walking_dead": 1084.4999999995616, "N_RNAP": 2, "N_Ribo": 27, "N_ATP": 1000, "seed": 15}