{"t_death": 3677.3999999994876, "death_mode": "cycle_collapse", "pnr_type": "rnap_deadlock", "t_pnr": 3451.9499999995787, "dt_walking_dead": 225.44999999990887, "N_RNAP": 11, "N_Ribo": 4, "N_ATP": 1000, "seed": 38}