{"t_death": 4643.549999999097, "death_mode": "ribo_collapse", "pnr_type": "ribo_depletion", "t_pnr": 4200.749999999276, "dt_walking_dead": 442.799999999821, "N_RNAP": 64, "N_Ribo": 17, "N_ATP": 1000, "seed": 59}