{"t_death": 3836.699999999423, "death_mode": "cycle_collapse", "pnr_type": "rnap_deadlock", "t_pnr": 3599.0999999995192, "dt_walking_dead": 237.59999999990396, "N_RNAP": 64, "N_Ribo": 27, "N_ATP": 1000, "seed": 91}