{"t_death": 3543.7499999995416, "death_mode": "ribo_collapse", "pnr_type": "ribo_depletion", "t_pnr": 2197.8000000000857, "dt_walking_dead": 1345.949999999456, "N_RNAP": 64, "N_Ribo": 3, "N_ATP": 1000, "seed": 30}