{"t_death": 1831.5000000001241, "death_mode": "ribo_collapse", "pnr_type": "ribo_depletion", "t_pnr": 851.8500000000253, "dt_walking_dead": 979.6500000000989, "N_RNAP": 4, "N_Ribo": 2, "N_ATP": 1000, "seed": 25}