{"t_death": 1265.400000000067, "death_mode": "cycle_collapse", "pnr_type": "rnap_deadlock", "t_pnr": 1171.8000000000575, "dt_walking_dead": 93.60000000000946, "N_RNAP": 3, "N_Ribo": 11, "N_ATP": 1000, "seed": 3}