{"t_death": 5339.249999998816, "death_mode": "ribo_collapse", "pnr_type": "ribo_depletion", "t_pnr": 4844.249999999016, "dt_walking_dead": 494.9999999997999, "N_RNAP": 27, "N_Ribo": 17, "N_ATP": 1000, "seed": 78}