{"t_death": 3376.3499999996093, "death_mode": "ribo_collapse", "pnr_type": "ribo_depletion", "t_pnr": 732.6000000000132, "dt_walking_dead": 2643.749999999596, "N_RNAP": 7, "N_Ribo": 3, "N_ATP": 1000, "seed": 64}