{"t_death": 5551.64999999873, "death_mode": "ribo_collapse", "pnr_type": "ribo_depletion", "t_pnr": 5132.2499999988995, "dt_walking_dead": 419.39999999983047, "N_RNAP": 17, "N_Ribo": 100, "N_ATP": 1000, "seed": 68}