{"t_death": 2387.700000000009, "death_mode": "ribo_collapse", "pnr_type": "ribo_depletion", "t_pnr": 1494.45000000009, "dt_walking_dead": 893.2499999999188, "N_RNAP": 4, "N_Ribo": 3, "N_ATP": 1000, "seed": 94}