{"t_death": 3156.749999999698, "death_mode": "ribo_collapse", "pnr_type": "ribo_depletion", "t_pnr": 1687.5000000001096, "dt_walking_dead": 1469.2499999995885, "N_RNAP": 11, "N_Ribo": 4, "N_ATP": 1000, "seed": 54}