{"t_death": 6076.349999998518, "death_mode": "ribo_collapse", "pnr_type": "ribo_depletion", "t_pnr": 3528.449999999548, "dt_walking_dead": 2547.89999999897, "N_RNAP": 64, "N_Ribo": 3, "N_ATP": 1000, "seed": 78}