{"t_death": 3802.499999999437, "death_mode": "ribo_collapse", "pnr_type": "ribo_depletion", "t_pnr": 1727.1000000001136, "dt_walking_dead": 2075.3999999993234, "N_RNAP": 11, "N_Ribo": 4, "N_ATP": 1000, "seed": 59}