{"t_death": 6168.599999998481, "death_mode": "ribo_collapse", "pnr_type": "ribo_depletion", "t_pnr": 4631.399999999102, "dt_walking_dead": 1537.1999999993786, "N_RNAP": 4, "N_Ribo": 100, "N_ATP": 1000, "seed": 34}