{"t_death": 4633.199999999101, "death_mode": "ribo_collapse", "pnr_type": "ribo_depletion", "t_pnr": 3302.0999999996393, "dt_walking_dead": 1331.099999999462, "N_RNAP": 41, "N_Ribo": 17, "N_ATP": 1000, "seed": 29}