{"t_death": 3465.4499999995733, "death_mode": "ribo_collapse", "pnr_type": "ribo_depletion", "t_pnr": 3288.149999999645, "dt_walking_dead": 177.29999999992833, "N_RNAP": 41, "N_Ribo": 11, "N_ATP": 1000, "seed": 79}