{"t_death": 5353.19999999881, "death_mode": "ribo_collapse", "pnr_type": "ribo_depletion", "t_pnr": 2843.099999999825, "dt_walking_dead": 2510.0999999989854, "N_RNAP": 2, "N_Ribo": 2, "N_ATP": 1000, "seed": 31}