{"t_death": 3155.8499999996984, "death_mode": "cycle_collapse", "pnr_type": "rnap_deadlock", "t_pnr": 3114.449999999715, "dt_walking_dead": 41.399999999983265, "N_RNAP": 17, "N_Ribo": 64, "N_ATP": 1000, "seed": 7}