{"t_death": 2248.650000000065, "death_mode": "cycle_collapse", "pnr_type": "rnap_deadlock", "t_pnr": 2119.5000000001173, "dt_walking_dead": 129.1499999999478, "N_RNAP": 11, "N_Ribo": 7, "N_ATP": 1000, "seed": 38}