{"t_death": 5750.09999999865, "death_mode": "ribo_collapse", "pnr_type": "ribo_depletion", "t_pnr": 2465.9999999999773, "dt_walking_dead": 3284.0999999986725, "N_RNAP": 100, "N_Ribo": 4, "N_ATP": 1000, "seed": 77}