{"t_death": 3980.249999999365, "death_mode": "cycle_collapse", "pnr_type": "rnap_deadlock", "t_pnr": 3940.1999999993814, "dt_walking_dead": 40.04999999998381, "N_RNAP": 41, "N_Ribo": 64, "N_ATP": 1000, "seed": 39}