{"t_death": 4634.549999999101, "death_mode": "ribo_collapse", "pnr_type": "ribo_depletion", "t_pnr": 4013.9999999993515, "dt_walking_dead": 620.5499999997492, "N_RNAP": 3, "N_Ribo": 64, "N_ATP": 1000, "seed": 71}