{"t_death": 3230.0999999996684, "death_mode": "ribo_collapse", "pnr_type": "ribo_depletion", "t_pnr": 1312.2000000000717, "dt_walking_dead": 1917.8999999995967, "N_RNAP": 41, "N_Ribo": 4, "N_ATP": 1000, "seed": 48}