{"t_death": 5445.449999998773, "death_mode": "ribo_collapse", "pnr_type": "ribo_depletion", "t_pnr": 912.1500000000314, "dt_walking_dead": 4533.299999998741, "N_RNAP": 17, "N_Ribo": 3, "N_ATP": 1000, "seed": 35}