{"t_death": 4535.9999999991405, "death_mode": "ribo_collapse", "pnr_type": "ribo_depletion", "t_pnr": 1907.1000000001318, "dt_walking_dead": 2628.8999999990087, "N_RNAP": 100, "N_Ribo": 3, "N_ATP": 1000, "seed": 79}