{"t_death": 3823.6499999994285, "death_mode": "ribo_collapse", "pnr_type": "ribo_depletion", "t_pnr": 1414.350000000082, "dt_walking_dead": 2409.2999999993463, "N_RNAP": 64, "N_Ribo": 3, "N_ATP": 1000, "seed": 94}