{"t_death": 2382.300000000011, "death_mode": "cycle_collapse", "pnr_type": "rnap_deadlock", "t_pnr": 2331.4500000000317, "dt_walking_dead": 50.849999999979445, "N_RNAP": 7, "N_Ribo": 41, "N_ATP": 1000, "seed": 6}