{"t_death": 6548.399999998327, "death_mode": "ribo_collapse", "pnr_type": "ribo_depletion", "t_pnr": 3421.349999999591, "dt_walking_dead": 3127.049999998736, "N_RNAP": 64, "N_Ribo": 7, "N_ATP": 1000, "seed": 75}