{"t_death": 4990.499999998957, "death_mode": "ribo_collapse", "pnr_type": "ribo_depletion", "t_pnr": 2271.600000000056, "dt_walking_dead": 2718.899999998901, "N_RNAP": 41, "N_Ribo": 11, "N_ATP": 1000, "seed": 29}