{"t_death": 5056.64999999893, "death_mode": "ribo_collapse", "pnr_type": "ribo_depletion", "t_pnr": 2996.099999999763, "dt_walking_dead": 2060.549999999167, "N_RNAP": 64, "N_Ribo": 2, "N_ATP": 1000, "seed": 60}