{"t_death": 4063.4999999993315, "death_mode": "ribo_collapse", "pnr_type": "ribo_depletion", "t_pnr": 1885.9500000001296, "dt_walking_dead": 2177.5499999992016, "N_RNAP": 64, "N_Ribo": 2, "N_ATP": 1000, "seed": 7}