{"t_death": 3970.799999999369, "death_mode": "ribo_collapse", "pnr_type": "ribo_depletion", "t_pnr": 3324.1499999996304, "dt_walking_dead": 646.6499999997386, "N_RNAP": 27, "N_Ribo": 7, "N_ATP": 1000, "seed": 3}