{"t_death": 1338.3000000000743, "death_mode": "ribo_collapse", "pnr_type": "ribo_depletion", "t_pnr": 1170.9000000000574, "dt_walking_dead": 167.40000000001692, "N_RNAP": 3, "N_Ribo": 4, "N_ATP": 1000, "seed": 84}