{"t_death": 3888.4499999994023, "death_mode": "ribo_collapse", "pnr_type": "ribo_depletion", "t_pnr": 2862.449999999817, "dt_walking_dead": 1025.9999999995853, "N_RNAP": 41, "N_Ribo": 11, "N_ATP": 1000, "seed": 24}