{"t_death": 8099.5499999977, "death_mode": "ribo_collapse", "pnr_type": "ribo_depletion", "t_pnr": 4576.499999999124, "dt_walking_dead": 3523.049999998576, "N_RNAP": 41, "N_Ribo": 27, "N_ATP": 1000, "seed": 23}