{"t_death": 4599.449999999115, "death_mode": "ribo_collapse", "pnr_type": "ribo_depletion", "t_pnr": 2178.0000000000937, "dt_walking_dead": 2421.449999999021, "N_RNAP": 100, "N_Ribo": 7, "N_ATP": 1000, "seed": 37}