{"t_death": 5647.049999998691, "death_mode": "ribo_collapse", "pnr_type": "ribo_depletion", "t_pnr": 808.2000000000209, "dt_walking_dead": 4838.849999998671, "N_RNAP": 64, "N_Ribo": 2, "N_ATP": 1000, "seed": 99}