{"t_death": 1839.600000000125, "death_mode": "ribo_collapse", "pnr_type": "ribo_depletion", "t_pnr": 1801.8000000001211, "dt_walking_dead": 37.80000000000382, "N_RNAP": 2, "N_Ribo": 4, "N_ATP": 1000, "seed": 56}