{"t_death": 2329.2000000000326, "death_mode": "ribo_collapse", "pnr_type": "ribo_depletion", "t_pnr": 1174.0500000000577, "dt_walking_dead": 1155.1499999999749, "N_RNAP": 11, "N_Ribo": 4, "N_ATP": 1000, "seed": 88}