{"t_death": 10366.650000001178, "death_mode": "ribo_collapse", "pnr_type": "ribo_depletion", "t_pnr": 5145.749999998894, "dt_walking_dead": 5220.900000002284, "N_RNAP": 27, "N_Ribo": 100, "N_ATP": 1000, "seed": 50}