{"t_death": 1738.3500000001147, "death_mode": "ribo_collapse", "pnr_type": "ribo_depletion", "t_pnr": 1350.4500000000755, "dt_walking_dead": 387.9000000000392, "N_RNAP": 11, "N_Ribo": 2, "N_ATP": 1000, "seed": 76}