{"t_death": 5706.449999998667, "death_mode": "ribo_collapse", "pnr_type": "ribo_depletion", "t_pnr": 1386.0000000000791, "dt_walking_dead": 4320.449999998588, "N_RNAP": 41, "N_Ribo": 4, "N_ATP": 1000, "seed": 15}