{"t_death": 2344.0500000000266, "death_mode": "cycle_collapse", "pnr_type": "rnap_deadlock", "t_pnr": 2252.2500000000637, "dt_walking_dead": 91.79999999996289, "N_RNAP": 11, "N_Ribo": 17, "N_ATP": 1000, "seed": 85}