{"t_death": 2730.1499999998705, "death_mode": "ribo_collapse", "pnr_type": "ribo_depletion", "t_pnr": 2645.5499999999047, "dt_walking_dead": 84.5999999999658, "N_RNAP": 64, "N_Ribo": 11, "N_ATP": 1000, "seed": 71}