{"t_death": 3939.2999999993817, "death_mode": "ribo_collapse", "pnr_type": "ribo_depletion", "t_pnr": 3223.799999999671, "dt_walking_dead": 715.4999999997108, "N_RNAP": 41, "N_Ribo": 17, "N_ATP": 1000, "seed": 97}