{"t_death": 2698.649999999883, "death_mode": "ribo_collapse", "pnr_type": "ribo_depletion", "t_pnr": 2627.549999999912, "dt_walking_dead": 71.09999999997126, "N_RNAP": 2, "N_Ribo": 4, "N_ATP": 1000, "seed": 51}