{"t_death": 7083.899999998111, "death_mode": "ribo_collapse", "pnr_type": "ribo_depletion", "t_pnr": 6848.549999998206, "dt_walking_dead": 235.34999999990487, "N_RNAP": 41, "N_Ribo": 64, "N_ATP": 1000, "seed": 28}