{"t_death": 2910.1499999997977, "death_mode": "ribo_collapse", "pnr_type": "ribo_depletion", "t_pnr": 965.7000000000368, "dt_walking_dead": 1944.449999999761, "N_RNAP": 4, "N_Ribo": 3, "N_ATP": 1000, "seed": 85}