{"t_death": 5388.299999998796, "death_mode": "ribo_collapse", "pnr_type": "ribo_depletion", "t_pnr": 3610.7999999995145, "dt_walking_dead": 1777.4999999992815, "N_RNAP": 64, "N_Ribo": 4, "N_ATP": 1000, "seed": 42}