{"t_death": 2454.749999999982, "death_mode": "ribo_collapse", "pnr_type": "ribo_depletion", "t_pnr": 1363.5000000000769, "dt_walking_dead": 1091.249999999905, "N_RNAP": 3, "N_Ribo": 2, "N_ATP": 1000, "seed": 99}