{"t_death": 2450.6999999999834, "death_mode": "ribo_collapse", "pnr_type": "ribo_depletion", "t_pnr": 2166.3000000000984, "dt_walking_dead": 284.39999999988504, "N_RNAP": 7, "N_Ribo": 17, "N_ATP": 1000, "seed": 57}