{"t_death": 3805.6499999994357, "death_mode": "cycle_collapse", "pnr_type": "rnap_deadlock", "t_pnr": 3737.699999999463, "dt_walking_dead": 67.94999999997253, "N_RNAP": 11, "N_Ribo": 7, "N_ATP": 1000, "seed": 50}