{"t_death": 1069.200000000047, "death_mode": "ribo_collapse", "pnr_type": "ribo_depletion", "t_pnr": 580.0499999999978, "dt_walking_dead": 489.1500000000493, "N_RNAP": 2, "N_Ribo": 3, "N_ATP": 1000, "seed": 14}