{"t_death": 4803.749999999032, "death_mode": "ribo_collapse", "pnr_type": "ribo_depletion", "t_pnr": 4328.549999999224, "dt_walking_dead": 475.1999999998079, "N_RNAP": 100, "N_Ribo": 17, "N_ATP": 1000, "seed": 48}