{"t_death": 2933.5499999997883, "death_mode": "ribo_collapse", "pnr_type": "ribo_depletion", "t_pnr": 2044.3500000001457, "dt_walking_dead": 889.1999999996426, "N_RNAP": 17, "N_Ribo": 4, "N_ATP": 1000, "seed": 75}