{"t_death": 4337.549999999221, "death_mode": "ribo_collapse", "pnr_type": "ribo_depletion", "t_pnr": 1706.8500000001115, "dt_walking_dead": 2630.6999999991094, "N_RNAP": 17, "N_Ribo": 3, "N_ATP": 1000, "seed": 63}