{"t_death": 4927.0499999989825, "death_mode": "ribo_collapse", "pnr_type": "ribo_depletion", "t_pnr": 3998.249999999358, "dt_walking_dead": 928.7999999996246, "N_RNAP": 17, "N_Ribo": 64, "N_ATP": 1000, "seed": 40}