{"t_death": 4486.94999999916, "death_mode": "ribo_collapse", "pnr_type": "ribo_depletion", "t_pnr": 2573.099999999934, "dt_walking_dead": 1913.8499999992264, "N_RNAP": 41, "N_Ribo": 11, "N_ATP": 1000, "seed": 58}