{"t_death": 4927.499999998982, "death_mode": "ribo_collapse", "pnr_type": "ribo_depletion", "t_pnr": 4083.7499999993233, "dt_walking_dead": 843.7499999996589, "N_RNAP": 64, "N_Ribo": 41, "N_ATP": 1000, "seed": 70}