{"t_death": 5551.64999999873, "death_mode": "ribo_collapse", "pnr_type": "ribo_depletion", "t_pnr": 4752.899999999053, "dt_walking_dead": 798.7499999996771, "N_RNAP": 17, "N_Ribo": 100, "N_ATP": 1000, "seed": 22}