{"t_death": 5081.84999999892, "death_mode": "ribo_collapse", "pnr_type": "ribo_depletion", "t_pnr": 893.7000000000295, "dt_walking_dead": 4188.14999999889, "N_RNAP": 100, "N_Ribo": 2, "N_ATP": 1000, "seed": 44}