{"t_death": 2681.99999999989, "death_mode": "ribo_collapse", "pnr_type": "ribo_depletion", "t_pnr": 967.950000000037, "dt_walking_dead": 1714.0499999998528, "N_RNAP": 27, "N_Ribo": 3, "N_ATP": 1000, "seed": 55}