{"t_death": 4106.699999999314, "death_mode": "ribo_collapse", "pnr_type": "ribo_depletion", "t_pnr": 3334.499999999626, "dt_walking_dead": 772.1999999996879, "N_RNAP": 3, "N_Ribo": 41, "N_ATP": 1000, "seed": 37}