{"t_death": 2408.4000000000005, "death_mode": "ribo_collapse", "pnr_type": "ribo_depletion", "t_pnr": 1027.800000000043, "dt_walking_dead": 1380.5999999999576, "N_RNAP": 11, "N_Ribo": 3, "N_ATP": 1000, "seed": 52}