{"t_death": 4411.799999999191, "death_mode": "ribo_collapse", "pnr_type": "ribo_depletion", "t_pnr": 1363.5000000000769, "dt_walking_dead": 3048.299999999114, "N_RNAP": 17, "N_Ribo": 4, "N_ATP": 1000, "seed": 72}