{"t_death": 4732.649999999061, "death_mode": "ribo_collapse", "pnr_type": "ribo_depletion", "t_pnr": 4257.899999999253, "dt_walking_dead": 474.7499999998081, "N_RNAP": 11, "N_Ribo": 64, "N_ATP": 1000, "seed": 84}