{"t_death": 4662.899999999089, "death_mode": "cycle_collapse", "pnr_type": "rnap_deadlock", "t_pnr": 4587.29999999912, "dt_walking_dead": 75.59999999996944, "N_RNAP": 7, "N_Ribo": 11, "N_ATP": 1000, "seed": 93}