{"t_death": 3121.6499999997122, "death_mode": "cycle_collapse", "pnr_type": "rnap_deadlock", "t_pnr": 3109.0499999997173, "dt_walking_dead": 12.599999999994907, "N_RNAP": 4, "N_Ribo": 41, "N_ATP": 1000, "seed": 75}