{"t_death": 949.9500000000352, "death_mode": "cycle_collapse", "pnr_type": "rnap_deadlock", "t_pnr": 899.5500000000301, "dt_walking_dead": 50.40000000000509, "N_RNAP": 4, "N_Ribo": 27, "N_ATP": 1000, "seed": 71}