{"t_death": 6550.199999998326, "death_mode": "ribo_collapse", "pnr_type": "ribo_depletion", "t_pnr": 3954.5999999993755, "dt_walking_dead": 2595.599999998951, "N_RNAP": 27, "N_Ribo": 11, "N_ATP": 1000, "seed": 60}