{"t_death": 2640.5999999999067, "death_mode": "ribo_collapse", "pnr_type": "ribo_depletion", "t_pnr": 1452.6000000000859, "dt_walking_dead": 1187.9999999998208, "N_RNAP": 41, "N_Ribo": 3, "N_ATP": 1000, "seed": 21}