{"t_death": 4554.899999999133, "death_mode": "ribo_collapse", "pnr_type": "ribo_depletion", "t_pnr": 2447.5499999999847, "dt_walking_dead": 2107.349999999148, "N_RNAP": 41, "N_Ribo": 7, "N_ATP": 1000, "seed": 34}