{"t_death": 3605.3999999995167, "death_mode": "ribo_collapse", "pnr_type": "ribo_depletion", "t_pnr": 1039.9500000000442, "dt_walking_dead": 2565.4499999994723, "N_RNAP": 41, "N_Ribo": 2, "N_ATP": 1000, "seed": 0}