{"t_death": 6228.899999998456, "death_mode": "atp_depletion", "pnr_type": "ribo_depletion", "t_pnr": 1740.600000000115, "dt_walking_dead": 4488.299999998341, "N_RNAP": 100, "N_Ribo": 3, "N_ATP": 1000, "seed": 97}