{"t_death": 4199.399999999277, "death_mode": "ribo_collapse", "pnr_type": "ribo_depletion", "t_pnr": 3482.0999999995665, "dt_walking_dead": 717.29999999971, "N_RNAP": 100, "N_Ribo": 11, "N_ATP": 1000, "seed": 36}