{"t_death": 1867.9500000001278, "death_mode": "cycle_collapse", "pnr_type": "rnap_deadlock", "t_pnr": 1797.3000000001207, "dt_walking_dead": 70.65000000000714, "N_RNAP": 4, "N_Ribo": 7, "N_ATP": 1000, "seed": 56}