{"t_death": 3733.649999999465, "death_mode": "ribo_collapse", "pnr_type": "ribo_depletion", "t_pnr": 2038.950000000145, "dt_walking_dead": 1694.6999999993197, "N_RNAP": 41, "N_Ribo": 7, "N_ATP": 1000, "seed": 40}