{"t_death": 3942.4499999993805, "death_mode": "ribo_collapse", "pnr_type": "ribo_depletion", "t_pnr": 3109.499999999717, "dt_walking_dead": 832.9499999996633, "N_RNAP": 7, "N_Ribo": 27, "N_ATP": 1000, "seed": 53}