{"t_death": 5168.699999998885, "death_mode": "cycle_collapse", "pnr_type": "rnap_deadlock", "t_pnr": 5125.049999998902, "dt_walking_dead": 43.649999999982356, "N_RNAP": 17, "N_Ribo": 100, "N_ATP": 1000, "seed": 92}