{"t_death": 5820.749999998621, "death_mode": "ribo_collapse", "pnr_type": "ribo_depletion", "t_pnr": 4780.799999999042, "dt_walking_dead": 1039.9499999995796, "N_RNAP": 41, "N_Ribo": 7, "N_ATP": 1000, "seed": 1}