{"t_death": 635.8500000000034, "death_mode": "cycle_collapse", "pnr_type": "rnap_deadlock", "t_pnr": 627.3000000000026, "dt_walking_dead": 8.550000000000864, "N_RNAP": 3, "N_Ribo": 17, "N_ATP": 1000, "seed": 93}