{"t_death": 2114.1000000001195, "death_mode": "ribo_collapse", "pnr_type": "ribo_depletion", "t_pnr": 1190.7000000000594, "dt_walking_dead": 923.4000000000601, "N_RNAP": 11, "N_Ribo": 7, "N_ATP": 1000, "seed": 77}