{"t_death": 6645.599999998288, "death_mode": "ribo_collapse", "pnr_type": "ribo_depletion", "t_pnr": 2735.0999999998685, "dt_walking_dead": 3910.4999999984193, "N_RNAP": 64, "N_Ribo": 11, "N_ATP": 1000, "seed": 87}