{"t_death": 6137.999999998493, "death_mode": "ribo_collapse", "pnr_type": "ribo_depletion", "t_pnr": 2719.349999999875, "dt_walking_dead": 3418.649999998618, "N_RNAP": 100, "N_Ribo": 7, "N_ATP": 1000, "seed": 97}