{"t_death": 3010.499999999757, "death_mode": "cycle_collapse", "pnr_type": "rnap_deadlock", "t_pnr": 2955.5999999997794, "dt_walking_dead": 54.89999999997781, "N_RNAP": 3, "N_Ribo": 100, "N_ATP": 1000, "seed": 75}