{"t_death": 4351.949999999215, "death_mode": "ribo_collapse", "pnr_type": "ribo_depletion", "t_pnr": 1675.8000000001084, "dt_walking_dead": 2676.1499999991065, "N_RNAP": 64, "N_Ribo": 3, "N_ATP": 1000, "seed": 89}