{"t_death": 5386.949999998797, "death_mode": "ribo_collapse", "pnr_type": "ribo_depletion", "t_pnr": 3282.2999999996473, "dt_walking_dead": 2104.6499999991493, "N_RNAP": 11, "N_Ribo": 41, "N_ATP": 1000, "seed": 84}