{"t_death": 3749.3999999994585, "death_mode": "cycle_collapse", "pnr_type": "rnap_deadlock", "t_pnr": 3728.699999999467, "dt_walking_dead": 20.699999999991633, "N_RNAP": 27, "N_Ribo": 100, "N_ATP": 1000, "seed": 99}