{"t_death": 3534.7499999995453, "death_mode": "ribo_collapse", "pnr_type": "ribo_depletion", "t_pnr": 2358.4500000000207, "dt_walking_dead": 1176.2999999995245, "N_RNAP": 41, "N_Ribo": 7, "N_ATP": 1000, "seed": 51}