{"t_death": 5477.39999999876, "death_mode": "ribo_collapse", "pnr_type": "ribo_depletion", "t_pnr": 811.3500000000212, "dt_walking_dead": 4666.049999998739, "N_RNAP": 100, "N_Ribo": 2, "N_ATP": 1000, "seed": 46}