{"t_death": 4987.349999998958, "death_mode": "ribo_collapse", "pnr_type": "ribo_depletion", "t_pnr": 4666.499999999088, "dt_walking_dead": 320.8499999998703, "N_RNAP": 11, "N_Ribo": 41, "N_ATP": 1000, "seed": 86}