{"t_death": 6588.449999998311, "death_mode": "ribo_collapse", "pnr_type": "ribo_depletion", "t_pnr": 3999.5999999993574, "dt_walking_dead": 2588.8499999989535, "N_RNAP": 64, "N_Ribo": 17, "N_ATP": 1000, "seed": 34}