{"t_death": 5471.549999998762, "death_mode": "ribo_collapse", "pnr_type": "ribo_depletion", "t_pnr": 4951.349999998973, "dt_walking_dead": 520.1999999997897, "N_RNAP": 41, "N_Ribo": 4, "N_ATP": 1000, "seed": 65}