{"t_death": 5423.849999998782, "death_mode": "ribo_collapse", "pnr_type": "ribo_depletion", "t_pnr": 4736.24999999906, "dt_walking_dead": 687.5999999997221, "N_RNAP": 2, "N_Ribo": 100, "N_ATP": 1000, "seed": 18}