{"t_death": 4283.099999999243, "death_mode": "ribo_collapse", "pnr_type": "ribo_depletion", "t_pnr": 2904.2999999998, "dt_walking_dead": 1378.7999999994427, "N_RNAP": 41, "N_Ribo": 41, "N_ATP": 1000, "seed": 98}