{"t_death": 3619.799999999511, "death_mode": "ribo_collapse", "pnr_type": "ribo_depletion", "t_pnr": 2997.8999999997623, "dt_walking_dead": 621.8999999997486, "N_RNAP": 17, "N_Ribo": 27, "N_ATP": 1000, "seed": 29}