{"t_death": 2336.4000000000296, "death_mode": "cycle_collapse", "pnr_type": "rnap_deadlock", "t_pnr": 2301.300000000044, "dt_walking_dead": 35.09999999998581, "N_RNAP": 11, "N_Ribo": 27, "N_ATP": 1000, "seed": 80}