{"t_death": 3611.2499999995143, "death_mode": "ribo_collapse", "pnr_type": "ribo_depletion", "t_pnr": 1385.100000000079, "dt_walking_dead": 2226.1499999994353, "N_RNAP": 7, "N_Ribo": 2, "N_ATP": 1000, "seed": 24}