{"t_death": 2499.7499999999636, "death_mode": "cycle_collapse", "pnr_type": "rnap_deadlock", "t_pnr": 2483.0999999999704, "dt_walking_dead": 16.64999999999327, "N_RNAP": 11, "N_Ribo": 7, "N_ATP": 1000, "seed": 7}