{"t_death": 7920.4499999977725, "death_mode": "ribo_collapse", "pnr_type": "ribo_depletion", "t_pnr": 1036.3500000000438, "dt_walking_dead": 6884.099999997728, "N_RNAP": 27, "N_Ribo": 2, "N_ATP": 1000, "seed": 96}