{"t_death": 1207.8000000000611, "death_mode": "ribo_collapse", "pnr_type": "ribo_depletion", "t_pnr": 1167.300000000057, "dt_walking_dead": 40.50000000000409, "N_RNAP": 2, "N_Ribo": 2, "N_ATP": 1000, "seed": 92}