{"t_death": 6488.999999998351, "death_mode": "ribo_collapse", "pnr_type": "ribo_depletion", "t_pnr": 2722.9499999998734, "dt_walking_dead": 3766.0499999984777, "N_RNAP": 64, "N_Ribo": 7, "N_ATP": 1000, "seed": 32}