{"t_death": 3223.799999999671, "death_mode": "ribo_collapse", "pnr_type": "ribo_depletion", "t_pnr": 1818.4500000001228, "dt_walking_dead": 1405.3499999995481, "N_RNAP": 11, "N_Ribo": 2, "N_ATP": 1000, "seed": 17}