{"t_death": 3041.5499999997446, "death_mode": "ribo_collapse", "pnr_type": "ribo_depletion", "t_pnr": 2197.8000000000857, "dt_walking_dead": 843.7499999996589, "N_RNAP": 41, "N_Ribo": 11, "N_ATP": 1000, "seed": 60}