{"t_death": 5260.049999998848, "death_mode": "ribo_collapse", "pnr_type": "ribo_depletion", "t_pnr": 4061.2499999993324, "dt_walking_dead": 1198.7999999995154, "N_RNAP": 27, "N_Ribo": 27, "N_ATP": 1000, "seed": 15}