{"t_death": 5266.799999998845, "death_mode": "ribo_collapse", "pnr_type": "ribo_depletion", "t_pnr": 2457.8999999999805, "dt_walking_dead": 2808.8999999988646, "N_RNAP": 17, "N_Ribo": 3, "N_ATP": 1000, "seed": 57}