{"t_death": 2862.449999999817, "death_mode": "ribo_collapse", "pnr_type": "ribo_depletion", "t_pnr": 2296.350000000046, "dt_walking_dead": 566.0999999997712, "N_RNAP": 7, "N_Ribo": 11, "N_ATP": 1000, "seed": 26}