{"t_death": 2307.6000000000413, "death_mode": "ribo_collapse", "pnr_type": "ribo_depletion", "t_pnr": 1938.150000000135, "dt_walking_dead": 369.44999999990637, "N_RNAP": 11, "N_Ribo": 4, "N_ATP": 1000, "seed": 78}