{"t_death": 2349.0000000000246, "death_mode": "cycle_collapse", "pnr_type": "rnap_deadlock", "t_pnr": 2195.5500000000866, "dt_walking_dead": 153.44999999993797, "N_RNAP": 2, "N_Ribo": 17, "N_ATP": 1000, "seed": 28}