{"t_death": 2903.8499999998003, "death_mode": "ribo_collapse", "pnr_type": "ribo_depletion", "t_pnr": 426.14999999999304, "dt_walking_dead": 2477.699999999807, "N_RNAP": 17, "N_Ribo": 2, "N_ATP": 1000, "seed": 39}