{"t_death": 7294.049999998026, "death_mode": "ribo_collapse", "pnr_type": "ribo_depletion", "t_pnr": 2316.150000000038, "dt_walking_dead": 4977.899999997988, "N_RNAP": 100, "N_Ribo": 7, "N_ATP": 1000, "seed": 74}