{"t_death": 3913.649999999392, "death_mode": "cycle_collapse", "pnr_type": "rnap_deadlock", "t_pnr": 3817.349999999431, "dt_walking_dead": 96.29999999996107, "N_RNAP": 7, "N_Ribo": 100, "N_ATP": 1000, "seed": 56}