{"t_death": 3078.8999999997295, "death_mode": "cycle_collapse", "pnr_type": "rnap_deadlock", "t_pnr": 3078.8999999997295, "dt_walking_dead": 0.0, "N_RNAP": 11, "N_Ribo": 64, "N_ATP": 1000, "seed": 75}