{"t_death": 1991.2500000001403, "death_mode": "cycle_collapse", "pnr_type": "rnap_deadlock", "t_pnr": 1991.2500000001403, "dt_walking_dead": 0.0, "N_RNAP": 11, "N_Ribo": 17, "N_ATP": 1000, "seed": 56}