{"t_death": 2150.550000000105, "death_mode": "ribo_collapse", "pnr_type": "ribo_depletion", "t_pnr": 679.9500000000079, "dt_walking_dead": 1470.6000000000968, "N_RNAP": 27, "N_Ribo": 2, "N_ATP": 1000, "seed": 66}