{"t_death": 1510.6500000000917, "death_mode": "ribo_collapse", "pnr_type": "ribo_depletion", "t_pnr": 411.7499999999934, "dt_walking_dead": 1098.9000000000983, "N_RNAP": 4, "N_Ribo": 2, "N_ATP": 1000, "seed": 66}