{"t_death": 3650.8499999994983, "death_mode": "ribo_collapse", "pnr_type": "ribo_depletion", "t_pnr": 2011.5000000001423, "dt_walking_dead": 1639.349999999356, "N_RNAP": 7, "N_Ribo": 7, "N_ATP": 1000, "seed": 59}