{"t_death": 3135.5999999997066, "death_mode": "cycle_collapse", "pnr_type": "rnap_deadlock", "t_pnr": 3013.199999999756, "dt_walking_dead": 122.39999999995052, "N_RNAP": 17, "N_Ribo": 3, "N_ATP": 1000, "seed": 13}