{"t_death": 5257.799999998849, "death_mode": "ribo_collapse", "pnr_type": "ribo_depletion", "t_pnr": 2332.800000000031, "dt_walking_dead": 2924.9999999988177, "N_RNAP": 2, "N_Ribo": 11, "N_ATP": 1000, "seed": 34}