{"t_death": 7462.7999999979575, "death_mode": "ribo_collapse", "pnr_type": "ribo_depletion", "t_pnr": 2845.7999999998237, "dt_walking_dead": 4616.999999998134, "N_RNAP": 100, "N_Ribo": 2, "N_ATP": 1000, "seed": 74}