{"t_death": 2474.549999999974, "death_mode": "cycle_collapse", "pnr_type": "rnap_deadlock", "t_pnr": 2279.2500000000528, "dt_walking_dead": 195.29999999992106, "N_RNAP": 4, "N_Ribo": 11, "N_ATP": 1000, "seed": 93}