{"t_death": 3824.549999999428, "death_mode": "ribo_collapse", "pnr_type": "ribo_depletion", "t_pnr": 2580.749999999931, "dt_walking_dead": 1243.7999999994972, "N_RNAP": 11, "N_Ribo": 17, "N_ATP": 1000, "seed": 75}