{"t_death": 4285.349999999242, "death_mode": "cycle_collapse", "pnr_type": "rnap_deadlock", "t_pnr": 4183.649999999283, "dt_walking_dead": 101.69999999995889, "N_RNAP": 64, "N_Ribo": 4, "N_ATP": 1000, "seed": 3}