{"t_death": 3416.849999999593, "death_mode": "cycle_collapse", "pnr_type": "rnap_deadlock", "t_pnr": 3373.6499999996104, "dt_walking_dead": 43.19999999998254, "N_RNAP": 17, "N_Ribo": 3, "N_ATP": 1000, "seed": 83}