{"t_death": 3424.9499999995896, "death_mode": "cycle_collapse", "pnr_type": "rnap_deadlock", "t_pnr": 3392.099999999603, "dt_walking_dead": 32.84999999998672, "N_RNAP": 64, "N_Ribo": 11, "N_ATP": 1000, "seed": 66}