{"t_death": 6218.99999999846, "death_mode": "ribo_collapse", "pnr_type": "ribo_depletion", "t_pnr": 4019.3999999993493, "dt_walking_dead": 2199.599999999111, "N_RNAP": 3, "N_Ribo": 17, "N_ATP": 1000, "seed": 41}