{"t_death": 4881.599999999001, "death_mode": "ribo_collapse", "pnr_type": "ribo_depletion", "t_pnr": 3087.449999999726, "dt_walking_dead": 1794.1499999992748, "N_RNAP": 11, "N_Ribo": 100, "N_ATP": 1000, "seed": 36}