{"t_death": 3426.299999999589, "death_mode": "ribo_collapse", "pnr_type": "ribo_depletion", "t_pnr": 471.1499999999919, "dt_walking_dead": 2955.149999999597, "N_RNAP": 11, "N_Ribo": 2, "N_ATP": 1000, "seed": 39}