{"t_death": 3699.4499999994787, "death_mode": "ribo_collapse", "pnr_type": "ribo_depletion", "t_pnr": 793.3500000000193, "dt_walking_dead": 2906.099999999459, "N_RNAP": 27, "N_Ribo": 2, "N_ATP": 1000, "seed": 6}