{"t_death": 3986.5499999993626, "death_mode": "ribo_collapse", "pnr_type": "ribo_depletion", "t_pnr": 2840.8499999998257, "dt_walking_dead": 1145.6999999995369, "N_RNAP": 17, "N_Ribo": 7, "N_ATP": 1000, "seed": 29}