{"t_death": 2160.4500000001008, "death_mode": "cycle_collapse", "pnr_type": "rnap_deadlock", "t_pnr": 2151.4500000001044, "dt_walking_dead": 8.999999999996362, "N_RNAP": 17, "N_Ribo": 17, "N_ATP": 1000, "seed": 16}