{"t_death": 5950.349999998569, "death_mode": "ribo_collapse", "pnr_type": "ribo_depletion", "t_pnr": 1628.5500000001036, "dt_walking_dead": 4321.799999998465, "N_RNAP": 64, "N_Ribo": 7, "N_ATP": 1000, "seed": 72}