{"t_death": 4071.1499999993284, "death_mode": "ribo_collapse", "pnr_type": "ribo_depletion", "t_pnr": 1734.3000000001143, "dt_walking_dead": 2336.849999999214, "N_RNAP": 27, "N_Ribo": 11, "N_ATP": 1000, "seed": 90}