{"t_death": 1090.8000000000493, "death_mode": "cycle_collapse", "pnr_type": "rnap_deadlock", "t_pnr": 990.9000000000393, "dt_walking_dead": 99.90000000000998, "N_RNAP": 4, "N_Ribo": 3, "N_ATP": 1000, "seed": 73}