{"t_death": 4336.649999999221, "death_mode": "ribo_collapse", "pnr_type": "ribo_depletion", "t_pnr": 4125.599999999306, "dt_walking_dead": 211.0499999999147, "N_RNAP": 100, "N_Ribo": 4, "N_ATP": 1000, "seed": 29}