{"t_death": 3076.6499999997304, "death_mode": "ribo_collapse", "pnr_type": "ribo_depletion", "t_pnr": 2198.7000000000853, "dt_walking_dead": 877.9499999996451, "N_RNAP": 17, "N_Ribo": 4, "N_ATP": 1000, "seed": 40}