{"t_death": 4918.949999998986, "death_mode": "ribo_collapse", "pnr_type": "ribo_depletion", "t_pnr": 3347.549999999621, "dt_walking_dead": 1571.3999999993648, "N_RNAP": 100, "N_Ribo": 11, "N_ATP": 1000, "seed": 25}