{"t_death": 2717.9999999998754, "death_mode": "ribo_collapse", "pnr_type": "ribo_depletion", "t_pnr": 2368.8000000000166, "dt_walking_dead": 349.19999999985885, "N_RNAP": 7, "N_Ribo": 11, "N_ATP": 1000, "seed": 73}