{"t_death": 4362.749999999211, "death_mode": "ribo_collapse", "pnr_type": "ribo_depletion", "t_pnr": 598.4999999999997, "dt_walking_dead": 3764.249999999211, "N_RNAP": 41, "N_Ribo": 2, "N_ATP": 1000, "seed": 68}