{"t_death": 4397.849999999196, "death_mode": "ribo_collapse", "pnr_type": "ribo_depletion", "t_pnr": 4350.5999999992155, "dt_walking_dead": 47.2499999999809, "N_RNAP": 100, "N_Ribo": 4, "N_ATP": 1000, "seed": 44}