{"t_death": 4468.049999999168, "death_mode": "cycle_collapse", "pnr_type": "rnap_deadlock", "t_pnr": 4340.6999999992195, "dt_walking_dead": 127.34999999994852, "N_RNAP": 64, "N_Ribo": 7, "N_ATP": 1000, "seed": 80}