{"t_death": 1599.7500000001007, "death_mode": "ribo_collapse", "pnr_type": "ribo_depletion", "t_pnr": 372.1499999999944, "dt_walking_dead": 1227.6000000001063, "N_RNAP": 7, "N_Ribo": 3, "N_ATP": 1000, "seed": 82}