{"t_death": 3849.749999999418, "death_mode": "ribo_collapse", "pnr_type": "ribo_depletion", "t_pnr": 2526.7499999999527, "dt_walking_dead": 1322.9999999994652, "N_RNAP": 11, "N_Ribo": 17, "N_ATP": 1000, "seed": 32}