{"t_death": 3038.8499999997457, "death_mode": "ribo_collapse", "pnr_type": "ribo_depletion", "t_pnr": 2400.7500000000036, "dt_walking_dead": 638.0999999997421, "N_RNAP": 11, "N_Ribo": 4, "N_ATP": 1000, "seed": 69}