{"t_death": 5824.79999999862, "death_mode": "ribo_collapse", "pnr_type": "ribo_depletion", "t_pnr": 4154.849999999295, "dt_walking_dead": 1669.949999999325, "N_RNAP": 4, "N_Ribo": 100, "N_ATP": 1000, "seed": 12}