{"t_death": 4327.199999999225, "death_mode": "ribo_collapse", "pnr_type": "ribo_depletion", "t_pnr": 862.2000000000263, "dt_walking_dead": 3464.9999999991987, "N_RNAP": 27, "N_Ribo": 7, "N_ATP": 1000, "seed": 52}