{"t_death": 6510.1499999983425, "death_mode": "ribo_collapse", "pnr_type": "ribo_depletion", "t_pnr": 4962.149999998968, "dt_walking_dead": 1547.9999999993743, "N_RNAP": 41, "N_Ribo": 7, "N_ATP": 1000, "seed": 30}