{"t_death": 5840.549999998613, "death_mode": "ribo_collapse", "pnr_type": "ribo_depletion", "t_pnr": 5156.9999999988895, "dt_walking_dead": 683.5499999997237, "N_RNAP": 41, "N_Ribo": 64, "N_ATP": 1000, "seed": 99}