{"t_death": 3923.549999999388, "death_mode": "ribo_collapse", "pnr_type": "ribo_depletion", "t_pnr": 3712.4999999994734, "dt_walking_dead": 211.0499999999147, "N_RNAP": 27, "N_Ribo": 7, "N_ATP": 1000, "seed": 65}