{"t_death": 5101.199999998912, "death_mode": "ribo_collapse", "pnr_type": "ribo_depletion", "t_pnr": 4670.549999999086, "dt_walking_dead": 430.6499999998259, "N_RNAP": 27, "N_Ribo": 11, "N_ATP": 1000, "seed": 68}