{"t_death": 6261.749999998443, "death_mode": "ribo_collapse", "pnr_type": "ribo_depletion", "t_pnr": 1953.0000000001364, "dt_walking_dead": 4308.7499999983065, "N_RNAP": 41, "N_Ribo": 3, "N_ATP": 1000, "seed": 35}