{"t_death": 6158.699999998485, "death_mode": "ribo_collapse", "pnr_type": "ribo_depletion", "t_pnr": 1263.6000000000668, "dt_walking_dead": 4895.099999998418, "N_RNAP": 11, "N_Ribo": 3, "N_ATP": 1000, "seed": 70}