{"t_death": 3476.249999999569, "death_mode": "ribo_collapse", "pnr_type": "ribo_depletion", "t_pnr": 974.2500000000376, "dt_walking_dead": 2501.999999999531, "N_RNAP": 64, "N_Ribo": 2, "N_ATP": 1000, "seed": 39}