{"t_death": 591.749999999999, "death_mode": "cycle_collapse", "pnr_type": "rnap_deadlock", "t_pnr": 528.2999999999926, "dt_walking_dead": 63.45000000000641, "N_RNAP": 4, "N_Ribo": 41, "N_ATP": 1000, "seed": 87}