{"t_death": 3474.4499999995696, "death_mode": "ribo_collapse", "pnr_type": "ribo_depletion", "t_pnr": 2008.800000000142, "dt_walking_dead": 1465.6499999994276, "N_RNAP": 17, "N_Ribo": 4, "N_ATP": 1000, "seed": 12}