{"t_death": 874.8000000000276, "death_mode": "cycle_collapse", "pnr_type": "rnap_deadlock", "t_pnr": 745.2000000000145, "dt_walking_dead": 129.6000000000131, "N_RNAP": 3, "N_Ribo": 11, "N_ATP": 1000, "seed": 84}