{"t_death": 4333.949999999222, "death_mode": "ribo_collapse", "pnr_type": "ribo_depletion", "t_pnr": 3158.999999999697, "dt_walking_dead": 1174.949999999525, "N_RNAP": 11, "N_Ribo": 41, "N_ATP": 1000, "seed": 83}