{"t_death": 6286.949999998433, "death_mode": "ribo_collapse", "pnr_type": "ribo_depletion", "t_pnr": 4043.6999999993395, "dt_walking_dead": 2243.2499999990932, "N_RNAP": 7, "N_Ribo": 64, "N_ATP": 1000, "seed": 65}