{"t_death": 5622.749999998701, "death_mode": "ribo_collapse", "pnr_type": "ribo_depletion", "t_pnr": 5011.649999998948, "dt_walking_dead": 611.099999999753, "N_RNAP": 64, "N_Ribo": 17, "N_ATP": 1000, "seed": 13}