{"t_death": 3433.0499999995864, "death_mode": "cycle_collapse", "pnr_type": "rnap_deadlock", "t_pnr": 3308.8499999996366, "dt_walking_dead": 124.1999999999498, "N_RNAP": 27, "N_Ribo": 17, "N_ATP": 1000, "seed": 60}