{"t_death": 2545.649999999945, "death_mode": "cycle_collapse", "pnr_type": "rnap_deadlock", "t_pnr": 2484.44999999997, "dt_walking_dead": 61.19999999997526, "N_RNAP": 17, "N_Ribo": 64, "N_ATP": 1000, "seed": 76}