{"t_death": 3376.799999999609, "death_mode": "ribo_collapse", "pnr_type": "ribo_depletion", "t_pnr": 1767.1500000001176, "dt_walking_dead": 1609.6499999994915, "N_RNAP": 17, "N_Ribo": 3, "N_ATP": 1000, "seed": 64}