{"t_death": 2633.8499999999094, "death_mode": "cycle_collapse", "pnr_type": "rnap_deadlock", "t_pnr": 2460.5999999999794, "dt_walking_dead": 173.24999999992997, "N_RNAP": 11, "N_Ribo": 64, "N_ATP": 1000, "seed": 66}