{"t_death": 5690.699999998674, "death_mode": "ribo_collapse", "pnr_type": "ribo_depletion", "t_pnr": 1277.5500000000682, "dt_walking_dead": 4413.149999998605, "N_RNAP": 64, "N_Ribo": 2, "N_ATP": 1000, "seed": 85}