{"t_death": 3914.9999999993915, "death_mode": "ribo_collapse", "pnr_type": "ribo_depletion", "t_pnr": 1031.8500000000433, "dt_walking_dead": 2883.1499999993484, "N_RNAP": 64, "N_Ribo": 3, "N_ATP": 1000, "seed": 23}