{"t_death": 4882.049999999001, "death_mode": "ribo_collapse", "pnr_type": "ribo_depletion", "t_pnr": 3320.549999999632, "dt_walking_dead": 1561.4999999993688, "N_RNAP": 41, "N_Ribo": 17, "N_ATP": 1000, "seed": 23}