{"t_death": 2406.6000000000013, "death_mode": "ribo_collapse", "pnr_type": "ribo_depletion", "t_pnr": 1824.7500000001235, "dt_walking_dead": 581.8499999998778, "N_RNAP": 11, "N_Ribo": 7, "N_ATP": 1000, "seed": 32}