{"t_death": 2230.2000000000726, "death_mode": "cycle_collapse", "pnr_type": "rnap_deadlock", "t_pnr": 2199.600000000085, "dt_walking_dead": 30.59999999998763, "N_RNAP": 11, "N_Ribo": 27, "N_ATP": 1000, "seed": 60}