{"t_death": 4096.349999999318, "death_mode": "ribo_collapse", "pnr_type": "ribo_depletion", "t_pnr": 2783.699999999849, "dt_walking_dead": 1312.6499999994694, "N_RNAP": 17, "N_Ribo": 41, "N_ATP": 1000, "seed": 42}