{"t_death": 5076.899999998922, "death_mode": "ribo_collapse", "pnr_type": "ribo_depletion", "t_pnr": 4351.949999999215, "dt_walking_dead": 724.949999999707, "N_RNAP": 3, "N_Ribo": 27, "N_ATP": 1000, "seed": 83}