{"t_death": 1707.3000000001116, "death_mode": "cycle_collapse", "pnr_type": "rnap_deadlock", "t_pnr": 1509.3000000000916, "dt_walking_dead": 198.00000000002, "N_RNAP": 7, "N_Ribo": 17, "N_ATP": 1000, "seed": 88}