{"t_death": 3458.249999999576, "death_mode": "ribo_collapse", "pnr_type": "ribo_depletion", "t_pnr": 526.4999999999924, "dt_walking_dead": 2931.749999999584, "N_RNAP": 27, "N_Ribo": 2, "N_ATP": 1000, "seed": 31}