{"t_death": 2110.050000000121, "death_mode": "ribo_collapse", "pnr_type": "ribo_depletion", "t_pnr": 1382.4000000000788, "dt_walking_dead": 727.6500000000424, "N_RNAP": 11, "N_Ribo": 3, "N_ATP": 1000, "seed": 96}