{"t_death": 5030.99999999894, "death_mode": "ribo_collapse", "pnr_type": "ribo_depletion", "t_pnr": 2484.8999999999696, "dt_walking_dead": 2546.099999998971, "N_RNAP": 4, "N_Ribo": 41, "N_ATP": 1000, "seed": 53}