{"t_death": 8458.649999998093, "death_mode": "ribo_collapse", "pnr_type": "ribo_depletion", "t_pnr": 2920.9499999997934, "dt_walking_dead": 5537.6999999983, "N_RNAP": 3, "N_Ribo": 27, "N_ATP": 1000, "seed": 51}