{"t_death": 6296.849999998429, "death_mode": "ribo_collapse", "pnr_type": "ribo_depletion", "t_pnr": 2416.0499999999975, "dt_walking_dead": 3880.7999999984313, "N_RNAP": 11, "N_Ribo": 4, "N_ATP": 1000, "seed": 62}