{"t_death": 2497.0499999999647, "death_mode": "cycle_collapse", "pnr_type": "rnap_deadlock", "t_pnr": 2429.999999999992, "dt_walking_dead": 67.0499999999729, "N_RNAP": 4, "N_Ribo": 27, "N_ATP": 1000, "seed": 72}