{"t_death": 9635.849999999997, "death_mode": "ribo_collapse", "pnr_type": "ribo_depletion", "t_pnr": 2828.6999999998307, "dt_walking_dead": 6807.150000000166, "N_RNAP": 41, "N_Ribo": 4, "N_ATP": 1000, "seed": 62}