{"t_death": 980.1000000000382, "death_mode": "cycle_collapse", "pnr_type": "rnap_deadlock", "t_pnr": 946.3500000000348, "dt_walking_dead": 33.75000000000341, "N_RNAP": 7, "N_Ribo": 2, "N_ATP": 1000, "seed": 99}