{"t_death": 3976.6499999993666, "death_mode": "cycle_collapse", "pnr_type": "rnap_deadlock", "t_pnr": 3976.6499999993666, "dt_walking_dead": 0.0, "N_RNAP": 27, "N_Ribo": 100, "N_ATP": 1000, "seed": 52}