{"t_death": 5480.9999999987585, "death_mode": "ribo_collapse", "pnr_type": "ribo_depletion", "t_pnr": 3401.0999999995993, "dt_walking_dead": 2079.8999999991593, "N_RNAP": 27, "N_Ribo": 17, "N_ATP": 1000, "seed": 50}