{"t_death": 4020.299999999349, "death_mode": "ribo_collapse", "pnr_type": "ribo_depletion", "t_pnr": 1259.1000000000663, "dt_walking_dead": 2761.1999999992827, "N_RNAP": 11, "N_Ribo": 11, "N_ATP": 1000, "seed": 40}