{"t_death": 4578.749999999123, "death_mode": "ribo_collapse", "pnr_type": "ribo_depletion", "t_pnr": 2268.900000000057, "dt_walking_dead": 2309.8499999990663, "N_RNAP": 27, "N_Ribo": 4, "N_ATP": 1000, "seed": 40}