{"t_death": 5096.249999998914, "death_mode": "ribo_collapse", "pnr_type": "ribo_depletion", "t_pnr": 3987.4499999993623, "dt_walking_dead": 1108.7999999995518, "N_RNAP": 11, "N_Ribo": 7, "N_ATP": 1000, "seed": 10}