{"t_death": 1123.2000000000526, "death_mode": "cycle_collapse", "pnr_type": "rnap_deadlock", "t_pnr": 1123.2000000000526, "dt_walking_dead": 0.0, "N_RNAP": 2, "N_Ribo": 100, "N_ATP": 1000, "seed": 65}