{"t_death": 2850.299999999822, "death_mode": "ribo_collapse", "pnr_type": "ribo_depletion", "t_pnr": 2095.650000000127, "dt_walking_dead": 754.649999999695, "N_RNAP": 27, "N_Ribo": 3, "N_ATP": 1000, "seed": 36}