{"t_death": 5186.6999999988775, "death_mode": "ribo_collapse", "pnr_type": "ribo_depletion", "t_pnr": 3599.999999999519, "dt_walking_dead": 1586.6999999993586, "N_RNAP": 41, "N_Ribo": 11, "N_ATP": 1000, "seed": 55}