{"t_death": 4748.8499999990545, "death_mode": "ribo_collapse", "pnr_type": "ribo_depletion", "t_pnr": 4240.34999999926, "dt_walking_dead": 508.49999999979445, "N_RNAP": 64, "N_Ribo": 4, "N_ATP": 1000, "seed": 24}