{"t_death": 2140.650000000109, "death_mode": "ribo_collapse", "pnr_type": "ribo_depletion", "t_pnr": 385.1999999999941, "dt_walking_dead": 1755.4500000001146, "N_RNAP": 2, "N_Ribo": 2, "N_ATP": 1000, "seed": 38}