{"t_death": 2282.4000000000515, "death_mode": "ribo_collapse", "pnr_type": "ribo_depletion", "t_pnr": 1650.6000000001059, "dt_walking_dead": 631.7999999999456, "N_RNAP": 4, "N_Ribo": 17, "N_ATP": 1000, "seed": 91}