{"t_death": 2776.4999999998518, "death_mode": "ribo_collapse", "pnr_type": "ribo_depletion", "t_pnr": 691.6500000000091, "dt_walking_dead": 2084.8499999998426, "N_RNAP": 17, "N_Ribo": 3, "N_ATP": 1000, "seed": 12}