{"t_death": 5022.899999998944, "death_mode": "ribo_collapse", "pnr_type": "ribo_depletion", "t_pnr": 732.6000000000132, "dt_walking_dead": 4290.299999998931, "N_RNAP": 27, "N_Ribo": 4, "N_ATP": 1000, "seed": 79}