{"t_death": 4181.849999999284, "death_mode": "ribo_collapse", "pnr_type": "ribo_depletion", "t_pnr": 3639.149999999503, "dt_walking_dead": 542.6999999997806, "N_RNAP": 64, "N_Ribo": 2, "N_ATP": 1000, "seed": 29}