{"t_death": 4180.949999999284, "death_mode": "ribo_collapse", "pnr_type": "ribo_depletion", "t_pnr": 3138.7499999997053, "dt_walking_dead": 1042.1999999995787, "N_RNAP": 7, "N_Ribo": 17, "N_ATP": 1000, "seed": 70}