{"t_death": 5590.349999998714, "death_mode": "ribo_collapse", "pnr_type": "ribo_depletion", "t_pnr": 3949.6499999993775, "dt_walking_dead": 1640.6999999993368, "N_RNAP": 41, "N_Ribo": 17, "N_ATP": 1000, "seed": 95}