{"t_death": 2581.1999999999307, "death_mode": "ribo_collapse", "pnr_type": "ribo_depletion", "t_pnr": 1747.3500000001156, "dt_walking_dead": 833.849999999815, "N_RNAP": 27, "N_Ribo": 7, "N_ATP": 1000, "seed": 81}