{"t_death": 2191.500000000088, "death_mode": "ribo_collapse", "pnr_type": "ribo_depletion", "t_pnr": 894.1500000000295, "dt_walking_dead": 1297.3500000000586, "N_RNAP": 4, "N_Ribo": 3, "N_ATP": 1000, "seed": 70}