{"t_death": 4816.349999999027, "death_mode": "ribo_collapse", "pnr_type": "ribo_depletion", "t_pnr": 4625.549999999104, "dt_walking_dead": 190.79999999992287, "N_RNAP": 64, "N_Ribo": 11, "N_ATP": 1000, "seed": 41}