{"t_death": 3760.199999999454, "death_mode": "cycle_collapse", "pnr_type": "rnap_deadlock", "t_pnr": 3608.5499999995154, "dt_walking_dead": 151.6499999999387, "N_RNAP": 41, "N_Ribo": 17, "N_ATP": 1000, "seed": 93}