{"t_death": 6267.599999998441, "death_mode": "ribo_collapse", "pnr_type": "ribo_depletion", "t_pnr": 3930.2999999993854, "dt_walking_dead": 2337.299999999055, "N_RNAP": 41, "N_Ribo": 41, "N_ATP": 1000, "seed": 89}