{"t_death": 1917.4500000001328, "death_mode": "cycle_collapse", "pnr_type": "rnap_deadlock", "t_pnr": 1825.2000000001235, "dt_walking_dead": 92.25000000000932, "N_RNAP": 7, "N_Ribo": 17, "N_ATP": 1000, "seed": 23}