{"t_death": 5623.649999998701, "death_mode": "ribo_collapse", "pnr_type": "ribo_depletion", "t_pnr": 2747.2499999998636, "dt_walking_dead": 2876.3999999988373, "N_RNAP": 27, "N_Ribo": 4, "N_ATP": 1000, "seed": 35}