{"t_death": 6248.699999998448, "death_mode": "ribo_collapse", "pnr_type": "ribo_depletion", "t_pnr": 4127.399999999306, "dt_walking_dead": 2121.2999999991425, "N_RNAP": 41, "N_Ribo": 17, "N_ATP": 1000, "seed": 67}