{"t_death": 4724.549999999064, "death_mode": "cycle_collapse", "pnr_type": "rnap_deadlock", "t_pnr": 4715.549999999068, "dt_walking_dead": 8.999999999996362, "N_RNAP": 3, "N_Ribo": 17, "N_ATP": 1000, "seed": 2}