{"t_death": 6290.0999999984315, "death_mode": "ribo_collapse", "pnr_type": "ribo_depletion", "t_pnr": 2121.7500000001164, "dt_walking_dead": 4168.349999998315, "N_RNAP": 64, "N_Ribo": 2, "N_ATP": 1000, "seed": 66}