{"t_death": 5336.099999998817, "death_mode": "ribo_collapse", "pnr_type": "ribo_depletion", "t_pnr": 1687.5000000001096, "dt_walking_dead": 3648.5999999987075, "N_RNAP": 100, "N_Ribo": 2, "N_ATP": 1000, "seed": 37}