{"t_death": 1554.3000000000961, "death_mode": "cycle_collapse", "pnr_type": "rnap_deadlock", "t_pnr": 1500.7500000000907, "dt_walking_dead": 53.55000000000541, "N_RNAP": 4, "N_Ribo": 100, "N_ATP": 1000, "seed": 69}