{"t_death": 5110.649999998908, "death_mode": "ribo_collapse", "pnr_type": "ribo_depletion", "t_pnr": 1667.7000000001076, "dt_walking_dead": 3442.9499999988006, "N_RNAP": 27, "N_Ribo": 7, "N_ATP": 1000, "seed": 74}