{"t_death": 5850.449999998609, "death_mode": "cycle_collapse", "pnr_type": "rnap_deadlock", "t_pnr": 5849.09999999861, "dt_walking_dead": 1.3499999999994543, "N_RNAP": 11, "N_Ribo": 41, "N_ATP": 1000, "seed": 69}