{"t_death": 6218.99999999846, "death_mode": "ribo_collapse", "pnr_type": "ribo_depletion", "t_pnr": 4490.099999999159, "dt_walking_dead": 1728.8999999993011, "N_RNAP": 100, "N_Ribo": 11, "N_ATP": 1000, "seed": 54}