{"t_death": 6153.299999998487, "death_mode": "ribo_collapse", "pnr_type": "ribo_depletion", "t_pnr": 5872.9499999986, "dt_walking_dead": 280.3499999998867, "N_RNAP": 41, "N_Ribo": 27, "N_ATP": 1000, "seed": 62}