{"t_death": 4294.799999999238, "death_mode": "ribo_collapse", "pnr_type": "ribo_depletion", "t_pnr": 3013.649999999756, "dt_walking_dead": 1281.1499999994821, "N_RNAP": 64, "N_Ribo": 3, "N_ATP": 1000, "seed": 28}