{"t_death": 2456.999999999981, "death_mode": "ribo_collapse", "pnr_type": "ribo_depletion", "t_pnr": 2388.1500000000087, "dt_walking_dead": 68.84999999997217, "N_RNAP": 17, "N_Ribo": 7, "N_ATP": 1000, "seed": 4}