{"t_death": 6814.799999998219, "death_mode": "ribo_collapse", "pnr_type": "ribo_depletion", "t_pnr": 4715.099999999068, "dt_walking_dead": 2099.6999999991513, "N_RNAP": 11, "N_Ribo": 11, "N_ATP": 1000, "seed": 63}