{"t_death": 5863.949999998604, "death_mode": "ribo_collapse", "pnr_type": "ribo_depletion", "t_pnr": 3699.4499999994787, "dt_walking_dead": 2164.499999999125, "N_RNAP": 64, "N_Ribo": 17, "N_ATP": 1000, "seed": 31}