{"t_death": 3392.9999999996026, "death_mode": "ribo_collapse", "pnr_type": "ribo_depletion", "t_pnr": 2972.6999999997724, "dt_walking_dead": 420.2999999998301, "N_RNAP": 3, "N_Ribo": 17, "N_ATP": 1000, "seed": 80}