{"t_death": 4051.7999999993363, "death_mode": "cycle_collapse", "pnr_type": "rnap_deadlock", "t_pnr": 4051.7999999993363, "dt_walking_dead": 0.0, "N_RNAP": 17, "N_Ribo": 41, "N_ATP": 1000, "seed": 23}