{"t_death": 5036.399999998938, "death_mode": "cycle_collapse", "pnr_type": "rnap_deadlock", "t_pnr": 4961.249999998969, "dt_walking_dead": 75.14999999996962, "N_RNAP": 11, "N_Ribo": 64, "N_ATP": 1000, "seed": 91}