{"t_death": 5968.3499999985615, "death_mode": "ribo_collapse", "pnr_type": "ribo_depletion", "t_pnr": 1292.4000000000697, "dt_walking_dead": 4675.949999998492, "N_RNAP": 100, "N_Ribo": 2, "N_ATP": 1000, "seed": 51}