{"t_death": 6333.749999998414, "death_mode": "ribo_collapse", "pnr_type": "ribo_depletion", "t_pnr": 3814.1999999994323, "dt_walking_dead": 2519.5499999989815, "N_RNAP": 100, "N_Ribo": 4, "N_ATP": 1000, "seed": 25}