{"t_death": 4230.899999999264, "death_mode": "ribo_collapse", "pnr_type": "ribo_depletion", "t_pnr": 3986.099999999363, "dt_walking_dead": 244.79999999990105, "N_RNAP": 64, "N_Ribo": 7, "N_ATP": 1000, "seed": 49}