{"t_death": 4073.8499999993273, "death_mode": "ribo_collapse", "pnr_type": "ribo_depletion", "t_pnr": 3300.29999999964, "dt_walking_dead": 773.5499999996873, "N_RNAP": 100, "N_Ribo": 7, "N_ATP": 1000, "seed": 88}