{"t_death": 2404.800000000002, "death_mode": "cycle_collapse", "pnr_type": "rnap_deadlock", "t_pnr": 2316.150000000038, "dt_walking_dead": 88.64999999996417, "N_RNAP": 2, "N_Ribo": 41, "N_ATP": 1000, "seed": 68}