{"t_death": 5720.849999998662, "death_mode": "ribo_collapse", "pnr_type": "ribo_depletion", "t_pnr": 2241.450000000068, "dt_walking_dead": 3479.3999999985936, "N_RNAP": 64, "N_Ribo": 4, "N_ATP": 1000, "seed": 91}