{"t_death": 5062.499999998928, "death_mode": "ribo_collapse", "pnr_type": "ribo_depletion", "t_pnr": 1406.7000000000812, "dt_walking_dead": 3655.7999999988465, "N_RNAP": 100, "N_Ribo": 4, "N_ATP": 1000, "seed": 68}