{"t_death": 1615.0500000001023, "death_mode": "cycle_collapse", "pnr_type": "rnap_deadlock", "t_pnr": 1589.4000000000997, "dt_walking_dead": 25.650000000002592, "N_RNAP": 3, "N_Ribo": 17, "N_ATP": 1000, "seed": 30}