{"t_death": 3965.849999999371, "death_mode": "cycle_collapse", "pnr_type": "rnap_deadlock", "t_pnr": 3930.2999999993854, "dt_walking_dead": 35.54999999998563, "N_RNAP": 4, "N_Ribo": 64, "N_ATP": 1000, "seed": 12}