{"t_death": 2556.4499999999407, "death_mode": "ribo_collapse", "pnr_type": "ribo_depletion", "t_pnr": 1293.3000000000698, "dt_walking_dead": 1263.149999999871, "N_RNAP": 2, "N_Ribo": 3, "N_ATP": 1000, "seed": 99}