{"t_death": 2195.5500000000866, "death_mode": "ribo_collapse", "pnr_type": "ribo_depletion", "t_pnr": 922.0500000000324, "dt_walking_dead": 1273.5000000000541, "N_RNAP": 11, "N_Ribo": 2, "N_ATP": 1000, "seed": 83}