{"t_death": 3111.2999999997164, "death_mode": "ribo_collapse", "pnr_type": "ribo_depletion", "t_pnr": 1413.0000000000819, "dt_walking_dead": 1698.2999999996346, "N_RNAP": 17, "N_Ribo": 7, "N_ATP": 1000, "seed": 27}