{"t_death": 1127.700000000053, "death_mode": "ribo_collapse", "pnr_type": "ribo_depletion", "t_pnr": 528.2999999999926, "dt_walking_dead": 599.4000000000605, "N_RNAP": 3, "N_Ribo": 4, "N_ATP": 1000, "seed": 95}