{"t_death": 1650.6000000001059, "death_mode": "cycle_collapse", "pnr_type": "rnap_deadlock", "t_pnr": 1532.250000000094, "dt_walking_dead": 118.35000000001196, "N_RNAP": 11, "N_Ribo": 17, "N_ATP": 1000, "seed": 98}