{"t_death": 3176.09999999969, "death_mode": "ribo_collapse", "pnr_type": "ribo_depletion", "t_pnr": 2586.1499999999287, "dt_walking_dead": 589.9499999997615, "N_RNAP": 4, "N_Ribo": 17, "N_ATP": 1000, "seed": 95}