{"t_death": 2730.1499999998705, "death_mode": "ribo_collapse", "pnr_type": "ribo_depletion", "t_pnr": 2439.449999999988, "dt_walking_dead": 290.6999999998825, "N_RNAP": 4, "N_Ribo": 27, "N_ATP": 1000, "seed": 24}