{"t_death": 1902.1500000001313, "death_mode": "cycle_collapse", "pnr_type": "rnap_deadlock", "t_pnr": 1887.7500000001298, "dt_walking_dead": 14.400000000001455, "N_RNAP": 3, "N_Ribo": 100, "N_ATP": 1000, "seed": 64}