{"t_death": 1593.4500000001, "death_mode": "ribo_collapse", "pnr_type": "ribo_depletion", "t_pnr": 1575.9000000000983, "dt_walking_dead": 17.550000000001774, "N_RNAP": 4, "N_Ribo": 7, "N_ATP": 1000, "seed": 90}