{"t_death": 6195.59999999847, "death_mode": "ribo_collapse", "pnr_type": "ribo_depletion", "t_pnr": 5156.09999999889, "dt_walking_dead": 1039.4999999995798, "N_RNAP": 64, "N_Ribo": 7, "N_ATP": 1000, "seed": 73}