{"t_death": 5142.599999998895, "death_mode": "ribo_collapse", "pnr_type": "ribo_depletion", "t_pnr": 3297.599999999641, "dt_walking_dead": 1844.9999999992542, "N_RNAP": 3, "N_Ribo": 7, "N_ATP": 1000, "seed": 25}