{"t_death": 3544.6499999995413, "death_mode": "ribo_collapse", "pnr_type": "ribo_depletion", "t_pnr": 721.3500000000121, "dt_walking_dead": 2823.299999999529, "N_RNAP": 41, "N_Ribo": 3, "N_ATP": 1000, "seed": 81}