{"t_death": 5872.4999999986, "death_mode": "ribo_collapse", "pnr_type": "ribo_depletion", "t_pnr": 3030.749999999749, "dt_walking_dead": 2841.7499999988513, "N_RNAP": 7, "N_Ribo": 27, "N_ATP": 1000, "seed": 73}