{"t_death": 3285.449999999646, "death_mode": "ribo_collapse", "pnr_type": "ribo_depletion", "t_pnr": 3091.0499999997246, "dt_walking_dead": 194.39999999992142, "N_RNAP": 7, "N_Ribo": 17, "N_ATP": 1000, "seed": 10}