{"t_death": 4919.399999998986, "death_mode": "ribo_collapse", "pnr_type": "ribo_depletion", "t_pnr": 1126.350000000053, "dt_walking_dead": 3793.0499999989324, "N_RNAP": 27, "N_Ribo": 4, "N_ATP": 1000, "seed": 37}