{"t_death": 5776.649999998639, "death_mode": "cycle_collapse", "pnr_type": "rnap_deadlock", "t_pnr": 5675.39999999868, "dt_walking_dead": 101.24999999995907, "N_RNAP": 27, "N_Ribo": 64, "N_ATP": 1000, "seed": 19}