{"t_death": 3974.8499999993674, "death_mode": "ribo_collapse", "pnr_type": "ribo_depletion", "t_pnr": 1013.8500000000416, "dt_walking_dead": 2960.9999999993256, "N_RNAP": 17, "N_Ribo": 2, "N_ATP": 1000, "seed": 71}