{"t_death": 5497.199999998752, "death_mode": "ribo_collapse", "pnr_type": "ribo_depletion", "t_pnr": 2021.8500000001434, "dt_walking_dead": 3475.349999998609, "N_RNAP": 41, "N_Ribo": 4, "N_ATP": 1000, "seed": 71}