{"t_death": 5744.249999998652, "death_mode": "ribo_collapse", "pnr_type": "ribo_depletion", "t_pnr": 1300.9500000000705, "dt_walking_dead": 4443.299999998581, "N_RNAP": 41, "N_Ribo": 3, "N_ATP": 1000, "seed": 94}