{"t_death": 3003.29999999976, "death_mode": "cycle_collapse", "pnr_type": "rnap_deadlock", "t_pnr": 2688.749999999887, "dt_walking_dead": 314.54999999987285, "N_RNAP": 2, "N_Ribo": 100, "N_ATP": 1000, "seed": 58}