{"t_death": 2485.3499999999694, "death_mode": "ribo_collapse", "pnr_type": "ribo_depletion", "t_pnr": 2160.9000000001006, "dt_walking_dead": 324.44999999986885, "N_RNAP": 2, "N_Ribo": 3, "N_ATP": 1000, "seed": 8}