{"t_death": 3904.199999999396, "death_mode": "ribo_collapse", "pnr_type": "ribo_depletion", "t_pnr": 690.3000000000089, "dt_walking_dead": 3213.899999999387, "N_RNAP": 7, "N_Ribo": 3, "N_ATP": 1000, "seed": 78}