{"t_death": 3719.6999999994705, "death_mode": "ribo_collapse", "pnr_type": "ribo_depletion", "t_pnr": 2301.300000000044, "dt_walking_dead": 1418.3999999994267, "N_RNAP": 41, "N_Ribo": 11, "N_ATP": 1000, "seed": 78}