{"t_death": 4990.499999998957, "death_mode": "ribo_collapse", "pnr_type": "ribo_depletion", "t_pnr": 4841.549999999017, "dt_walking_dead": 148.9499999999398, "N_RNAP": 41, "N_Ribo": 64, "N_ATP": 1000, "seed": 41}