{"t_death": 2021.8500000001434, "death_mode": "cycle_collapse", "pnr_type": "rnap_deadlock", "t_pnr": 1808.1000000001218, "dt_walking_dead": 213.7500000000216, "N_RNAP": 4, "N_Ribo": 100, "N_ATP": 1000, "seed": 14}