{"t_death": 1362.6000000000768, "death_mode": "cycle_collapse", "pnr_type": "rnap_deadlock", "t_pnr": 949.9500000000352, "dt_walking_dead": 412.6500000000416, "N_RNAP": 4, "N_Ribo": 11, "N_ATP": 1000, "seed": 73}