{"t_death": 2865.149999999816, "death_mode": "cycle_collapse", "pnr_type": "rnap_deadlock", "t_pnr": 2682.8999999998896, "dt_walking_dead": 182.24999999992633, "N_RNAP": 17, "N_Ribo": 100, "N_ATP": 1000, "seed": 46}