{"t_death": 4326.299999999225, "death_mode": "ribo_collapse", "pnr_type": "ribo_depletion", "t_pnr": 1886.4000000001297, "dt_walking_dead": 2439.8999999990956, "N_RNAP": 100, "N_Ribo": 3, "N_ATP": 1000, "seed": 0}