{"t_death": 4306.949999999233, "death_mode": "ribo_collapse", "pnr_type": "ribo_depletion", "t_pnr": 3432.1499999995867, "dt_walking_dead": 874.7999999996464, "N_RNAP": 7, "N_Ribo": 4, "N_ATP": 1000, "seed": 40}