{"t_death": 3082.0499999997282, "death_mode": "cycle_collapse", "pnr_type": "rnap_deadlock", "t_pnr": 2757.5999999998594, "dt_walking_dead": 324.44999999986885, "N_RNAP": 4, "N_Ribo": 27, "N_ATP": 1000, "seed": 55}