{"t_death": 2479.9499999999716, "death_mode": "ribo_collapse", "pnr_type": "ribo_depletion", "t_pnr": 1914.7500000001326, "dt_walking_dead": 565.1999999998391, "N_RNAP": 2, "N_Ribo": 3, "N_ATP": 1000, "seed": 68}