{"t_death": 2707.1999999998798, "death_mode": "ribo_collapse", "pnr_type": "ribo_depletion", "t_pnr": 2674.799999999893, "dt_walking_dead": 32.3999999999869, "N_RNAP": 11, "N_Ribo": 3, "N_ATP": 1000, "seed": 37}