{"t_death": 2512.3499999999585, "death_mode": "ribo_collapse", "pnr_type": "ribo_depletion", "t_pnr": 274.4999999999969, "dt_walking_dead": 2237.8499999999617, "N_RNAP": 3, "N_Ribo": 3, "N_ATP": 1000, "seed": 40}