{"t_death": 1030.0500000000432, "death_mode": "cycle_collapse", "pnr_type": "rnap_deadlock", "t_pnr": 856.3500000000257, "dt_walking_dead": 173.70000000001744, "N_RNAP": 3, "N_Ribo": 100, "N_ATP": 1000, "seed": 38}