{"t_death": 1224.9000000000628, "death_mode": "ribo_collapse", "pnr_type": "ribo_depletion", "t_pnr": 981.9000000000384, "dt_walking_dead": 243.00000000002444, "N_RNAP": 2, "N_Ribo": 3, "N_ATP": 1000, "seed": 59}