{"t_death": 2667.149999999896, "death_mode": "cycle_collapse", "pnr_type": "rnap_deadlock", "t_pnr": 2511.449999999959, "dt_walking_dead": 155.69999999993706, "N_RNAP": 7, "N_Ribo": 11, "N_ATP": 1000, "seed": 10}