{"t_death": 1735.6500000001145, "death_mode": "ribo_collapse", "pnr_type": "ribo_depletion", "t_pnr": 1286.100000000069, "dt_walking_dead": 449.55000000004543, "N_RNAP": 11, "N_Ribo": 3, "N_ATP": 1000, "seed": 67}