{"t_death": 1898.1000000001309, "death_mode": "ribo_collapse", "pnr_type": "ribo_depletion", "t_pnr": 1723.5000000001132, "dt_walking_dead": 174.60000000001764, "N_RNAP": 17, "N_Ribo": 17, "N_ATP": 1000, "seed": 58}