{"t_death": 4329.449999999224, "death_mode": "ribo_collapse", "pnr_type": "ribo_depletion", "t_pnr": 2917.349999999795, "dt_walking_dead": 1412.0999999994292, "N_RNAP": 11, "N_Ribo": 27, "N_ATP": 1000, "seed": 88}