{"t_death": 6033.599999998535, "death_mode": "ribo_collapse", "pnr_type": "ribo_depletion", "t_pnr": 2974.049999999772, "dt_walking_dead": 3059.5499999987633, "N_RNAP": 41, "N_Ribo": 7, "N_ATP": 1000, "seed": 86}