{"t_death": 2603.6999999999216, "death_mode": "cycle_collapse", "pnr_type": "rnap_deadlock", "t_pnr": 2433.5999999999904, "dt_walking_dead": 170.09999999993124, "N_RNAP": 27, "N_Ribo": 7, "N_ATP": 1000, "seed": 97}