{"t_death": 6098.849999998509, "death_mode": "ribo_collapse", "pnr_type": "ribo_depletion", "t_pnr": 1080.4500000000482, "dt_walking_dead": 5018.399999998461, "N_RNAP": 100, "N_Ribo": 3, "N_ATP": 1000, "seed": 72}