{"t_death": 4437.89999999918, "death_mode": "ribo_collapse", "pnr_type": "ribo_depletion", "t_pnr": 2585.249999999929, "dt_walking_dead": 1852.6499999992511, "N_RNAP": 27, "N_Ribo": 3, "N_ATP": 1000, "seed": 31}