{"t_death": 1750.050000000116, "death_mode": "cycle_collapse", "pnr_type": "rnap_deadlock", "t_pnr": 1741.950000000115, "dt_walking_dead": 8.100000000000819, "N_RNAP": 2, "N_Ribo": 100, "N_ATP": 1000, "seed": 20}