{"t_death": 2861.5499999998174, "death_mode": "ribo_collapse", "pnr_type": "ribo_depletion", "t_pnr": 1092.6000000000495, "dt_walking_dead": 1768.949999999768, "N_RNAP": 17, "N_Ribo": 7, "N_ATP": 1000, "seed": 73}