{"t_death": 3192.7499999996835, "death_mode": "cycle_collapse", "pnr_type": "rnap_deadlock", "t_pnr": 3099.1499999997213, "dt_walking_dead": 93.59999999996217, "N_RNAP": 4, "N_Ribo": 27, "N_ATP": 1000, "seed": 94}