{"t_death": 2904.2999999998, "death_mode": "ribo_collapse", "pnr_type": "ribo_depletion", "t_pnr": 2345.850000000026, "dt_walking_dead": 558.4499999997743, "N_RNAP": 41, "N_Ribo": 4, "N_ATP": 1000, "seed": 79}