{"t_death": 2203.6500000000833, "death_mode": "cycle_collapse", "pnr_type": "rnap_deadlock", "t_pnr": 2147.850000000106, "dt_walking_dead": 55.799999999977445, "N_RNAP": 3, "N_Ribo": 41, "N_ATP": 1000, "seed": 26}