{"t_death": 2776.049999999852, "death_mode": "ribo_collapse", "pnr_type": "ribo_depletion", "t_pnr": 717.3000000000117, "dt_walking_dead": 2058.7499999998404, "N_RNAP": 11, "N_Ribo": 2, "N_ATP": 1000, "seed": 32}