{"t_death": 3486.149999999565, "death_mode": "ribo_collapse", "pnr_type": "ribo_depletion", "t_pnr": 89.10000000000032, "dt_walking_dead": 3397.0499999995645, "N_RNAP": 11, "N_Ribo": 2, "N_ATP": 1000, "seed": 71}