{"t_death": 4203.899999999275, "death_mode": "ribo_collapse", "pnr_type": "ribo_depletion", "t_pnr": 3495.599999999561, "dt_walking_dead": 708.2999999997137, "N_RNAP": 17, "N_Ribo": 100, "N_ATP": 1000, "seed": 72}