{"t_death": 3182.3999999996877, "death_mode": "ribo_collapse", "pnr_type": "ribo_depletion", "t_pnr": 2311.20000000004, "dt_walking_dead": 871.1999999996478, "N_RNAP": 7, "N_Ribo": 4, "N_ATP": 1000, "seed": 93}