{"t_death": 2403.9000000000024, "death_mode": "ribo_collapse", "pnr_type": "ribo_depletion", "t_pnr": 2138.8500000001095, "dt_walking_dead": 265.04999999989286, "N_RNAP": 41, "N_Ribo": 3, "N_ATP": 1000, "seed": 22}