{"t_death": 2429.099999999992, "death_mode": "ribo_collapse", "pnr_type": "ribo_depletion", "t_pnr": 799.65000000002, "dt_walking_dead": 1629.449999999972, "N_RNAP": 4, "N_Ribo": 2, "N_ATP": 1000, "seed": 99}