{"t_death": 5626.7999999987, "death_mode": "ribo_collapse", "pnr_type": "ribo_depletion", "t_pnr": 675.9000000000075, "dt_walking_dead": 4950.899999998692, "N_RNAP": 2, "N_Ribo": 3, "N_ATP": 1000, "seed": 35}