{"t_death": 4626.899999999104, "death_mode": "ribo_collapse", "pnr_type": "ribo_depletion", "t_pnr": 3298.9499999996406, "dt_walking_dead": 1327.9499999994632, "N_RNAP": 17, "N_Ribo": 11, "N_ATP": 1000, "seed": 80}