{"t_death": 1088.550000000049, "death_mode": "ribo_collapse", "pnr_type": "ribo_depletion", "t_pnr": 905.4000000000307, "dt_walking_dead": 183.1500000000184, "N_RNAP": 2, "N_Ribo": 7, "N_ATP": 1000, "seed": 52}