{"t_death": 3201.29999999968, "death_mode": "ribo_collapse", "pnr_type": "ribo_depletion", "t_pnr": 2578.049999999932, "dt_walking_dead": 623.2499999997481, "N_RNAP": 41, "N_Ribo": 2, "N_ATP": 1000, "seed": 90}