{"t_death": 4531.499999999142, "death_mode": "ribo_collapse", "pnr_type": "ribo_depletion", "t_pnr": 2718.899999999875, "dt_walking_dead": 1812.5999999992673, "N_RNAP": 64, "N_Ribo": 7, "N_ATP": 1000, "seed": 46}