{"t_death": 734.4000000000134, "death_mode": "cycle_collapse", "pnr_type": "rnap_deadlock", "t_pnr": 527.3999999999925, "dt_walking_dead": 207.00000000002092, "N_RNAP": 2, "N_Ribo": 64, "N_ATP": 1000, "seed": 32}