{"t_death": 4891.049999998997, "death_mode": "ribo_collapse", "pnr_type": "ribo_depletion", "t_pnr": 3298.049999999641, "dt_walking_dead": 1592.999999999356, "N_RNAP": 41, "N_Ribo": 41, "N_ATP": 1000, "seed": 1}