{"t_death": 4018.4999999993497, "death_mode": "ribo_collapse", "pnr_type": "ribo_depletion", "t_pnr": 765.9000000000166, "dt_walking_dead": 3252.5999999993332, "N_RNAP": 27, "N_Ribo": 4, "N_ATP": 1000, "seed": 53}