{"t_death": 5010.299999998949, "death_mode": "ribo_collapse", "pnr_type": "ribo_depletion", "t_pnr": 3557.699999999536, "dt_walking_dead": 1452.5999999994128, "N_RNAP": 100, "N_Ribo": 11, "N_ATP": 1000, "seed": 33}