{"t_death": 2282.4000000000515, "death_mode": "ribo_collapse", "pnr_type": "ribo_depletion", "t_pnr": 570.5999999999968, "dt_walking_dead": 1711.8000000000548, "N_RNAP": 11, "N_Ribo": 4, "N_ATP": 1000, "seed": 5}