{"t_death": 2969.5499999997737, "death_mode": "cycle_collapse", "pnr_type": "rnap_deadlock", "t_pnr": 2842.649999999825, "dt_walking_dead": 126.8999999999487, "N_RNAP": 17, "N_Ribo": 17, "N_ATP": 1000, "seed": 43}