{"t_death": 8507.699999998173, "death_mode": "ribo_collapse", "pnr_type": "ribo_depletion", "t_pnr": 8282.249999997808, "dt_walking_dead": 225.45000000036453, "N_RNAP": 41, "N_Ribo": 100, "N_ATP": 1000, "seed": 13}