{"t_death": 4538.699999999139, "death_mode": "ribo_collapse", "pnr_type": "ribo_depletion", "t_pnr": 3172.4999999996917, "dt_walking_dead": 1366.1999999994478, "N_RNAP": 100, "N_Ribo": 2, "N_ATP": 1000, "seed": 32}