{"t_death": 4785.29999999904, "death_mode": "ribo_collapse", "pnr_type": "ribo_depletion", "t_pnr": 647.1000000000046, "dt_walking_dead": 4138.199999999035, "N_RNAP": 27, "N_Ribo": 2, "N_ATP": 1000, "seed": 57}