{"t_death": 1863.9000000001274, "death_mode": "ribo_collapse", "pnr_type": "ribo_depletion", "t_pnr": 1836.9000000001247, "dt_walking_dead": 27.00000000000273, "N_RNAP": 7, "N_Ribo": 11, "N_ATP": 1000, "seed": 0}