{"t_death": 1567.8000000000975, "death_mode": "cycle_collapse", "pnr_type": "rnap_deadlock", "t_pnr": 1547.1000000000954, "dt_walking_dead": 20.700000000002092, "N_RNAP": 4, "N_Ribo": 7, "N_ATP": 1000, "seed": 30}