{"t_death": 4060.7999999993326, "death_mode": "ribo_collapse", "pnr_type": "ribo_depletion", "t_pnr": 2422.7999999999947, "dt_walking_dead": 1637.999999999338, "N_RNAP": 41, "N_Ribo": 7, "N_ATP": 1000, "seed": 8}