{"t_death": 3270.599999999652, "death_mode": "cycle_collapse", "pnr_type": "rnap_deadlock", "t_pnr": 3221.9999999996717, "dt_walking_dead": 48.599999999980355, "N_RNAP": 27, "N_Ribo": 27, "N_ATP": 1000, "seed": 93}