{"t_death": 2473.1999999999744, "death_mode": "ribo_collapse", "pnr_type": "ribo_depletion", "t_pnr": 1371.1500000000776, "dt_walking_dead": 1102.0499999998967, "N_RNAP": 3, "N_Ribo": 3, "N_ATP": 1000, "seed": 69}