{"t_death": 3902.3999999993966, "death_mode": "ribo_collapse", "pnr_type": "ribo_depletion", "t_pnr": 3631.499999999506, "dt_walking_dead": 270.8999999998905, "N_RNAP": 64, "N_Ribo": 4, "N_ATP": 1000, "seed": 70}