{"t_death": 5571.449999998722, "death_mode": "ribo_collapse", "pnr_type": "ribo_depletion", "t_pnr": 1950.3000000001362, "dt_walking_dead": 3621.149999998586, "N_RNAP": 64, "N_Ribo": 2, "N_ATP": 1000, "seed": 56}