{"t_death": 3498.74999999956, "death_mode": "cycle_collapse", "pnr_type": "rnap_deadlock", "t_pnr": 3383.5499999996064, "dt_walking_dead": 115.19999999995343, "N_RNAP": 4, "N_Ribo": 41, "N_ATP": 1000, "seed": 93}