{"t_death": 3878.0999999994065, "death_mode": "cycle_collapse", "pnr_type": "rnap_deadlock", "t_pnr": 3878.0999999994065, "dt_walking_dead": 0.0, "N_RNAP": 100, "N_Ribo": 17, "N_ATP": 1000, "seed": 55}