{"t_death": 5408.099999998788, "death_mode": "ribo_collapse", "pnr_type": "ribo_depletion", "t_pnr": 4819.049999999026, "dt_walking_dead": 589.0499999997619, "N_RNAP": 17, "N_Ribo": 64, "N_ATP": 1000, "seed": 10}