{"t_death": 3636.449999999504, "death_mode": "ribo_collapse", "pnr_type": "ribo_depletion", "t_pnr": 3288.5999999996448, "dt_walking_dead": 347.8499999998594, "N_RNAP": 27, "N_Ribo": 27, "N_ATP": 1000, "seed": 68}