{"t_death": 1395.45000000008, "death_mode": "cycle_collapse", "pnr_type": "rnap_deadlock", "t_pnr": 1325.250000000073, "dt_walking_dead": 70.2000000000071, "N_RNAP": 7, "N_Ribo": 7, "N_ATP": 1000, "seed": 2}