{"t_death": 3771.8999999994494, "death_mode": "ribo_collapse", "pnr_type": "ribo_depletion", "t_pnr": 3109.949999999717, "dt_walking_dead": 661.9499999997324, "N_RNAP": 41, "N_Ribo": 4, "N_ATP": 1000, "seed": 16}