{"t_death": 2470.9499999999753, "death_mode": "cycle_collapse", "pnr_type": "rnap_deadlock", "t_pnr": 2470.9499999999753, "dt_walking_dead": 0.0, "N_RNAP": 17, "N_Ribo": 41, "N_ATP": 1000, "seed": 36}