{"t_death": 2354.4000000000224, "death_mode": "cycle_collapse", "pnr_type": "rnap_deadlock", "t_pnr": 2341.3500000000276, "dt_walking_dead": 13.049999999994725, "N_RNAP": 11, "N_Ribo": 27, "N_ATP": 1000, "seed": 10}