{"t_death": 3289.949999999644, "death_mode": "ribo_collapse", "pnr_type": "ribo_depletion", "t_pnr": 2016.9000000001429, "dt_walking_dead": 1273.0499999995013, "N_RNAP": 3, "N_Ribo": 4, "N_ATP": 1000, "seed": 92}