{"t_death": 2777.849999999851, "death_mode": "ribo_collapse", "pnr_type": "ribo_depletion", "t_pnr": 2024.5500000001437, "dt_walking_dead": 753.2999999997076, "N_RNAP": 2, "N_Ribo": 11, "N_ATP": 1000, "seed": 98}