{"t_death": 971.5500000000374, "death_mode": "cycle_collapse", "pnr_type": "rnap_deadlock", "t_pnr": 734.8500000000134, "dt_walking_dead": 236.70000000002392, "N_RNAP": 3, "N_Ribo": 4, "N_ATP": 1000, "seed": 67}