{"t_death": 3923.549999999388, "death_mode": "cycle_collapse", "pnr_type": "rnap_deadlock", "t_pnr": 3784.0499999994445, "dt_walking_dead": 139.4999999999436, "N_RNAP": 27, "N_Ribo": 41, "N_ATP": 1000, "seed": 12}