{"t_death": 3257.999999999657, "death_mode": "cycle_collapse", "pnr_type": "rnap_deadlock", "t_pnr": 2995.1999999997633, "dt_walking_dead": 262.79999999989377, "N_RNAP": 7, "N_Ribo": 41, "N_ATP": 1000, "seed": 92}