{"t_death": 6600.149999998306, "death_mode": "ribo_collapse", "pnr_type": "ribo_depletion", "t_pnr": 1008.4500000000411, "dt_walking_dead": 5591.699999998265, "N_RNAP": 41, "N_Ribo": 7, "N_ATP": 1000, "seed": 66}