{"t_death": 5255.09999999885, "death_mode": "ribo_collapse", "pnr_type": "ribo_depletion", "t_pnr": 1298.7000000000703, "dt_walking_dead": 3956.3999999987795, "N_RNAP": 100, "N_Ribo": 3, "N_ATP": 1000, "seed": 37}