{"t_death": 5929.199999998577, "death_mode": "ribo_collapse", "pnr_type": "ribo_depletion", "t_pnr": 148.95000000000005, "dt_walking_dead": 5780.249999998578, "N_RNAP": 64, "N_Ribo": 4, "N_ATP": 1000, "seed": 11}