{"t_death": 3895.6499999993994, "death_mode": "ribo_collapse", "pnr_type": "ribo_depletion", "t_pnr": 3731.8499999994656, "dt_walking_dead": 163.7999999999338, "N_RNAP": 7, "N_Ribo": 64, "N_ATP": 1000, "seed": 91}