{"t_death": 4983.29999999896, "death_mode": "cycle_collapse", "pnr_type": "rnap_deadlock", "t_pnr": 4981.94999999896, "dt_walking_dead": 1.3499999999994543, "N_RNAP": 2, "N_Ribo": 64, "N_ATP": 1000, "seed": 79}