{"t_death": 5176.7999999988815, "death_mode": "ribo_collapse", "pnr_type": "ribo_depletion", "t_pnr": 2070.0000000001373, "dt_walking_dead": 3106.799999998744, "N_RNAP": 100, "N_Ribo": 7, "N_ATP": 1000, "seed": 96}