{"t_death": 565.6499999999963, "death_mode": "cycle_collapse", "pnr_type": "rnap_deadlock", "t_pnr": 512.999999999991, "dt_walking_dead": 52.65000000000532, "N_RNAP": 2, "N_Ribo": 7, "N_ATP": 1000, "seed": 58}