{"t_death": 5487.299999998756, "death_mode": "ribo_collapse", "pnr_type": "ribo_depletion", "t_pnr": 1000.3500000000403, "dt_walking_dead": 4486.949999998716, "N_RNAP": 17, "N_Ribo": 2, "N_ATP": 1000, "seed": 31}