{"t_death": 3523.49999999955, "death_mode": "ribo_collapse", "pnr_type": "ribo_depletion", "t_pnr": 3324.1499999996304, "dt_walking_dead": 199.34999999991942, "N_RNAP": 4, "N_Ribo": 7, "N_ATP": 1000, "seed": 19}