{"t_death": 5004.449999998951, "death_mode": "ribo_collapse", "pnr_type": "ribo_depletion", "t_pnr": 3975.299999999367, "dt_walking_dead": 1029.149999999584, "N_RNAP": 64, "N_Ribo": 3, "N_ATP": 1000, "seed": 29}