{"t_death": 2043.9000000001456, "death_mode": "cycle_collapse", "pnr_type": "rnap_deadlock", "t_pnr": 1874.7000000001285, "dt_walking_dead": 169.2000000000171, "N_RNAP": 2, "N_Ribo": 2, "N_ATP": 1000, "seed": 87}