{"t_death": 7830.899999997809, "death_mode": "ribo_collapse", "pnr_type": "ribo_depletion", "t_pnr": 4180.049999999284, "dt_walking_dead": 3650.8499999985243, "N_RNAP": 41, "N_Ribo": 64, "N_ATP": 1000, "seed": 59}