{"t_death": 5037.299999998938, "death_mode": "ribo_collapse", "pnr_type": "ribo_depletion", "t_pnr": 3509.5499999995554, "dt_walking_dead": 1527.7499999993825, "N_RNAP": 27, "N_Ribo": 7, "N_ATP": 1000, "seed": 31}