{"t_death": 4220.099999999268, "death_mode": "ribo_collapse", "pnr_type": "ribo_depletion", "t_pnr": 3173.3999999996913, "dt_walking_dead": 1046.699999999577, "N_RNAP": 41, "N_Ribo": 4, "N_ATP": 1000, "seed": 28}