{"t_death": 3452.3999999995785, "death_mode": "ribo_collapse", "pnr_type": "ribo_depletion", "t_pnr": 1145.7000000000548, "dt_walking_dead": 2306.6999999995237, "N_RNAP": 3, "N_Ribo": 2, "N_ATP": 1000, "seed": 75}