{"t_death": 3707.999999999475, "death_mode": "ribo_collapse", "pnr_type": "ribo_depletion", "t_pnr": 1015.6500000000418, "dt_walking_dead": 2692.3499999994333, "N_RNAP": 64, "N_Ribo": 2, "N_ATP": 1000, "seed": 82}