{"t_death": 3203.549999999679, "death_mode": "cycle_collapse", "pnr_type": "rnap_deadlock", "t_pnr": 3155.8499999996984, "dt_walking_dead": 47.69999999998072, "N_RNAP": 7, "N_Ribo": 100, "N_ATP": 1000, "seed": 6}