{"t_death": 4202.549999999275, "death_mode": "cycle_collapse", "pnr_type": "rnap_deadlock", "t_pnr": 4140.4499999993, "dt_walking_dead": 62.0999999999749, "N_RNAP": 17, "N_Ribo": 11, "N_ATP": 1000, "seed": 47}