{"t_death": 4153.049999999295, "death_mode": "ribo_collapse", "pnr_type": "ribo_depletion", "t_pnr": 970.2000000000372, "dt_walking_dead": 3182.849999999258, "N_RNAP": 27, "N_Ribo": 4, "N_ATP": 1000, "seed": 85}