{"t_death": 4909.949999998989, "death_mode": "ribo_collapse", "pnr_type": "ribo_depletion", "t_pnr": 1051.2000000000453, "dt_walking_dead": 3858.749999998944, "N_RNAP": 100, "N_Ribo": 2, "N_ATP": 1000, "seed": 52}