{"t_death": 2218.0500000000775, "death_mode": "ribo_collapse", "pnr_type": "ribo_depletion", "t_pnr": 1073.7000000000476, "dt_walking_dead": 1144.35000000003, "N_RNAP": 4, "N_Ribo": 2, "N_ATP": 1000, "seed": 89}