{"t_death": 3882.149999999405, "death_mode": "ribo_collapse", "pnr_type": "ribo_depletion", "t_pnr": 2980.3499999997694, "dt_walking_dead": 901.7999999996355, "N_RNAP": 100, "N_Ribo": 7, "N_ATP": 1000, "seed": 60}