{"t_death": 2894.849999999804, "death_mode": "cycle_collapse", "pnr_type": "rnap_deadlock", "t_pnr": 2831.3999999998296, "dt_walking_dead": 63.44999999997435, "N_RNAP": 3, "N_Ribo": 3, "N_ATP": 1000, "seed": 16}