{"t_death": 1408.9500000000814, "death_mode": "ribo_collapse", "pnr_type": "ribo_depletion", "t_pnr": 1146.600000000055, "dt_walking_dead": 262.3500000000265, "N_RNAP": 4, "N_Ribo": 4, "N_ATP": 1000, "seed": 51}