{"t_death": 7191.449999998067, "death_mode": "ribo_collapse", "pnr_type": "ribo_depletion", "t_pnr": 5925.149999998579, "dt_walking_dead": 1266.2999999994881, "N_RNAP": 64, "N_Ribo": 41, "N_ATP": 1000, "seed": 3}