{"t_death": 4048.1999999993377, "death_mode": "ribo_collapse", "pnr_type": "ribo_depletion", "t_pnr": 669.1500000000068, "dt_walking_dead": 3379.049999999331, "N_RNAP": 11, "N_Ribo": 3, "N_ATP": 1000, "seed": 18}