{"t_death": 2676.1499999998923, "death_mode": "ribo_collapse", "pnr_type": "ribo_depletion", "t_pnr": 2313.450000000039, "dt_walking_dead": 362.6999999998534, "N_RNAP": 27, "N_Ribo": 7, "N_ATP": 1000, "seed": 84}