{"t_death": 8064.449999997714, "death_mode": "ribo_collapse", "pnr_type": "ribo_depletion", "t_pnr": 4324.049999999226, "dt_walking_dead": 3740.399999998488, "N_RNAP": 64, "N_Ribo": 17, "N_ATP": 1000, "seed": 36}