{"t_death": 2242.3500000000677, "death_mode": "ribo_collapse", "pnr_type": "ribo_depletion", "t_pnr": 1402.6500000000808, "dt_walking_dead": 839.6999999999869, "N_RNAP": 4, "N_Ribo": 4, "N_ATP": 1000, "seed": 0}