{"t_death": 4277.249999999245, "death_mode": "ribo_collapse", "pnr_type": "ribo_depletion", "t_pnr": 2493.449999999966, "dt_walking_dead": 1783.799999999279, "N_RNAP": 64, "N_Ribo": 7, "N_ATP": 1000, "seed": 54}