{"t_death": 5107.4999999989095, "death_mode": "ribo_collapse", "pnr_type": "ribo_depletion", "t_pnr": 4220.549999999268, "dt_walking_dead": 886.9499999996415, "N_RNAP": 100, "N_Ribo": 27, "N_ATP": 1000, "seed": 7}