{"t_death": 3755.699999999456, "death_mode": "ribo_collapse", "pnr_type": "ribo_depletion", "t_pnr": 1850.850000000126, "dt_walking_dead": 1904.8499999993298, "N_RNAP": 41, "N_Ribo": 2, "N_ATP": 1000, "seed": 35}