{"t_death": 6191.0999999984715, "death_mode": "ribo_collapse", "pnr_type": "ribo_depletion", "t_pnr": 3753.8999999994567, "dt_walking_dead": 2437.199999999015, "N_RNAP": 64, "N_Ribo": 11, "N_ATP": 1000, "seed": 13}