{"t_death": 2898.4499999998025, "death_mode": "ribo_collapse", "pnr_type": "ribo_depletion", "t_pnr": 2863.7999999998165, "dt_walking_dead": 34.649999999985994, "N_RNAP": 7, "N_Ribo": 11, "N_ATP": 1000, "seed": 77}