{"t_death": 5077.349999998922, "death_mode": "ribo_collapse", "pnr_type": "ribo_depletion", "t_pnr": 2906.999999999799, "dt_walking_dead": 2170.3499999991227, "N_RNAP": 100, "N_Ribo": 2, "N_ATP": 1000, "seed": 17}