{"t_death": 3600.8999999995185, "death_mode": "ribo_collapse", "pnr_type": "ribo_depletion", "t_pnr": 2253.1500000000633, "dt_walking_dead": 1347.7499999994552, "N_RNAP": 4, "N_Ribo": 27, "N_ATP": 1000, "seed": 17}