{"t_death": 3569.3999999995312, "death_mode": "ribo_collapse", "pnr_type": "ribo_depletion", "t_pnr": 1811.7000000001221, "dt_walking_dead": 1757.699999999409, "N_RNAP": 3, "N_Ribo": 4, "N_ATP": 1000, "seed": 61}