{"t_death": 1156.050000000056, "death_mode": "ribo_collapse", "pnr_type": "ribo_depletion", "t_pnr": 1099.3500000000502, "dt_walking_dead": 56.70000000000573, "N_RNAP": 3, "N_Ribo": 3, "N_ATP": 1000, "seed": 29}