{"t_death": 5701.499999998669, "death_mode": "ribo_collapse", "pnr_type": "ribo_depletion", "t_pnr": 2511.449999999959, "dt_walking_dead": 3190.0499999987105, "N_RNAP": 11, "N_Ribo": 41, "N_ATP": 1000, "seed": 43}