{"t_death": 2822.399999999833, "death_mode": "ribo_collapse", "pnr_type": "ribo_depletion", "t_pnr": 1460.7000000000867, "dt_walking_dead": 1361.6999999997465, "N_RNAP": 3, "N_Ribo": 3, "N_ATP": 1000, "seed": 93}