{"t_death": 4324.049999999226, "death_mode": "ribo_collapse", "pnr_type": "ribo_depletion", "t_pnr": 2367.0000000000173, "dt_walking_dead": 1957.049999999209, "N_RNAP": 64, "N_Ribo": 4, "N_ATP": 1000, "seed": 84}