{"t_death": 5209.649999998868, "death_mode": "ribo_collapse", "pnr_type": "ribo_depletion", "t_pnr": 2468.699999999976, "dt_walking_dead": 2740.949999998892, "N_RNAP": 64, "N_Ribo": 17, "N_ATP": 1000, "seed": 18}