{"t_death": 2788.199999999847, "death_mode": "ribo_collapse", "pnr_type": "ribo_depletion", "t_pnr": 2659.949999999899, "dt_walking_dead": 128.24999999994816, "N_RNAP": 7, "N_Ribo": 17, "N_ATP": 1000, "seed": 12}