{"t_death": 3845.6999999994196, "death_mode": "ribo_collapse", "pnr_type": "ribo_depletion", "t_pnr": 751.5000000000151, "dt_walking_dead": 3094.1999999994046, "N_RNAP": 11, "N_Ribo": 4, "N_ATP": 1000, "seed": 65}