{"t_death": 5594.8499999987125, "death_mode": "ribo_collapse", "pnr_type": "ribo_depletion", "t_pnr": 3422.2499999995907, "dt_walking_dead": 2172.599999999122, "N_RNAP": 100, "N_Ribo": 4, "N_ATP": 1000, "seed": 58}