{"t_death": 5157.449999998889, "death_mode": "ribo_collapse", "pnr_type": "ribo_depletion", "t_pnr": 2257.6500000000615, "dt_walking_dead": 2899.799999998828, "N_RNAP": 41, "N_Ribo": 7, "N_ATP": 1000, "seed": 17}