{"t_death": 4810.49999999903, "death_mode": "ribo_collapse", "pnr_type": "ribo_depletion", "t_pnr": 4799.249999999034, "dt_walking_dead": 11.249999999995453, "N_RNAP": 27, "N_Ribo": 64, "N_ATP": 1000, "seed": 85}