{"t_death": 1084.9500000000487, "death_mode": "cycle_collapse", "pnr_type": "rnap_deadlock", "t_pnr": 870.3000000000271, "dt_walking_dead": 214.65000000002158, "N_RNAP": 3, "N_Ribo": 64, "N_ATP": 1000, "seed": 13}