{"t_death": 4835.699999999019, "death_mode": "ribo_collapse", "pnr_type": "ribo_depletion", "t_pnr": 4333.499999999222, "dt_walking_dead": 502.199999999797, "N_RNAP": 64, "N_Ribo": 4, "N_ATP": 1000, "seed": 4}