{"t_death": 5648.399999998691, "death_mode": "ribo_collapse", "pnr_type": "ribo_depletion", "t_pnr": 5356.799999998809, "dt_walking_dead": 291.59999999988213, "N_RNAP": 27, "N_Ribo": 41, "N_ATP": 1000, "seed": 23}