{"t_death": 5190.749999998876, "death_mode": "ribo_collapse", "pnr_type": "ribo_depletion", "t_pnr": 4678.199999999083, "dt_walking_dead": 512.5499999997928, "N_RNAP": 17, "N_Ribo": 100, "N_ATP": 1000, "seed": 42}