{"t_death": 5168.699999998885, "death_mode": "ribo_collapse", "pnr_type": "ribo_depletion", "t_pnr": 4701.599999999074, "dt_walking_dead": 467.0999999998112, "N_RNAP": 41, "N_Ribo": 64, "N_ATP": 1000, "seed": 30}