{"t_death": 3077.54999999973, "death_mode": "ribo_collapse", "pnr_type": "ribo_depletion", "t_pnr": 2696.849999999884, "dt_walking_dead": 380.6999999998461, "N_RNAP": 4, "N_Ribo": 7, "N_ATP": 1000, "seed": 16}