{"t_death": 2751.7499999998618, "death_mode": "ribo_collapse", "pnr_type": "ribo_depletion", "t_pnr": 2185.2000000000908, "dt_walking_dead": 566.549999999771, "N_RNAP": 17, "N_Ribo": 4, "N_ATP": 1000, "seed": 10}