{"t_death": 3931.199999999385, "death_mode": "ribo_collapse", "pnr_type": "ribo_depletion", "t_pnr": 1048.500000000045, "dt_walking_dead": 2882.69999999934, "N_RNAP": 7, "N_Ribo": 2, "N_ATP": 1000, "seed": 85}