{"t_death": 1156.050000000056, "death_mode": "cycle_collapse", "pnr_type": "rnap_deadlock", "t_pnr": 1109.2500000000512, "dt_walking_dead": 46.80000000000473, "N_RNAP": 2, "N_Ribo": 17, "N_ATP": 1000, "seed": 43}