{"t_death": 4171.949999999288, "death_mode": "cycle_collapse", "pnr_type": "rnap_deadlock", "t_pnr": 3866.849999999411, "dt_walking_dead": 305.0999999998767, "N_RNAP": 11, "N_Ribo": 11, "N_ATP": 1000, "seed": 67}