{"t_death": 2050.2000000001453, "death_mode": "cycle_collapse", "pnr_type": "rnap_deadlock", "t_pnr": 1864.3500000001275, "dt_walking_dead": 185.85000000001787, "N_RNAP": 2, "N_Ribo": 4, "N_ATP": 1000, "seed": 87}