{"t_death": 4561.19999999913, "death_mode": "ribo_collapse", "pnr_type": "ribo_depletion", "t_pnr": 157.49999999999983, "dt_walking_dead": 4403.69999999913, "N_RNAP": 64, "N_Ribo": 2, "N_ATP": 1000, "seed": 30}