{"t_death": 1705.0500000001114, "death_mode": "cycle_collapse", "pnr_type": "rnap_deadlock", "t_pnr": 1624.5000000001032, "dt_walking_dead": 80.55000000000814, "N_RNAP": 7, "N_Ribo": 3, "N_ATP": 1000, "seed": 24}