{"t_death": 5706.899999998667, "death_mode": "ribo_collapse", "pnr_type": "ribo_depletion", "t_pnr": 1271.7000000000676, "dt_walking_dead": 4435.1999999986, "N_RNAP": 7, "N_Ribo": 2, "N_ATP": 1000, "seed": 90}