{"t_death": 3275.99999999965, "death_mode": "ribo_collapse", "pnr_type": "ribo_depletion", "t_pnr": 3236.399999999666, "dt_walking_dead": 39.59999999998399, "N_RNAP": 41, "N_Ribo": 11, "N_ATP": 1000, "seed": 47}