{"t_death": 4013.099999999352, "death_mode": "ribo_collapse", "pnr_type": "ribo_depletion", "t_pnr": 3964.9499999993714, "dt_walking_dead": 48.14999999998054, "N_RNAP": 27, "N_Ribo": 41, "N_ATP": 1000, "seed": 83}