{"t_death": 3611.699999999514, "death_mode": "ribo_collapse", "pnr_type": "ribo_depletion", "t_pnr": 801.0000000000201, "dt_walking_dead": 2810.699999999494, "N_RNAP": 27, "N_Ribo": 2, "N_ATP": 1000, "seed": 48}