{"t_death": 4335.7499999992215, "death_mode": "ribo_collapse", "pnr_type": "ribo_depletion", "t_pnr": 2543.849999999946, "dt_walking_dead": 1791.8999999992757, "N_RNAP": 4, "N_Ribo": 27, "N_ATP": 1000, "seed": 9}