{"t_death": 3901.049999999397, "death_mode": "ribo_collapse", "pnr_type": "ribo_depletion", "t_pnr": 3263.8499999996548, "dt_walking_dead": 637.1999999997424, "N_RNAP": 41, "N_Ribo": 11, "N_ATP": 1000, "seed": 25}