{"t_death": 7286.849999998029, "death_mode": "ribo_collapse", "pnr_type": "ribo_depletion", "t_pnr": 1448.1000000000854, "dt_walking_dead": 5838.749999997943, "N_RNAP": 64, "N_Ribo": 3, "N_ATP": 1000, "seed": 66}