{"t_death": 4094.549999999319, "death_mode": "cycle_collapse", "pnr_type": "rnap_deadlock", "t_pnr": 3957.2999999993744, "dt_walking_dead": 137.24999999994452, "N_RNAP": 4, "N_Ribo": 41, "N_ATP": 1000, "seed": 47}