{"t_death": 6152.399999998487, "death_mode": "ribo_collapse", "pnr_type": "ribo_depletion", "t_pnr": 3849.299999999418, "dt_walking_dead": 2303.099999999069, "N_RNAP": 17, "N_Ribo": 41, "N_ATP": 1000, "seed": 65}