{"t_death": 3554.0999999995374, "death_mode": "cycle_collapse", "pnr_type": "rnap_deadlock", "t_pnr": 3554.0999999995374, "dt_walking_dead": 0.0, "N_RNAP": 4, "N_Ribo": 100, "N_ATP": 1000, "seed": 67}