{"t_death": 4666.949999999088, "death_mode": "ribo_collapse", "pnr_type": "ribo_depletion", "t_pnr": 2517.2999999999565, "dt_walking_dead": 2149.649999999131, "N_RNAP": 64, "N_Ribo": 3, "N_ATP": 1000, "seed": 54}