{"t_death": 3428.0999999995884, "death_mode": "cycle_collapse", "pnr_type": "rnap_deadlock", "t_pnr": 3361.4999999996153, "dt_walking_dead": 66.59999999997308, "N_RNAP": 41, "N_Ribo": 7, "N_ATP": 1000, "seed": 83}