{"t_death": 3803.8499999994365, "death_mode": "ribo_collapse", "pnr_type": "ribo_depletion", "t_pnr": 1520.5500000000927, "dt_walking_dead": 2283.2999999993435, "N_RNAP": 27, "N_Ribo": 4, "N_ATP": 1000, "seed": 36}