{"t_death": 4132.7999999993035, "death_mode": "cycle_collapse", "pnr_type": "rnap_deadlock", "t_pnr": 3992.3999999993603, "dt_walking_dead": 140.39999999994325, "N_RNAP": 3, "N_Ribo": 41, "N_ATP": 1000, "seed": 92}