{"t_death": 1749.6000000001159, "death_mode": "cycle_collapse", "pnr_type": "rnap_deadlock", "t_pnr": 1639.3500000001047, "dt_walking_dead": 110.25000000001114, "N_RNAP": 7, "N_Ribo": 3, "N_ATP": 1000, "seed": 40}