{"t_death": 3705.749999999476, "death_mode": "cycle_collapse", "pnr_type": "rnap_deadlock", "t_pnr": 3605.8499999995165, "dt_walking_dead": 99.89999999995962, "N_RNAP": 4, "N_Ribo": 64, "N_ATP": 1000, "seed": 76}