{"t_death": 3681.8999999994858, "death_mode": "cycle_collapse", "pnr_type": "rnap_deadlock", "t_pnr": 3537.449999999544, "dt_walking_dead": 144.4499999999416, "N_RNAP": 4, "N_Ribo": 64, "N_ATP": 1000, "seed": 25}