{"t_death": 2782.3499999998494, "death_mode": "ribo_collapse", "pnr_type": "ribo_depletion", "t_pnr": 1777.0500000001186, "dt_walking_dead": 1005.2999999997307, "N_RNAP": 41, "N_Ribo": 4, "N_ATP": 1000, "seed": 53}