{"t_death": 4436.549999999181, "death_mode": "ribo_collapse", "pnr_type": "ribo_depletion", "t_pnr": 1724.8500000001134, "dt_walking_dead": 2711.6999999990676, "N_RNAP": 27, "N_Ribo": 4, "N_ATP": 1000, "seed": 42}