{"t_death": 3768.299999999451, "death_mode": "cycle_collapse", "pnr_type": "rnap_deadlock", "t_pnr": 3657.5999999994956, "dt_walking_dead": 110.69999999995525, "N_RNAP": 7, "N_Ribo": 41, "N_ATP": 1000, "seed": 66}