{"t_death": 5015.699999998947, "death_mode": "ribo_collapse", "pnr_type": "ribo_depletion", "t_pnr": 4111.649999999312, "dt_walking_dead": 904.0499999996346, "N_RNAP": 7, "N_Ribo": 4, "N_ATP": 1000, "seed": 41}