{"t_death": 3722.849999999469, "death_mode": "cycle_collapse", "pnr_type": "rnap_deadlock", "t_pnr": 3411.449999999595, "dt_walking_dead": 311.3999999998741, "N_RNAP": 3, "N_Ribo": 27, "N_ATP": 1000, "seed": 66}