{"t_death": 5106.14999999891, "death_mode": "ribo_collapse", "pnr_type": "ribo_depletion", "t_pnr": 4620.599999999106, "dt_walking_dead": 485.54999999980373, "N_RNAP": 4, "N_Ribo": 64, "N_ATP": 1000, "seed": 20}