{"t_death": 2815.649999999836, "death_mode": "ribo_collapse", "pnr_type": "ribo_depletion", "t_pnr": 1453.950000000086, "dt_walking_dead": 1361.69999999975, "N_RNAP": 4, "N_Ribo": 4, "N_ATP": 1000, "seed": 3}