{"t_death": 2344.0500000000266, "death_mode": "ribo_collapse", "pnr_type": "ribo_depletion", "t_pnr": 1692.00000000011, "dt_walking_dead": 652.0499999999165, "N_RNAP": 7, "N_Ribo": 4, "N_ATP": 1000, "seed": 74}