{"t_death": 3033.449999999748, "death_mode": "ribo_collapse", "pnr_type": "ribo_depletion", "t_pnr": 539.9999999999937, "dt_walking_dead": 2493.4499999997543, "N_RNAP": 27, "N_Ribo": 4, "N_ATP": 1000, "seed": 69}