{"t_death": 3117.149999999714, "death_mode": "cycle_collapse", "pnr_type": "rnap_deadlock", "t_pnr": 3012.7499999997563, "dt_walking_dead": 104.3999999999578, "N_RNAP": 2, "N_Ribo": 11, "N_ATP": 1000, "seed": 2}