{"t_death": 2202.7500000000837, "death_mode": "cycle_collapse", "pnr_type": "rnap_deadlock", "t_pnr": 2146.0500000001066, "dt_walking_dead": 56.69999999997708, "N_RNAP": 3, "N_Ribo": 100, "N_ATP": 1000, "seed": 42}