{"t_death": 3002.8499999997603, "death_mode": "ribo_collapse", "pnr_type": "ribo_depletion", "t_pnr": 2156.850000000102, "dt_walking_dead": 845.999999999658, "N_RNAP": 17, "N_Ribo": 27, "N_ATP": 1000, "seed": 70}