{"t_death": 3444.299999999582, "death_mode": "ribo_collapse", "pnr_type": "ribo_depletion", "t_pnr": 2927.6999999997906, "dt_walking_dead": 516.5999999997912, "N_RNAP": 11, "N_Ribo": 2, "N_ATP": 1000, "seed": 38}