{"t_death": 4881.149999999001, "death_mode": "ribo_collapse", "pnr_type": "ribo_depletion", "t_pnr": 507.149999999991, "dt_walking_dead": 4373.9999999990105, "N_RNAP": 41, "N_Ribo": 2, "N_ATP": 1000, "seed": 97}