{"t_death": 4079.249999999325, "death_mode": "ribo_collapse", "pnr_type": "ribo_depletion", "t_pnr": 4020.749999999349, "dt_walking_dead": 58.49999999997635, "N_RNAP": 7, "N_Ribo": 41, "N_ATP": 1000, "seed": 85}