{"t_death": 1709.5500000001118, "death_mode": "ribo_collapse", "pnr_type": "ribo_depletion", "t_pnr": 679.9500000000079, "dt_walking_dead": 1029.600000000104, "N_RNAP": 4, "N_Ribo": 2, "N_ATP": 1000, "seed": 64}