{"t_death": 4655.249999999092, "death_mode": "ribo_collapse", "pnr_type": "ribo_depletion", "t_pnr": 1637.1000000001045, "dt_walking_dead": 3018.149999998988, "N_RNAP": 41, "N_Ribo": 4, "N_ATP": 1000, "seed": 3}