{"t_death": 8842.949999998715, "death_mode": "ribo_collapse", "pnr_type": "ribo_depletion", "t_pnr": 6700.499999998266, "dt_walking_dead": 2142.450000000449, "N_RNAP": 27, "N_Ribo": 64, "N_ATP": 1000, "seed": 60}