{"t_death": 846.0000000000247, "death_mode": "cycle_collapse", "pnr_type": "rnap_deadlock", "t_pnr": 620.1000000000018, "dt_walking_dead": 225.90000000002283, "N_RNAP": 3, "N_Ribo": 27, "N_ATP": 1000, "seed": 22}