{"t_death": 2564.0999999999376, "death_mode": "ribo_collapse", "pnr_type": "ribo_depletion", "t_pnr": 2083.500000000132, "dt_walking_dead": 480.59999999980573, "N_RNAP": 7, "N_Ribo": 4, "N_ATP": 1000, "seed": 28}