{"t_death": 4226.8499999992655, "death_mode": "ribo_collapse", "pnr_type": "ribo_depletion", "t_pnr": 4188.599999999281, "dt_walking_dead": 38.24999999998454, "N_RNAP": 41, "N_Ribo": 11, "N_ATP": 1000, "seed": 54}