{"t_death": 4840.199999999018, "death_mode": "ribo_collapse", "pnr_type": "ribo_depletion", "t_pnr": 4758.7499999990505, "dt_walking_dead": 81.44999999996708, "N_RNAP": 41, "N_Ribo": 27, "N_ATP": 1000, "seed": 49}