{"t_death": 3152.6999999996997, "death_mode": "ribo_collapse", "pnr_type": "ribo_depletion", "t_pnr": 2733.749999999869, "dt_walking_dead": 418.94999999983065, "N_RNAP": 17, "N_Ribo": 41, "N_ATP": 1000, "seed": 16}