{"t_death": 1575.0000000000982, "death_mode": "cycle_collapse", "pnr_type": "rnap_deadlock", "t_pnr": 1533.600000000094, "dt_walking_dead": 41.400000000004184, "N_RNAP": 4, "N_Ribo": 3, "N_ATP": 1000, "seed": 63}