{"t_death": 4514.849999999149, "death_mode": "ribo_collapse", "pnr_type": "ribo_depletion", "t_pnr": 2642.399999999906, "dt_walking_dead": 1872.4499999992431, "N_RNAP": 7, "N_Ribo": 27, "N_ATP": 1000, "seed": 41}