{"t_death": 1452.1500000000858, "death_mode": "cycle_collapse", "pnr_type": "rnap_deadlock", "t_pnr": 1452.1500000000858, "dt_walking_dead": 0.0, "N_RNAP": 11, "N_Ribo": 41, "N_ATP": 1000, "seed": 82}