{"t_death": 2572.1999999999343, "death_mode": "ribo_collapse", "pnr_type": "ribo_depletion", "t_pnr": 1555.2000000000962, "dt_walking_dead": 1016.9999999998381, "N_RNAP": 4, "N_Ribo": 4, "N_ATP": 1000, "seed": 70}