{"t_death": 3256.199999999658, "death_mode": "ribo_collapse", "pnr_type": "ribo_depletion", "t_pnr": 2586.5999999999285, "dt_walking_dead": 669.5999999997293, "N_RNAP": 27, "N_Ribo": 27, "N_ATP": 1000, "seed": 53}