{"t_death": 5251.949999998851, "death_mode": "ribo_collapse", "pnr_type": "ribo_depletion", "t_pnr": 1846.8000000001257, "dt_walking_dead": 3405.1499999987254, "N_RNAP": 41, "N_Ribo": 3, "N_ATP": 1000, "seed": 45}