{"t_death": 1999.8000000001412, "death_mode": "ribo_collapse", "pnr_type": "ribo_depletion", "t_pnr": 1351.8000000000757, "dt_walking_dead": 648.0000000000655, "N_RNAP": 2, "N_Ribo": 7, "N_ATP": 1000, "seed": 9}