{"t_death": 6269.84999999844, "death_mode": "ribo_collapse", "pnr_type": "ribo_depletion", "t_pnr": 5052.599999998932, "dt_walking_dead": 1217.249999999508, "N_RNAP": 11, "N_Ribo": 64, "N_ATP": 1000, "seed": 35}