{"t_death": 3893.8499999994, "death_mode": "ribo_collapse", "pnr_type": "ribo_depletion", "t_pnr": 1254.1500000000658, "dt_walking_dead": 2639.699999999334, "N_RNAP": 11, "N_Ribo": 4, "N_ATP": 1000, "seed": 3}