{"t_death": 6046.19999999853, "death_mode": "ribo_collapse", "pnr_type": "ribo_depletion", "t_pnr": 1122.3000000000525, "dt_walking_dead": 4923.899999998477, "N_RNAP": 41, "N_Ribo": 2, "N_ATP": 1000, "seed": 45}