{"t_death": 5270.399999998844, "death_mode": "ribo_collapse", "pnr_type": "ribo_depletion", "t_pnr": 4071.1499999993284, "dt_walking_dead": 1199.2499999995152, "N_RNAP": 100, "N_Ribo": 11, "N_ATP": 1000, "seed": 66}