{"t_death": 6460.649999998363, "death_mode": "ribo_collapse", "pnr_type": "ribo_depletion", "t_pnr": 1746.4500000001156, "dt_walking_dead": 4714.199999998247, "N_RNAP": 27, "N_Ribo": 11, "N_ATP": 1000, "seed": 19}