{"t_death": 11303.550000002693, "death_mode": "ribo_collapse", "pnr_type": "ribo_depletion", "t_pnr": 5008.04999999895, "dt_walking_dead": 6295.5000000037435, "N_RNAP": 27, "N_Ribo": 64, "N_ATP": 1000, "seed": 93}