{"t_death": 4525.199999999145, "death_mode": "ribo_collapse", "pnr_type": "ribo_depletion", "t_pnr": 2294.5500000000466, "dt_walking_dead": 2230.6499999990983, "N_RNAP": 17, "N_Ribo": 11, "N_ATP": 1000, "seed": 84}