{"t_death": 1245.150000000065, "death_mode": "ribo_collapse", "pnr_type": "ribo_depletion", "t_pnr": 922.0500000000324, "dt_walking_dead": 323.10000000003254, "N_RNAP": 4, "N_Ribo": 2, "N_ATP": 1000, "seed": 47}