{"t_death": 4463.09999999917, "death_mode": "ribo_collapse", "pnr_type": "ribo_depletion", "t_pnr": 597.1499999999995, "dt_walking_dead": 3865.9499999991704, "N_RNAP": 64, "N_Ribo": 4, "N_ATP": 1000, "seed": 82}