{"t_death": 3974.3999999993675, "death_mode": "cycle_collapse", "pnr_type": "rnap_deadlock", "t_pnr": 3934.7999999993835, "dt_walking_dead": 39.59999999998399, "N_RNAP": 27, "N_Ribo": 64, "N_ATP": 1000, "seed": 72}