{"t_death": 4022.999999999348, "death_mode": "ribo_collapse", "pnr_type": "ribo_depletion", "t_pnr": 2613.149999999918, "dt_walking_dead": 1409.84999999943, "N_RNAP": 41, "N_Ribo": 2, "N_ATP": 1000, "seed": 5}