{"t_death": 7084.34999999811, "death_mode": "ribo_collapse", "pnr_type": "ribo_depletion", "t_pnr": 1467.4500000000874, "dt_walking_dead": 5616.899999998023, "N_RNAP": 11, "N_Ribo": 2, "N_ATP": 1000, "seed": 20}