{"t_death": 4898.699999998994, "death_mode": "cycle_collapse", "pnr_type": "rnap_deadlock", "t_pnr": 4796.099999999035, "dt_walking_dead": 102.59999999995853, "N_RNAP": 7, "N_Ribo": 100, "N_ATP": 1000, "seed": 51}