{"t_death": 2322.0000000000355, "death_mode": "ribo_collapse", "pnr_type": "ribo_depletion", "t_pnr": 1668.6000000001077, "dt_walking_dead": 653.3999999999278, "N_RNAP": 11, "N_Ribo": 3, "N_ATP": 1000, "seed": 33}