{"t_death": 2046.1500000001458, "death_mode": "ribo_collapse", "pnr_type": "ribo_depletion", "t_pnr": 1304.1000000000708, "dt_walking_dead": 742.050000000075, "N_RNAP": 2, "N_Ribo": 3, "N_ATP": 1000, "seed": 56}