{"t_death": 2822.849999999833, "death_mode": "ribo_collapse", "pnr_type": "ribo_depletion", "t_pnr": 1278.9000000000683, "dt_walking_dead": 1543.9499999997647, "N_RNAP": 11, "N_Ribo": 2, "N_ATP": 1000, "seed": 61}