{"t_death": 5652.899999998689, "death_mode": "ribo_collapse", "pnr_type": "ribo_depletion", "t_pnr": 2825.9999999998317, "dt_walking_dead": 2826.8999999988573, "N_RNAP": 11, "N_Ribo": 7, "N_ATP": 1000, "seed": 42}