{"t_death": 5933.249999998576, "death_mode": "ribo_collapse", "pnr_type": "ribo_depletion", "t_pnr": 5514.749999998745, "dt_walking_dead": 418.49999999983083, "N_RNAP": 11, "N_Ribo": 64, "N_ATP": 1000, "seed": 38}