{"t_death": 4273.649999999247, "death_mode": "ribo_collapse", "pnr_type": "ribo_depletion", "t_pnr": 2494.349999999966, "dt_walking_dead": 1779.2999999992808, "N_RNAP": 64, "N_Ribo": 4, "N_ATP": 1000, "seed": 30}