{"t_death": 4231.7999999992635, "death_mode": "ribo_collapse", "pnr_type": "ribo_depletion", "t_pnr": 3124.349999999711, "dt_walking_dead": 1107.4499999995523, "N_RNAP": 7, "N_Ribo": 4, "N_ATP": 1000, "seed": 50}