{"t_death": 5404.949999998789, "death_mode": "cycle_collapse", "pnr_type": "rnap_deadlock", "t_pnr": 5393.249999998794, "dt_walking_dead": 11.69999999999527, "N_RNAP": 11, "N_Ribo": 100, "N_ATP": 1000, "seed": 96}