{"t_death": 2327.4000000000333, "death_mode": "ribo_collapse", "pnr_type": "ribo_depletion", "t_pnr": 1403.550000000081, "dt_walking_dead": 923.8499999999524, "N_RNAP": 2, "N_Ribo": 7, "N_ATP": 1000, "seed": 37}