{"t_death": 4269.149999999248, "death_mode": "cycle_collapse", "pnr_type": "rnap_deadlock", "t_pnr": 4262.399999999251, "dt_walking_dead": 6.7499999999972715, "N_RNAP": 27, "N_Ribo": 27, "N_ATP": 1000, "seed": 2}