{"t_death": 3829.0499999994263, "death_mode": "ribo_collapse", "pnr_type": "ribo_depletion", "t_pnr": 3068.5499999997337, "dt_walking_dead": 760.4999999996926, "N_RNAP": 27, "N_Ribo": 17, "N_ATP": 1000, "seed": 30}