{"t_death": 8167.949999997672, "death_mode": "ribo_collapse", "pnr_type": "ribo_depletion", "t_pnr": 4406.399999999193, "dt_walking_dead": 3761.5499999984795, "N_RNAP": 27, "N_Ribo": 64, "N_ATP": 1000, "seed": 6}