{"t_death": 2914.649999999796, "death_mode": "ribo_collapse", "pnr_type": "ribo_depletion", "t_pnr": 1111.5000000000514, "dt_walking_dead": 1803.1499999997445, "N_RNAP": 3, "N_Ribo": 2, "N_ATP": 1000, "seed": 44}