{"t_death": 5118.749999998905, "death_mode": "ribo_collapse", "pnr_type": "ribo_depletion", "t_pnr": 4628.249999999103, "dt_walking_dead": 490.49999999980173, "N_RNAP": 64, "N_Ribo": 27, "N_ATP": 1000, "seed": 88}