{"t_death": 4019.3999999993493, "death_mode": "ribo_collapse", "pnr_type": "ribo_depletion", "t_pnr": 2047.500000000146, "dt_walking_dead": 1971.8999999992034, "N_RNAP": 17, "N_Ribo": 2, "N_ATP": 1000, "seed": 84}