{"t_death": 5586.749999998716, "death_mode": "ribo_collapse", "pnr_type": "ribo_depletion", "t_pnr": 934.2000000000336, "dt_walking_dead": 4652.549999998682, "N_RNAP": 7, "N_Ribo": 3, "N_ATP": 1000, "seed": 65}