{"t_death": 5386.499999998797, "death_mode": "ribo_collapse", "pnr_type": "ribo_depletion", "t_pnr": 4326.749999999225, "dt_walking_dead": 1059.7499999995716, "N_RNAP": 27, "N_Ribo": 27, "N_ATP": 1000, "seed": 30}