{"t_death": 5990.399999998553, "death_mode": "ribo_collapse", "pnr_type": "ribo_depletion", "t_pnr": 4097.249999999318, "dt_walking_dead": 1893.1499999992348, "N_RNAP": 64, "N_Ribo": 41, "N_ATP": 1000, "seed": 82}