{"t_death": 3401.0999999995993, "death_mode": "cycle_collapse", "pnr_type": "rnap_deadlock", "t_pnr": 3401.0999999995993, "dt_walking_dead": 0.0, "N_RNAP": 17, "N_Ribo": 100, "N_ATP": 1000, "seed": 59}