{"t_death": 1935.9000000001347, "death_mode": "cycle_collapse", "pnr_type": "rnap_deadlock", "t_pnr": 1853.1000000001263, "dt_walking_dead": 82.80000000000837, "N_RNAP": 7, "N_Ribo": 7, "N_ATP": 1000, "seed": 21}