{"t_death": 6470.099999998359, "death_mode": "ribo_collapse", "pnr_type": "ribo_depletion", "t_pnr": 2868.2999999998146, "dt_walking_dead": 3601.799999998544, "N_RNAP": 27, "N_Ribo": 4, "N_ATP": 1000, "seed": 4}