{"t_death": 3652.6499999994976, "death_mode": "ribo_collapse", "pnr_type": "ribo_depletion", "t_pnr": 3145.9499999997024, "dt_walking_dead": 506.6999999997952, "N_RNAP": 11, "N_Ribo": 41, "N_ATP": 1000, "seed": 81}