{"t_death": 3481.199999999567, "death_mode": "ribo_collapse", "pnr_type": "ribo_depletion", "t_pnr": 3136.0499999997064, "dt_walking_dead": 345.1499999998605, "N_RNAP": 41, "N_Ribo": 3, "N_ATP": 1000, "seed": 9}