{"t_death": 4451.8499999991745, "death_mode": "ribo_collapse", "pnr_type": "ribo_depletion", "t_pnr": 1015.6500000000418, "dt_walking_dead": 3436.1999999991326, "N_RNAP": 64, "N_Ribo": 4, "N_ATP": 1000, "seed": 18}