{"t_death": 3565.349999999533, "death_mode": "cycle_collapse", "pnr_type": "rnap_deadlock", "t_pnr": 3529.7999999995473, "dt_walking_dead": 35.54999999998563, "N_RNAP": 100, "N_Ribo": 7, "N_ATP": 1000, "seed": 42}