{"t_death": 880.2000000000281, "death_mode": "cycle_collapse", "pnr_type": "rnap_deadlock", "t_pnr": 771.3000000000171, "dt_walking_dead": 108.900000000011, "N_RNAP": 4, "N_Ribo": 7, "N_ATP": 1000, "seed": 63}