{"t_death": 4311.449999999231, "death_mode": "cycle_collapse", "pnr_type": "rnap_deadlock", "t_pnr": 4261.949999999251, "dt_walking_dead": 49.49999999997999, "N_RNAP": 27, "N_Ribo": 100, "N_ATP": 1000, "seed": 60}