{"t_death": 2967.7499999997744, "death_mode": "ribo_collapse", "pnr_type": "ribo_depletion", "t_pnr": 2368.3500000000167, "dt_walking_dead": 599.3999999997577, "N_RNAP": 17, "N_Ribo": 7, "N_ATP": 1000, "seed": 58}