{"t_death": 1863.9000000001274, "death_mode": "ribo_collapse", "pnr_type": "ribo_depletion", "t_pnr": 1064.7000000000467, "dt_walking_dead": 799.2000000000808, "N_RNAP": 2, "N_Ribo": 3, "N_ATP": 1000, "seed": 72}