{"t_death": 4683.599999999081, "death_mode": "ribo_collapse", "pnr_type": "ribo_depletion", "t_pnr": 4138.199999999301, "dt_walking_dead": 545.3999999997795, "N_RNAP": 11, "N_Ribo": 64, "N_ATP": 1000, "seed": 2}