{"t_death": 7446.149999997964, "death_mode": "ribo_collapse", "pnr_type": "ribo_depletion", "t_pnr": 1640.7000000001049, "dt_walking_dead": 5805.44999999786, "N_RNAP": 100, "N_Ribo": 2, "N_ATP": 1000, "seed": 24}