{"t_death": 2650.4999999999027, "death_mode": "cycle_collapse", "pnr_type": "rnap_deadlock", "t_pnr": 2576.6999999999325, "dt_walking_dead": 73.79999999997017, "N_RNAP": 17, "N_Ribo": 7, "N_ATP": 1000, "seed": 35}