{"t_death": 4361.849999999211, "death_mode": "cycle_collapse", "pnr_type": "rnap_deadlock", "t_pnr": 4324.049999999226, "dt_walking_dead": 37.79999999998472, "N_RNAP": 41, "N_Ribo": 7, "N_ATP": 1000, "seed": 75}