{"t_death": 871.6500000000273, "death_mode": "cycle_collapse", "pnr_type": "rnap_deadlock", "t_pnr": 837.9000000000239, "dt_walking_dead": 33.75000000000341, "N_RNAP": 4, "N_Ribo": 2, "N_ATP": 1000, "seed": 98}