{"t_death": 2907.8999999997986, "death_mode": "ribo_collapse", "pnr_type": "ribo_depletion", "t_pnr": 198.4499999999988, "dt_walking_dead": 2709.4499999997997, "N_RNAP": 4, "N_Ribo": 2, "N_ATP": 1000, "seed": 34}