{"t_death": 2727.8999999998714, "death_mode": "ribo_collapse", "pnr_type": "ribo_depletion", "t_pnr": 2119.0500000001175, "dt_walking_dead": 608.8499999997539, "N_RNAP": 41, "N_Ribo": 3, "N_ATP": 1000, "seed": 71}