{"t_death": 1790.10000000012, "death_mode": "ribo_collapse", "pnr_type": "ribo_depletion", "t_pnr": 1788.7500000001198, "dt_walking_dead": 1.3500000000001364, "N_RNAP": 4, "N_Ribo": 7, "N_ATP": 1000, "seed": 35}