{"t_death": 4948.649999998974, "death_mode": "ribo_collapse", "pnr_type": "ribo_depletion", "t_pnr": 1834.2000000001244, "dt_walking_dead": 3114.4499999988493, "N_RNAP": 41, "N_Ribo": 7, "N_ATP": 1000, "seed": 89}