{"t_death": 5739.299999998654, "death_mode": "ribo_collapse", "pnr_type": "ribo_depletion", "t_pnr": 4403.249999999194, "dt_walking_dead": 1336.04999999946, "N_RNAP": 100, "N_Ribo": 11, "N_ATP": 1000, "seed": 77}