{"t_death": 3385.7999999996055, "death_mode": "ribo_collapse", "pnr_type": "ribo_depletion", "t_pnr": 2072.7000000001362, "dt_walking_dead": 1313.0999999994692, "N_RNAP": 4, "N_Ribo": 17, "N_ATP": 1000, "seed": 17}