{"t_death": 6764.39999999824, "death_mode": "ribo_collapse", "pnr_type": "ribo_depletion", "t_pnr": 5984.999999998555, "dt_walking_dead": 779.399999999685, "N_RNAP": 11, "N_Ribo": 100, "N_ATP": 1000, "seed": 88}