{"t_death": 3312.449999999635, "death_mode": "ribo_collapse", "pnr_type": "ribo_depletion", "t_pnr": 2095.650000000127, "dt_walking_dead": 1216.7999999995081, "N_RNAP": 3, "N_Ribo": 4, "N_ATP": 1000, "seed": 94}