{"t_death": 1504.350000000091, "death_mode": "ribo_collapse", "pnr_type": "ribo_depletion", "t_pnr": 1403.1000000000809, "dt_walking_dead": 101.25000000001023, "N_RNAP": 4, "N_Ribo": 3, "N_ATP": 1000, "seed": 67}