{"t_death": 4960.799999998969, "death_mode": "cycle_collapse", "pnr_type": "rnap_deadlock", "t_pnr": 4945.049999998975, "dt_walking_dead": 15.749999999993634, "N_RNAP": 41, "N_Ribo": 64, "N_ATP": 1000, "seed": 31}