{"t_death": 6763.04999999824, "death_mode": "ribo_collapse", "pnr_type": "ribo_depletion", "t_pnr": 1518.7500000000925, "dt_walking_dead": 5244.2999999981475, "N_RNAP": 41, "N_Ribo": 4, "N_ATP": 1000, "seed": 67}