{"t_death": 2291.400000000048, "death_mode": "ribo_collapse", "pnr_type": "ribo_depletion", "t_pnr": 1554.7500000000962, "dt_walking_dead": 736.6499999999517, "N_RNAP": 2, "N_Ribo": 4, "N_ATP": 1000, "seed": 4}