{"t_death": 3793.4999999994407, "death_mode": "cycle_collapse", "pnr_type": "rnap_deadlock", "t_pnr": 3595.049999999521, "dt_walking_dead": 198.44999999991978, "N_RNAP": 64, "N_Ribo": 11, "N_ATP": 1000, "seed": 48}