{"t_death": 2416.4999999999973, "death_mode": "ribo_collapse", "pnr_type": "ribo_depletion", "t_pnr": 1335.600000000074, "dt_walking_dead": 1080.8999999999232, "N_RNAP": 7, "N_Ribo": 7, "N_ATP": 1000, "seed": 27}