{"t_death": 5569.649999998723, "death_mode": "ribo_collapse", "pnr_type": "ribo_depletion", "t_pnr": 1024.6500000000426, "dt_walking_dead": 4544.99999999868, "N_RNAP": 64, "N_Ribo": 7, "N_ATP": 1000, "seed": 16}