{"t_death": 4790.699999999038, "death_mode": "ribo_collapse", "pnr_type": "ribo_depletion", "t_pnr": 3770.54999999945, "dt_walking_dead": 1020.1499999995876, "N_RNAP": 17, "N_Ribo": 2, "N_ATP": 1000, "seed": 53}