{"t_death": 3842.099999999421, "death_mode": "ribo_collapse", "pnr_type": "ribo_depletion", "t_pnr": 1775.7000000001185, "dt_walking_dead": 2066.3999999993025, "N_RNAP": 17, "N_Ribo": 11, "N_ATP": 1000, "seed": 10}