{"t_death": 2777.849999999851, "death_mode": "ribo_collapse", "pnr_type": "ribo_depletion", "t_pnr": 895.9500000000297, "dt_walking_dead": 1881.8999999998214, "N_RNAP": 27, "N_Ribo": 4, "N_ATP": 1000, "seed": 95}