{"t_death": 1764.4500000001174, "death_mode": "ribo_collapse", "pnr_type": "ribo_depletion", "t_pnr": 1030.5000000000432, "dt_walking_dead": 733.9500000000742, "N_RNAP": 7, "N_Ribo": 3, "N_ATP": 1000, "seed": 48}