{"t_death": 5296.949999998833, "death_mode": "ribo_collapse", "pnr_type": "ribo_depletion", "t_pnr": 4924.799999998983, "dt_walking_dead": 372.14999999984957, "N_RNAP": 100, "N_Ribo": 2, "N_ATP": 1000, "seed": 89}