{"t_death": 972.4500000000374, "death_mode": "cycle_collapse", "pnr_type": "rnap_deadlock", "t_pnr": 959.4000000000361, "dt_walking_dead": 13.050000000001319, "N_RNAP": 2, "N_Ribo": 7, "N_ATP": 1000, "seed": 43}