{"t_death": 3937.4999999993825, "death_mode": "ribo_collapse", "pnr_type": "ribo_depletion", "t_pnr": 1021.5000000000424, "dt_walking_dead": 2915.99999999934, "N_RNAP": 3, "N_Ribo": 3, "N_ATP": 1000, "seed": 41}