{"t_death": 5520.5999999987425, "death_mode": "ribo_collapse", "pnr_type": "ribo_depletion", "t_pnr": 994.5000000000397, "dt_walking_dead": 4526.0999999987025, "N_RNAP": 27, "N_Ribo": 3, "N_ATP": 1000, "seed": 78}