{"t_death": 2417.399999999997, "death_mode": "ribo_collapse", "pnr_type": "ribo_depletion", "t_pnr": 1161.9000000000565, "dt_walking_dead": 1255.4999999999404, "N_RNAP": 27, "N_Ribo": 3, "N_ATP": 1000, "seed": 22}