{"t_death": 1881.0000000001291, "death_mode": "ribo_collapse", "pnr_type": "ribo_depletion", "t_pnr": 1433.250000000084, "dt_walking_dead": 447.75000000004525, "N_RNAP": 7, "N_Ribo": 3, "N_ATP": 1000, "seed": 28}