{"t_death": 3691.349999999482, "death_mode": "ribo_collapse", "pnr_type": "ribo_depletion", "t_pnr": 2970.899999999773, "dt_walking_dead": 720.4499999997088, "N_RNAP": 7, "N_Ribo": 2, "N_ATP": 1000, "seed": 97}