{"t_death": 5418.899999998784, "death_mode": "ribo_collapse", "pnr_type": "ribo_depletion", "t_pnr": 2062.3500000001404, "dt_walking_dead": 3356.549999998643, "N_RNAP": 64, "N_Ribo": 3, "N_ATP": 1000, "seed": 48}