{"t_death": 6221.699999998459, "death_mode": "cycle_collapse", "pnr_type": "rnap_deadlock", "t_pnr": 6220.34999999846, "dt_walking_dead": 1.3499999999994543, "N_RNAP": 17, "N_Ribo": 100, "N_ATP": 1000, "seed": 11}