{"t_death": 3143.6999999997033, "death_mode": "cycle_collapse", "pnr_type": "rnap_deadlock", "t_pnr": 2934.8999999997877, "dt_walking_dead": 208.7999999999156, "N_RNAP": 3, "N_Ribo": 41, "N_ATP": 1000, "seed": 60}