{"t_death": 2686.949999999888, "death_mode": "ribo_collapse", "pnr_type": "ribo_depletion", "t_pnr": 823.9500000000224, "dt_walking_dead": 1862.9999999998654, "N_RNAP": 2, "N_Ribo": 2, "N_ATP": 1000, "seed": 24}