{"t_death": 663.7500000000063, "death_mode": "cycle_collapse", "pnr_type": "rnap_deadlock", "t_pnr": 623.2500000000022, "dt_walking_dead": 40.50000000000409, "N_RNAP": 2, "N_Ribo": 7, "N_ATP": 1000, "seed": 77}