{"t_death": 4295.699999999238, "death_mode": "ribo_collapse", "pnr_type": "ribo_depletion", "t_pnr": 3793.049999999441, "dt_walking_dead": 502.6499999997968, "N_RNAP": 3, "N_Ribo": 64, "N_ATP": 1000, "seed": 38}