{"t_death": 1885.5000000001296, "death_mode": "ribo_collapse", "pnr_type": "ribo_depletion", "t_pnr": 869.8500000000271, "dt_walking_dead": 1015.6500000001025, "N_RNAP": 2, "N_Ribo": 3, "N_ATP": 1000, "seed": 65}