{"t_death": 6519.599999998339, "death_mode": "ribo_collapse", "pnr_type": "ribo_depletion", "t_pnr": 4462.19999999917, "dt_walking_dead": 2057.3999999991684, "N_RNAP": 41, "N_Ribo": 41, "N_ATP": 1000, "seed": 17}