{"t_death": 4452.749999999174, "death_mode": "ribo_collapse", "pnr_type": "ribo_depletion", "t_pnr": 2377.800000000013, "dt_walking_dead": 2074.9499999991613, "N_RNAP": 41, "N_Ribo": 11, "N_ATP": 1000, "seed": 63}