{"t_death": 4390.1999999991995, "death_mode": "cycle_collapse", "pnr_type": "rnap_deadlock", "t_pnr": 4195.799999999278, "dt_walking_dead": 194.39999999992142, "N_RNAP": 17, "N_Ribo": 27, "N_ATP": 1000, "seed": 12}