{"t_death": 3969.4499999993695, "death_mode": "ribo_collapse", "pnr_type": "ribo_depletion", "t_pnr": 1569.1500000000976, "dt_walking_dead": 2400.2999999992717, "N_RNAP": 17, "N_Ribo": 4, "N_ATP": 1000, "seed": 7}