{"t_death": 5448.599999998772, "death_mode": "ribo_collapse", "pnr_type": "ribo_depletion", "t_pnr": 4982.39999999896, "dt_walking_dead": 466.19999999981155, "N_RNAP": 64, "N_Ribo": 41, "N_ATP": 1000, "seed": 86}