{"t_death": 4705.649999999072, "death_mode": "ribo_collapse", "pnr_type": "ribo_depletion", "t_pnr": 2362.950000000019, "dt_walking_dead": 2342.699999999053, "N_RNAP": 64, "N_Ribo": 4, "N_ATP": 1000, "seed": 96}