{"t_death": 5939.999999998573, "death_mode": "ribo_collapse", "pnr_type": "ribo_depletion", "t_pnr": 2654.549999999901, "dt_walking_dead": 3285.449999998672, "N_RNAP": 17, "N_Ribo": 7, "N_ATP": 1000, "seed": 38}