{"t_death": 3436.649999999585, "death_mode": "ribo_collapse", "pnr_type": "ribo_depletion", "t_pnr": 3429.8999999995876, "dt_walking_dead": 6.7499999999972715, "N_RNAP": 41, "N_Ribo": 17, "N_ATP": 1000, "seed": 49}