{"t_death": 5606.999999998708, "death_mode": "ribo_collapse", "pnr_type": "ribo_depletion", "t_pnr": 2804.3999999998405, "dt_walking_dead": 2802.599999998867, "N_RNAP": 100, "N_Ribo": 3, "N_ATP": 1000, "seed": 86}