{"t_death": 3043.349999999744, "death_mode": "ribo_collapse", "pnr_type": "ribo_depletion", "t_pnr": 1269.9000000000674, "dt_walking_dead": 1773.4499999996765, "N_RNAP": 11, "N_Ribo": 2, "N_ATP": 1000, "seed": 31}