{"t_death": 5662.349999998685, "death_mode": "ribo_collapse", "pnr_type": "ribo_depletion", "t_pnr": 3130.199999999709, "dt_walking_dead": 2532.1499999989765, "N_RNAP": 100, "N_Ribo": 17, "N_ATP": 1000, "seed": 72}