{"t_death": 6089.399999998513, "death_mode": "ribo_collapse", "pnr_type": "ribo_depletion", "t_pnr": 4027.949999999346, "dt_walking_dead": 2061.4499999991667, "N_RNAP": 41, "N_Ribo": 27, "N_ATP": 1000, "seed": 1}