{"t_death": 6701.849999998265, "death_mode": "ribo_collapse", "pnr_type": "ribo_depletion", "t_pnr": 6477.749999998356, "dt_walking_dead": 224.09999999990941, "N_RNAP": 64, "N_Ribo": 41, "N_ATP": 1000, "seed": 71}