{"t_death": 1980.9000000001392, "death_mode": "cycle_collapse", "pnr_type": "rnap_deadlock", "t_pnr": 1791.45000000012, "dt_walking_dead": 189.45000000001914, "N_RNAP": 3, "N_Ribo": 11, "N_ATP": 1000, "seed": 54}