{"t_death": 5333.399999998818, "death_mode": "cycle_collapse", "pnr_type": "rnap_deadlock", "t_pnr": 5234.849999998858, "dt_walking_dead": 98.54999999996016, "N_RNAP": 4, "N_Ribo": 100, "N_ATP": 1000, "seed": 72}