{"t_death": 4794.749999999036, "death_mode": "ribo_collapse", "pnr_type": "ribo_depletion", "t_pnr": 4457.249999999172, "dt_walking_dead": 337.4999999998636, "N_RNAP": 7, "N_Ribo": 100, "N_ATP": 1000, "seed": 25}