{"t_death": 3591.4499999995223, "death_mode": "ribo_collapse", "pnr_type": "ribo_depletion", "t_pnr": 2006.1000000001418, "dt_walking_dead": 1585.3499999993805, "N_RNAP": 2, "N_Ribo": 7, "N_ATP": 1000, "seed": 97}