{"t_death": 2238.3000000000693, "death_mode": "cycle_collapse", "pnr_type": "rnap_deadlock", "t_pnr": 1969.200000000138, "dt_walking_dead": 269.09999999993124, "N_RNAP": 17, "N_Ribo": 27, "N_ATP": 1000, "seed": 18}