{"t_death": 7752.59999999784, "death_mode": "ribo_collapse", "pnr_type": "ribo_depletion", "t_pnr": 3375.8999999996095, "dt_walking_dead": 4376.699999998231, "N_RNAP": 100, "N_Ribo": 7, "N_ATP": 1000, "seed": 2}