{"t_death": 2344.0500000000266, "death_mode": "ribo_collapse", "pnr_type": "ribo_depletion", "t_pnr": 517.4999999999915, "dt_walking_dead": 1826.5500000000352, "N_RNAP": 11, "N_Ribo": 2, "N_ATP": 1000, "seed": 26}