{"t_death": 1449.9000000000856, "death_mode": "cycle_collapse", "pnr_type": "rnap_deadlock", "t_pnr": 1177.200000000058, "dt_walking_dead": 272.70000000002756, "N_RNAP": 4, "N_Ribo": 3, "N_ATP": 1000, "seed": 24}