{"t_death": 2968.1999999997743, "death_mode": "cycle_collapse", "pnr_type": "rnap_deadlock", "t_pnr": 2968.1999999997743, "dt_walking_dead": 0.0, "N_RNAP": 4, "N_Ribo": 100, "N_ATP": 1000, "seed": 26}