{"t_death": 1216.800000000062, "death_mode": "cycle_collapse", "pnr_type": "rnap_deadlock", "t_pnr": 1066.9500000000469, "dt_walking_dead": 149.85000000001514, "N_RNAP": 4, "N_Ribo": 7, "N_ATP": 1000, "seed": 65}