{"t_death": 7906.949999997778, "death_mode": "ribo_collapse", "pnr_type": "ribo_depletion", "t_pnr": 5193.449999998875, "dt_walking_dead": 2713.499999998903, "N_RNAP": 11, "N_Ribo": 100, "N_ATP": 1000, "seed": 20}