{"t_death": 3210.2999999996764, "death_mode": "ribo_collapse", "pnr_type": "ribo_depletion", "t_pnr": 2714.399999999877, "dt_walking_dead": 495.89999999979955, "N_RNAP": 27, "N_Ribo": 17, "N_ATP": 1000, "seed": 16}