{"t_death": 2140.650000000109, "death_mode": "cycle_collapse", "pnr_type": "rnap_deadlock", "t_pnr": 2061.9000000001406, "dt_walking_dead": 78.74999999996817, "N_RNAP": 11, "N_Ribo": 100, "N_ATP": 1000, "seed": 24}