{"t_death": 5723.5499999986605, "death_mode": "ribo_collapse", "pnr_type": "ribo_depletion", "t_pnr": 3150.8999999997004, "dt_walking_dead": 2572.64999999896, "N_RNAP": 100, "N_Ribo": 7, "N_ATP": 1000, "seed": 27}