{"t_death": 3462.2999999995745, "death_mode": "ribo_collapse", "pnr_type": "ribo_depletion", "t_pnr": 1584.4500000000992, "dt_walking_dead": 1877.8499999994754, "N_RNAP": 64, "N_Ribo": 4, "N_ATP": 1000, "seed": 83}