{"t_death": 1822.9500000001233, "death_mode": "cycle_collapse", "pnr_type": "rnap_deadlock", "t_pnr": 1765.8000000001175, "dt_walking_dead": 57.150000000005775, "N_RNAP": 4, "N_Ribo": 2, "N_ATP": 1000, "seed": 27}