{"t_death": 5286.149999998837, "death_mode": "ribo_collapse", "pnr_type": "ribo_depletion", "t_pnr": 3791.6999999994414, "dt_walking_dead": 1494.449999999396, "N_RNAP": 64, "N_Ribo": 4, "N_ATP": 1000, "seed": 89}