{"t_death": 2881.799999999809, "death_mode": "ribo_collapse", "pnr_type": "ribo_depletion", "t_pnr": 2530.3499999999513, "dt_walking_dead": 351.44999999985794, "N_RNAP": 2, "N_Ribo": 17, "N_ATP": 1000, "seed": 24}