{"t_death": 5939.999999998573, "death_mode": "ribo_collapse", "pnr_type": "ribo_depletion", "t_pnr": 4291.1999999992395, "dt_walking_dead": 1648.7999999993335, "N_RNAP": 41, "N_Ribo": 41, "N_ATP": 1000, "seed": 50}