{"t_death": 2965.0499999997755, "death_mode": "ribo_collapse", "pnr_type": "ribo_depletion", "t_pnr": 2539.3499999999476, "dt_walking_dead": 425.6999999998279, "N_RNAP": 27, "N_Ribo": 7, "N_ATP": 1000, "seed": 57}