{"t_death": 5921.099999998581, "death_mode": "ribo_collapse", "pnr_type": "ribo_depletion", "t_pnr": 1853.5500000001264, "dt_walking_dead": 4067.549999998454, "N_RNAP": 64, "N_Ribo": 7, "N_ATP": 1000, "seed": 9}