{"t_death": 4492.799999999158, "death_mode": "ribo_collapse", "pnr_type": "ribo_depletion", "t_pnr": 3876.299999999407, "dt_walking_dead": 616.4999999997508, "N_RNAP": 7, "N_Ribo": 11, "N_ATP": 1000, "seed": 13}