{"t_death": 2806.1999999998397, "death_mode": "ribo_collapse", "pnr_type": "ribo_depletion", "t_pnr": 2413.3499999999985, "dt_walking_dead": 392.8499999998412, "N_RNAP": 27, "N_Ribo": 17, "N_ATP": 1000, "seed": 69}