{"t_death": 4223.249999999267, "death_mode": "ribo_collapse", "pnr_type": "ribo_depletion", "t_pnr": 1525.5000000000932, "dt_walking_dead": 2697.7499999991737, "N_RNAP": 17, "N_Ribo": 2, "N_ATP": 1000, "seed": 24}