{"t_death": 3122.549999999712, "death_mode": "ribo_collapse", "pnr_type": "ribo_depletion", "t_pnr": 2227.9500000000735, "dt_walking_dead": 894.5999999996384, "N_RNAP": 17, "N_Ribo": 7, "N_ATP": 1000, "seed": 2}