{"t_death": 2984.3999999997677, "death_mode": "ribo_collapse", "pnr_type": "ribo_depletion", "t_pnr": 2870.5499999998137, "dt_walking_dead": 113.84999999995398, "N_RNAP": 17, "N_Ribo": 2, "N_ATP": 1000, "seed": 14}