{"t_death": 5634.4499999986965, "death_mode": "ribo_collapse", "pnr_type": "ribo_depletion", "t_pnr": 1489.9500000000896, "dt_walking_dead": 4144.499999998607, "N_RNAP": 64, "N_Ribo": 4, "N_ATP": 1000, "seed": 41}