{"t_death": 6410.249999998383, "death_mode": "ribo_collapse", "pnr_type": "ribo_depletion", "t_pnr": 5832.899999998616, "dt_walking_dead": 577.3499999997666, "N_RNAP": 41, "N_Ribo": 27, "N_ATP": 1000, "seed": 86}