{"t_death": 4947.299999998974, "death_mode": "ribo_collapse", "pnr_type": "ribo_depletion", "t_pnr": 1594.8000000001002, "dt_walking_dead": 3352.499999998874, "N_RNAP": 4, "N_Ribo": 11, "N_ATP": 1000, "seed": 77}