{"t_death": 3845.6999999994196, "death_mode": "ribo_collapse", "pnr_type": "ribo_depletion", "t_pnr": 563.3999999999961, "dt_walking_dead": 3282.2999999994236, "N_RNAP": 100, "N_Ribo": 4, "N_ATP": 1000, "seed": 86}