{"t_death": 4815.899999999027, "death_mode": "ribo_collapse", "pnr_type": "ribo_depletion", "t_pnr": 4794.299999999036, "dt_walking_dead": 21.59999999999127, "N_RNAP": 17, "N_Ribo": 41, "N_ATP": 1000, "seed": 55}