{"t_death": 4255.199999999254, "death_mode": "ribo_collapse", "pnr_type": "ribo_depletion", "t_pnr": 2901.1499999998014, "dt_walking_dead": 1354.0499999994527, "N_RNAP": 2, "N_Ribo": 11, "N_ATP": 1000, "seed": 6}