{"t_death": 448.6499999999925, "death_mode": "cycle_collapse", "pnr_type": "rnap_deadlock", "t_pnr": 413.0999999999934, "dt_walking_dead": 35.5499999999991, "N_RNAP": 3, "N_Ribo": 64, "N_ATP": 1000, "seed": 83}