{"t_death": 2962.3499999997766, "death_mode": "cycle_collapse", "pnr_type": "rnap_deadlock", "t_pnr": 2584.3499999999294, "dt_walking_dead": 377.9999999998472, "N_RNAP": 11, "N_Ribo": 17, "N_ATP": 1000, "seed": 42}