{"t_death": 10665.00000000166, "death_mode": "ribo_collapse", "pnr_type": "ribo_depletion", "t_pnr": 3424.49999999959, "dt_walking_dead": 7240.500000002071, "N_RNAP": 64, "N_Ribo": 7, "N_ATP": 1000, "seed": 98}