{"t_death": 1371.6000000000777, "death_mode": "cycle_collapse", "pnr_type": "rnap_deadlock", "t_pnr": 1168.2000000000571, "dt_walking_dead": 203.40000000002055, "N_RNAP": 2, "N_Ribo": 41, "N_ATP": 1000, "seed": 75}