{"t_death": 7460.099999997959, "death_mode": "ribo_collapse", "pnr_type": "ribo_depletion", "t_pnr": 2146.9500000001062, "dt_walking_dead": 5313.149999997852, "N_RNAP": 17, "N_Ribo": 2, "N_ATP": 1000, "seed": 30}