{"t_death": 6038.999999998533, "death_mode": "ribo_collapse", "pnr_type": "ribo_depletion", "t_pnr": 4383.899999999202, "dt_walking_dead": 1655.099999999331, "N_RNAP": 41, "N_Ribo": 64, "N_ATP": 1000, "seed": 62}