{"t_death": 1773.9000000001183, "death_mode": "cycle_collapse", "pnr_type": "rnap_deadlock", "t_pnr": 1445.4000000000851, "dt_walking_dead": 328.5000000000332, "N_RNAP": 3, "N_Ribo": 17, "N_ATP": 1000, "seed": 18}