{"t_death": 4416.749999999189, "death_mode": "cycle_collapse", "pnr_type": "rnap_deadlock", "t_pnr": 4395.1499999991975, "dt_walking_dead": 21.59999999999127, "N_RNAP": 27, "N_Ribo": 27, "N_ATP": 1000, "seed": 59}