{"t_death": 4550.8499999991345, "death_mode": "ribo_collapse", "pnr_type": "ribo_depletion", "t_pnr": 2812.499999999837, "dt_walking_dead": 1738.3499999992973, "N_RNAP": 41, "N_Ribo": 7, "N_ATP": 1000, "seed": 32}