{"t_death": 2487.5999999999685, "death_mode": "cycle_collapse", "pnr_type": "rnap_deadlock", "t_pnr": 2411.0999999999995, "dt_walking_dead": 76.49999999996908, "N_RNAP": 17, "N_Ribo": 7, "N_ATP": 1000, "seed": 44}