{"t_death": 3731.3999999994658, "death_mode": "ribo_collapse", "pnr_type": "ribo_depletion", "t_pnr": 3472.6499999995704, "dt_walking_dead": 258.7499999998954, "N_RNAP": 7, "N_Ribo": 17, "N_ATP": 1000, "seed": 42}