{"t_death": 4341.599999999219, "death_mode": "ribo_collapse", "pnr_type": "ribo_depletion", "t_pnr": 2213.5500000000793, "dt_walking_dead": 2128.04999999914, "N_RNAP": 27, "N_Ribo": 7, "N_ATP": 1000, "seed": 19}