{"t_death": 5858.099999998606, "death_mode": "ribo_collapse", "pnr_type": "ribo_depletion", "t_pnr": 4399.649999999196, "dt_walking_dead": 1458.4499999994105, "N_RNAP": 17, "N_Ribo": 27, "N_ATP": 1000, "seed": 71}