{"t_death": 2495.2499999999654, "death_mode": "cycle_collapse", "pnr_type": "rnap_deadlock", "t_pnr": 2348.100000000025, "dt_walking_dead": 147.14999999994052, "N_RNAP": 7, "N_Ribo": 100, "N_ATP": 1000, "seed": 67}