{"t_death": 3046.9499999997424, "death_mode": "cycle_collapse", "pnr_type": "rnap_deadlock", "t_pnr": 3046.9499999997424, "dt_walking_dead": 0.0, "N_RNAP": 11, "N_Ribo": 11, "N_ATP": 1000, "seed": 61}