{"t_death": 2623.9499999999134, "death_mode": "ribo_collapse", "pnr_type": "ribo_depletion", "t_pnr": 2198.2500000000855, "dt_walking_dead": 425.6999999998279, "N_RNAP": 17, "N_Ribo": 11, "N_ATP": 1000, "seed": 88}