{"t_death": 4188.149999999281, "death_mode": "ribo_collapse", "pnr_type": "ribo_depletion", "t_pnr": 3363.2999999996146, "dt_walking_dead": 824.8499999996666, "N_RNAP": 41, "N_Ribo": 17, "N_ATP": 1000, "seed": 58}