{"t_death": 3688.199999999483, "death_mode": "ribo_collapse", "pnr_type": "ribo_depletion", "t_pnr": 2350.800000000024, "dt_walking_dead": 1337.3999999994594, "N_RNAP": 17, "N_Ribo": 17, "N_ATP": 1000, "seed": 88}