{"t_death": 3167.099999999694, "death_mode": "ribo_collapse", "pnr_type": "ribo_depletion", "t_pnr": 376.1999999999943, "dt_walking_dead": 2790.8999999996995, "N_RNAP": 7, "N_Ribo": 4, "N_ATP": 1000, "seed": 76}