{"t_death": 5469.299999998763, "death_mode": "ribo_collapse", "pnr_type": "ribo_depletion", "t_pnr": 501.29999999999114, "dt_walking_dead": 4967.999999998772, "N_RNAP": 11, "N_Ribo": 4, "N_ATP": 1000, "seed": 83}