{"t_death": 911.7000000000313, "death_mode": "cycle_collapse", "pnr_type": "rnap_deadlock", "t_pnr": 798.3000000000198, "dt_walking_dead": 113.40000000001146, "N_RNAP": 2, "N_Ribo": 27, "N_ATP": 1000, "seed": 89}