{"t_death": 5001.299999998952, "death_mode": "ribo_collapse", "pnr_type": "ribo_depletion", "t_pnr": 3657.5999999994956, "dt_walking_dead": 1343.6999999994568, "N_RNAP": 64, "N_Ribo": 11, "N_ATP": 1000, "seed": 79}