{"t_death": 1305.900000000071, "death_mode": "cycle_collapse", "pnr_type": "rnap_deadlock", "t_pnr": 975.6000000000378, "dt_walking_dead": 330.30000000003326, "N_RNAP": 2, "N_Ribo": 17, "N_ATP": 1000, "seed": 51}