{"t_death": 4107.149999999314, "death_mode": "ribo_collapse", "pnr_type": "ribo_depletion", "t_pnr": 3291.7499999996435, "dt_walking_dead": 815.3999999996704, "N_RNAP": 3, "N_Ribo": 64, "N_ATP": 1000, "seed": 96}