{"t_death": 5346.449999998813, "death_mode": "ribo_collapse", "pnr_type": "ribo_depletion", "t_pnr": 2691.449999999886, "dt_walking_dead": 2654.999999998927, "N_RNAP": 7, "N_Ribo": 17, "N_ATP": 1000, "seed": 28}