{"t_death": 4026.5999999993464, "death_mode": "cycle_collapse", "pnr_type": "rnap_deadlock", "t_pnr": 3980.249999999365, "dt_walking_dead": 46.349999999981264, "N_RNAP": 4, "N_Ribo": 27, "N_ATP": 1000, "seed": 33}