{"t_death": 3903.749999999396, "death_mode": "ribo_collapse", "pnr_type": "ribo_depletion", "t_pnr": 1920.150000000133, "dt_walking_dead": 1983.599999999263, "N_RNAP": 41, "N_Ribo": 4, "N_ATP": 1000, "seed": 0}