{"t_death": 4383.899999999202, "death_mode": "ribo_collapse", "pnr_type": "ribo_depletion", "t_pnr": 101.2500000000004, "dt_walking_dead": 4282.649999999202, "N_RNAP": 41, "N_Ribo": 2, "N_ATP": 1000, "seed": 98}