{"t_death": 6525.449999998336, "death_mode": "ribo_collapse", "pnr_type": "ribo_depletion", "t_pnr": 4042.34999999934, "dt_walking_dead": 2483.0999999989963, "N_RNAP": 100, "N_Ribo": 27, "N_ATP": 1000, "seed": 90}