{"t_death": 2592.449999999926, "death_mode": "ribo_collapse", "pnr_type": "ribo_depletion", "t_pnr": 669.1500000000068, "dt_walking_dead": 1923.2999999999192, "N_RNAP": 2, "N_Ribo": 2, "N_ATP": 1000, "seed": 72}