{"t_death": 4613.849999999109, "death_mode": "ribo_collapse", "pnr_type": "ribo_depletion", "t_pnr": 2473.649999999974, "dt_walking_dead": 2140.199999999135, "N_RNAP": 64, "N_Ribo": 11, "N_ATP": 1000, "seed": 81}