{"t_death": 6850.799999998205, "death_mode": "ribo_collapse", "pnr_type": "ribo_depletion", "t_pnr": 6018.749999998541, "dt_walking_dead": 832.0499999996637, "N_RNAP": 41, "N_Ribo": 64, "N_ATP": 1000, "seed": 50}