{"t_death": 4459.049999999172, "death_mode": "ribo_collapse", "pnr_type": "ribo_depletion", "t_pnr": 3428.999999999588, "dt_walking_dead": 1030.0499999995836, "N_RNAP": 64, "N_Ribo": 17, "N_ATP": 1000, "seed": 49}