{"t_death": 3612.149999999514, "death_mode": "ribo_collapse", "pnr_type": "ribo_depletion", "t_pnr": 2873.6999999998125, "dt_walking_dead": 738.4499999997015, "N_RNAP": 17, "N_Ribo": 7, "N_ATP": 1000, "seed": 84}