{"t_death": 4373.999999999206, "death_mode": "ribo_collapse", "pnr_type": "ribo_depletion", "t_pnr": 3700.3499999994783, "dt_walking_dead": 673.6499999997277, "N_RNAP": 64, "N_Ribo": 27, "N_ATP": 1000, "seed": 39}