{"t_death": 9092.249999999118, "death_mode": "ribo_collapse", "pnr_type": "ribo_depletion", "t_pnr": 5529.599999998739, "dt_walking_dead": 3562.650000000379, "N_RNAP": 17, "N_Ribo": 100, "N_ATP": 1000, "seed": 84}