{"t_death": 2925.8999999997914, "death_mode": "ribo_collapse", "pnr_type": "ribo_depletion", "t_pnr": 2568.149999999936, "dt_walking_dead": 357.7499999998554, "N_RNAP": 41, "N_Ribo": 4, "N_ATP": 1000, "seed": 47}