{"t_death": 2420.099999999996, "death_mode": "ribo_collapse", "pnr_type": "ribo_depletion", "t_pnr": 2017.800000000143, "dt_walking_dead": 402.29999999985284, "N_RNAP": 41, "N_Ribo": 4, "N_ATP": 1000, "seed": 82}