{"t_death": 8202.59999999768, "death_mode": "ribo_collapse", "pnr_type": "ribo_depletion", "t_pnr": 3525.299999999549, "dt_walking_dead": 4677.29999999813, "N_RNAP": 64, "N_Ribo": 41, "N_ATP": 1000, "seed": 10}