{"t_death": 2921.849999999793, "death_mode": "ribo_collapse", "pnr_type": "ribo_depletion", "t_pnr": 2009.250000000142, "dt_walking_dead": 912.5999999996509, "N_RNAP": 64, "N_Ribo": 2, "N_ATP": 1000, "seed": 78}