{"t_death": 6533.099999998333, "death_mode": "ribo_collapse", "pnr_type": "ribo_depletion", "t_pnr": 5336.999999998817, "dt_walking_dead": 1196.0999999995165, "N_RNAP": 7, "N_Ribo": 100, "N_ATP": 1000, "seed": 94}