{"t_death": 5431.949999998778, "death_mode": "ribo_collapse", "pnr_type": "ribo_depletion", "t_pnr": 5254.64999999885, "dt_walking_dead": 177.29999999992833, "N_RNAP": 100, "N_Ribo": 7, "N_ATP": 1000, "seed": 7}