{"t_death": 829.800000000023, "death_mode": "cycle_collapse", "pnr_type": "rnap_deadlock", "t_pnr": 620.1000000000018, "dt_walking_dead": 209.7000000000212, "N_RNAP": 2, "N_Ribo": 27, "N_ATP": 1000, "seed": 18}