{"t_death": 5023.3499999989435, "death_mode": "ribo_collapse", "pnr_type": "ribo_depletion", "t_pnr": 4066.6499999993302, "dt_walking_dead": 956.6999999996133, "N_RNAP": 64, "N_Ribo": 2, "N_ATP": 1000, "seed": 16}