{"t_death": 7879.949999997789, "death_mode": "ribo_collapse", "pnr_type": "ribo_depletion", "t_pnr": 4288.499999999241, "dt_walking_dead": 3591.4499999985483, "N_RNAP": 100, "N_Ribo": 11, "N_ATP": 1000, "seed": 31}