{"t_death": 2471.399999999975, "death_mode": "ribo_collapse", "pnr_type": "ribo_depletion", "t_pnr": 1618.2000000001026, "dt_walking_dead": 853.1999999998725, "N_RNAP": 7, "N_Ribo": 2, "N_ATP": 1000, "seed": 45}