{"t_death": 4455.449999999173, "death_mode": "ribo_collapse", "pnr_type": "ribo_depletion", "t_pnr": 1749.1500000001158, "dt_walking_dead": 2706.299999999057, "N_RNAP": 17, "N_Ribo": 4, "N_ATP": 1000, "seed": 38}