{"t_death": 6342.74999999841, "death_mode": "ribo_collapse", "pnr_type": "ribo_depletion", "t_pnr": 5759.999999998646, "dt_walking_dead": 582.7499999997644, "N_RNAP": 41, "N_Ribo": 100, "N_ATP": 1000, "seed": 6}