{"t_death": 3617.549999999512, "death_mode": "ribo_collapse", "pnr_type": "ribo_depletion", "t_pnr": 3419.9999999995916, "dt_walking_dead": 197.54999999992015, "N_RNAP": 64, "N_Ribo": 4, "N_ATP": 1000, "seed": 28}