{"t_death": 3225.59999999967, "death_mode": "ribo_collapse", "pnr_type": "ribo_depletion", "t_pnr": 2166.3000000000984, "dt_walking_dead": 1059.2999999995718, "N_RNAP": 2, "N_Ribo": 17, "N_ATP": 1000, "seed": 89}