{"t_death": 1083.1500000000485, "death_mode": "cycle_collapse", "pnr_type": "rnap_deadlock", "t_pnr": 1024.2000000000426, "dt_walking_dead": 58.95000000000596, "N_RNAP": 2, "N_Ribo": 64, "N_ATP": 1000, "seed": 92}