{"t_death": 1161.9000000000565, "death_mode": "cycle_collapse", "pnr_type": "rnap_deadlock", "t_pnr": 1051.6500000000453, "dt_walking_dead": 110.25000000001114, "N_RNAP": 2, "N_Ribo": 17, "N_ATP": 1000, "seed": 76}