{"t_death": 7042.0499999981275, "death_mode": "cycle_collapse", "pnr_type": "rnap_deadlock", "t_pnr": 7042.0499999981275, "dt_walking_dead": 0.0, "N_RNAP": 11, "N_Ribo": 100, "N_ATP": 1000, "seed": 30}