{"t_death": 2962.7999999997764, "death_mode": "cycle_collapse", "pnr_type": "rnap_deadlock", "t_pnr": 2962.7999999997764, "dt_walking_dead": 0.0, "N_RNAP": 11, "N_Ribo": 64, "N_ATP": 1000, "seed": 68}