{"t_death": 4371.749999999207, "death_mode": "ribo_collapse", "pnr_type": "ribo_depletion", "t_pnr": 2718.899999999875, "dt_walking_dead": 1652.8499999993319, "N_RNAP": 41, "N_Ribo": 17, "N_ATP": 1000, "seed": 85}