{"t_death": 5091.299999998916, "death_mode": "ribo_collapse", "pnr_type": "ribo_depletion", "t_pnr": 3045.149999999743, "dt_walking_dead": 2046.149999999173, "N_RNAP": 27, "N_Ribo": 11, "N_ATP": 1000, "seed": 6}