{"t_death": 4747.049999999055, "death_mode": "ribo_collapse", "pnr_type": "ribo_depletion", "t_pnr": 4436.549999999181, "dt_walking_dead": 310.4999999998745, "N_RNAP": 64, "N_Ribo": 27, "N_ATP": 1000, "seed": 82}