{"t_death": 4222.799999999267, "death_mode": "ribo_collapse", "pnr_type": "ribo_depletion", "t_pnr": 2659.499999999899, "dt_walking_dead": 1563.299999999368, "N_RNAP": 17, "N_Ribo": 41, "N_ATP": 1000, "seed": 77}