{"t_death": 6110.999999998504, "death_mode": "ribo_collapse", "pnr_type": "ribo_depletion", "t_pnr": 3307.0499999996373, "dt_walking_dead": 2803.9499999988666, "N_RNAP": 4, "N_Ribo": 17, "N_ATP": 1000, "seed": 9}