{"t_death": 3657.5999999994956, "death_mode": "ribo_collapse", "pnr_type": "ribo_depletion", "t_pnr": 3163.4999999996953, "dt_walking_dead": 494.0999999998003, "N_RNAP": 17, "N_Ribo": 2, "N_ATP": 1000, "seed": 85}