{"t_death": 3397.4999999996007, "death_mode": "cycle_collapse", "pnr_type": "rnap_deadlock", "t_pnr": 3397.4999999996007, "dt_walking_dead": 0.0, "N_RNAP": 100, "N_Ribo": 2, "N_ATP": 1000, "seed": 61}