{"t_death": 2662.649999999898, "death_mode": "ribo_collapse", "pnr_type": "ribo_depletion", "t_pnr": 908.550000000031, "dt_walking_dead": 1754.0999999998667, "N_RNAP": 7, "N_Ribo": 3, "N_ATP": 1000, "seed": 7}