{"t_death": 843.7500000000244, "death_mode": "cycle_collapse", "pnr_type": "rnap_deadlock", "t_pnr": 817.2000000000218, "dt_walking_dead": 26.550000000002683, "N_RNAP": 2, "N_Ribo": 100, "N_ATP": 1000, "seed": 9}