{"t_death": 1600.6500000001008, "death_mode": "ribo_collapse", "pnr_type": "ribo_depletion", "t_pnr": 326.69999999999555, "dt_walking_dead": 1273.9500000001053, "N_RNAP": 3, "N_Ribo": 2, "N_ATP": 1000, "seed": 95}