{"t_death": 6226.199999998457, "death_mode": "ribo_collapse", "pnr_type": "ribo_depletion", "t_pnr": 5594.8499999987125, "dt_walking_dead": 631.3499999997448, "N_RNAP": 27, "N_Ribo": 100, "N_ATP": 1000, "seed": 78}