{"t_death": 1879.200000000129, "death_mode": "ribo_collapse", "pnr_type": "ribo_depletion", "t_pnr": 805.5000000000206, "dt_walking_dead": 1073.7000000001085, "N_RNAP": 3, "N_Ribo": 3, "N_ATP": 1000, "seed": 82}