{"t_death": 5120.549999998904, "death_mode": "ribo_collapse", "pnr_type": "ribo_depletion", "t_pnr": 3307.0499999996373, "dt_walking_dead": 1813.499999999267, "N_RNAP": 27, "N_Ribo": 17, "N_ATP": 1000, "seed": 10}