{"t_death": 609.3000000000008, "death_mode": "cycle_collapse", "pnr_type": "rnap_deadlock", "t_pnr": 484.64999999999156, "dt_walking_dead": 124.65000000000919, "N_RNAP": 3, "N_Ribo": 3, "N_ATP": 1000, "seed": 95}