{"t_death": 2516.399999999957, "death_mode": "ribo_collapse", "pnr_type": "ribo_depletion", "t_pnr": 1391.4000000000797, "dt_walking_dead": 1124.9999999998772, "N_RNAP": 17, "N_Ribo": 2, "N_ATP": 1000, "seed": 98}