{"t_death": 2299.0500000000447, "death_mode": "ribo_collapse", "pnr_type": "ribo_depletion", "t_pnr": 1889.55000000013, "dt_walking_dead": 409.49999999991473, "N_RNAP": 17, "N_Ribo": 4, "N_ATP": 1000, "seed": 78}