{"t_death": 2632.04999999991, "death_mode": "ribo_collapse", "pnr_type": "ribo_depletion", "t_pnr": 1209.1500000000613, "dt_walking_dead": 1422.899999999849, "N_RNAP": 27, "N_Ribo": 3, "N_ATP": 1000, "seed": 63}