{"t_death": 3997.799999999358, "death_mode": "ribo_collapse", "pnr_type": "ribo_depletion", "t_pnr": 3077.54999999973, "dt_walking_dead": 920.249999999628, "N_RNAP": 41, "N_Ribo": 11, "N_ATP": 1000, "seed": 35}