{"t_death": 3174.7499999996908, "death_mode": "ribo_collapse", "pnr_type": "ribo_depletion", "t_pnr": 2997.4499999997624, "dt_walking_dead": 177.29999999992833, "N_RNAP": 11, "N_Ribo": 7, "N_ATP": 1000, "seed": 86}