{"t_death": 4029.2999999993453, "death_mode": "cycle_collapse", "pnr_type": "rnap_deadlock", "t_pnr": 3773.6999999994487, "dt_walking_dead": 255.59999999989668, "N_RNAP": 17, "N_Ribo": 7, "N_ATP": 1000, "seed": 31}