{"t_death": 2191.500000000088, "death_mode": "ribo_collapse", "pnr_type": "ribo_depletion", "t_pnr": 1219.9500000000623, "dt_walking_dead": 971.5500000000259, "N_RNAP": 27, "N_Ribo": 4, "N_ATP": 1000, "seed": 47}