{"t_death": 4106.699999999314, "death_mode": "cycle_collapse", "pnr_type": "rnap_deadlock", "t_pnr": 3982.4999999993643, "dt_walking_dead": 124.1999999999498, "N_RNAP": 27, "N_Ribo": 41, "N_ATP": 1000, "seed": 93}