{"t_death": 3644.099999999501, "death_mode": "ribo_collapse", "pnr_type": "ribo_depletion", "t_pnr": 1515.1500000000922, "dt_walking_dead": 2128.9499999994086, "N_RNAP": 41, "N_Ribo": 3, "N_ATP": 1000, "seed": 2}