{"t_death": 3353.3999999996186, "death_mode": "ribo_collapse", "pnr_type": "ribo_depletion", "t_pnr": 1891.8000000001302, "dt_walking_dead": 1461.5999999994883, "N_RNAP": 41, "N_Ribo": 4, "N_ATP": 1000, "seed": 33}