{"t_death": 6531.749999998334, "death_mode": "ribo_collapse", "pnr_type": "ribo_depletion", "t_pnr": 1583.550000000099, "dt_walking_dead": 4948.1999999982345, "N_RNAP": 17, "N_Ribo": 4, "N_ATP": 1000, "seed": 73}