{"t_death": 5348.699999998812, "death_mode": "ribo_collapse", "pnr_type": "ribo_depletion", "t_pnr": 2648.6999999999034, "dt_walking_dead": 2699.9999999989086, "N_RNAP": 64, "N_Ribo": 11, "N_ATP": 1000, "seed": 47}