{"t_death": 1389.6000000000795, "death_mode": "ribo_collapse", "pnr_type": "ribo_depletion", "t_pnr": 668.2500000000067, "dt_walking_dead": 721.3500000000728, "N_RNAP": 2, "N_Ribo": 4, "N_ATP": 1000, "seed": 97}