{"t_death": 5778.449999998638, "death_mode": "ribo_collapse", "pnr_type": "ribo_depletion", "t_pnr": 2452.049999999983, "dt_walking_dead": 3326.3999999986554, "N_RNAP": 11, "N_Ribo": 7, "N_ATP": 1000, "seed": 46}