{"t_death": 4661.54999999909, "death_mode": "cycle_collapse", "pnr_type": "rnap_deadlock", "t_pnr": 4386.149999999201, "dt_walking_dead": 275.3999999998887, "N_RNAP": 2, "N_Ribo": 100, "N_ATP": 1000, "seed": 24}