{"t_death": 3108.1499999997177, "death_mode": "cycle_collapse", "pnr_type": "rnap_deadlock", "t_pnr": 2853.4499999998206, "dt_walking_dead": 254.69999999989705, "N_RNAP": 7, "N_Ribo": 27, "N_ATP": 1000, "seed": 51}