{"t_death": 735.7500000000135, "death_mode": "cycle_collapse", "pnr_type": "rnap_deadlock", "t_pnr": 452.6999999999924, "dt_walking_dead": 283.05000000002116, "N_RNAP": 3, "N_Ribo": 4, "N_ATP": 1000, "seed": 52}