{"t_death": 6778.799999998234, "death_mode": "ribo_collapse", "pnr_type": "ribo_depletion", "t_pnr": 3931.199999999385, "dt_walking_dead": 2847.599999998849, "N_RNAP": 64, "N_Ribo": 11, "N_ATP": 1000, "seed": 26}