{"t_death": 5104.799999998911, "death_mode": "cycle_collapse", "pnr_type": "rnap_deadlock", "t_pnr": 5089.949999998917, "dt_walking_dead": 14.849999999993997, "N_RNAP": 11, "N_Ribo": 64, "N_ATP": 1000, "seed": 39}