{"t_death": 5609.6999999987065, "death_mode": "ribo_collapse", "pnr_type": "ribo_depletion", "t_pnr": 5595.299999998712, "dt_walking_dead": 14.39999999999418, "N_RNAP": 64, "N_Ribo": 41, "N_ATP": 1000, "seed": 12}