{"t_death": 615.6000000000014, "death_mode": "cycle_collapse", "pnr_type": "rnap_deadlock", "t_pnr": 563.8499999999962, "dt_walking_dead": 51.75000000000523, "N_RNAP": 4, "N_Ribo": 27, "N_ATP": 1000, "seed": 52}