{"t_death": 4684.4999999990805, "death_mode": "ribo_collapse", "pnr_type": "ribo_depletion", "t_pnr": 2685.1499999998887, "dt_walking_dead": 1999.3499999991918, "N_RNAP": 7, "N_Ribo": 11, "N_ATP": 1000, "seed": 15}