{"t_death": 4408.649999999192, "death_mode": "ribo_collapse", "pnr_type": "ribo_depletion", "t_pnr": 2739.5999999998667, "dt_walking_dead": 1669.0499999993253, "N_RNAP": 41, "N_Ribo": 4, "N_ATP": 1000, "seed": 90}