{"t_death": 4260.149999999252, "death_mode": "ribo_collapse", "pnr_type": "ribo_depletion", "t_pnr": 3528.449999999548, "dt_walking_dead": 731.6999999997042, "N_RNAP": 11, "N_Ribo": 11, "N_ATP": 1000, "seed": 31}