{"t_death": 1961.5500000001373, "death_mode": "cycle_collapse", "pnr_type": "rnap_deadlock", "t_pnr": 1936.3500000001347, "dt_walking_dead": 25.200000000002547, "N_RNAP": 7, "N_Ribo": 17, "N_ATP": 1000, "seed": 34}