{"t_death": 8277.2999999978, "death_mode": "cycle_collapse", "pnr_type": "rnap_deadlock", "t_pnr": 8122.949999997691, "dt_walking_dead": 154.3500000001095, "N_RNAP": 41, "N_Ribo": 27, "N_ATP": 1000, "seed": 53}