{"t_death": 3394.799999999602, "death_mode": "ribo_collapse", "pnr_type": "ribo_depletion", "t_pnr": 1376.1000000000781, "dt_walking_dead": 2018.6999999995237, "N_RNAP": 64, "N_Ribo": 7, "N_ATP": 1000, "seed": 59}