{"t_death": 4326.299999999225, "death_mode": "ribo_collapse", "pnr_type": "ribo_depletion", "t_pnr": 2859.749999999818, "dt_walking_dead": 1466.5499999994072, "N_RNAP": 3, "N_Ribo": 41, "N_ATP": 1000, "seed": 78}