{"t_death": 4835.699999999019, "death_mode": "cycle_collapse", "pnr_type": "rnap_deadlock", "t_pnr": 4771.349999999045, "dt_walking_dead": 64.34999999997399, "N_RNAP": 41, "N_Ribo": 64, "N_ATP": 1000, "seed": 46}