{"t_death": 7035.29999999813, "death_mode": "ribo_collapse", "pnr_type": "ribo_depletion", "t_pnr": 1051.2000000000453, "dt_walking_dead": 5984.099999998085, "N_RNAP": 27, "N_Ribo": 4, "N_ATP": 1000, "seed": 93}