{"t_death": 5245.649999998854, "death_mode": "ribo_collapse", "pnr_type": "ribo_depletion", "t_pnr": 5036.849999998938, "dt_walking_dead": 208.7999999999156, "N_RNAP": 41, "N_Ribo": 17, "N_ATP": 1000, "seed": 56}