{"t_death": 1076.4000000000478, "death_mode": "ribo_collapse", "pnr_type": "ribo_depletion", "t_pnr": 395.9999999999938, "dt_walking_dead": 680.400000000054, "N_RNAP": 11, "N_Ribo": 3, "N_ATP": 1000, "seed": 82}