{"t_death": 2340.450000000028, "death_mode": "ribo_collapse", "pnr_type": "ribo_depletion", "t_pnr": 1730.250000000114, "dt_walking_dead": 610.1999999999141, "N_RNAP": 4, "N_Ribo": 3, "N_ATP": 1000, "seed": 40}