{"t_death": 3712.4999999994734, "death_mode": "ribo_collapse", "pnr_type": "ribo_depletion", "t_pnr": 2454.749999999982, "dt_walking_dead": 1257.7499999994916, "N_RNAP": 11, "N_Ribo": 2, "N_ATP": 1000, "seed": 44}