{"t_death": 4974.749999998963, "death_mode": "ribo_collapse", "pnr_type": "ribo_depletion", "t_pnr": 3211.199999999676, "dt_walking_dead": 1763.5499999992871, "N_RNAP": 41, "N_Ribo": 4, "N_ATP": 1000, "seed": 25}