{"t_death": 3987.899999999362, "death_mode": "ribo_collapse", "pnr_type": "ribo_depletion", "t_pnr": 2362.500000000019, "dt_walking_dead": 1625.399999999343, "N_RNAP": 41, "N_Ribo": 4, "N_ATP": 1000, "seed": 97}