{"t_death": 4166.99999999929, "death_mode": "ribo_collapse", "pnr_type": "ribo_depletion", "t_pnr": 4026.5999999993464, "dt_walking_dead": 140.39999999994325, "N_RNAP": 41, "N_Ribo": 17, "N_ATP": 1000, "seed": 48}