{"t_death": 2353.050000000023, "death_mode": "ribo_collapse", "pnr_type": "ribo_depletion", "t_pnr": 1584.9000000000992, "dt_walking_dead": 768.1499999999237, "N_RNAP": 2, "N_Ribo": 7, "N_ATP": 1000, "seed": 95}