{"t_death": 3684.149999999485, "death_mode": "ribo_collapse", "pnr_type": "ribo_depletion", "t_pnr": 2306.250000000042, "dt_walking_dead": 1377.899999999443, "N_RNAP": 41, "N_Ribo": 4, "N_ATP": 1000, "seed": 35}