{"t_death": 1098.90000000005, "death_mode": "ribo_collapse", "pnr_type": "ribo_depletion", "t_pnr": 907.6500000000309, "dt_walking_dead": 191.2500000000192, "N_RNAP": 11, "N_Ribo": 3, "N_ATP": 1000, "seed": 59}