{"t_death": 4299.299999999236, "death_mode": "ribo_collapse", "pnr_type": "ribo_depletion", "t_pnr": 2545.1999999999452, "dt_walking_dead": 1754.099999999291, "N_RNAP": 41, "N_Ribo": 3, "N_ATP": 1000, "seed": 28}