{"t_death": 5169.149999998885, "death_mode": "ribo_collapse", "pnr_type": "ribo_depletion", "t_pnr": 4339.34999999922, "dt_walking_dead": 829.7999999996646, "N_RNAP": 64, "N_Ribo": 41, "N_ATP": 1000, "seed": 69}