{"t_death": 8035.649999997726, "death_mode": "ribo_collapse", "pnr_type": "ribo_depletion", "t_pnr": 7329.1499999980115, "dt_walking_dead": 706.4999999997144, "N_RNAP": 7, "N_Ribo": 100, "N_ATP": 1000, "seed": 63}