{"t_death": 1786.9500000001196, "death_mode": "cycle_collapse", "pnr_type": "rnap_deadlock", "t_pnr": 1354.500000000076, "dt_walking_dead": 432.4500000000437, "N_RNAP": 2, "N_Ribo": 17, "N_ATP": 1000, "seed": 0}