{"t_death": 2770.649999999854, "death_mode": "cycle_collapse", "pnr_type": "rnap_deadlock", "t_pnr": 2597.399999999924, "dt_walking_dead": 173.24999999992997, "N_RNAP": 2, "N_Ribo": 41, "N_ATP": 1000, "seed": 37}