{"t_death": 2460.5999999999794, "death_mode": "cycle_collapse", "pnr_type": "rnap_deadlock", "t_pnr": 2394.450000000006, "dt_walking_dead": 66.14999999997326, "N_RNAP": 7, "N_Ribo": 64, "N_ATP": 1000, "seed": 83}