{"t_death": 2983.0499999997683, "death_mode": "cycle_collapse", "pnr_type": "rnap_deadlock", "t_pnr": 2978.99999999977, "dt_walking_dead": 4.049999999998363, "N_RNAP": 4, "N_Ribo": 3, "N_ATP": 1000, "seed": 80}