{"t_death": 4771.349999999045, "death_mode": "ribo_collapse", "pnr_type": "ribo_depletion", "t_pnr": 2562.749999999938, "dt_walking_dead": 2208.5999999991072, "N_RNAP": 27, "N_Ribo": 2, "N_ATP": 1000, "seed": 69}