{"t_death": 3371.3999999996113, "death_mode": "ribo_collapse", "pnr_type": "ribo_depletion", "t_pnr": 467.549999999992, "dt_walking_dead": 2903.8499999996193, "N_RNAP": 17, "N_Ribo": 2, "N_ATP": 1000, "seed": 90}