{"t_death": 2104.6500000001233, "death_mode": "ribo_collapse", "pnr_type": "ribo_depletion", "t_pnr": 1653.3000000001061, "dt_walking_dead": 451.3500000000172, "N_RNAP": 4, "N_Ribo": 4, "N_ATP": 1000, "seed": 8}