{"t_death": 6533.999999998333, "death_mode": "ribo_collapse", "pnr_type": "ribo_depletion", "t_pnr": 4369.949999999208, "dt_walking_dead": 2164.0499999991252, "N_RNAP": 64, "N_Ribo": 27, "N_ATP": 1000, "seed": 10}