{"t_death": 5595.299999998712, "death_mode": "ribo_collapse", "pnr_type": "ribo_depletion", "t_pnr": 1566.9000000000974, "dt_walking_dead": 4028.399999998615, "N_RNAP": 64, "N_Ribo": 3, "N_ATP": 1000, "seed": 45}