{"t_death": 1822.0500000001232, "death_mode": "cycle_collapse", "pnr_type": "rnap_deadlock", "t_pnr": 1819.800000000123, "dt_walking_dead": 2.2500000000002274, "N_RNAP": 4, "N_Ribo": 7, "N_ATP": 1000, "seed": 12}