{"t_death": 4211.9999999992715, "death_mode": "ribo_collapse", "pnr_type": "ribo_depletion", "t_pnr": 1540.3500000000947, "dt_walking_dead": 2671.6499999991765, "N_RNAP": 27, "N_Ribo": 4, "N_ATP": 1000, "seed": 43}