{"t_death": 4739.399999999058, "death_mode": "cycle_collapse", "pnr_type": "rnap_deadlock", "t_pnr": 4502.699999999154, "dt_walking_dead": 236.69999999990432, "N_RNAP": 4, "N_Ribo": 100, "N_ATP": 1000, "seed": 42}