{"t_death": 1435.050000000084, "death_mode": "ribo_collapse", "pnr_type": "ribo_depletion", "t_pnr": 1136.250000000054, "dt_walking_dead": 298.8000000000302, "N_RNAP": 2, "N_Ribo": 4, "N_ATP": 1000, "seed": 49}