{"t_death": 3836.2499999994234, "death_mode": "ribo_collapse", "pnr_type": "ribo_depletion", "t_pnr": 3275.09999999965, "dt_walking_dead": 561.1499999997732, "N_RNAP": 64, "N_Ribo": 17, "N_ATP": 1000, "seed": 62}