{"t_death": 2716.649999999876, "death_mode": "ribo_collapse", "pnr_type": "ribo_depletion", "t_pnr": 1536.3000000000943, "dt_walking_dead": 1180.3499999997816, "N_RNAP": 11, "N_Ribo": 7, "N_ATP": 1000, "seed": 5}