{"t_death": 2354.850000000022, "death_mode": "ribo_collapse", "pnr_type": "ribo_depletion", "t_pnr": 2341.8000000000275, "dt_walking_dead": 13.049999999994725, "N_RNAP": 4, "N_Ribo": 17, "N_ATP": 1000, "seed": 49}