{"t_death": 3523.49999999955, "death_mode": "ribo_collapse", "pnr_type": "ribo_depletion", "t_pnr": 3174.7499999996908, "dt_walking_dead": 348.749999999859, "N_RNAP": 3, "N_Ribo": 11, "N_ATP": 1000, "seed": 36}