{"t_death": 5296.049999998833, "death_mode": "cycle_collapse", "pnr_type": "rnap_deadlock", "t_pnr": 5283.449999998838, "dt_walking_dead": 12.599999999994907, "N_RNAP": 17, "N_Ribo": 41, "N_ATP": 1000, "seed": 88}