{"t_death": 4135.949999999302, "death_mode": "ribo_collapse", "pnr_type": "ribo_depletion", "t_pnr": 1489.5000000000896, "dt_walking_dead": 2646.4499999992127, "N_RNAP": 11, "N_Ribo": 17, "N_ATP": 1000, "seed": 45}