{"t_death": 2500.6499999999633, "death_mode": "cycle_collapse", "pnr_type": "rnap_deadlock", "t_pnr": 2419.199999999996, "dt_walking_dead": 81.44999999996708, "N_RNAP": 7, "N_Ribo": 41, "N_ATP": 1000, "seed": 64}