{"t_death": 2884.949999999808, "death_mode": "cycle_collapse", "pnr_type": "rnap_deadlock", "t_pnr": 2796.7499999998436, "dt_walking_dead": 88.19999999996435, "N_RNAP": 27, "N_Ribo": 41, "N_ATP": 1000, "seed": 21}