{"t_death": 4432.049999999183, "death_mode": "ribo_collapse", "pnr_type": "ribo_depletion", "t_pnr": 2073.150000000136, "dt_walking_dead": 2358.8999999990465, "N_RNAP": 7, "N_Ribo": 27, "N_ATP": 1000, "seed": 46}