{"t_death": 4230.899999999264, "death_mode": "ribo_collapse", "pnr_type": "ribo_depletion", "t_pnr": 1089.4500000000492, "dt_walking_dead": 3141.449999999215, "N_RNAP": 100, "N_Ribo": 3, "N_ATP": 1000, "seed": 70}