{"t_death": 670.5000000000069, "death_mode": "cycle_collapse", "pnr_type": "rnap_deadlock", "t_pnr": 593.5499999999992, "dt_walking_dead": 76.95000000000778, "N_RNAP": 2, "N_Ribo": 27, "N_ATP": 1000, "seed": 96}