{"t_death": 3600.4499999995187, "death_mode": "ribo_collapse", "pnr_type": "ribo_depletion", "t_pnr": 1843.6500000001254, "dt_walking_dead": 1756.7999999993933, "N_RNAP": 17, "N_Ribo": 2, "N_ATP": 1000, "seed": 77}