{"t_death": 4712.849999999069, "death_mode": "ribo_collapse", "pnr_type": "ribo_depletion", "t_pnr": 1924.2000000001335, "dt_walking_dead": 2788.6499999989355, "N_RNAP": 3, "N_Ribo": 7, "N_ATP": 1000, "seed": 92}