{"t_death": 1991.2500000001403, "death_mode": "ribo_collapse", "pnr_type": "ribo_depletion", "t_pnr": 1046.2500000000448, "dt_walking_dead": 945.0000000000955, "N_RNAP": 2, "N_Ribo": 2, "N_ATP": 1000, "seed": 15}