{"t_death": 7391.699999997986, "death_mode": "ribo_collapse", "pnr_type": "ribo_depletion", "t_pnr": 7010.54999999814, "dt_walking_dead": 381.14999999984593, "N_RNAP": 41, "N_Ribo": 17, "N_ATP": 1000, "seed": 34}