{"t_death": 4887.899999998998, "death_mode": "cycle_collapse", "pnr_type": "rnap_deadlock", "t_pnr": 4883.399999999, "dt_walking_dead": 4.499999999998181, "N_RNAP": 41, "N_Ribo": 64, "N_ATP": 1000, "seed": 7}