{"t_death": 1187.100000000059, "death_mode": "cycle_collapse", "pnr_type": "rnap_deadlock", "t_pnr": 1139.4000000000542, "dt_walking_dead": 47.70000000000482, "N_RNAP": 3, "N_Ribo": 3, "N_ATP": 1000, "seed": 27}