{"t_death": 3918.59999999939, "death_mode": "cycle_collapse", "pnr_type": "rnap_deadlock", "t_pnr": 3793.9499999994405, "dt_walking_dead": 124.64999999994961, "N_RNAP": 64, "N_Ribo": 11, "N_ATP": 1000, "seed": 27}