{"t_death": 1354.500000000076, "death_mode": "cycle_collapse", "pnr_type": "rnap_deadlock", "t_pnr": 1305.000000000071, "dt_walking_dead": 49.500000000005, "N_RNAP": 3, "N_Ribo": 2, "N_ATP": 1000, "seed": 85}