{"t_death": 4015.799999999351, "death_mode": "ribo_collapse", "pnr_type": "ribo_depletion", "t_pnr": 1745.5500000001155, "dt_walking_dead": 2270.249999999235, "N_RNAP": 17, "N_Ribo": 2, "N_ATP": 1000, "seed": 40}