{"t_death": 2656.3499999999003, "death_mode": "ribo_collapse", "pnr_type": "ribo_depletion", "t_pnr": 1558.3500000000965, "dt_walking_dead": 1097.9999999998038, "N_RNAP": 4, "N_Ribo": 4, "N_ATP": 1000, "seed": 95}