{"t_death": 2919.149999999794, "death_mode": "ribo_collapse", "pnr_type": "ribo_depletion", "t_pnr": 2524.4999999999536, "dt_walking_dead": 394.6499999998405, "N_RNAP": 7, "N_Ribo": 11, "N_ATP": 1000, "seed": 8}