{"t_death": 2992.0499999997646, "death_mode": "cycle_collapse", "pnr_type": "rnap_deadlock", "t_pnr": 2650.9499999999025, "dt_walking_dead": 341.0999999998621, "N_RNAP": 2, "N_Ribo": 41, "N_ATP": 1000, "seed": 17}