{"t_death": 3721.04999999947, "death_mode": "ribo_collapse", "pnr_type": "ribo_depletion", "t_pnr": 1191.1500000000594, "dt_walking_dead": 2529.8999999994103, "N_RNAP": 3, "N_Ribo": 3, "N_ATP": 1000, "seed": 7}