{"t_death": 1306.8000000000711, "death_mode": "ribo_collapse", "pnr_type": "ribo_depletion", "t_pnr": 1082.2500000000484, "dt_walking_dead": 224.5500000000227, "N_RNAP": 2, "N_Ribo": 7, "N_ATP": 1000, "seed": 64}