{"t_death": 5561.549999998726, "death_mode": "ribo_collapse", "pnr_type": "ribo_depletion", "t_pnr": 3513.599999999554, "dt_walking_dead": 2047.9499999991722, "N_RNAP": 41, "N_Ribo": 27, "N_ATP": 1000, "seed": 7}