{"t_death": 1740.150000000115, "death_mode": "cycle_collapse", "pnr_type": "rnap_deadlock", "t_pnr": 1482.3000000000889, "dt_walking_dead": 257.85000000002606, "N_RNAP": 3, "N_Ribo": 4, "N_ATP": 1000, "seed": 89}