{"t_death": 2828.6999999998307, "death_mode": "ribo_collapse", "pnr_type": "ribo_depletion", "t_pnr": 1723.0500000001132, "dt_walking_dead": 1105.6499999997175, "N_RNAP": 27, "N_Ribo": 2, "N_ATP": 1000, "seed": 38}