{"t_death": 2573.549999999934, "death_mode": "ribo_collapse", "pnr_type": "ribo_depletion", "t_pnr": 1336.5000000000741, "dt_walking_dead": 1237.0499999998597, "N_RNAP": 4, "N_Ribo": 4, "N_ATP": 1000, "seed": 24}