{"t_death": 4243.949999999259, "death_mode": "ribo_collapse", "pnr_type": "ribo_depletion", "t_pnr": 2865.149999999816, "dt_walking_dead": 1378.7999999994427, "N_RNAP": 11, "N_Ribo": 7, "N_ATP": 1000, "seed": 56}