{"t_death": 2940.7499999997854, "death_mode": "ribo_collapse", "pnr_type": "ribo_depletion", "t_pnr": 2389.0500000000084, "dt_walking_dead": 551.699999999777, "N_RNAP": 7, "N_Ribo": 4, "N_ATP": 1000, "seed": 98}