{"t_death": 5820.749999998621, "death_mode": "ribo_collapse", "pnr_type": "ribo_depletion", "t_pnr": 1269.9000000000674, "dt_walking_dead": 4550.849999998554, "N_RNAP": 11, "N_Ribo": 3, "N_ATP": 1000, "seed": 93}