{"t_death": 971.5500000000374, "death_mode": "cycle_collapse", "pnr_type": "rnap_deadlock", "t_pnr": 948.600000000035, "dt_walking_dead": 22.95000000000232, "N_RNAP": 2, "N_Ribo": 64, "N_ATP": 1000, "seed": 34}