{"t_death": 5842.3499999986125, "death_mode": "ribo_collapse", "pnr_type": "ribo_depletion", "t_pnr": 1317.1500000000722, "dt_walking_dead": 4525.19999999854, "N_RNAP": 64, "N_Ribo": 2, "N_ATP": 1000, "seed": 12}