{"t_death": 4940.999999998977, "death_mode": "ribo_collapse", "pnr_type": "ribo_depletion", "t_pnr": 2386.3500000000095, "dt_walking_dead": 2554.6499999989674, "N_RNAP": 100, "N_Ribo": 4, "N_ATP": 1000, "seed": 69}