{"t_death": 4808.69999999903, "death_mode": "ribo_collapse", "pnr_type": "ribo_depletion", "t_pnr": 1044.9000000000447, "dt_walking_dead": 3763.7999999989856, "N_RNAP": 27, "N_Ribo": 2, "N_ATP": 1000, "seed": 52}