{"t_death": 2675.2499999998927, "death_mode": "ribo_collapse", "pnr_type": "ribo_depletion", "t_pnr": 1443.150000000085, "dt_walking_dead": 1232.0999999998078, "N_RNAP": 3, "N_Ribo": 7, "N_ATP": 1000, "seed": 6}