{"t_death": 4140.4499999993, "death_mode": "ribo_collapse", "pnr_type": "ribo_depletion", "t_pnr": 550.7999999999948, "dt_walking_dead": 3589.6499999993057, "N_RNAP": 41, "N_Ribo": 2, "N_ATP": 1000, "seed": 69}