{"t_death": 3281.8499999996475, "death_mode": "cycle_collapse", "pnr_type": "rnap_deadlock", "t_pnr": 3227.8499999996693, "dt_walking_dead": 53.99999999997817, "N_RNAP": 3, "N_Ribo": 27, "N_ATP": 1000, "seed": 7}