{"t_death": 3478.049999999568, "death_mode": "ribo_collapse", "pnr_type": "ribo_depletion", "t_pnr": 2725.6499999998723, "dt_walking_dead": 752.3999999996959, "N_RNAP": 7, "N_Ribo": 27, "N_ATP": 1000, "seed": 5}