{"t_death": 3240.899999999664, "death_mode": "ribo_collapse", "pnr_type": "ribo_depletion", "t_pnr": 2846.2499999998236, "dt_walking_dead": 394.6499999998405, "N_RNAP": 7, "N_Ribo": 3, "N_ATP": 1000, "seed": 71}