{"t_death": 4859.09999999901, "death_mode": "ribo_collapse", "pnr_type": "ribo_depletion", "t_pnr": 3730.0499999994663, "dt_walking_dead": 1129.0499999995436, "N_RNAP": 7, "N_Ribo": 3, "N_ATP": 1000, "seed": 3}