{"t_death": 3939.2999999993817, "death_mode": "ribo_collapse", "pnr_type": "ribo_depletion", "t_pnr": 3203.999999999679, "dt_walking_dead": 735.2999999997028, "N_RNAP": 27, "N_Ribo": 7, "N_ATP": 1000, "seed": 94}