{"t_death": 4860.449999999009, "death_mode": "ribo_collapse", "pnr_type": "ribo_depletion", "t_pnr": 299.69999999999624, "dt_walking_dead": 4560.749999999013, "N_RNAP": 11, "N_Ribo": 4, "N_ATP": 1000, "seed": 64}