{"t_death": 5255.9999999988495, "death_mode": "ribo_collapse", "pnr_type": "ribo_depletion", "t_pnr": 4616.999999999108, "dt_walking_dead": 638.9999999997417, "N_RNAP": 27, "N_Ribo": 41, "N_ATP": 1000, "seed": 88}