{"t_death": 4628.699999999103, "death_mode": "ribo_collapse", "pnr_type": "ribo_depletion", "t_pnr": 3460.0499999995754, "dt_walking_dead": 1168.6499999995276, "N_RNAP": 7, "N_Ribo": 64, "N_ATP": 1000, "seed": 79}