{"t_death": 2828.6999999998307, "death_mode": "ribo_collapse", "pnr_type": "ribo_depletion", "t_pnr": 2549.2499999999436, "dt_walking_dead": 279.44999999988704, "N_RNAP": 27, "N_Ribo": 17, "N_ATP": 1000, "seed": 55}