{"t_death": 472.94999999999186, "death_mode": "cycle_collapse", "pnr_type": "rnap_deadlock", "t_pnr": 461.69999999999214, "dt_walking_dead": 11.249999999999716, "N_RNAP": 2, "N_Ribo": 7, "N_ATP": 1000, "seed": 30}