{"t_death": 5193.449999998875, "death_mode": "ribo_collapse", "pnr_type": "ribo_depletion", "t_pnr": 1613.250000000102, "dt_walking_dead": 3580.199999998773, "N_RNAP": 4, "N_Ribo": 7, "N_ATP": 1000, "seed": 92}