{"t_death": 4096.799999999318, "death_mode": "atp_depletion", "pnr_type": "ribo_depletion", "t_pnr": 2717.9999999998754, "dt_walking_dead": 1378.7999999994427, "N_RNAP": 100, "N_Ribo": 7, "N_ATP": 1000, "seed": 1}