{"t_death": 5297.399999998833, "death_mode": "ribo_collapse", "pnr_type": "ribo_depletion", "t_pnr": 3332.699999999627, "dt_walking_dead": 1964.6999999992058, "N_RNAP": 27, "N_Ribo": 17, "N_ATP": 1000, "seed": 82}