{"t_death": 4064.399999999331, "death_mode": "cycle_collapse", "pnr_type": "rnap_deadlock", "t_pnr": 4032.899999999344, "dt_walking_dead": 31.499999999987267, "N_RNAP": 27, "N_Ribo": 27, "N_ATP": 1000, "seed": 40}