{"t_death": 6370.199999998399, "death_mode": "ribo_collapse", "pnr_type": "ribo_depletion", "t_pnr": 2720.2499999998745, "dt_walking_dead": 3649.9499999985246, "N_RNAP": 27, "N_Ribo": 17, "N_ATP": 1000, "seed": 49}