{"t_death": 5480.9999999987585, "death_mode": "ribo_collapse", "pnr_type": "ribo_depletion", "t_pnr": 2462.8499999999785, "dt_walking_dead": 3018.14999999878, "N_RNAP": 100, "N_Ribo": 7, "N_ATP": 1000, "seed": 4}