{"t_death": 3581.5499999995263, "death_mode": "ribo_collapse", "pnr_type": "ribo_depletion", "t_pnr": 2678.3999999998914, "dt_walking_dead": 903.1499999996349, "N_RNAP": 7, "N_Ribo": 17, "N_ATP": 1000, "seed": 75}