{"t_death": 1709.1000000001118, "death_mode": "cycle_collapse", "pnr_type": "rnap_deadlock", "t_pnr": 1529.5500000000936, "dt_walking_dead": 179.55000000001814, "N_RNAP": 2, "N_Ribo": 17, "N_ATP": 1000, "seed": 72}