{"t_death": 2734.199999999869, "death_mode": "ribo_collapse", "pnr_type": "ribo_depletion", "t_pnr": 1505.2500000000912, "dt_walking_dead": 1228.9499999997777, "N_RNAP": 3, "N_Ribo": 3, "N_ATP": 1000, "seed": 56}