{"t_death": 4656.149999999092, "death_mode": "ribo_collapse", "pnr_type": "ribo_depletion", "t_pnr": 2500.6499999999633, "dt_walking_dead": 2155.4999999991287, "N_RNAP": 41, "N_Ribo": 7, "N_ATP": 1000, "seed": 84}