{"t_death": 2040.3000000001452, "death_mode": "ribo_collapse", "pnr_type": "ribo_depletion", "t_pnr": 1720.350000000113, "dt_walking_dead": 319.95000000003233, "N_RNAP": 2, "N_Ribo": 4, "N_ATP": 1000, "seed": 47}