{"t_death": 2502.8999999999623, "death_mode": "ribo_collapse", "pnr_type": "ribo_depletion", "t_pnr": 235.34999999999786, "dt_walking_dead": 2267.5499999999647, "N_RNAP": 11, "N_Ribo": 2, "N_ATP": 1000, "seed": 27}