{"t_death": 2600.9999999999227, "death_mode": "cycle_collapse", "pnr_type": "rnap_deadlock", "t_pnr": 2524.049999999954, "dt_walking_dead": 76.9499999999689, "N_RNAP": 7, "N_Ribo": 27, "N_ATP": 1000, "seed": 40}