{"t_death": 3316.0499999996337, "death_mode": "ribo_collapse", "pnr_type": "ribo_depletion", "t_pnr": 534.1499999999932, "dt_walking_dead": 2781.8999999996404, "N_RNAP": 27, "N_Ribo": 2, "N_ATP": 1000, "seed": 0}