{"t_death": 6621.749999998297, "death_mode": "ribo_collapse", "pnr_type": "ribo_depletion", "t_pnr": 5149.349999998893, "dt_walking_dead": 1472.3999999994048, "N_RNAP": 27, "N_Ribo": 64, "N_ATP": 1000, "seed": 56}