{"t_death": 4803.2999999990325, "death_mode": "ribo_collapse", "pnr_type": "ribo_depletion", "t_pnr": 4128.749999999305, "dt_walking_dead": 674.5499999997273, "N_RNAP": 41, "N_Ribo": 7, "N_ATP": 1000, "seed": 7}