{"t_death": 3512.2499999995543, "death_mode": "ribo_collapse", "pnr_type": "ribo_depletion", "t_pnr": 2673.4499999998934, "dt_walking_dead": 838.7999999996609, "N_RNAP": 64, "N_Ribo": 2, "N_ATP": 1000, "seed": 72}