{"t_death": 4050.8999999993366, "death_mode": "ribo_collapse", "pnr_type": "ribo_depletion", "t_pnr": 1624.5000000001032, "dt_walking_dead": 2426.3999999992334, "N_RNAP": 100, "N_Ribo": 3, "N_ATP": 1000, "seed": 31}