{"t_death": 4216.49999999927, "death_mode": "cycle_collapse", "pnr_type": "rnap_deadlock", "t_pnr": 4213.799999999271, "dt_walking_dead": 2.6999999999989086, "N_RNAP": 100, "N_Ribo": 11, "N_ATP": 1000, "seed": 20}