{"t_death": 4972.049999998964, "death_mode": "ribo_collapse", "pnr_type": "ribo_depletion", "t_pnr": 4612.49999999911, "dt_walking_dead": 359.54999999985466, "N_RNAP": 17, "N_Ribo": 64, "N_ATP": 1000, "seed": 33}