{"t_death": 5165.549999998886, "death_mode": "ribo_collapse", "pnr_type": "ribo_depletion", "t_pnr": 4178.699999999285, "dt_walking_dead": 986.8499999996011, "N_RNAP": 11, "N_Ribo": 100, "N_ATP": 1000, "seed": 9}