{"t_death": 6518.699999998339, "death_mode": "ribo_collapse", "pnr_type": "ribo_depletion", "t_pnr": 2555.999999999941, "dt_walking_dead": 3962.699999998398, "N_RNAP": 41, "N_Ribo": 4, "N_ATP": 1000, "seed": 17}