{"t_death": 4283.099999999243, "death_mode": "ribo_collapse", "pnr_type": "ribo_depletion", "t_pnr": 932.4000000000334, "dt_walking_dead": 3350.6999999992095, "N_RNAP": 2, "N_Ribo": 2, "N_ATP": 1000, "seed": 63}