{"t_death": 5075.999999998922, "death_mode": "ribo_collapse", "pnr_type": "ribo_depletion", "t_pnr": 4586.39999999912, "dt_walking_dead": 489.5999999998021, "N_RNAP": 41, "N_Ribo": 27, "N_ATP": 1000, "seed": 29}