{"t_death": 7169.399999998076, "death_mode": "ribo_collapse", "pnr_type": "ribo_depletion", "t_pnr": 4946.849999998974, "dt_walking_dead": 2222.5499999991016, "N_RNAP": 100, "N_Ribo": 17, "N_ATP": 1000, "seed": 81}