{"t_death": 4214.69999999927, "death_mode": "ribo_collapse", "pnr_type": "ribo_depletion", "t_pnr": 1488.6000000000895, "dt_walking_dead": 2726.099999999181, "N_RNAP": 100, "N_Ribo": 4, "N_ATP": 1000, "seed": 7}