{"t_death": 4180.949999999284, "death_mode": "ribo_collapse", "pnr_type": "ribo_depletion", "t_pnr": 4083.2999999993235, "dt_walking_dead": 97.64999999996053, "N_RNAP": 27, "N_Ribo": 41, "N_ATP": 1000, "seed": 74}