{"t_death": 2757.1499999998596, "death_mode": "ribo_collapse", "pnr_type": "ribo_depletion", "t_pnr": 589.9499999999988, "dt_walking_dead": 2167.1999999998607, "N_RNAP": 2, "N_Ribo": 4, "N_ATP": 1000, "seed": 60}