{"t_death": 3763.349999999453, "death_mode": "cycle_collapse", "pnr_type": "rnap_deadlock", "t_pnr": 3697.6499999994794, "dt_walking_dead": 65.69999999997344, "N_RNAP": 27, "N_Ribo": 3, "N_ATP": 1000, "seed": 90}