{"t_death": 1500.7500000000907, "death_mode": "ribo_collapse", "pnr_type": "ribo_depletion", "t_pnr": 681.7500000000081, "dt_walking_dead": 819.0000000000827, "N_RNAP": 11, "N_Ribo": 2, "N_ATP": 1000, "seed": 23}