{"t_death": 5147.0999999988935, "death_mode": "ribo_collapse", "pnr_type": "ribo_depletion", "t_pnr": 763.2000000000163, "dt_walking_dead": 4383.899999998877, "N_RNAP": 64, "N_Ribo": 4, "N_ATP": 1000, "seed": 29}