{"t_death": 4296.599999999237, "death_mode": "ribo_collapse", "pnr_type": "ribo_depletion", "t_pnr": 1719.0000000001128, "dt_walking_dead": 2577.5999999991245, "N_RNAP": 64, "N_Ribo": 2, "N_ATP": 1000, "seed": 17}