{"t_death": 4745.249999999056, "death_mode": "ribo_collapse", "pnr_type": "ribo_depletion", "t_pnr": 3815.099999999432, "dt_walking_dead": 930.149999999624, "N_RNAP": 17, "N_Ribo": 4, "N_ATP": 1000, "seed": 57}