{"t_death": 950.4000000000352, "death_mode": "cycle_collapse", "pnr_type": "rnap_deadlock", "t_pnr": 726.3000000000126, "dt_walking_dead": 224.10000000002265, "N_RNAP": 4, "N_Ribo": 11, "N_ATP": 1000, "seed": 22}