{"t_death": 3759.2999999994545, "death_mode": "ribo_collapse", "pnr_type": "ribo_depletion", "t_pnr": 3225.59999999967, "dt_walking_dead": 533.6999999997843, "N_RNAP": 7, "N_Ribo": 64, "N_ATP": 1000, "seed": 48}