{"t_death": 6461.099999998362, "death_mode": "ribo_collapse", "pnr_type": "ribo_depletion", "t_pnr": 2043.9000000001456, "dt_walking_dead": 4417.199999998216, "N_RNAP": 100, "N_Ribo": 4, "N_ATP": 1000, "seed": 28}