{"t_death": 3910.0499999993935, "death_mode": "cycle_collapse", "pnr_type": "rnap_deadlock", "t_pnr": 3910.0499999993935, "dt_walking_dead": 0.0, "N_RNAP": 4, "N_Ribo": 100, "N_ATP": 1000, "seed": 25}