{"t_death": 3618.4499999995114, "death_mode": "ribo_collapse", "pnr_type": "ribo_depletion", "t_pnr": 3040.199999999745, "dt_walking_dead": 578.2499999997663, "N_RNAP": 64, "N_Ribo": 4, "N_ATP": 1000, "seed": 80}