{"t_death": 2429.549999999992, "death_mode": "cycle_collapse", "pnr_type": "rnap_deadlock", "t_pnr": 2260.80000000006, "dt_walking_dead": 168.7499999999318, "N_RNAP": 3, "N_Ribo": 7, "N_ATP": 1000, "seed": 10}