{"t_death": 266.3999999999971, "death_mode": "cycle_collapse", "pnr_type": "rnap_deadlock", "t_pnr": 238.94999999999777, "dt_walking_dead": 27.449999999999307, "N_RNAP": 3, "N_Ribo": 11, "N_ATP": 1000, "seed": 58}