{"t_death": 5561.549999998726, "death_mode": "ribo_collapse", "pnr_type": "ribo_depletion", "t_pnr": 5166.8999999988855, "dt_walking_dead": 394.6499999998405, "N_RNAP": 4, "N_Ribo": 100, "N_ATP": 1000, "seed": 96}