{"t_death": 4778.5499999990425, "death_mode": "ribo_collapse", "pnr_type": "ribo_depletion", "t_pnr": 188.09999999999906, "dt_walking_dead": 4590.449999999043, "N_RNAP": 64, "N_Ribo": 3, "N_ATP": 1000, "seed": 62}