{"t_death": 2054.2500000001437, "death_mode": "cycle_collapse", "pnr_type": "rnap_deadlock", "t_pnr": 1946.2500000001357, "dt_walking_dead": 108.00000000000796, "N_RNAP": 7, "N_Ribo": 64, "N_ATP": 1000, "seed": 71}