{"t_death": 2908.3499999997985, "death_mode": "ribo_collapse", "pnr_type": "ribo_depletion", "t_pnr": 2481.299999999971, "dt_walking_dead": 427.0499999998274, "N_RNAP": 27, "N_Ribo": 4, "N_ATP": 1000, "seed": 72}