{"t_death": 5146.649999998894, "death_mode": "ribo_collapse", "pnr_type": "ribo_depletion", "t_pnr": 1045.3500000000447, "dt_walking_dead": 4101.299999998849, "N_RNAP": 17, "N_Ribo": 3, "N_ATP": 1000, "seed": 1}