{"t_death": 2286.00000000005, "death_mode": "ribo_collapse", "pnr_type": "ribo_depletion", "t_pnr": 1569.6000000000977, "dt_walking_dead": 716.3999999999523, "N_RNAP": 11, "N_Ribo": 2, "N_ATP": 1000, "seed": 69}