{"t_death": 2780.99999999985, "death_mode": "ribo_collapse", "pnr_type": "ribo_depletion", "t_pnr": 2340.900000000028, "dt_walking_dead": 440.0999999998221, "N_RNAP": 17, "N_Ribo": 7, "N_ATP": 1000, "seed": 98}