{"t_death": 2414.249999999998, "death_mode": "ribo_collapse", "pnr_type": "ribo_depletion", "t_pnr": 2084.8500000001313, "dt_walking_dead": 329.39999999986685, "N_RNAP": 4, "N_Ribo": 3, "N_ATP": 1000, "seed": 19}