{"t_death": 2463.2999999999784, "death_mode": "cycle_collapse", "pnr_type": "rnap_deadlock", "t_pnr": 2302.6500000000433, "dt_walking_dead": 160.64999999993506, "N_RNAP": 7, "N_Ribo": 17, "N_ATP": 1000, "seed": 18}