{"t_death": 6039.449999998533, "death_mode": "ribo_collapse", "pnr_type": "ribo_depletion", "t_pnr": 1807.2000000001217, "dt_walking_dead": 4232.249999998411, "N_RNAP": 3, "N_Ribo": 17, "N_ATP": 1000, "seed": 84}