{"t_death": 1689.3000000001098, "death_mode": "cycle_collapse", "pnr_type": "rnap_deadlock", "t_pnr": 1288.3500000000693, "dt_walking_dead": 400.9500000000405, "N_RNAP": 3, "N_Ribo": 100, "N_ATP": 1000, "seed": 78}