{"t_death": 4825.349999999024, "death_mode": "ribo_collapse", "pnr_type": "ribo_depletion", "t_pnr": 4186.349999999282, "dt_walking_dead": 638.9999999997417, "N_RNAP": 41, "N_Ribo": 7, "N_ATP": 1000, "seed": 68}