{"t_death": 2540.699999999947, "death_mode": "ribo_collapse", "pnr_type": "ribo_depletion", "t_pnr": 1298.7000000000703, "dt_walking_dead": 1241.9999999998768, "N_RNAP": 4, "N_Ribo": 3, "N_ATP": 1000, "seed": 35}