{"t_death": 1856.7000000001267, "death_mode": "cycle_collapse", "pnr_type": "rnap_deadlock", "t_pnr": 1718.1000000001127, "dt_walking_dead": 138.600000000014, "N_RNAP": 4, "N_Ribo": 11, "N_ATP": 1000, "seed": 24}