{"t_death": 6165.449999998482, "death_mode": "ribo_collapse", "pnr_type": "ribo_depletion", "t_pnr": 1151.1000000000554, "dt_walking_dead": 5014.349999998427, "N_RNAP": 41, "N_Ribo": 11, "N_ATP": 1000, "seed": 37}