{"t_death": 5366.249999998805, "death_mode": "ribo_collapse", "pnr_type": "ribo_depletion", "t_pnr": 3560.8499999995347, "dt_walking_dead": 1805.3999999992702, "N_RNAP": 41, "N_Ribo": 11, "N_ATP": 1000, "seed": 90}