{"t_death": 5512.049999998746, "death_mode": "ribo_collapse", "pnr_type": "ribo_depletion", "t_pnr": 3433.949999999586, "dt_walking_dead": 2078.09999999916, "N_RNAP": 64, "N_Ribo": 17, "N_ATP": 1000, "seed": 87}