{"t_death": 4822.199999999025, "death_mode": "ribo_collapse", "pnr_type": "ribo_depletion", "t_pnr": 4517.549999999148, "dt_walking_dead": 304.64999999987685, "N_RNAP": 11, "N_Ribo": 100, "N_ATP": 1000, "seed": 13}