{"t_death": 5014.349999998947, "death_mode": "ribo_collapse", "pnr_type": "ribo_depletion", "t_pnr": 4056.2999999993344, "dt_walking_dead": 958.0499999996127, "N_RNAP": 100, "N_Ribo": 11, "N_ATP": 1000, "seed": 95}