{"t_death": 6567.299999998319, "death_mode": "ribo_collapse", "pnr_type": "ribo_depletion", "t_pnr": 4643.549999999097, "dt_walking_dead": 1923.7499999992224, "N_RNAP": 4, "N_Ribo": 64, "N_ATP": 1000, "seed": 60}