{"t_death": 2572.649999999934, "death_mode": "ribo_collapse", "pnr_type": "ribo_depletion", "t_pnr": 1028.700000000043, "dt_walking_dead": 1543.9499999998911, "N_RNAP": 11, "N_Ribo": 4, "N_ATP": 1000, "seed": 94}