{"t_death": 8657.099999998414, "death_mode": "ribo_collapse", "pnr_type": "ribo_depletion", "t_pnr": 2072.7000000001362, "dt_walking_dead": 6584.399999998278, "N_RNAP": 27, "N_Ribo": 2, "N_ATP": 1000, "seed": 92}