{"t_death": 6067.3499999985215, "death_mode": "ribo_collapse", "pnr_type": "ribo_depletion", "t_pnr": 414.8999999999933, "dt_walking_dead": 5652.449999998528, "N_RNAP": 100, "N_Ribo": 3, "N_ATP": 1000, "seed": 56}