{"t_death": 3368.2499999996126, "death_mode": "ribo_collapse", "pnr_type": "ribo_depletion", "t_pnr": 3335.8499999996257, "dt_walking_dead": 32.3999999999869, "N_RNAP": 17, "N_Ribo": 27, "N_ATP": 1000, "seed": 15}