{"t_death": 3973.049999999368, "death_mode": "ribo_collapse", "pnr_type": "ribo_depletion", "t_pnr": 2617.199999999916, "dt_walking_dead": 1355.849999999452, "N_RNAP": 7, "N_Ribo": 3, "N_ATP": 1000, "seed": 10}