{"t_death": 7144.649999998086, "death_mode": "ribo_collapse", "pnr_type": "ribo_depletion", "t_pnr": 810.000000000021, "dt_walking_dead": 6334.649999998065, "N_RNAP": 17, "N_Ribo": 2, "N_ATP": 1000, "seed": 50}