{"t_death": 4616.099999999108, "death_mode": "ribo_collapse", "pnr_type": "ribo_depletion", "t_pnr": 781.6500000000182, "dt_walking_dead": 3834.44999999909, "N_RNAP": 27, "N_Ribo": 3, "N_ATP": 1000, "seed": 5}