{"t_death": 2068.200000000138, "death_mode": "ribo_collapse", "pnr_type": "ribo_depletion", "t_pnr": 198.89999999999878, "dt_walking_dead": 1869.3000000001393, "N_RNAP": 4, "N_Ribo": 2, "N_ATP": 1000, "seed": 91}