{"t_death": 5300.5499999988315, "death_mode": "ribo_collapse", "pnr_type": "ribo_depletion", "t_pnr": 4995.449999998955, "dt_walking_dead": 305.0999999998767, "N_RNAP": 64, "N_Ribo": 41, "N_ATP": 1000, "seed": 46}