{"t_death": 3850.1999999994177, "death_mode": "ribo_collapse", "pnr_type": "ribo_depletion", "t_pnr": 2513.249999999958, "dt_walking_dead": 1336.9499999994596, "N_RNAP": 17, "N_Ribo": 17, "N_ATP": 1000, "seed": 78}