{"t_death": 4871.699999999005, "death_mode": "ribo_collapse", "pnr_type": "ribo_depletion", "t_pnr": 3839.399999999422, "dt_walking_dead": 1032.2999999995827, "N_RNAP": 27, "N_Ribo": 7, "N_ATP": 1000, "seed": 46}