{"t_death": 3282.2999999996473, "death_mode": "ribo_collapse", "pnr_type": "ribo_depletion", "t_pnr": 1488.1500000000894, "dt_walking_dead": 1794.1499999995578, "N_RNAP": 7, "N_Ribo": 11, "N_ATP": 1000, "seed": 34}