{"t_death": 5895.449999998591, "death_mode": "ribo_collapse", "pnr_type": "ribo_depletion", "t_pnr": 5427.89999999878, "dt_walking_dead": 467.549999999811, "N_RNAP": 27, "N_Ribo": 27, "N_ATP": 1000, "seed": 49}