{"t_death": 4622.849999999105, "death_mode": "ribo_collapse", "pnr_type": "ribo_depletion", "t_pnr": 2268.450000000057, "dt_walking_dead": 2354.3999999990483, "N_RNAP": 27, "N_Ribo": 7, "N_ATP": 1000, "seed": 20}