{"t_death": 4654.349999999093, "death_mode": "ribo_collapse", "pnr_type": "ribo_depletion", "t_pnr": 3830.8499999994256, "dt_walking_dead": 823.4999999996671, "N_RNAP": 11, "N_Ribo": 7, "N_ATP": 1000, "seed": 41}