{"t_death": 2121.3000000001166, "death_mode": "cycle_collapse", "pnr_type": "rnap_deadlock", "t_pnr": 1986.7500000001398, "dt_walking_dead": 134.54999999997676, "N_RNAP": 4, "N_Ribo": 64, "N_ATP": 1000, "seed": 40}