{"t_death": 3466.7999999995727, "death_mode": "ribo_collapse", "pnr_type": "ribo_depletion", "t_pnr": 3018.599999999754, "dt_walking_dead": 448.19999999981883, "N_RNAP": 3, "N_Ribo": 11, "N_ATP": 1000, "seed": 97}