{"t_death": 6503.399999998345, "death_mode": "ribo_collapse", "pnr_type": "ribo_depletion", "t_pnr": 1849.050000000126, "dt_walking_dead": 4654.34999999822, "N_RNAP": 64, "N_Ribo": 2, "N_ATP": 1000, "seed": 54}