{"t_death": 1246.050000000065, "death_mode": "ribo_collapse", "pnr_type": "ribo_depletion", "t_pnr": 787.9500000000188, "dt_walking_dead": 458.1000000000462, "N_RNAP": 7, "N_Ribo": 4, "N_ATP": 1000, "seed": 5}