{"t_death": 4197.1499999992775, "death_mode": "ribo_collapse", "pnr_type": "ribo_depletion", "t_pnr": 2208.6000000000813, "dt_walking_dead": 1988.5499999991962, "N_RNAP": 27, "N_Ribo": 3, "N_ATP": 1000, "seed": 6}