{"t_death": 2704.049999999881, "death_mode": "ribo_collapse", "pnr_type": "ribo_depletion", "t_pnr": 1700.550000000111, "dt_walking_dead": 1003.4999999997701, "N_RNAP": 27, "N_Ribo": 2, "N_ATP": 1000, "seed": 87}