{"t_death": 7753.94999999784, "death_mode": "ribo_collapse", "pnr_type": "ribo_depletion", "t_pnr": 3077.99999999973, "dt_walking_dead": 4675.94999999811, "N_RNAP": 100, "N_Ribo": 4, "N_ATP": 1000, "seed": 30}