{"t_death": 7577.549999997911, "death_mode": "ribo_collapse", "pnr_type": "ribo_depletion", "t_pnr": 5904.449999998587, "dt_walking_dead": 1673.0999999993237, "N_RNAP": 17, "N_Ribo": 100, "N_ATP": 1000, "seed": 25}