{"t_death": 2147.850000000106, "death_mode": "ribo_collapse", "pnr_type": "ribo_depletion", "t_pnr": 1421.1000000000827, "dt_walking_dead": 726.7500000000232, "N_RNAP": 4, "N_Ribo": 7, "N_ATP": 1000, "seed": 49}