{"t_death": 3469.4999999995716, "death_mode": "ribo_collapse", "pnr_type": "ribo_depletion", "t_pnr": 2488.949999999968, "dt_walking_dead": 980.5499999996036, "N_RNAP": 64, "N_Ribo": 3, "N_ATP": 1000, "seed": 8}