{"t_death": 4291.1999999992395, "death_mode": "ribo_collapse", "pnr_type": "ribo_depletion", "t_pnr": 3961.7999999993726, "dt_walking_dead": 329.39999999986685, "N_RNAP": 7, "N_Ribo": 41, "N_ATP": 1000, "seed": 1}