{"t_death": 1809.0000000001219, "death_mode": "ribo_collapse", "pnr_type": "ribo_depletion", "t_pnr": 1673.5500000001082, "dt_walking_dead": 135.4500000000137, "N_RNAP": 2, "N_Ribo": 3, "N_ATP": 1000, "seed": 95}