{"t_death": 8715.149999998508, "death_mode": "ribo_collapse", "pnr_type": "ribo_depletion", "t_pnr": 932.8500000000334, "dt_walking_dead": 7782.299999998475, "N_RNAP": 100, "N_Ribo": 7, "N_ATP": 1000, "seed": 22}