{"t_death": 4502.249999999154, "death_mode": "ribo_collapse", "pnr_type": "ribo_depletion", "t_pnr": 2725.6499999998723, "dt_walking_dead": 1776.5999999992819, "N_RNAP": 100, "N_Ribo": 4, "N_ATP": 1000, "seed": 1}