{"t_death": 4467.599999999168, "death_mode": "ribo_collapse", "pnr_type": "ribo_depletion", "t_pnr": 2131.2000000001126, "dt_walking_dead": 2336.3999999990556, "N_RNAP": 11, "N_Ribo": 7, "N_ATP": 1000, "seed": 16}