{"t_death": 2730.5999999998703, "death_mode": "ribo_collapse", "pnr_type": "ribo_depletion", "t_pnr": 1966.5000000001378, "dt_walking_dead": 764.0999999997325, "N_RNAP": 41, "N_Ribo": 3, "N_ATP": 1000, "seed": 27}