{"t_death": 767.2500000000167, "death_mode": "cycle_collapse", "pnr_type": "rnap_deadlock", "t_pnr": 663.7500000000063, "dt_walking_dead": 103.50000000001046, "N_RNAP": 7, "N_Ribo": 2, "N_ATP": 1000, "seed": 0}