{"t_death": 4405.0499999991935, "death_mode": "ribo_collapse", "pnr_type": "ribo_depletion", "t_pnr": 4247.549999999257, "dt_walking_dead": 157.49999999993634, "N_RNAP": 2, "N_Ribo": 100, "N_ATP": 1000, "seed": 45}