{"t_death": 2081.250000000133, "death_mode": "cycle_collapse", "pnr_type": "rnap_deadlock", "t_pnr": 2076.300000000135, "dt_walking_dead": 4.949999999997999, "N_RNAP": 11, "N_Ribo": 11, "N_ATP": 1000, "seed": 10}