{"t_death": 2573.9999999999336, "death_mode": "ribo_collapse", "pnr_type": "ribo_depletion", "t_pnr": 2291.400000000048, "dt_walking_dead": 282.59999999988577, "N_RNAP": 4, "N_Ribo": 2, "N_ATP": 1000, "seed": 26}