{"t_death": 5534.999999998737, "death_mode": "ribo_collapse", "pnr_type": "ribo_depletion", "t_pnr": 4558.949999999131, "dt_walking_dead": 976.0499999996055, "N_RNAP": 7, "N_Ribo": 64, "N_ATP": 1000, "seed": 89}