{"t_death": 2773.799999999853, "death_mode": "ribo_collapse", "pnr_type": "ribo_depletion", "t_pnr": 1039.500000000044, "dt_walking_dead": 1734.2999999998087, "N_RNAP": 4, "N_Ribo": 3, "N_ATP": 1000, "seed": 48}