{"t_death": 4236.7499999992615, "death_mode": "ribo_collapse", "pnr_type": "ribo_depletion", "t_pnr": 3846.1499999994194, "dt_walking_dead": 390.5999999998421, "N_RNAP": 7, "N_Ribo": 64, "N_ATP": 1000, "seed": 3}