{"t_death": 9442.799999999685, "death_mode": "ribo_collapse", "pnr_type": "ribo_depletion", "t_pnr": 1412.1000000000818, "dt_walking_dead": 8030.699999999602, "N_RNAP": 100, "N_Ribo": 3, "N_ATP": 1000, "seed": 18}