{"t_death": 2178.0000000000937, "death_mode": "ribo_collapse", "pnr_type": "ribo_depletion", "t_pnr": 871.6500000000273, "dt_walking_dead": 1306.3500000000663, "N_RNAP": 11, "N_Ribo": 2, "N_ATP": 1000, "seed": 4}