{"t_death": 3610.3499999995147, "death_mode": "cycle_collapse", "pnr_type": "rnap_deadlock", "t_pnr": 3601.799999999518, "dt_walking_dead": 8.549999999996544, "N_RNAP": 41, "N_Ribo": 41, "N_ATP": 1000, "seed": 18}