{"t_death": 5805.899999998627, "death_mode": "cycle_collapse", "pnr_type": "rnap_deadlock", "t_pnr": 5734.349999998656, "dt_walking_dead": 71.54999999997108, "N_RNAP": 100, "N_Ribo": 4, "N_ATP": 1000, "seed": 36}