{"t_death": 2244.150000000067, "death_mode": "cycle_collapse", "pnr_type": "rnap_deadlock", "t_pnr": 2177.550000000094, "dt_walking_dead": 66.59999999997308, "N_RNAP": 7, "N_Ribo": 4, "N_ATP": 1000, "seed": 10}