{"t_death": 3800.6999999994378, "death_mode": "ribo_collapse", "pnr_type": "ribo_depletion", "t_pnr": 1863.4500000001274, "dt_walking_dead": 1937.2499999993104, "N_RNAP": 41, "N_Ribo": 2, "N_ATP": 1000, "seed": 70}