{"t_death": 3401.999999999599, "death_mode": "cycle_collapse", "pnr_type": "rnap_deadlock", "t_pnr": 3399.2999999996, "dt_walking_dead": 2.6999999999989086, "N_RNAP": 7, "N_Ribo": 100, "N_ATP": 1000, "seed": 23}