{"t_death": 6467.84999999836, "death_mode": "ribo_collapse", "pnr_type": "ribo_depletion", "t_pnr": 6298.649999998428, "dt_walking_dead": 169.1999999999316, "N_RNAP": 17, "N_Ribo": 64, "N_ATP": 1000, "seed": 9}