{"t_death": 4675.499999999084, "death_mode": "cycle_collapse", "pnr_type": "rnap_deadlock", "t_pnr": 4592.249999999118, "dt_walking_dead": 83.24999999996635, "N_RNAP": 100, "N_Ribo": 17, "N_ATP": 1000, "seed": 41}