{"t_death": 6242.849999998451, "death_mode": "ribo_collapse", "pnr_type": "ribo_depletion", "t_pnr": 1131.3000000000534, "dt_walking_dead": 5111.549999998397, "N_RNAP": 27, "N_Ribo": 2, "N_ATP": 1000, "seed": 81}