{"t_death": 5844.149999998612, "death_mode": "ribo_collapse", "pnr_type": "ribo_depletion", "t_pnr": 2889.899999999806, "dt_walking_dead": 2954.249999998806, "N_RNAP": 7, "N_Ribo": 27, "N_ATP": 1000, "seed": 37}