{"t_death": 9260.09999999939, "death_mode": "ribo_collapse", "pnr_type": "ribo_depletion", "t_pnr": 8404.199999998005, "dt_walking_dead": 855.9000000013839, "N_RNAP": 27, "N_Ribo": 100, "N_ATP": 1000, "seed": 33}