{"t_death": 1524.150000000093, "death_mode": "cycle_collapse", "pnr_type": "rnap_deadlock", "t_pnr": 1346.8500000000752, "dt_walking_dead": 177.30000000001792, "N_RNAP": 4, "N_Ribo": 4, "N_ATP": 1000, "seed": 57}