{"t_death": 3737.699999999463, "death_mode": "ribo_collapse", "pnr_type": "ribo_depletion", "t_pnr": 3115.7999999997146, "dt_walking_dead": 621.8999999997486, "N_RNAP": 17, "N_Ribo": 11, "N_ATP": 1000, "seed": 81}