{"t_death": 5966.999999998562, "death_mode": "ribo_collapse", "pnr_type": "ribo_depletion", "t_pnr": 3824.999999999428, "dt_walking_dead": 2141.999999999134, "N_RNAP": 41, "N_Ribo": 41, "N_ATP": 1000, "seed": 49}