{"t_death": 1422.0000000000828, "death_mode": "ribo_collapse", "pnr_type": "ribo_depletion", "t_pnr": 1146.600000000055, "dt_walking_dead": 275.40000000002783, "N_RNAP": 3, "N_Ribo": 3, "N_ATP": 1000, "seed": 32}