{"t_death": 395.0999999999938, "death_mode": "cycle_collapse", "pnr_type": "rnap_deadlock", "t_pnr": 306.44999999999607, "dt_walking_dead": 88.64999999999776, "N_RNAP": 3, "N_Ribo": 64, "N_ATP": 1000, "seed": 94}