{"t_death": 5584.499999998717, "death_mode": "ribo_collapse", "pnr_type": "ribo_depletion", "t_pnr": 4399.199999999196, "dt_walking_dead": 1185.2999999995209, "N_RNAP": 27, "N_Ribo": 41, "N_ATP": 1000, "seed": 61}