{"t_death": 4274.549999999246, "death_mode": "ribo_collapse", "pnr_type": "ribo_depletion", "t_pnr": 166.9499999999996, "dt_walking_dead": 4107.599999999246, "N_RNAP": 11, "N_Ribo": 2, "N_ATP": 1000, "seed": 56}