{"t_death": 3383.0999999996066, "death_mode": "cycle_collapse", "pnr_type": "rnap_deadlock", "t_pnr": 3383.0999999996066, "dt_walking_dead": 0.0, "N_RNAP": 7, "N_Ribo": 100, "N_ATP": 1000, "seed": 98}