{"t_death": 2258.1000000000613, "death_mode": "ribo_collapse", "pnr_type": "ribo_depletion", "t_pnr": 626.8500000000025, "dt_walking_dead": 1631.2500000000587, "N_RNAP": 17, "N_Ribo": 3, "N_ATP": 1000, "seed": 11}