{"t_death": 2873.6999999998125, "death_mode": "cycle_collapse", "pnr_type": "rnap_deadlock", "t_pnr": 2867.399999999815, "dt_walking_dead": 6.299999999997453, "N_RNAP": 27, "N_Ribo": 41, "N_ATP": 1000, "seed": 36}