{"t_death": 481.94999999999163, "death_mode": "cycle_collapse", "pnr_type": "rnap_deadlock", "t_pnr": 243.89999999999765, "dt_walking_dead": 238.049999999994, "N_RNAP": 2, "N_Ribo": 4, "N_ATP": 1000, "seed": 58}