{"t_death": 7923.149999997771, "death_mode": "ribo_collapse", "pnr_type": "ribo_depletion", "t_pnr": 7622.999999997893, "dt_walking_dead": 300.1499999998787, "N_RNAP": 64, "N_Ribo": 27, "N_ATP": 1000, "seed": 8}