{"t_death": 3555.449999999537, "death_mode": "ribo_collapse", "pnr_type": "ribo_depletion", "t_pnr": 2515.0499999999574, "dt_walking_dead": 1040.3999999995794, "N_RNAP": 7, "N_Ribo": 27, "N_ATP": 1000, "seed": 23}