{"t_death": 3739.4999999994625, "death_mode": "ribo_collapse", "pnr_type": "ribo_depletion", "t_pnr": 3571.1999999995305, "dt_walking_dead": 168.29999999993197, "N_RNAP": 7, "N_Ribo": 41, "N_ATP": 1000, "seed": 29}