{"t_death": 2365.650000000018, "death_mode": "cycle_collapse", "pnr_type": "rnap_deadlock", "t_pnr": 2310.30000000004, "dt_walking_dead": 55.349999999977626, "N_RNAP": 17, "N_Ribo": 27, "N_ATP": 1000, "seed": 64}