{"t_death": 4769.999999999046, "death_mode": "ribo_collapse", "pnr_type": "ribo_depletion", "t_pnr": 1354.500000000076, "dt_walking_dead": 3415.49999999897, "N_RNAP": 2, "N_Ribo": 7, "N_ATP": 1000, "seed": 85}