{"t_death": 3145.049999999703, "death_mode": "ribo_collapse", "pnr_type": "ribo_depletion", "t_pnr": 701.10000000001, "dt_walking_dead": 2443.949999999693, "N_RNAP": 7, "N_Ribo": 2, "N_ATP": 1000, "seed": 89}