{"t_death": 2003.4000000001415, "death_mode": "cycle_collapse", "pnr_type": "rnap_deadlock", "t_pnr": 1753.6500000001163, "dt_walking_dead": 249.75000000002524, "N_RNAP": 7, "N_Ribo": 3, "N_ATP": 1000, "seed": 42}