{"t_death": 3338.9999999996244, "death_mode": "ribo_collapse", "pnr_type": "ribo_depletion", "t_pnr": 1062.0000000000464, "dt_walking_dead": 2276.999999999578, "N_RNAP": 3, "N_Ribo": 11, "N_ATP": 1000, "seed": 9}