{"t_death": 2948.3999999997823, "death_mode": "ribo_collapse", "pnr_type": "ribo_depletion", "t_pnr": 1984.0500000001396, "dt_walking_dead": 964.3499999996427, "N_RNAP": 7, "N_Ribo": 4, "N_ATP": 1000, "seed": 81}