{"t_death": 2911.949999999797, "death_mode": "ribo_collapse", "pnr_type": "ribo_depletion", "t_pnr": 700.65000000001, "dt_walking_dead": 2211.299999999787, "N_RNAP": 11, "N_Ribo": 4, "N_ATP": 1000, "seed": 24}