{"t_death": 1860.300000000127, "death_mode": "cycle_collapse", "pnr_type": "rnap_deadlock", "t_pnr": 1802.7000000001212, "dt_walking_dead": 57.60000000000582, "N_RNAP": 4, "N_Ribo": 17, "N_ATP": 1000, "seed": 53}