{"t_death": 4884.749999999, "death_mode": "ribo_collapse", "pnr_type": "ribo_depletion", "t_pnr": 3864.149999999412, "dt_walking_dead": 1020.5999999995875, "N_RNAP": 64, "N_Ribo": 2, "N_ATP": 1000, "seed": 57}