{"t_death": 3286.3499999996457, "death_mode": "cycle_collapse", "pnr_type": "rnap_deadlock", "t_pnr": 3112.199999999716, "dt_walking_dead": 174.1499999999296, "N_RNAP": 11, "N_Ribo": 27, "N_ATP": 1000, "seed": 24}