{"t_death": 4108.499999999313, "death_mode": "ribo_collapse", "pnr_type": "ribo_depletion", "t_pnr": 4081.949999999324, "dt_walking_dead": 26.549999999989268, "N_RNAP": 7, "N_Ribo": 11, "N_ATP": 1000, "seed": 61}