{"t_death": 5093.099999998915, "death_mode": "ribo_collapse", "pnr_type": "ribo_depletion", "t_pnr": 3237.7499999996653, "dt_walking_dead": 1855.34999999925, "N_RNAP": 27, "N_Ribo": 27, "N_ATP": 1000, "seed": 19}