{"t_death": 2682.8999999998896, "death_mode": "cycle_collapse", "pnr_type": "rnap_deadlock", "t_pnr": 2575.799999999933, "dt_walking_dead": 107.09999999995671, "N_RNAP": 4, "N_Ribo": 41, "N_ATP": 1000, "seed": 37}