{"t_death": 2968.649999999774, "death_mode": "ribo_collapse", "pnr_type": "ribo_depletion", "t_pnr": 1606.0500000001014, "dt_walking_dead": 1362.5999999996727, "N_RNAP": 4, "N_Ribo": 4, "N_ATP": 1000, "seed": 39}