{"t_death": 1145.2500000000548, "death_mode": "ribo_collapse", "pnr_type": "ribo_depletion", "t_pnr": 109.35000000000045, "dt_walking_dead": 1035.9000000000544, "N_RNAP": 2, "N_Ribo": 2, "N_ATP": 1000, "seed": 34}