{"t_death": 3928.0499999993863, "death_mode": "ribo_collapse", "pnr_type": "ribo_depletion", "t_pnr": 990.4500000000393, "dt_walking_dead": 2937.599999999347, "N_RNAP": 17, "N_Ribo": 2, "N_ATP": 1000, "seed": 59}