{"t_death": 2390.400000000008, "death_mode": "ribo_collapse", "pnr_type": "ribo_depletion", "t_pnr": 1185.3000000000588, "dt_walking_dead": 1205.099999999949, "N_RNAP": 4, "N_Ribo": 3, "N_ATP": 1000, "seed": 39}