{"t_death": 3083.3999999997277, "death_mode": "ribo_collapse", "pnr_type": "ribo_depletion", "t_pnr": 2800.799999999842, "dt_walking_dead": 282.59999999988577, "N_RNAP": 27, "N_Ribo": 3, "N_ATP": 1000, "seed": 40}