{"t_death": 2140.650000000109, "death_mode": "cycle_collapse", "pnr_type": "rnap_deadlock", "t_pnr": 2078.550000000134, "dt_walking_dead": 62.0999999999749, "N_RNAP": 4, "N_Ribo": 7, "N_ATP": 1000, "seed": 40}