{"t_death": 2959.199999999778, "death_mode": "cycle_collapse", "pnr_type": "rnap_deadlock", "t_pnr": 2942.9999999997844, "dt_walking_dead": 16.19999999999345, "N_RNAP": 17, "N_Ribo": 4, "N_ATP": 1000, "seed": 11}