{"t_death": 3998.249999999358, "death_mode": "cycle_collapse", "pnr_type": "rnap_deadlock", "t_pnr": 3785.8499999994438, "dt_walking_dead": 212.39999999991414, "N_RNAP": 27, "N_Ribo": 64, "N_ATP": 1000, "seed": 30}