{"t_death": 3586.0499999995245, "death_mode": "cycle_collapse", "pnr_type": "rnap_deadlock", "t_pnr": 3549.1499999995394, "dt_walking_dead": 36.899999999985084, "N_RNAP": 17, "N_Ribo": 7, "N_ATP": 1000, "seed": 83}