{"t_death": 2937.5999999997866, "death_mode": "cycle_collapse", "pnr_type": "rnap_deadlock", "t_pnr": 2937.5999999997866, "dt_walking_dead": 0.0, "N_RNAP": 17, "N_Ribo": 27, "N_ATP": 1000, "seed": 52}