{"t_death": 3485.699999999565, "death_mode": "ribo_collapse", "pnr_type": "ribo_depletion", "t_pnr": 499.9499999999912, "dt_walking_dead": 2985.749999999574, "N_RNAP": 7, "N_Ribo": 2, "N_ATP": 1000, "seed": 42}