{"t_death": 4243.049999999259, "death_mode": "ribo_collapse", "pnr_type": "ribo_depletion", "t_pnr": 3516.7499999995525, "dt_walking_dead": 726.2999999997064, "N_RNAP": 17, "N_Ribo": 17, "N_ATP": 1000, "seed": 27}