{"t_death": 918.000000000032, "death_mode": "ribo_collapse", "pnr_type": "ribo_depletion", "t_pnr": 588.1499999999986, "dt_walking_dead": 329.85000000003333, "N_RNAP": 3, "N_Ribo": 2, "N_ATP": 1000, "seed": 64}