{"t_death": 4145.849999999298, "death_mode": "ribo_collapse", "pnr_type": "ribo_depletion", "t_pnr": 1973.7000000001385, "dt_walking_dead": 2172.1499999991597, "N_RNAP": 27, "N_Ribo": 2, "N_ATP": 1000, "seed": 11}