{"t_death": 4550.399999999135, "death_mode": "ribo_collapse", "pnr_type": "ribo_depletion", "t_pnr": 2970.4499999997734, "dt_walking_dead": 1579.9499999993614, "N_RNAP": 64, "N_Ribo": 17, "N_ATP": 1000, "seed": 17}