{"t_death": 3214.7999999996746, "death_mode": "ribo_collapse", "pnr_type": "ribo_depletion", "t_pnr": 999.9000000000402, "dt_walking_dead": 2214.8999999996345, "N_RNAP": 27, "N_Ribo": 2, "N_ATP": 1000, "seed": 68}