{"t_death": 5319.449999998824, "death_mode": "ribo_collapse", "pnr_type": "ribo_depletion", "t_pnr": 1560.1500000000967, "dt_walking_dead": 3759.299999998727, "N_RNAP": 64, "N_Ribo": 7, "N_ATP": 1000, "seed": 35}