{"t_death": 3294.899999999642, "death_mode": "ribo_collapse", "pnr_type": "ribo_depletion", "t_pnr": 2871.4499999998134, "dt_walking_dead": 423.44999999982883, "N_RNAP": 27, "N_Ribo": 27, "N_ATP": 1000, "seed": 65}