{"t_death": 3532.499999999546, "death_mode": "ribo_collapse", "pnr_type": "ribo_depletion", "t_pnr": 2919.599999999794, "dt_walking_dead": 612.8999999997523, "N_RNAP": 11, "N_Ribo": 3, "N_ATP": 1000, "seed": 41}