{"t_death": 4794.749999999036, "death_mode": "ribo_collapse", "pnr_type": "ribo_depletion", "t_pnr": 4778.5499999990425, "dt_walking_dead": 16.19999999999345, "N_RNAP": 17, "N_Ribo": 41, "N_ATP": 1000, "seed": 29}