{"t_death": 3868.6499999994103, "death_mode": "ribo_collapse", "pnr_type": "ribo_depletion", "t_pnr": 950.4000000000352, "dt_walking_dead": 2918.249999999375, "N_RNAP": 4, "N_Ribo": 2, "N_ATP": 1000, "seed": 41}