{"t_death": 2915.9999999997954, "death_mode": "ribo_collapse", "pnr_type": "ribo_depletion", "t_pnr": 2106.4500000001226, "dt_walking_dead": 809.5499999996728, "N_RNAP": 17, "N_Ribo": 3, "N_ATP": 1000, "seed": 32}