{"t_death": 6887.24999999819, "death_mode": "ribo_collapse", "pnr_type": "ribo_depletion", "t_pnr": 4748.8499999990545, "dt_walking_dead": 2138.3999999991356, "N_RNAP": 3, "N_Ribo": 100, "N_ATP": 1000, "seed": 95}