{"t_death": 3940.649999999381, "death_mode": "ribo_collapse", "pnr_type": "ribo_depletion", "t_pnr": 1761.750000000117, "dt_walking_dead": 2178.899999999264, "N_RNAP": 41, "N_Ribo": 2, "N_ATP": 1000, "seed": 37}