{"t_death": 2470.0499999999756, "death_mode": "ribo_collapse", "pnr_type": "ribo_depletion", "t_pnr": 959.4000000000361, "dt_walking_dead": 1510.6499999999396, "N_RNAP": 27, "N_Ribo": 4, "N_ATP": 1000, "seed": 32}