{"t_death": 4942.349999998976, "death_mode": "ribo_collapse", "pnr_type": "ribo_depletion", "t_pnr": 2137.50000000011, "dt_walking_dead": 2804.849999998866, "N_RNAP": 27, "N_Ribo": 7, "N_ATP": 1000, "seed": 93}