{"t_death": 3119.849999999713, "death_mode": "ribo_collapse", "pnr_type": "ribo_depletion", "t_pnr": 1192.5000000000596, "dt_walking_dead": 1927.3499999996534, "N_RNAP": 17, "N_Ribo": 2, "N_ATP": 1000, "seed": 46}