{"t_death": 5525.99999999874, "death_mode": "ribo_collapse", "pnr_type": "ribo_depletion", "t_pnr": 4576.949999999124, "dt_walking_dead": 949.0499999996164, "N_RNAP": 17, "N_Ribo": 27, "N_ATP": 1000, "seed": 51}