{"t_death": 3676.049999999488, "death_mode": "ribo_collapse", "pnr_type": "ribo_depletion", "t_pnr": 2408.4000000000005, "dt_walking_dead": 1267.6499999994876, "N_RNAP": 3, "N_Ribo": 2, "N_ATP": 1000, "seed": 31}