{"t_death": 2915.9999999997954, "death_mode": "ribo_collapse", "pnr_type": "ribo_depletion", "t_pnr": 1879.650000000129, "dt_walking_dead": 1036.3499999996664, "N_RNAP": 3, "N_Ribo": 4, "N_ATP": 1000, "seed": 40}