{"t_death": 3162.149999999696, "death_mode": "ribo_collapse", "pnr_type": "ribo_depletion", "t_pnr": 2032.6500000001445, "dt_walking_dead": 1129.4999999995514, "N_RNAP": 27, "N_Ribo": 2, "N_ATP": 1000, "seed": 50}