{"t_death": 6813.44999999822, "death_mode": "ribo_collapse", "pnr_type": "ribo_depletion", "t_pnr": 4855.499999999011, "dt_walking_dead": 1957.9499999992086, "N_RNAP": 17, "N_Ribo": 41, "N_ATP": 1000, "seed": 12}