{"t_death": 6704.099999998264, "death_mode": "ribo_collapse", "pnr_type": "ribo_depletion", "t_pnr": 6002.549999998548, "dt_walking_dead": 701.5499999997164, "N_RNAP": 27, "N_Ribo": 100, "N_ATP": 1000, "seed": 63}