{"t_death": 4932.44999999898, "death_mode": "ribo_collapse", "pnr_type": "ribo_depletion", "t_pnr": 3855.5999999994156, "dt_walking_dead": 1076.8499999995647, "N_RNAP": 17, "N_Ribo": 100, "N_ATP": 1000, "seed": 28}