{"t_death": 5968.3499999985615, "death_mode": "ribo_collapse", "pnr_type": "ribo_depletion", "t_pnr": 4473.449999999166, "dt_walking_dead": 1494.8999999993957, "N_RNAP": 27, "N_Ribo": 41, "N_ATP": 1000, "seed": 26}