{"t_death": 7352.549999998002, "death_mode": "ribo_collapse", "pnr_type": "ribo_depletion", "t_pnr": 4589.549999999119, "dt_walking_dead": 2762.999999998883, "N_RNAP": 64, "N_Ribo": 41, "N_ATP": 1000, "seed": 19}