{"t_death": 2050.2000000001453, "death_mode": "cycle_collapse", "pnr_type": "rnap_deadlock", "t_pnr": 1979.550000000139, "dt_walking_dead": 70.65000000000623, "N_RNAP": 7, "N_Ribo": 3, "N_ATP": 1000, "seed": 9}