{"t_death": 1732.9500000001142, "death_mode": "ribo_collapse", "pnr_type": "ribo_depletion", "t_pnr": 1087.650000000049, "dt_walking_dead": 645.3000000000652, "N_RNAP": 4, "N_Ribo": 3, "N_ATP": 1000, "seed": 8}