{"t_death": 2724.7499999998727, "death_mode": "ribo_collapse", "pnr_type": "ribo_depletion", "t_pnr": 2449.349999999984, "dt_walking_dead": 275.3999999998887, "N_RNAP": 27, "N_Ribo": 11, "N_ATP": 1000, "seed": 56}