{"t_death": 3922.1999999993886, "death_mode": "cycle_collapse", "pnr_type": "rnap_deadlock", "t_pnr": 3721.9499999994696, "dt_walking_dead": 200.24999999991905, "N_RNAP": 11, "N_Ribo": 64, "N_ATP": 1000, "seed": 83}