{"t_death": 4987.799999998958, "death_mode": "ribo_collapse", "pnr_type": "ribo_depletion", "t_pnr": 4821.299999999025, "dt_walking_dead": 166.4999999999327, "N_RNAP": 100, "N_Ribo": 3, "N_ATP": 1000, "seed": 54}