{"t_death": 4212.449999999271, "death_mode": "cycle_collapse", "pnr_type": "rnap_deadlock", "t_pnr": 4160.699999999292, "dt_walking_dead": 51.74999999997908, "N_RNAP": 11, "N_Ribo": 64, "N_ATP": 1000, "seed": 14}