{"t_death": 6479.099999998355, "death_mode": "ribo_collapse", "pnr_type": "ribo_depletion", "t_pnr": 792.0000000000192, "dt_walking_dead": 5687.099999998336, "N_RNAP": 100, "N_Ribo": 3, "N_ATP": 1000, "seed": 99}