{"t_death": 2613.5999999999176, "death_mode": "ribo_collapse", "pnr_type": "ribo_depletion", "t_pnr": 2565.449999999937, "dt_walking_dead": 48.14999999998054, "N_RNAP": 17, "N_Ribo": 17, "N_ATP": 1000, "seed": 38}