{"t_death": 2848.9499999998225, "death_mode": "cycle_collapse", "pnr_type": "rnap_deadlock", "t_pnr": 2721.599999999874, "dt_walking_dead": 127.34999999994852, "N_RNAP": 7, "N_Ribo": 41, "N_ATP": 1000, "seed": 50}