{"t_death": 3001.9499999997606, "death_mode": "ribo_collapse", "pnr_type": "ribo_depletion", "t_pnr": 501.29999999999114, "dt_walking_dead": 2500.6499999997695, "N_RNAP": 41, "N_Ribo": 4, "N_ATP": 1000, "seed": 43}