{"t_death": 3550.049999999539, "death_mode": "ribo_collapse", "pnr_type": "ribo_depletion", "t_pnr": 3468.599999999572, "dt_walking_dead": 81.44999999996708, "N_RNAP": 11, "N_Ribo": 27, "N_ATP": 1000, "seed": 42}