{"t_death": 7283.24999999803, "death_mode": "ribo_collapse", "pnr_type": "ribo_depletion", "t_pnr": 5877.899999998598, "dt_walking_dead": 1405.349999999432, "N_RNAP": 11, "N_Ribo": 100, "N_ATP": 1000, "seed": 6}