{"t_death": 3968.54999999937, "death_mode": "ribo_collapse", "pnr_type": "ribo_depletion", "t_pnr": 1443.600000000085, "dt_walking_dead": 2524.949999999285, "N_RNAP": 41, "N_Ribo": 3, "N_ATP": 1000, "seed": 3}