{"t_death": 3682.3499999994856, "death_mode": "ribo_collapse", "pnr_type": "ribo_depletion", "t_pnr": 3603.1499999995176, "dt_walking_dead": 79.19999999996799, "N_RNAP": 17, "N_Ribo": 3, "N_ATP": 1000, "seed": 7}