{"t_death": 4936.499999998979, "death_mode": "ribo_collapse", "pnr_type": "ribo_depletion", "t_pnr": 1898.550000000131, "dt_walking_dead": 3037.9499999988475, "N_RNAP": 41, "N_Ribo": 2, "N_ATP": 1000, "seed": 26}