{"t_death": 3161.699999999696, "death_mode": "ribo_collapse", "pnr_type": "ribo_depletion", "t_pnr": 2506.049999999961, "dt_walking_dead": 655.649999999735, "N_RNAP": 17, "N_Ribo": 7, "N_ATP": 1000, "seed": 22}