{"t_death": 1148.4000000000551, "death_mode": "cycle_collapse", "pnr_type": "rnap_deadlock", "t_pnr": 1089.9000000000492, "dt_walking_dead": 58.50000000000591, "N_RNAP": 2, "N_Ribo": 2, "N_ATP": 1000, "seed": 19}