{"t_death": 3457.7999999995764, "death_mode": "cycle_collapse", "pnr_type": "rnap_deadlock", "t_pnr": 3457.7999999995764, "dt_walking_dead": 0.0, "N_RNAP": 4, "N_Ribo": 100, "N_ATP": 1000, "seed": 60}