{"t_death": 4902.749999998992, "death_mode": "ribo_collapse", "pnr_type": "ribo_depletion", "t_pnr": 1768.0500000001177, "dt_walking_dead": 3134.699999998875, "N_RNAP": 17, "N_Ribo": 4, "N_ATP": 1000, "seed": 67}