{"t_death": 4142.2499999993, "death_mode": "ribo_collapse", "pnr_type": "ribo_depletion", "t_pnr": 3389.849999999604, "dt_walking_dead": 752.3999999996959, "N_RNAP": 27, "N_Ribo": 3, "N_ATP": 1000, "seed": 23}