{"t_death": 6075.449999998518, "death_mode": "ribo_collapse", "pnr_type": "ribo_depletion", "t_pnr": 4535.099999999141, "dt_walking_dead": 1540.3499999993774, "N_RNAP": 100, "N_Ribo": 17, "N_ATP": 1000, "seed": 43}