{"t_death": 5333.399999998818, "death_mode": "ribo_collapse", "pnr_type": "ribo_depletion", "t_pnr": 4085.5499999993226, "dt_walking_dead": 1247.8499999994956, "N_RNAP": 41, "N_Ribo": 41, "N_ATP": 1000, "seed": 63}