{"t_death": 6792.2999999982285, "death_mode": "ribo_collapse", "pnr_type": "ribo_depletion", "t_pnr": 3739.0499999994627, "dt_walking_dead": 3053.249999998766, "N_RNAP": 100, "N_Ribo": 11, "N_ATP": 1000, "seed": 24}