{"t_death": 7090.649999998108, "death_mode": "atp_depletion", "pnr_type": "ribo_depletion", "t_pnr": 5771.699999998641, "dt_walking_dead": 1318.9499999994669, "N_RNAP": 64, "N_Ribo": 64, "N_ATP": 1000, "seed": 29}