{"t_death": 1864.3500000001275, "death_mode": "cycle_collapse", "pnr_type": "rnap_deadlock", "t_pnr": 1864.3500000001275, "dt_walking_dead": 0.0, "N_RNAP": 4, "N_Ribo": 100, "N_ATP": 1000, "seed": 91}