{"t_death": 1894.0500000001305, "death_mode": "ribo_collapse", "pnr_type": "ribo_depletion", "t_pnr": 1698.7500000001107, "dt_walking_dead": 195.30000000001974, "N_RNAP": 3, "N_Ribo": 3, "N_ATP": 1000, "seed": 65}