{"t_death": 7313.849999998018, "death_mode": "ribo_collapse", "pnr_type": "ribo_depletion", "t_pnr": 3239.5499999996646, "dt_walking_dead": 4074.299999998353, "N_RNAP": 17, "N_Ribo": 27, "N_ATP": 1000, "seed": 49}