{"t_death": 6348.149999998408, "death_mode": "ribo_collapse", "pnr_type": "ribo_depletion", "t_pnr": 5511.149999998746, "dt_walking_dead": 836.9999999996617, "N_RNAP": 64, "N_Ribo": 27, "N_ATP": 1000, "seed": 64}