{"t_death": 2431.799999999991, "death_mode": "ribo_collapse", "pnr_type": "ribo_depletion", "t_pnr": 1697.4000000001106, "dt_walking_dead": 734.3999999998805, "N_RNAP": 17, "N_Ribo": 2, "N_ATP": 1000, "seed": 63}