{"t_death": 4068.4499999993295, "death_mode": "ribo_collapse", "pnr_type": "ribo_depletion", "t_pnr": 3678.749999999487, "dt_walking_dead": 389.6999999998425, "N_RNAP": 41, "N_Ribo": 11, "N_ATP": 1000, "seed": 20}