{"t_death": 1455.3000000000861, "death_mode": "cycle_collapse", "pnr_type": "rnap_deadlock", "t_pnr": 1349.1000000000754, "dt_walking_dead": 106.20000000001073, "N_RNAP": 11, "N_Ribo": 4, "N_ATP": 1000, "seed": 23}