{"t_death": 4018.04999999935, "death_mode": "ribo_collapse", "pnr_type": "ribo_depletion", "t_pnr": 816.7500000000217, "dt_walking_dead": 3201.299999999328, "N_RNAP": 17, "N_Ribo": 3, "N_ATP": 1000, "seed": 79}