{"t_death": 6210.8999999984635, "death_mode": "ribo_collapse", "pnr_type": "ribo_depletion", "t_pnr": 3145.4999999997026, "dt_walking_dead": 3065.399999998761, "N_RNAP": 27, "N_Ribo": 11, "N_ATP": 1000, "seed": 50}