{"t_death": 4538.699999999139, "death_mode": "ribo_collapse", "pnr_type": "ribo_depletion", "t_pnr": 3706.199999999476, "dt_walking_dead": 832.4999999996635, "N_RNAP": 17, "N_Ribo": 11, "N_ATP": 1000, "seed": 23}