{"t_death": 6091.199999998512, "death_mode": "ribo_collapse", "pnr_type": "ribo_depletion", "t_pnr": 1371.1500000000776, "dt_walking_dead": 4720.049999998434, "N_RNAP": 64, "N_Ribo": 7, "N_ATP": 1000, "seed": 83}