{"t_death": 2518.199999999956, "death_mode": "cycle_collapse", "pnr_type": "rnap_deadlock", "t_pnr": 2477.2499999999727, "dt_walking_dead": 40.94999999998345, "N_RNAP": 7, "N_Ribo": 11, "N_ATP": 1000, "seed": 99}