{"t_death": 4087.349999999322, "death_mode": "ribo_collapse", "pnr_type": "ribo_depletion", "t_pnr": 954.9000000000357, "dt_walking_dead": 3132.4499999992863, "N_RNAP": 64, "N_Ribo": 2, "N_ATP": 1000, "seed": 95}