{"t_death": 5331.149999998819, "death_mode": "ribo_collapse", "pnr_type": "ribo_depletion", "t_pnr": 3125.6999999997106, "dt_walking_dead": 2205.4499999991085, "N_RNAP": 27, "N_Ribo": 4, "N_ATP": 1000, "seed": 12}