{"t_death": 1152.9000000000556, "death_mode": "ribo_collapse", "pnr_type": "ribo_depletion", "t_pnr": 1133.5500000000536, "dt_walking_dead": 19.350000000001955, "N_RNAP": 4, "N_Ribo": 3, "N_ATP": 1000, "seed": 56}