{"t_death": 3783.5999999994447, "death_mode": "cycle_collapse", "pnr_type": "rnap_deadlock", "t_pnr": 3783.5999999994447, "dt_walking_dead": 0.0, "N_RNAP": 17, "N_Ribo": 64, "N_ATP": 1000, "seed": 56}