{"t_death": 3951.8999999993766, "death_mode": "ribo_collapse", "pnr_type": "ribo_depletion", "t_pnr": 2303.100000000043, "dt_walking_dead": 1648.7999999993335, "N_RNAP": 11, "N_Ribo": 27, "N_ATP": 1000, "seed": 90}