{"t_death": 2479.9499999999716, "death_mode": "ribo_collapse", "pnr_type": "ribo_depletion", "t_pnr": 726.7500000000126, "dt_walking_dead": 1753.199999999959, "N_RNAP": 27, "N_Ribo": 2, "N_ATP": 1000, "seed": 53}