{"t_death": 865.8000000000267, "death_mode": "cycle_collapse", "pnr_type": "rnap_deadlock", "t_pnr": 863.1000000000264, "dt_walking_dead": 2.700000000000273, "N_RNAP": 2, "N_Ribo": 17, "N_ATP": 1000, "seed": 18}