{"t_death": 2124.0000000001155, "death_mode": "ribo_collapse", "pnr_type": "ribo_depletion", "t_pnr": 1874.7000000001285, "dt_walking_dead": 249.299999999987, "N_RNAP": 4, "N_Ribo": 4, "N_ATP": 1000, "seed": 11}