{"t_death": 5604.7499999987085, "death_mode": "ribo_collapse", "pnr_type": "ribo_depletion", "t_pnr": 2927.249999999791, "dt_walking_dead": 2677.4999999989177, "N_RNAP": 64, "N_Ribo": 7, "N_ATP": 1000, "seed": 37}