{"t_death": 1240.6500000000644, "death_mode": "ribo_collapse", "pnr_type": "ribo_depletion", "t_pnr": 972.4500000000374, "dt_walking_dead": 268.200000000027, "N_RNAP": 2, "N_Ribo": 2, "N_ATP": 1000, "seed": 23}