{"t_death": 4598.099999999115, "death_mode": "cycle_collapse", "pnr_type": "rnap_deadlock", "t_pnr": 4558.499999999131, "dt_walking_dead": 39.59999999998399, "N_RNAP": 11, "N_Ribo": 27, "N_ATP": 1000, "seed": 82}