{"t_death": 6241.049999998451, "death_mode": "ribo_collapse", "pnr_type": "ribo_depletion", "t_pnr": 4584.599999999121, "dt_walking_dead": 1656.4499999993304, "N_RNAP": 64, "N_Ribo": 64, "N_ATP": 1000, "seed": 70}