{"t_death": 2982.5999999997684, "death_mode": "ribo_collapse", "pnr_type": "ribo_depletion", "t_pnr": 2509.6499999999596, "dt_walking_dead": 472.9499999998088, "N_RNAP": 2, "N_Ribo": 17, "N_ATP": 1000, "seed": 32}