{"t_death": 3464.099999999574, "death_mode": "ribo_collapse", "pnr_type": "ribo_depletion", "t_pnr": 2676.599999999892, "dt_walking_dead": 787.4999999996817, "N_RNAP": 17, "N_Ribo": 11, "N_ATP": 1000, "seed": 52}