{"t_death": 4057.199999999334, "death_mode": "cycle_collapse", "pnr_type": "rnap_deadlock", "t_pnr": 3994.6499999993594, "dt_walking_dead": 62.549999999974716, "N_RNAP": 64, "N_Ribo": 11, "N_ATP": 1000, "seed": 77}