{"t_death": 3598.6499999995194, "death_mode": "ribo_collapse", "pnr_type": "ribo_depletion", "t_pnr": 1665.4500000001074, "dt_walking_dead": 1933.199999999412, "N_RNAP": 17, "N_Ribo": 4, "N_ATP": 1000, "seed": 77}