{"t_death": 4443.749999999178, "death_mode": "ribo_collapse", "pnr_type": "ribo_depletion", "t_pnr": 1588.9500000000996, "dt_walking_dead": 2854.799999999078, "N_RNAP": 11, "N_Ribo": 4, "N_ATP": 1000, "seed": 17}