{"t_death": 908.100000000031, "death_mode": "ribo_collapse", "pnr_type": "ribo_depletion", "t_pnr": 353.6999999999949, "dt_walking_dead": 554.400000000036, "N_RNAP": 2, "N_Ribo": 2, "N_ATP": 1000, "seed": 62}