{"t_death": 6506.099999998344, "death_mode": "ribo_collapse", "pnr_type": "ribo_depletion", "t_pnr": 3308.8499999996366, "dt_walking_dead": 3197.2499999987076, "N_RNAP": 17, "N_Ribo": 27, "N_ATP": 1000, "seed": 2}