{"t_death": 3823.1999999994287, "death_mode": "ribo_collapse", "pnr_type": "ribo_depletion", "t_pnr": 1759.950000000117, "dt_walking_dead": 2063.2499999993115, "N_RNAP": 41, "N_Ribo": 11, "N_ATP": 1000, "seed": 12}