{"t_death": 7661.699999997877, "death_mode": "ribo_collapse", "pnr_type": "ribo_depletion", "t_pnr": 4254.749999999254, "dt_walking_dead": 3406.949999998623, "N_RNAP": 41, "N_Ribo": 41, "N_ATP": 1000, "seed": 66}