{"t_death": 5446.799999998772, "death_mode": "ribo_collapse", "pnr_type": "ribo_depletion", "t_pnr": 4903.649999998992, "dt_walking_dead": 543.1499999997804, "N_RNAP": 7, "N_Ribo": 100, "N_ATP": 1000, "seed": 57}