{"t_death": 3012.7499999997563, "death_mode": "ribo_collapse", "pnr_type": "ribo_depletion", "t_pnr": 2932.6499999997886, "dt_walking_dead": 80.09999999996762, "N_RNAP": 17, "N_Ribo": 7, "N_ATP": 1000, "seed": 39}