{"t_death": 6993.449999998147, "death_mode": "ribo_collapse", "pnr_type": "ribo_depletion", "t_pnr": 758.2500000000158, "dt_walking_dead": 6235.199999998132, "N_RNAP": 41, "N_Ribo": 3, "N_ATP": 1000, "seed": 64}