{"t_death": 3834.899999999424, "death_mode": "ribo_collapse", "pnr_type": "ribo_depletion", "t_pnr": 2449.349999999984, "dt_walking_dead": 1385.54999999944, "N_RNAP": 27, "N_Ribo": 11, "N_ATP": 1000, "seed": 66}