{"t_death": 5921.5499999985805, "death_mode": "ribo_collapse", "pnr_type": "ribo_depletion", "t_pnr": 4774.499999999044, "dt_walking_dead": 1147.0499999995363, "N_RNAP": 41, "N_Ribo": 64, "N_ATP": 1000, "seed": 40}