{"t_death": 3402.4499999995987, "death_mode": "cycle_collapse", "pnr_type": "rnap_deadlock", "t_pnr": 3364.199999999614, "dt_walking_dead": 38.24999999998454, "N_RNAP": 41, "N_Ribo": 7, "N_ATP": 1000, "seed": 88}