{"t_death": 4575.5999999991245, "death_mode": "ribo_collapse", "pnr_type": "ribo_depletion", "t_pnr": 1104.3000000000507, "dt_walking_dead": 3471.299999999074, "N_RNAP": 17, "N_Ribo": 4, "N_ATP": 1000, "seed": 89}