{"t_death": 1298.2500000000703, "death_mode": "cycle_collapse", "pnr_type": "rnap_deadlock", "t_pnr": 1287.9000000000692, "dt_walking_dead": 10.350000000001046, "N_RNAP": 3, "N_Ribo": 27, "N_ATP": 1000, "seed": 37}