{"t_death": 3127.04999999971, "death_mode": "ribo_collapse", "pnr_type": "ribo_depletion", "t_pnr": 2964.5999999997757, "dt_walking_dead": 162.44999999993433, "N_RNAP": 17, "N_Ribo": 64, "N_ATP": 1000, "seed": 79}