{"t_death": 2807.0999999998394, "death_mode": "ribo_collapse", "pnr_type": "ribo_depletion", "t_pnr": 1818.9000000001229, "dt_walking_dead": 988.1999999997165, "N_RNAP": 4, "N_Ribo": 2, "N_ATP": 1000, "seed": 35}