{"t_death": 5950.349999998569, "death_mode": "ribo_collapse", "pnr_type": "ribo_depletion", "t_pnr": 5403.59999999879, "dt_walking_dead": 546.749999999779, "N_RNAP": 64, "N_Ribo": 17, "N_ATP": 1000, "seed": 30}