{"t_death": 3223.799999999671, "death_mode": "ribo_collapse", "pnr_type": "ribo_depletion", "t_pnr": 1940.8500000001352, "dt_walking_dead": 1282.9499999995357, "N_RNAP": 3, "N_Ribo": 7, "N_ATP": 1000, "seed": 9}