{"t_death": 2481.749999999971, "death_mode": "cycle_collapse", "pnr_type": "rnap_deadlock", "t_pnr": 2394.450000000006, "dt_walking_dead": 87.29999999996471, "N_RNAP": 41, "N_Ribo": 4, "N_ATP": 1000, "seed": 41}