{"t_death": 6291.449999998431, "death_mode": "ribo_collapse", "pnr_type": "ribo_depletion", "t_pnr": 3295.349999999642, "dt_walking_dead": 2996.099999998789, "N_RNAP": 64, "N_Ribo": 4, "N_ATP": 1000, "seed": 33}