{"t_death": 7595.099999997904, "death_mode": "ribo_collapse", "pnr_type": "ribo_depletion", "t_pnr": 1820.700000000123, "dt_walking_dead": 5774.3999999977805, "N_RNAP": 11, "N_Ribo": 3, "N_ATP": 1000, "seed": 1}