{"t_death": 3289.4999999996444, "death_mode": "ribo_collapse", "pnr_type": "ribo_depletion", "t_pnr": 1876.0500000001286, "dt_walking_dead": 1413.4499999995157, "N_RNAP": 3, "N_Ribo": 7, "N_ATP": 1000, "seed": 17}