{"t_death": 2908.7999999997983, "death_mode": "cycle_collapse", "pnr_type": "rnap_deadlock", "t_pnr": 2907.8999999997986, "dt_walking_dead": 0.8999999999996362, "N_RNAP": 41, "N_Ribo": 64, "N_ATP": 1000, "seed": 51}