{"t_death": 3366.899999999613, "death_mode": "ribo_collapse", "pnr_type": "ribo_depletion", "t_pnr": 2049.7500000001455, "dt_walking_dead": 1317.1499999994676, "N_RNAP": 27, "N_Ribo": 4, "N_ATP": 1000, "seed": 16}