{"t_death": 1987.65000000014, "death_mode": "ribo_collapse", "pnr_type": "ribo_depletion", "t_pnr": 1249.6500000000653, "dt_walking_dead": 738.0000000000746, "N_RNAP": 7, "N_Ribo": 7, "N_ATP": 1000, "seed": 96}