{"t_death": 5937.299999998574, "death_mode": "ribo_collapse", "pnr_type": "ribo_depletion", "t_pnr": 4532.399999999142, "dt_walking_dead": 1404.899999999432, "N_RNAP": 17, "N_Ribo": 64, "N_ATP": 1000, "seed": 39}