{"t_death": 4651.649999999094, "death_mode": "ribo_collapse", "pnr_type": "ribo_depletion", "t_pnr": 2689.649999999887, "dt_walking_dead": 1961.999999999207, "N_RNAP": 64, "N_Ribo": 7, "N_ATP": 1000, "seed": 68}