{"t_death": 4854.599999999012, "death_mode": "cycle_collapse", "pnr_type": "rnap_deadlock", "t_pnr": 4612.49999999911, "dt_walking_dead": 242.09999999990214, "N_RNAP": 64, "N_Ribo": 27, "N_ATP": 1000, "seed": 44}