{"t_death": 3302.999999999639, "death_mode": "ribo_collapse", "pnr_type": "ribo_depletion", "t_pnr": 1080.0000000000482, "dt_walking_dead": 2222.9999999995907, "N_RNAP": 7, "N_Ribo": 2, "N_ATP": 1000, "seed": 10}