{"t_death": 4972.049999998964, "death_mode": "ribo_collapse", "pnr_type": "ribo_depletion", "t_pnr": 3400.1999999995996, "dt_walking_dead": 1571.8499999993646, "N_RNAP": 41, "N_Ribo": 2, "N_ATP": 1000, "seed": 51}