{"t_death": 4522.049999999146, "death_mode": "cycle_collapse", "pnr_type": "rnap_deadlock", "t_pnr": 4307.849999999233, "dt_walking_dead": 214.19999999991342, "N_RNAP": 41, "N_Ribo": 27, "N_ATP": 1000, "seed": 75}