{"t_death": 3842.9999999994207, "death_mode": "ribo_collapse", "pnr_type": "ribo_depletion", "t_pnr": 557.0999999999955, "dt_walking_dead": 3285.8999999994253, "N_RNAP": 11, "N_Ribo": 4, "N_ATP": 1000, "seed": 80}