{"t_death": 4020.749999999349, "death_mode": "ribo_collapse", "pnr_type": "ribo_depletion", "t_pnr": 3640.4999999995025, "dt_walking_dead": 380.2499999998463, "N_RNAP": 11, "N_Ribo": 41, "N_ATP": 1000, "seed": 68}