{"t_death": 632.2500000000031, "death_mode": "ribo_collapse", "pnr_type": "ribo_depletion", "t_pnr": 515.6999999999913, "dt_walking_dead": 116.55000000001178, "N_RNAP": 7, "N_Ribo": 2, "N_ATP": 1000, "seed": 77}