{"t_death": 3666.149999999492, "death_mode": "ribo_collapse", "pnr_type": "ribo_depletion", "t_pnr": 1950.3000000001362, "dt_walking_dead": 1715.849999999356, "N_RNAP": 100, "N_Ribo": 2, "N_ATP": 1000, "seed": 94}