{"t_death": 3368.6999999996124, "death_mode": "ribo_collapse", "pnr_type": "ribo_depletion", "t_pnr": 2081.250000000133, "dt_walking_dead": 1287.4499999994796, "N_RNAP": 11, "N_Ribo": 3, "N_ATP": 1000, "seed": 83}