{"t_death": 3260.699999999656, "death_mode": "ribo_collapse", "pnr_type": "ribo_depletion", "t_pnr": 1400.4000000000806, "dt_walking_dead": 1860.2999999995754, "N_RNAP": 100, "N_Ribo": 3, "N_ATP": 1000, "seed": 22}