{"t_death": 509.39999999999094, "death_mode": "cycle_collapse", "pnr_type": "rnap_deadlock", "t_pnr": 425.24999999999307, "dt_walking_dead": 84.14999999999787, "N_RNAP": 2, "N_Ribo": 17, "N_ATP": 1000, "seed": 29}