{"t_death": 5258.249999998849, "death_mode": "ribo_collapse", "pnr_type": "ribo_depletion", "t_pnr": 4229.999999999264, "dt_walking_dead": 1028.2499999995844, "N_RNAP": 64, "N_Ribo": 27, "N_ATP": 1000, "seed": 25}