{"t_death": 2371.5000000000155, "death_mode": "ribo_collapse", "pnr_type": "ribo_depletion", "t_pnr": 1142.5500000000545, "dt_walking_dead": 1228.949999999961, "N_RNAP": 7, "N_Ribo": 7, "N_ATP": 1000, "seed": 62}