{"t_death": 6380.999999998395, "death_mode": "ribo_collapse", "pnr_type": "ribo_depletion", "t_pnr": 4217.399999999269, "dt_walking_dead": 2163.5999999991254, "N_RNAP": 11, "N_Ribo": 17, "N_ATP": 1000, "seed": 36}