{"t_death": 5683.9499999986765, "death_mode": "ribo_collapse", "pnr_type": "ribo_depletion", "t_pnr": 3049.6499999997413, "dt_walking_dead": 2634.299999998935, "N_RNAP": 41, "N_Ribo": 3, "N_ATP": 1000, "seed": 41}