{"t_death": 2391.3000000000075, "death_mode": "cycle_collapse", "pnr_type": "rnap_deadlock", "t_pnr": 2227.5000000000737, "dt_walking_dead": 163.7999999999338, "N_RNAP": 3, "N_Ribo": 100, "N_ATP": 1000, "seed": 39}