{"t_death": 3093.2999999997237, "death_mode": "cycle_collapse", "pnr_type": "rnap_deadlock", "t_pnr": 2876.3999999998114, "dt_walking_dead": 216.89999999991232, "N_RNAP": 2, "N_Ribo": 7, "N_ATP": 1000, "seed": 78}