{"t_death": 5664.599999998684, "death_mode": "ribo_collapse", "pnr_type": "ribo_depletion", "t_pnr": 2395.350000000006, "dt_walking_dead": 3269.2499999986785, "N_RNAP": 41, "N_Ribo": 2, "N_ATP": 1000, "seed": 25}