{"t_death": 1786.0500000001196, "death_mode": "cycle_collapse", "pnr_type": "rnap_deadlock", "t_pnr": 1718.1000000001127, "dt_walking_dead": 67.95000000000687, "N_RNAP": 17, "N_Ribo": 2, "N_ATP": 1000, "seed": 88}