{"t_death": 3500.0999999995593, "death_mode": "ribo_collapse", "pnr_type": "ribo_depletion", "t_pnr": 1130.8500000000533, "dt_walking_dead": 2369.249999999506, "N_RNAP": 64, "N_Ribo": 4, "N_ATP": 1000, "seed": 73}