{"t_death": 3852.8999999994167, "death_mode": "cycle_collapse", "pnr_type": "rnap_deadlock", "t_pnr": 3852.8999999994167, "dt_walking_dead": 0.0, "N_RNAP": 17, "N_Ribo": 100, "N_ATP": 1000, "seed": 60}