{"t_death": 5838.299999998614, "death_mode": "ribo_collapse", "pnr_type": "ribo_depletion", "t_pnr": 900.9000000000302, "dt_walking_dead": 4937.399999998584, "N_RNAP": 64, "N_Ribo": 3, "N_ATP": 1000, "seed": 51}