{"t_death": 2945.6999999997834, "death_mode": "ribo_collapse", "pnr_type": "ribo_depletion", "t_pnr": 2379.600000000012, "dt_walking_dead": 566.0999999997712, "N_RNAP": 7, "N_Ribo": 11, "N_ATP": 1000, "seed": 82}