{"t_death": 5064.299999998927, "death_mode": "ribo_collapse", "pnr_type": "ribo_depletion", "t_pnr": 4401.449999999195, "dt_walking_dead": 662.8499999997321, "N_RNAP": 27, "N_Ribo": 7, "N_ATP": 1000, "seed": 68}