{"t_death": 2177.100000000094, "death_mode": "cycle_collapse", "pnr_type": "rnap_deadlock", "t_pnr": 2138.4000000001097, "dt_walking_dead": 38.69999999998436, "N_RNAP": 3, "N_Ribo": 100, "N_ATP": 1000, "seed": 82}