{"t_death": 4119.749999999309, "death_mode": "ribo_collapse", "pnr_type": "ribo_depletion", "t_pnr": 981.4500000000384, "dt_walking_dead": 3138.2999999992703, "N_RNAP": 11, "N_Ribo": 3, "N_ATP": 1000, "seed": 43}