{"t_death": 1551.1500000000958, "death_mode": "ribo_collapse", "pnr_type": "ribo_depletion", "t_pnr": 1384.200000000079, "dt_walking_dead": 166.95000000001687, "N_RNAP": 2, "N_Ribo": 3, "N_ATP": 1000, "seed": 11}