{"t_death": 3506.8499999995565, "death_mode": "ribo_collapse", "pnr_type": "ribo_depletion", "t_pnr": 2353.5000000000227, "dt_walking_dead": 1153.3499999995338, "N_RNAP": 11, "N_Ribo": 4, "N_ATP": 1000, "seed": 22}