{"t_death": 10256.850000001, "death_mode": "ribo_collapse", "pnr_type": "ribo_depletion", "t_pnr": 8752.94999999857, "dt_walking_dead": 1503.9000000024316, "N_RNAP": 41, "N_Ribo": 4, "N_ATP": 1000, "seed": 11}