{"t_death": 2679.749999999891, "death_mode": "ribo_collapse", "pnr_type": "ribo_depletion", "t_pnr": 2109.6000000001213, "dt_walking_dead": 570.1499999997695, "N_RNAP": 11, "N_Ribo": 4, "N_ATP": 1000, "seed": 43}