{"t_death": 1844.5500000001255, "death_mode": "ribo_collapse", "pnr_type": "ribo_depletion", "t_pnr": 1682.550000000109, "dt_walking_dead": 162.00000000001637, "N_RNAP": 3, "N_Ribo": 4, "N_ATP": 1000, "seed": 48}