{"t_death": 2715.7499999998763, "death_mode": "ribo_collapse", "pnr_type": "ribo_depletion", "t_pnr": 2141.1000000001086, "dt_walking_dead": 574.6499999997677, "N_RNAP": 27, "N_Ribo": 3, "N_ATP": 1000, "seed": 39}