{"t_death": 2507.8499999999603, "death_mode": "cycle_collapse", "pnr_type": "rnap_deadlock", "t_pnr": 2384.1000000000104, "dt_walking_dead": 123.74999999994998, "N_RNAP": 2, "N_Ribo": 4, "N_ATP": 1000, "seed": 38}