{"t_death": 4737.149999999059, "death_mode": "ribo_collapse", "pnr_type": "ribo_depletion", "t_pnr": 2398.0500000000047, "dt_walking_dead": 2339.0999999990545, "N_RNAP": 41, "N_Ribo": 3, "N_ATP": 1000, "seed": 39}