{"t_death": 2260.80000000006, "death_mode": "cycle_collapse", "pnr_type": "rnap_deadlock", "t_pnr": 2168.1000000000977, "dt_walking_dead": 92.69999999996253, "N_RNAP": 11, "N_Ribo": 3, "N_ATP": 1000, "seed": 66}