{"t_death": 3913.649999999392, "death_mode": "ribo_collapse", "pnr_type": "ribo_depletion", "t_pnr": 3252.1499999996595, "dt_walking_dead": 661.4999999997326, "N_RNAP": 17, "N_Ribo": 41, "N_ATP": 1000, "seed": 83}