{"t_death": 4246.199999999258, "death_mode": "ribo_collapse", "pnr_type": "ribo_depletion", "t_pnr": 1097.55000000005, "dt_walking_dead": 3148.6499999992075, "N_RNAP": 7, "N_Ribo": 11, "N_ATP": 1000, "seed": 39}