{"t_death": 7087.049999998109, "death_mode": "ribo_collapse", "pnr_type": "ribo_depletion", "t_pnr": 6928.199999998174, "dt_walking_dead": 158.8499999999358, "N_RNAP": 27, "N_Ribo": 64, "N_ATP": 1000, "seed": 53}