{"t_death": 3030.299999999749, "death_mode": "cycle_collapse", "pnr_type": "rnap_deadlock", "t_pnr": 2624.849999999913, "dt_walking_dead": 405.4499999998361, "N_RNAP": 4, "N_Ribo": 2, "N_ATP": 1000, "seed": 37}