{"t_death": 3018.149999999754, "death_mode": "ribo_collapse", "pnr_type": "ribo_depletion", "t_pnr": 2703.599999999881, "dt_walking_dead": 314.54999999987285, "N_RNAP": 3, "N_Ribo": 41, "N_ATP": 1000, "seed": 23}