{"t_death": 2419.199999999996, "death_mode": "cycle_collapse", "pnr_type": "rnap_deadlock", "t_pnr": 2403.4500000000025, "dt_walking_dead": 15.749999999993634, "N_RNAP": 27, "N_Ribo": 11, "N_ATP": 1000, "seed": 72}