{"t_death": 5552.999999998729, "death_mode": "ribo_collapse", "pnr_type": "ribo_depletion", "t_pnr": 625.0500000000023, "dt_walking_dead": 4927.949999998727, "N_RNAP": 100, "N_Ribo": 3, "N_ATP": 1000, "seed": 40}