{"t_death": 4398.299999999196, "death_mode": "ribo_collapse", "pnr_type": "ribo_depletion", "t_pnr": 2995.1999999997633, "dt_walking_dead": 1403.0999999994328, "N_RNAP": 64, "N_Ribo": 3, "N_ATP": 1000, "seed": 0}