{"t_death": 2163.1500000000997, "death_mode": "ribo_collapse", "pnr_type": "ribo_depletion", "t_pnr": 1077.750000000048, "dt_walking_dead": 1085.4000000000517, "N_RNAP": 2, "N_Ribo": 4, "N_ATP": 1000, "seed": 99}