{"t_death": 731.7000000000131, "death_mode": "ribo_collapse", "pnr_type": "ribo_depletion", "t_pnr": 288.4499999999965, "dt_walking_dead": 443.2500000000166, "N_RNAP": 2, "N_Ribo": 2, "N_ATP": 1000, "seed": 21}