{"t_death": 6079.049999998517, "death_mode": "ribo_collapse", "pnr_type": "ribo_depletion", "t_pnr": 5002.199999998952, "dt_walking_dead": 1076.8499999995647, "N_RNAP": 64, "N_Ribo": 4, "N_ATP": 1000, "seed": 68}