{"t_death": 1744.6500000001154, "death_mode": "cycle_collapse", "pnr_type": "rnap_deadlock", "t_pnr": 1638.4500000001046, "dt_walking_dead": 106.20000000001073, "N_RNAP": 3, "N_Ribo": 11, "N_ATP": 1000, "seed": 60}