{"t_death": 5604.7499999987085, "death_mode": "ribo_collapse", "pnr_type": "ribo_depletion", "t_pnr": 2398.0500000000047, "dt_walking_dead": 3206.699999998704, "N_RNAP": 27, "N_Ribo": 7, "N_ATP": 1000, "seed": 17}