{"t_death": 7712.999999997856, "death_mode": "ribo_collapse", "pnr_type": "ribo_depletion", "t_pnr": 4822.649999999025, "dt_walking_dead": 2890.3499999988317, "N_RNAP": 17, "N_Ribo": 100, "N_ATP": 1000, "seed": 45}