{"t_death": 5203.799999998871, "death_mode": "ribo_collapse", "pnr_type": "ribo_depletion", "t_pnr": 4901.849999998993, "dt_walking_dead": 301.94999999987795, "N_RNAP": 64, "N_Ribo": 27, "N_ATP": 1000, "seed": 97}