{"t_death": 4035.149999999343, "death_mode": "ribo_collapse", "pnr_type": "ribo_depletion", "t_pnr": 1983.6000000001395, "dt_walking_dead": 2051.5499999992035, "N_RNAP": 41, "N_Ribo": 11, "N_ATP": 1000, "seed": 97}