{"t_death": 7543.349999997925, "death_mode": "ribo_collapse", "pnr_type": "ribo_depletion", "t_pnr": 5534.999999998737, "dt_walking_dead": 2008.3499999991882, "N_RNAP": 100, "N_Ribo": 17, "N_ATP": 1000, "seed": 99}