{"t_death": 3614.399999999513, "death_mode": "ribo_collapse", "pnr_type": "ribo_depletion", "t_pnr": 626.8500000000025, "dt_walking_dead": 2987.5499999995104, "N_RNAP": 100, "N_Ribo": 3, "N_ATP": 1000, "seed": 71}