{"t_death": 6752.249999998245, "death_mode": "ribo_collapse", "pnr_type": "ribo_depletion", "t_pnr": 6112.799999998503, "dt_walking_dead": 639.4499999997415, "N_RNAP": 17, "N_Ribo": 100, "N_ATP": 1000, "seed": 56}