{"t_death": 1770.750000000118, "death_mode": "cycle_collapse", "pnr_type": "rnap_deadlock", "t_pnr": 1590.3000000000998, "dt_walking_dead": 180.45000000001824, "N_RNAP": 3, "N_Ribo": 11, "N_ATP": 1000, "seed": 96}