{"t_death": 8307.89999999785, "death_mode": "ribo_collapse", "pnr_type": "ribo_depletion", "t_pnr": 3638.2499999995034, "dt_walking_dead": 4669.649999998346, "N_RNAP": 3, "N_Ribo": 100, "N_ATP": 1000, "seed": 16}