{"t_death": 6498.449999998347, "death_mode": "ribo_collapse", "pnr_type": "ribo_depletion", "t_pnr": 3645.8999999995003, "dt_walking_dead": 2852.549999998847, "N_RNAP": 100, "N_Ribo": 7, "N_ATP": 1000, "seed": 48}