{"t_death": 3145.9499999997024, "death_mode": "ribo_collapse", "pnr_type": "ribo_depletion", "t_pnr": 2643.2999999999056, "dt_walking_dead": 502.6499999997968, "N_RNAP": 27, "N_Ribo": 4, "N_ATP": 1000, "seed": 10}