{"t_death": 3673.799999999489, "death_mode": "ribo_collapse", "pnr_type": "ribo_depletion", "t_pnr": 3335.8499999996257, "dt_walking_dead": 337.9499999998634, "N_RNAP": 4, "N_Ribo": 11, "N_ATP": 1000, "seed": 91}