{"t_death": 5824.34999999862, "death_mode": "ribo_collapse", "pnr_type": "ribo_depletion", "t_pnr": 3918.1499999993903, "dt_walking_dead": 1906.1999999992295, "N_RNAP": 11, "N_Ribo": 64, "N_ATP": 1000, "seed": 37}