{"t_death": 3919.04999999939, "death_mode": "ribo_collapse", "pnr_type": "ribo_depletion", "t_pnr": 3451.9499999995787, "dt_walking_dead": 467.0999999998112, "N_RNAP": 41, "N_Ribo": 11, "N_ATP": 1000, "seed": 93}