{"t_death": 870.7500000000272, "death_mode": "cycle_collapse", "pnr_type": "rnap_deadlock", "t_pnr": 756.4500000000156, "dt_walking_dead": 114.30000000001155, "N_RNAP": 3, "N_Ribo": 64, "N_ATP": 1000, "seed": 56}