{"t_death": 5480.549999998759, "death_mode": "ribo_collapse", "pnr_type": "ribo_depletion", "t_pnr": 3431.699999999587, "dt_walking_dead": 2048.849999999172, "N_RNAP": 64, "N_Ribo": 11, "N_ATP": 1000, "seed": 19}