{"t_death": 3781.3499999994456, "death_mode": "ribo_collapse", "pnr_type": "ribo_depletion", "t_pnr": 2520.899999999955, "dt_walking_dead": 1260.4499999994905, "N_RNAP": 17, "N_Ribo": 27, "N_ATP": 1000, "seed": 61}