{"t_death": 6161.849999998483, "death_mode": "ribo_collapse", "pnr_type": "ribo_depletion", "t_pnr": 1514.7000000000921, "dt_walking_dead": 4647.149999998392, "N_RNAP": 27, "N_Ribo": 2, "N_ATP": 1000, "seed": 94}