{"t_death": 4289.39999999924, "death_mode": "ribo_collapse", "pnr_type": "ribo_depletion", "t_pnr": 4095.4499999993186, "dt_walking_dead": 193.9499999999216, "N_RNAP": 11, "N_Ribo": 41, "N_ATP": 1000, "seed": 48}