{"t_death": 5544.449999998733, "death_mode": "ribo_collapse", "pnr_type": "ribo_depletion", "t_pnr": 1886.4000000001297, "dt_walking_dead": 3658.049999998603, "N_RNAP": 100, "N_Ribo": 2, "N_ATP": 1000, "seed": 47}