{"t_death": 1766.2500000001176, "death_mode": "ribo_collapse", "pnr_type": "ribo_depletion", "t_pnr": 1022.4000000000425, "dt_walking_dead": 743.850000000075, "N_RNAP": 7, "N_Ribo": 2, "N_ATP": 1000, "seed": 31}