{"t_death": 7561.349999997918, "death_mode": "atp_depletion", "pnr_type": "ribo_depletion", "t_pnr": 3791.2499999994416, "dt_walking_dead": 3770.099999998476, "N_RNAP": 100, "N_Ribo": 17, "N_ATP": 1000, "seed": 22}