{"t_death": 4363.19999999921, "death_mode": "ribo_collapse", "pnr_type": "ribo_depletion", "t_pnr": 3130.6499999997086, "dt_walking_dead": 1232.5499999995018, "N_RNAP": 17, "N_Ribo": 7, "N_ATP": 1000, "seed": 78}