{"t_death": 1974.1500000001386, "death_mode": "ribo_collapse", "pnr_type": "ribo_depletion", "t_pnr": 1777.9500000001187, "dt_walking_dead": 196.20000000001983, "N_RNAP": 7, "N_Ribo": 4, "N_ATP": 1000, "seed": 63}