{"t_death": 1874.7000000001285, "death_mode": "ribo_collapse", "pnr_type": "ribo_depletion", "t_pnr": 937.800000000034, "dt_walking_dead": 936.9000000000946, "N_RNAP": 7, "N_Ribo": 7, "N_ATP": 1000, "seed": 0}