{"t_death": 1152.4500000000555, "death_mode": "ribo_collapse", "pnr_type": "ribo_depletion", "t_pnr": 706.0500000000105, "dt_walking_dead": 446.400000000045, "N_RNAP": 2, "N_Ribo": 3, "N_ATP": 1000, "seed": 75}