{"t_death": 4846.049999999015, "death_mode": "ribo_collapse", "pnr_type": "ribo_depletion", "t_pnr": 689.8500000000089, "dt_walking_dead": 4156.199999999007, "N_RNAP": 64, "N_Ribo": 2, "N_ATP": 1000, "seed": 35}