{"t_death": 6293.24999999843, "death_mode": "ribo_collapse", "pnr_type": "ribo_depletion", "t_pnr": 4261.049999999252, "dt_walking_dead": 2032.1999999991785, "N_RNAP": 64, "N_Ribo": 27, "N_ATP": 1000, "seed": 66}