{"t_death": 2933.999999999788, "death_mode": "ribo_collapse", "pnr_type": "ribo_depletion", "t_pnr": 2580.299999999931, "dt_walking_dead": 353.699999999857, "N_RNAP": 64, "N_Ribo": 3, "N_ATP": 1000, "seed": 15}