{"t_death": 1704.6000000001113, "death_mode": "cycle_collapse", "pnr_type": "rnap_deadlock", "t_pnr": 1594.3500000001002, "dt_walking_dead": 110.25000000001114, "N_RNAP": 3, "N_Ribo": 3, "N_ATP": 1000, "seed": 47}