{"t_death": 4282.199999999243, "death_mode": "ribo_collapse", "pnr_type": "ribo_depletion", "t_pnr": 2492.9999999999663, "dt_walking_dead": 1789.1999999992768, "N_RNAP": 100, "N_Ribo": 2, "N_ATP": 1000, "seed": 38}