{"t_death": 5860.799999998605, "death_mode": "cycle_collapse", "pnr_type": "rnap_deadlock", "t_pnr": 5714.099999998664, "dt_walking_dead": 146.6999999999407, "N_RNAP": 41, "N_Ribo": 27, "N_ATP": 1000, "seed": 97}