{"t_death": 1822.0500000001232, "death_mode": "cycle_collapse", "pnr_type": "rnap_deadlock", "t_pnr": 1782.4500000001192, "dt_walking_dead": 39.600000000004, "N_RNAP": 3, "N_Ribo": 7, "N_ATP": 1000, "seed": 37}