{"t_death": 2219.8500000000768, "death_mode": "ribo_collapse", "pnr_type": "ribo_depletion", "t_pnr": 1094.8500000000497, "dt_walking_dead": 1125.000000000027, "N_RNAP": 7, "N_Ribo": 2, "N_ATP": 1000, "seed": 44}