{"t_death": 4566.599999999128, "death_mode": "ribo_collapse", "pnr_type": "ribo_depletion", "t_pnr": 2517.7499999999563, "dt_walking_dead": 2048.849999999172, "N_RNAP": 64, "N_Ribo": 4, "N_ATP": 1000, "seed": 51}