{"t_death": 2854.79999999982, "death_mode": "ribo_collapse", "pnr_type": "ribo_depletion", "t_pnr": 2698.649999999883, "dt_walking_dead": 156.14999999993688, "N_RNAP": 27, "N_Ribo": 4, "N_ATP": 1000, "seed": 34}