{"t_death": 5201.099999998872, "death_mode": "cycle_collapse", "pnr_type": "rnap_deadlock", "t_pnr": 5140.349999998896, "dt_walking_dead": 60.749999999975444, "N_RNAP": 27, "N_Ribo": 27, "N_ATP": 1000, "seed": 61}