{"t_death": 4247.099999999257, "death_mode": "ribo_collapse", "pnr_type": "ribo_depletion", "t_pnr": 3302.999999999639, "dt_walking_dead": 944.0999999996184, "N_RNAP": 27, "N_Ribo": 17, "N_ATP": 1000, "seed": 56}