{"t_death": 2100.600000000125, "death_mode": "cycle_collapse", "pnr_type": "rnap_deadlock", "t_pnr": 1991.7000000001403, "dt_walking_dead": 108.89999999998463, "N_RNAP": 11, "N_Ribo": 4, "N_ATP": 1000, "seed": 66}