{"t_death": 1323.9000000000729, "death_mode": "ribo_collapse", "pnr_type": "ribo_depletion", "t_pnr": 843.7500000000244, "dt_walking_dead": 480.1500000000484, "N_RNAP": 2, "N_Ribo": 4, "N_ATP": 1000, "seed": 16}