{"t_death": 3324.59999999963, "death_mode": "ribo_collapse", "pnr_type": "ribo_depletion", "t_pnr": 2663.0999999998976, "dt_walking_dead": 661.4999999997326, "N_RNAP": 27, "N_Ribo": 7, "N_ATP": 1000, "seed": 23}