{"t_death": 3235.949999999666, "death_mode": "ribo_collapse", "pnr_type": "ribo_depletion", "t_pnr": 3213.899999999675, "dt_walking_dead": 22.049999999991087, "N_RNAP": 3, "N_Ribo": 17, "N_ATP": 1000, "seed": 9}