{"t_death": 4586.39999999912, "death_mode": "ribo_collapse", "pnr_type": "ribo_depletion", "t_pnr": 2069.1000000001377, "dt_walking_dead": 2517.2999999989825, "N_RNAP": 41, "N_Ribo": 3, "N_ATP": 1000, "seed": 58}