{"t_death": 1303.6500000000708, "death_mode": "cycle_collapse", "pnr_type": "rnap_deadlock", "t_pnr": 1233.4500000000637, "dt_walking_dead": 70.2000000000071, "N_RNAP": 4, "N_Ribo": 27, "N_ATP": 1000, "seed": 49}