{"t_death": 526.0499999999923, "death_mode": "cycle_collapse", "pnr_type": "rnap_deadlock", "t_pnr": 517.9499999999915, "dt_walking_dead": 8.100000000000819, "N_RNAP": 2, "N_Ribo": 2, "N_ATP": 1000, "seed": 25}