{"t_death": 5556.599999998728, "death_mode": "cycle_collapse", "pnr_type": "rnap_deadlock", "t_pnr": 5553.449999998729, "dt_walking_dead": 3.1499999999987267, "N_RNAP": 100, "N_Ribo": 17, "N_ATP": 1000, "seed": 12}