{"t_death": 1505.7000000000912, "death_mode": "cycle_collapse", "pnr_type": "rnap_deadlock", "t_pnr": 1404.000000000081, "dt_walking_dead": 101.70000000001028, "N_RNAP": 7, "N_Ribo": 41, "N_ATP": 1000, "seed": 76}