{"t_death": 7325.099999998013, "death_mode": "ribo_collapse", "pnr_type": "ribo_depletion", "t_pnr": 4792.499999999037, "dt_walking_dead": 2532.5999999989763, "N_RNAP": 41, "N_Ribo": 27, "N_ATP": 1000, "seed": 10}