{"t_death": 5328.89999999882, "death_mode": "cycle_collapse", "pnr_type": "rnap_deadlock", "t_pnr": 5195.249999998874, "dt_walking_dead": 133.64999999994598, "N_RNAP": 27, "N_Ribo": 11, "N_ATP": 1000, "seed": 3}