{"t_death": 3185.0999999996866, "death_mode": "ribo_collapse", "pnr_type": "ribo_depletion", "t_pnr": 420.7499999999932, "dt_walking_dead": 2764.3499999996934, "N_RNAP": 4, "N_Ribo": 3, "N_ATP": 1000, "seed": 83}