{"t_death": 2248.2000000000653, "death_mode": "cycle_collapse", "pnr_type": "rnap_deadlock", "t_pnr": 2247.7500000000655, "dt_walking_dead": 0.4499999999998181, "N_RNAP": 7, "N_Ribo": 3, "N_ATP": 1000, "seed": 70}