{"t_death": 5623.199999998701, "death_mode": "ribo_collapse", "pnr_type": "ribo_depletion", "t_pnr": 3412.3499999995947, "dt_walking_dead": 2210.8499999991063, "N_RNAP": 41, "N_Ribo": 7, "N_ATP": 1000, "seed": 96}