{"t_death": 3012.7499999997563, "death_mode": "cycle_collapse", "pnr_type": "rnap_deadlock", "t_pnr": 2978.54999999977, "dt_walking_dead": 34.199999999986176, "N_RNAP": 27, "N_Ribo": 11, "N_ATP": 1000, "seed": 4}