{"t_death": 2764.7999999998565, "death_mode": "ribo_collapse", "pnr_type": "ribo_depletion", "t_pnr": 1266.300000000067, "dt_walking_dead": 1498.4999999997895, "N_RNAP": 4, "N_Ribo": 3, "N_ATP": 1000, "seed": 58}