{"t_death": 1493.55000000009, "death_mode": "ribo_collapse", "pnr_type": "ribo_depletion", "t_pnr": 722.7000000000122, "dt_walking_dead": 770.8500000000778, "N_RNAP": 4, "N_Ribo": 2, "N_ATP": 1000, "seed": 82}