{"t_death": 2554.1999999999416, "death_mode": "ribo_collapse", "pnr_type": "ribo_depletion", "t_pnr": 2383.6500000000106, "dt_walking_dead": 170.54999999993106, "N_RNAP": 7, "N_Ribo": 3, "N_ATP": 1000, "seed": 21}