{"t_death": 4693.499999999077, "death_mode": "ribo_collapse", "pnr_type": "ribo_depletion", "t_pnr": 128.25000000000057, "dt_walking_dead": 4565.249999999076, "N_RNAP": 41, "N_Ribo": 3, "N_ATP": 1000, "seed": 67}