{"t_death": 1410.3000000000816, "death_mode": "cycle_collapse", "pnr_type": "rnap_deadlock", "t_pnr": 1410.3000000000816, "dt_walking_dead": 0.0, "N_RNAP": 11, "N_Ribo": 27, "N_ATP": 1000, "seed": 81}