{"t_death": 5316.749999998825, "death_mode": "ribo_collapse", "pnr_type": "ribo_depletion", "t_pnr": 2133.9000000001115, "dt_walking_dead": 3182.8499999987134, "N_RNAP": 100, "N_Ribo": 3, "N_ATP": 1000, "seed": 93}