{"t_death": 6008.399999998545, "death_mode": "ribo_collapse", "pnr_type": "ribo_depletion", "t_pnr": 2632.94999999991, "dt_walking_dead": 3375.4499999986356, "N_RNAP": 64, "N_Ribo": 11, "N_ATP": 1000, "seed": 29}