{"t_death": 6702.299999998265, "death_mode": "ribo_collapse", "pnr_type": "ribo_depletion", "t_pnr": 4708.349999999071, "dt_walking_dead": 1993.949999999194, "N_RNAP": 2, "N_Ribo": 64, "N_ATP": 1000, "seed": 71}