{"t_death": 4445.099999999177, "death_mode": "cycle_collapse", "pnr_type": "rnap_deadlock", "t_pnr": 4329.899999999224, "dt_walking_dead": 115.19999999995343, "N_RNAP": 2, "N_Ribo": 100, "N_ATP": 1000, "seed": 94}