{"t_death": 2337.3000000000293, "death_mode": "cycle_collapse", "pnr_type": "rnap_deadlock", "t_pnr": 1952.5500000001364, "dt_walking_dead": 384.7499999998929, "N_RNAP": 7, "N_Ribo": 2, "N_ATP": 1000, "seed": 60}