{"t_death": 3671.09999999949, "death_mode": "ribo_collapse", "pnr_type": "ribo_depletion", "t_pnr": 1282.9500000000687, "dt_walking_dead": 2388.149999999421, "N_RNAP": 11, "N_Ribo": 4, "N_ATP": 1000, "seed": 68}