{"t_death": 5417.099999998784, "death_mode": "ribo_collapse", "pnr_type": "ribo_depletion", "t_pnr": 3008.699999999758, "dt_walking_dead": 2408.3999999990265, "N_RNAP": 7, "N_Ribo": 41, "N_ATP": 1000, "seed": 27}