{"t_death": 4508.099999999152, "death_mode": "ribo_collapse", "pnr_type": "ribo_depletion", "t_pnr": 721.3500000000121, "dt_walking_dead": 3786.7499999991396, "N_RNAP": 64, "N_Ribo": 2, "N_ATP": 1000, "seed": 11}