{"t_death": 4797.449999999035, "death_mode": "ribo_collapse", "pnr_type": "ribo_depletion", "t_pnr": 4466.6999999991685, "dt_walking_dead": 330.7499999998663, "N_RNAP": 41, "N_Ribo": 17, "N_ATP": 1000, "seed": 9}