{"t_death": 1328.8500000000734, "death_mode": "cycle_collapse", "pnr_type": "rnap_deadlock", "t_pnr": 1328.8500000000734, "dt_walking_dead": 0.0, "N_RNAP": 11, "N_Ribo": 11, "N_ATP": 1000, "seed": 22}