{"t_death": 2648.2499999999036, "death_mode": "ribo_collapse", "pnr_type": "ribo_depletion", "t_pnr": 949.5000000000351, "dt_walking_dead": 1698.7499999998686, "N_RNAP": 27, "N_Ribo": 3, "N_ATP": 1000, "seed": 65}