{"t_death": 3460.949999999575, "death_mode": "ribo_collapse", "pnr_type": "ribo_depletion", "t_pnr": 1718.5500000001127, "dt_walking_dead": 1742.3999999994624, "N_RNAP": 27, "N_Ribo": 4, "N_ATP": 1000, "seed": 63}