{"t_death": 4473.449999999166, "death_mode": "ribo_collapse", "pnr_type": "ribo_depletion", "t_pnr": 3948.299999999378, "dt_walking_dead": 525.1499999997877, "N_RNAP": 3, "N_Ribo": 100, "N_ATP": 1000, "seed": 25}