{"t_death": 8141.399999997683, "death_mode": "ribo_collapse", "pnr_type": "ribo_depletion", "t_pnr": 2941.199999999785, "dt_walking_dead": 5200.199999997898, "N_RNAP": 64, "N_Ribo": 3, "N_ATP": 1000, "seed": 58}