{"t_death": 2216.250000000078, "death_mode": "cycle_collapse", "pnr_type": "rnap_deadlock", "t_pnr": 2187.00000000009, "dt_walking_dead": 29.249999999988177, "N_RNAP": 11, "N_Ribo": 27, "N_ATP": 1000, "seed": 26}