{"t_death": 4525.199999999145, "death_mode": "ribo_collapse", "pnr_type": "ribo_depletion", "t_pnr": 2323.8000000000347, "dt_walking_dead": 2201.39999999911, "N_RNAP": 27, "N_Ribo": 4, "N_ATP": 1000, "seed": 19}