{"t_death": 2101.5000000001246, "death_mode": "cycle_collapse", "pnr_type": "rnap_deadlock", "t_pnr": 2101.5000000001246, "dt_walking_dead": 0.0, "N_RNAP": 3, "N_Ribo": 100, "N_ATP": 1000, "seed": 36}