{"t_death": 6651.449999998285, "death_mode": "ribo_collapse", "pnr_type": "ribo_depletion", "t_pnr": 1252.3500000000656, "dt_walking_dead": 5399.09999999822, "N_RNAP": 11, "N_Ribo": 3, "N_ATP": 1000, "seed": 94}