{"t_death": 3414.599999999594, "death_mode": "cycle_collapse", "pnr_type": "rnap_deadlock", "t_pnr": 3374.09999999961, "dt_walking_dead": 40.49999999998363, "N_RNAP": 11, "N_Ribo": 41, "N_ATP": 1000, "seed": 62}