{"t_death": 2489.399999999968, "death_mode": "ribo_collapse", "pnr_type": "ribo_depletion", "t_pnr": 1935.0000000001346, "dt_walking_dead": 554.3999999998332, "N_RNAP": 17, "N_Ribo": 3, "N_ATP": 1000, "seed": 67}