{"t_death": 3830.3999999994257, "death_mode": "ribo_collapse", "pnr_type": "ribo_depletion", "t_pnr": 323.09999999999565, "dt_walking_dead": 3507.29999999943, "N_RNAP": 41, "N_Ribo": 2, "N_ATP": 1000, "seed": 63}