{"t_death": 5203.349999998871, "death_mode": "ribo_collapse", "pnr_type": "ribo_depletion", "t_pnr": 4157.999999999293, "dt_walking_dead": 1045.3499999995774, "N_RNAP": 41, "N_Ribo": 64, "N_ATP": 1000, "seed": 66}