{"t_death": 7164.899999998078, "death_mode": "ribo_collapse", "pnr_type": "ribo_depletion", "t_pnr": 2325.150000000034, "dt_walking_dead": 4839.749999998044, "N_RNAP": 64, "N_Ribo": 17, "N_ATP": 1000, "seed": 24}