{"t_death": 1874.2500000001285, "death_mode": "ribo_collapse", "pnr_type": "ribo_depletion", "t_pnr": 1138.9500000000542, "dt_walking_dead": 735.3000000000743, "N_RNAP": 4, "N_Ribo": 4, "N_ATP": 1000, "seed": 79}