{"t_death": 3821.849999999429, "death_mode": "cycle_collapse", "pnr_type": "rnap_deadlock", "t_pnr": 3679.6499999994867, "dt_walking_dead": 142.19999999994252, "N_RNAP": 4, "N_Ribo": 64, "N_ATP": 1000, "seed": 92}