{"t_death": 4447.799999999176, "death_mode": "ribo_collapse", "pnr_type": "ribo_depletion", "t_pnr": 3798.4499999994387, "dt_walking_dead": 649.3499999997375, "N_RNAP": 17, "N_Ribo": 41, "N_ATP": 1000, "seed": 34}