{"t_death": 4559.849999999131, "death_mode": "ribo_collapse", "pnr_type": "ribo_depletion", "t_pnr": 1412.1000000000818, "dt_walking_dead": 3147.749999999049, "N_RNAP": 41, "N_Ribo": 3, "N_ATP": 1000, "seed": 40}