{"t_death": 4618.349999999107, "death_mode": "ribo_collapse", "pnr_type": "ribo_depletion", "t_pnr": 595.7999999999994, "dt_walking_dead": 4022.549999999108, "N_RNAP": 100, "N_Ribo": 3, "N_ATP": 1000, "seed": 13}