{"t_death": 4749.299999999054, "death_mode": "ribo_collapse", "pnr_type": "ribo_depletion", "t_pnr": 1239.3000000000643, "dt_walking_dead": 3509.99999999899, "N_RNAP": 7, "N_Ribo": 4, "N_ATP": 1000, "seed": 61}