{"t_death": 674.5500000000073, "death_mode": "ribo_collapse", "pnr_type": "ribo_depletion", "t_pnr": 502.1999999999911, "dt_walking_dead": 172.35000000001622, "N_RNAP": 4, "N_Ribo": 2, "N_ATP": 1000, "seed": 43}