{"t_death": 7132.049999998091, "death_mode": "ribo_collapse", "pnr_type": "ribo_depletion", "t_pnr": 4130.549999999304, "dt_walking_dead": 3001.4999999987867, "N_RNAP": 27, "N_Ribo": 7, "N_ATP": 1000, "seed": 25}