{"t_death": 2122.650000000116, "death_mode": "ribo_collapse", "pnr_type": "ribo_depletion", "t_pnr": 383.3999999999941, "dt_walking_dead": 1739.2500000001219, "N_RNAP": 7, "N_Ribo": 2, "N_ATP": 1000, "seed": 88}