{"t_death": 2482.6499999999705, "death_mode": "ribo_collapse", "pnr_type": "ribo_depletion", "t_pnr": 1547.1000000000954, "dt_walking_dead": 935.5499999998751, "N_RNAP": 41, "N_Ribo": 4, "N_ATP": 1000, "seed": 64}