{"t_death": 7479.449999997951, "death_mode": "ribo_collapse", "pnr_type": "ribo_depletion", "t_pnr": 5173.649999998883, "dt_walking_dead": 2305.799999999068, "N_RNAP": 3, "N_Ribo": 100, "N_ATP": 1000, "seed": 28}