{"t_death": 2393.5500000000065, "death_mode": "ribo_collapse", "pnr_type": "ribo_depletion", "t_pnr": 750.150000000015, "dt_walking_dead": 1643.3999999999915, "N_RNAP": 11, "N_Ribo": 4, "N_ATP": 1000, "seed": 15}