{"t_death": 1802.7000000001212, "death_mode": "cycle_collapse", "pnr_type": "rnap_deadlock", "t_pnr": 1753.6500000001163, "dt_walking_dead": 49.05000000000496, "N_RNAP": 7, "N_Ribo": 4, "N_ATP": 1000, "seed": 15}