{"t_death": 5858.099999998606, "death_mode": "cycle_collapse", "pnr_type": "rnap_deadlock", "t_pnr": 5791.949999998633, "dt_walking_dead": 66.14999999997326, "N_RNAP": 3, "N_Ribo": 64, "N_ATP": 1000, "seed": 97}