{"t_death": 4135.949999999302, "death_mode": "ribo_collapse", "pnr_type": "ribo_depletion", "t_pnr": 1204.6500000000608, "dt_walking_dead": 2931.2999999992417, "N_RNAP": 27, "N_Ribo": 3, "N_ATP": 1000, "seed": 70}