{"t_death": 3224.2499999996708, "death_mode": "ribo_collapse", "pnr_type": "ribo_depletion", "t_pnr": 579.5999999999977, "dt_walking_dead": 2644.649999999673, "N_RNAP": 17, "N_Ribo": 2, "N_ATP": 1000, "seed": 16}