{"t_death": 8159.399999997676, "death_mode": "ribo_collapse", "pnr_type": "ribo_depletion", "t_pnr": 4520.699999999147, "dt_walking_dead": 3638.699999998529, "N_RNAP": 100, "N_Ribo": 7, "N_ATP": 1000, "seed": 53}