{"t_death": 5160.599999998888, "death_mode": "ribo_collapse", "pnr_type": "ribo_depletion", "t_pnr": 2526.299999999953, "dt_walking_dead": 2634.299999998935, "N_RNAP": 27, "N_Ribo": 3, "N_ATP": 1000, "seed": 95}