{"t_death": 4572.449999999126, "death_mode": "ribo_collapse", "pnr_type": "ribo_depletion", "t_pnr": 3988.349999999362, "dt_walking_dead": 584.0999999997639, "N_RNAP": 100, "N_Ribo": 7, "N_ATP": 1000, "seed": 25}