{"t_death": 5114.699999998907, "death_mode": "ribo_collapse", "pnr_type": "ribo_depletion", "t_pnr": 3427.6499999995885, "dt_walking_dead": 1687.049999999318, "N_RNAP": 64, "N_Ribo": 11, "N_ATP": 1000, "seed": 24}