{"t_death": 5427.44999999878, "death_mode": "ribo_collapse", "pnr_type": "ribo_depletion", "t_pnr": 4587.74999999912, "dt_walking_dead": 839.6999999996606, "N_RNAP": 3, "N_Ribo": 17, "N_ATP": 1000, "seed": 20}