{"t_death": 7577.549999997911, "death_mode": "ribo_collapse", "pnr_type": "ribo_depletion", "t_pnr": 6718.949999998258, "dt_walking_dead": 858.5999999996529, "N_RNAP": 27, "N_Ribo": 100, "N_ATP": 1000, "seed": 25}