{"t_death": 2502.4499999999625, "death_mode": "ribo_collapse", "pnr_type": "ribo_depletion", "t_pnr": 533.6999999999931, "dt_walking_dead": 1968.7499999999695, "N_RNAP": 2, "N_Ribo": 2, "N_ATP": 1000, "seed": 1}