{"t_death": 3638.6999999995032, "death_mode": "ribo_collapse", "pnr_type": "ribo_depletion", "t_pnr": 2883.5999999998085, "dt_walking_dead": 755.0999999996948, "N_RNAP": 41, "N_Ribo": 17, "N_ATP": 1000, "seed": 3}