{"t_death": 4014.899999999351, "death_mode": "ribo_collapse", "pnr_type": "ribo_depletion", "t_pnr": 670.5000000000069, "dt_walking_dead": 3344.3999999993443, "N_RNAP": 41, "N_Ribo": 2, "N_ATP": 1000, "seed": 41}