{"t_death": 4594.049999999117, "death_mode": "ribo_collapse", "pnr_type": "ribo_depletion", "t_pnr": 3555.8999999995367, "dt_walking_dead": 1038.1499999995804, "N_RNAP": 64, "N_Ribo": 3, "N_ATP": 1000, "seed": 81}