{"t_death": 4403.249999999194, "death_mode": "ribo_collapse", "pnr_type": "ribo_depletion", "t_pnr": 2038.950000000145, "dt_walking_dead": 2364.299999999049, "N_RNAP": 2, "N_Ribo": 3, "N_ATP": 1000, "seed": 57}