{"t_death": 1156.050000000056, "death_mode": "ribo_collapse", "pnr_type": "ribo_depletion", "t_pnr": 853.6500000000254, "dt_walking_dead": 302.40000000003045, "N_RNAP": 4, "N_Ribo": 3, "N_ATP": 1000, "seed": 84}