{"t_death": 3479.8499999995674, "death_mode": "ribo_collapse", "pnr_type": "ribo_depletion", "t_pnr": 2096.5500000001266, "dt_walking_dead": 1383.2999999994408, "N_RNAP": 27, "N_Ribo": 3, "N_ATP": 1000, "seed": 74}