{"t_death": 3573.8999999995294, "death_mode": "ribo_collapse", "pnr_type": "ribo_depletion", "t_pnr": 2968.1999999997743, "dt_walking_dead": 605.6999999997552, "N_RNAP": 7, "N_Ribo": 4, "N_ATP": 1000, "seed": 16}