{"t_death": 5134.049999998899, "death_mode": "ribo_collapse", "pnr_type": "ribo_depletion", "t_pnr": 2686.0499999998883, "dt_walking_dead": 2447.9999999990105, "N_RNAP": 27, "N_Ribo": 17, "N_ATP": 1000, "seed": 47}