{"t_death": 6985.34999999815, "death_mode": "ribo_collapse", "pnr_type": "ribo_depletion", "t_pnr": 1029.600000000043, "dt_walking_dead": 5955.749999998107, "N_RNAP": 100, "N_Ribo": 3, "N_ATP": 1000, "seed": 87}