{"t_death": 4283.999999999242, "death_mode": "ribo_collapse", "pnr_type": "ribo_depletion", "t_pnr": 2139.750000000109, "dt_walking_dead": 2144.2499999991333, "N_RNAP": 27, "N_Ribo": 3, "N_ATP": 1000, "seed": 52}