{"t_death": 1261.8000000000666, "death_mode": "cycle_collapse", "pnr_type": "rnap_deadlock", "t_pnr": 1053.4500000000455, "dt_walking_dead": 208.35000000002105, "N_RNAP": 3, "N_Ribo": 2, "N_ATP": 1000, "seed": 15}