{"t_death": 5709.149999998666, "death_mode": "ribo_collapse", "pnr_type": "ribo_depletion", "t_pnr": 5683.499999998677, "dt_walking_dead": 25.64999999998963, "N_RNAP": 64, "N_Ribo": 41, "N_ATP": 1000, "seed": 96}