{"t_death": 6600.599999998306, "death_mode": "ribo_collapse", "pnr_type": "ribo_depletion", "t_pnr": 3999.1499999993575, "dt_walking_dead": 2601.4499999989484, "N_RNAP": 7, "N_Ribo": 100, "N_ATP": 1000, "seed": 21}