{"t_death": 5545.799999998732, "death_mode": "ribo_collapse", "pnr_type": "ribo_depletion", "t_pnr": 4246.199999999258, "dt_walking_dead": 1299.5999999994747, "N_RNAP": 7, "N_Ribo": 3, "N_ATP": 1000, "seed": 2}