{"t_death": 4120.649999999308, "death_mode": "ribo_collapse", "pnr_type": "ribo_depletion", "t_pnr": 3970.799999999369, "dt_walking_dead": 149.84999999993943, "N_RNAP": 64, "N_Ribo": 11, "N_ATP": 1000, "seed": 49}