{"t_death": 1814.4000000001224, "death_mode": "cycle_collapse", "pnr_type": "rnap_deadlock", "t_pnr": 1814.4000000001224, "dt_walking_dead": 0.0, "N_RNAP": 7, "N_Ribo": 100, "N_ATP": 1000, "seed": 59}