{"t_death": 1124.1000000000527, "death_mode": "ribo_collapse", "pnr_type": "ribo_depletion", "t_pnr": 550.7999999999948, "dt_walking_dead": 573.3000000000578, "N_RNAP": 2, "N_Ribo": 3, "N_ATP": 1000, "seed": 6}