{"t_death": 4237.649999999261, "death_mode": "ribo_collapse", "pnr_type": "ribo_depletion", "t_pnr": 1989.00000000014, "dt_walking_dead": 2248.649999999121, "N_RNAP": 100, "N_Ribo": 7, "N_ATP": 1000, "seed": 13}