{"t_death": 3952.3499999993765, "death_mode": "ribo_collapse", "pnr_type": "ribo_depletion", "t_pnr": 1206.000000000061, "dt_walking_dead": 2746.3499999993155, "N_RNAP": 17, "N_Ribo": 2, "N_ATP": 1000, "seed": 44}