{"t_death": 4328.999999999224, "death_mode": "ribo_collapse", "pnr_type": "ribo_depletion", "t_pnr": 2617.649999999916, "dt_walking_dead": 1711.3499999993082, "N_RNAP": 2, "N_Ribo": 11, "N_ATP": 1000, "seed": 12}