{"t_death": 589.0499999999987, "death_mode": "cycle_collapse", "pnr_type": "rnap_deadlock", "t_pnr": 144.90000000000015, "dt_walking_dead": 444.14999999999856, "N_RNAP": 3, "N_Ribo": 64, "N_ATP": 1000, "seed": 75}