{"t_death": 5699.24999999867, "death_mode": "ribo_collapse", "pnr_type": "ribo_depletion", "t_pnr": 1404.000000000081, "dt_walking_dead": 4295.249999998589, "N_RNAP": 7, "N_Ribo": 3, "N_ATP": 1000, "seed": 16}