{"t_death": 3184.6499999996868, "death_mode": "atp_depletion", "pnr_type": "ribo_depletion", "t_pnr": 1280.2500000000684, "dt_walking_dead": 1904.3999999996183, "N_RNAP": 100, "N_Ribo": 2, "N_ATP": 1000, "seed": 39}