{"t_death": 3073.049999999732, "death_mode": "cycle_collapse", "pnr_type": "rnap_deadlock", "t_pnr": 2942.099999999785, "dt_walking_dead": 130.94999999994707, "N_RNAP": 7, "N_Ribo": 100, "N_ATP": 1000, "seed": 85}