{"t_death": 4005.449999999355, "death_mode": "ribo_collapse", "pnr_type": "ribo_depletion", "t_pnr": 1488.6000000000895, "dt_walking_dead": 2516.8499999992655, "N_RNAP": 27, "N_Ribo": 2, "N_ATP": 1000, "seed": 83}