{"t_death": 3873.5999999994083, "death_mode": "ribo_collapse", "pnr_type": "ribo_depletion", "t_pnr": 2926.349999999791, "dt_walking_dead": 947.2499999996171, "N_RNAP": 17, "N_Ribo": 11, "N_ATP": 1000, "seed": 29}