{"t_death": 7196.399999998065, "death_mode": "ribo_collapse", "pnr_type": "ribo_depletion", "t_pnr": 6229.349999998456, "dt_walking_dead": 967.0499999996091, "N_RNAP": 27, "N_Ribo": 64, "N_ATP": 1000, "seed": 5}