{"t_death": 5869.349999998602, "death_mode": "ribo_collapse", "pnr_type": "ribo_depletion", "t_pnr": 4220.549999999268, "dt_walking_dead": 1648.7999999993335, "N_RNAP": 41, "N_Ribo": 100, "N_ATP": 1000, "seed": 36}