{"t_death": 5031.89999999894, "death_mode": "ribo_collapse", "pnr_type": "ribo_depletion", "t_pnr": 4173.749999999287, "dt_walking_dead": 858.1499999996531, "N_RNAP": 7, "N_Ribo": 17, "N_ATP": 1000, "seed": 41}