{"t_death": 2799.8999999998423, "death_mode": "ribo_collapse", "pnr_type": "ribo_depletion", "t_pnr": 1401.3000000000807, "dt_walking_dead": 1398.5999999997616, "N_RNAP": 17, "N_Ribo": 2, "N_ATP": 1000, "seed": 58}