{"t_death": 3351.1499999996195, "death_mode": "cycle_collapse", "pnr_type": "rnap_deadlock", "t_pnr": 3255.749999999658, "dt_walking_dead": 95.39999999996144, "N_RNAP": 11, "N_Ribo": 64, "N_ATP": 1000, "seed": 21}