{"t_death": 1776.6000000001186, "death_mode": "cycle_collapse", "pnr_type": "rnap_deadlock", "t_pnr": 1705.0500000001114, "dt_walking_dead": 71.55000000000723, "N_RNAP": 2, "N_Ribo": 41, "N_ATP": 1000, "seed": 71}