{"t_death": 3964.0499999993717, "death_mode": "ribo_collapse", "pnr_type": "ribo_depletion", "t_pnr": 3117.149999999714, "dt_walking_dead": 846.8999999996577, "N_RNAP": 17, "N_Ribo": 41, "N_ATP": 1000, "seed": 82}