{"t_death": 5087.249999998918, "death_mode": "cycle_collapse", "pnr_type": "rnap_deadlock", "t_pnr": 5021.099999998944, "dt_walking_dead": 66.14999999997326, "N_RNAP": 27, "N_Ribo": 64, "N_ATP": 1000, "seed": 54}