{"t_death": 3979.3499999993655, "death_mode": "cycle_collapse", "pnr_type": "rnap_deadlock", "t_pnr": 3917.2499999993906, "dt_walking_dead": 62.0999999999749, "N_RNAP": 100, "N_Ribo": 4, "N_ATP": 1000, "seed": 5}