{"t_death": 3810.149999999434, "death_mode": "ribo_collapse", "pnr_type": "ribo_depletion", "t_pnr": 2793.149999999845, "dt_walking_dead": 1016.9999999995889, "N_RNAP": 41, "N_Ribo": 2, "N_ATP": 1000, "seed": 84}