{"t_death": 2420.099999999996, "death_mode": "ribo_collapse", "pnr_type": "ribo_depletion", "t_pnr": 1613.250000000102, "dt_walking_dead": 806.8499999998937, "N_RNAP": 4, "N_Ribo": 4, "N_ATP": 1000, "seed": 83}