{"t_death": 1657.3500000001065, "death_mode": "ribo_collapse", "pnr_type": "ribo_depletion", "t_pnr": 875.2500000000276, "dt_walking_dead": 782.1000000000789, "N_RNAP": 7, "N_Ribo": 4, "N_ATP": 1000, "seed": 20}