{"t_death": 1829.700000000124, "death_mode": "ribo_collapse", "pnr_type": "ribo_depletion", "t_pnr": 325.3499999999956, "dt_walking_dead": 1504.3500000001284, "N_RNAP": 4, "N_Ribo": 2, "N_ATP": 1000, "seed": 32}