{"t_death": 7043.399999998127, "death_mode": "ribo_collapse", "pnr_type": "ribo_depletion", "t_pnr": 4010.849999999353, "dt_walking_dead": 3032.549999998774, "N_RNAP": 100, "N_Ribo": 4, "N_ATP": 1000, "seed": 47}