{"t_death": 4096.349999999318, "death_mode": "ribo_collapse", "pnr_type": "ribo_depletion", "t_pnr": 2616.2999999999165, "dt_walking_dead": 1480.0499999994017, "N_RNAP": 64, "N_Ribo": 3, "N_ATP": 1000, "seed": 40}