{"t_death": 5215.499999998866, "death_mode": "ribo_collapse", "pnr_type": "ribo_depletion", "t_pnr": 1686.1500000001095, "dt_walking_dead": 3529.349999998756, "N_RNAP": 2, "N_Ribo": 17, "N_ATP": 1000, "seed": 13}