{"t_death": 1765.3500000001175, "death_mode": "cycle_collapse", "pnr_type": "rnap_deadlock", "t_pnr": 1651.950000000106, "dt_walking_dead": 113.40000000001146, "N_RNAP": 11, "N_Ribo": 7, "N_ATP": 1000, "seed": 11}