{"t_death": 4466.249999999169, "death_mode": "ribo_collapse", "pnr_type": "ribo_depletion", "t_pnr": 4341.599999999219, "dt_walking_dead": 124.64999999994961, "N_RNAP": 7, "N_Ribo": 41, "N_ATP": 1000, "seed": 79}