{"t_death": 594.4499999999992, "death_mode": "cycle_collapse", "pnr_type": "rnap_deadlock", "t_pnr": 553.9499999999952, "dt_walking_dead": 40.50000000000409, "N_RNAP": 2, "N_Ribo": 64, "N_ATP": 1000, "seed": 81}