{"t_death": 7595.999999997904, "death_mode": "ribo_collapse", "pnr_type": "ribo_depletion", "t_pnr": 3460.0499999995754, "dt_walking_dead": 4135.949999998328, "N_RNAP": 41, "N_Ribo": 17, "N_ATP": 1000, "seed": 1}