{"t_death": 5384.249999998798, "death_mode": "ribo_collapse", "pnr_type": "ribo_depletion", "t_pnr": 2447.9999999999845, "dt_walking_dead": 2936.249999998813, "N_RNAP": 11, "N_Ribo": 2, "N_ATP": 1000, "seed": 28}