{"t_death": 1402.6500000000808, "death_mode": "cycle_collapse", "pnr_type": "rnap_deadlock", "t_pnr": 1395.9000000000801, "dt_walking_dead": 6.750000000000682, "N_RNAP": 3, "N_Ribo": 11, "N_ATP": 1000, "seed": 76}