{"t_death": 4874.399999999004, "death_mode": "ribo_collapse", "pnr_type": "ribo_depletion", "t_pnr": 3952.7999999993763, "dt_walking_dead": 921.5999999996275, "N_RNAP": 64, "N_Ribo": 7, "N_ATP": 1000, "seed": 1}