{"t_death": 3342.149999999623, "death_mode": "ribo_collapse", "pnr_type": "ribo_depletion", "t_pnr": 1197.9000000000601, "dt_walking_dead": 2144.249999999563, "N_RNAP": 11, "N_Ribo": 4, "N_ATP": 1000, "seed": 25}