{"t_death": 5248.349999998853, "death_mode": "ribo_collapse", "pnr_type": "ribo_depletion", "t_pnr": 4346.549999999217, "dt_walking_dead": 901.7999999996355, "N_RNAP": 4, "N_Ribo": 11, "N_ATP": 1000, "seed": 12}