{"t_death": 4324.949999999226, "death_mode": "ribo_collapse", "pnr_type": "ribo_depletion", "t_pnr": 3597.29999999952, "dt_walking_dead": 727.6499999997059, "N_RNAP": 41, "N_Ribo": 41, "N_ATP": 1000, "seed": 7}