{"t_death": 4387.9499999992, "death_mode": "cycle_collapse", "pnr_type": "rnap_deadlock", "t_pnr": 4363.19999999921, "dt_walking_dead": 24.749999999989996, "N_RNAP": 64, "N_Ribo": 27, "N_ATP": 1000, "seed": 59}