{"t_death": 4167.4499999992895, "death_mode": "ribo_collapse", "pnr_type": "ribo_depletion", "t_pnr": 3354.299999999618, "dt_walking_dead": 813.1499999996713, "N_RNAP": 41, "N_Ribo": 11, "N_ATP": 1000, "seed": 91}