{"t_death": 5340.1499999988155, "death_mode": "ribo_collapse", "pnr_type": "ribo_depletion", "t_pnr": 1394.55000000008, "dt_walking_dead": 3945.5999999987353, "N_RNAP": 27, "N_Ribo": 7, "N_ATP": 1000, "seed": 36}