{"t_death": 4844.249999999016, "death_mode": "ribo_collapse", "pnr_type": "ribo_depletion", "t_pnr": 2184.750000000091, "dt_walking_dead": 2659.499999998925, "N_RNAP": 100, "N_Ribo": 2, "N_ATP": 1000, "seed": 29}