{"t_death": 2657.2499999999, "death_mode": "cycle_collapse", "pnr_type": "rnap_deadlock", "t_pnr": 2489.399999999968, "dt_walking_dead": 167.84999999993215, "N_RNAP": 3, "N_Ribo": 4, "N_ATP": 1000, "seed": 7}