{"t_death": 6831.449999998213, "death_mode": "ribo_collapse", "pnr_type": "ribo_depletion", "t_pnr": 1991.2500000001403, "dt_walking_dead": 4840.199999998073, "N_RNAP": 100, "N_Ribo": 4, "N_ATP": 1000, "seed": 56}