{"t_death": 2007.0000000001419, "death_mode": "cycle_collapse", "pnr_type": "rnap_deadlock", "t_pnr": 1872.0000000001282, "dt_walking_dead": 135.00000000001364, "N_RNAP": 11, "N_Ribo": 7, "N_ATP": 1000, "seed": 21}