{"t_death": 3966.7499999993706, "death_mode": "ribo_collapse", "pnr_type": "ribo_depletion", "t_pnr": 2267.1000000000577, "dt_walking_dead": 1699.649999999313, "N_RNAP": 41, "N_Ribo": 11, "N_ATP": 1000, "seed": 98}