{"t_death": 5264.099999998846, "death_mode": "ribo_collapse", "pnr_type": "ribo_depletion", "t_pnr": 1906.2000000001317, "dt_walking_dead": 3357.8999999987145, "N_RNAP": 27, "N_Ribo": 7, "N_ATP": 1000, "seed": 66}