{"t_death": 2672.9999999998936, "death_mode": "cycle_collapse", "pnr_type": "rnap_deadlock", "t_pnr": 2586.1499999999287, "dt_walking_dead": 86.8499999999649, "N_RNAP": 17, "N_Ribo": 27, "N_ATP": 1000, "seed": 56}