{"t_death": 3568.049999999532, "death_mode": "cycle_collapse", "pnr_type": "rnap_deadlock", "t_pnr": 3521.2499999995507, "dt_walking_dead": 46.79999999998108, "N_RNAP": 4, "N_Ribo": 100, "N_ATP": 1000, "seed": 19}