{"t_death": 3236.399999999666, "death_mode": "ribo_collapse", "pnr_type": "ribo_depletion", "t_pnr": 2969.099999999774, "dt_walking_dead": 267.29999999989195, "N_RNAP": 17, "N_Ribo": 17, "N_ATP": 1000, "seed": 1}