{"t_death": 910.3500000000312, "death_mode": "ribo_collapse", "pnr_type": "ribo_depletion", "t_pnr": 490.9499999999914, "dt_walking_dead": 419.40000000003977, "N_RNAP": 4, "N_Ribo": 3, "N_ATP": 1000, "seed": 12}