{"t_death": 1383.750000000079, "death_mode": "cycle_collapse", "pnr_type": "rnap_deadlock", "t_pnr": 1337.4000000000742, "dt_walking_dead": 46.350000000004684, "N_RNAP": 2, "N_Ribo": 41, "N_ATP": 1000, "seed": 66}