{"t_death": 2895.7499999998035, "death_mode": "ribo_collapse", "pnr_type": "ribo_depletion", "t_pnr": 887.4000000000289, "dt_walking_dead": 2008.3499999997748, "N_RNAP": 11, "N_Ribo": 3, "N_ATP": 1000, "seed": 95}