{"t_death": 3391.649999999603, "death_mode": "ribo_collapse", "pnr_type": "ribo_depletion", "t_pnr": 3023.549999999752, "dt_walking_dead": 368.0999999998512, "N_RNAP": 17, "N_Ribo": 41, "N_ATP": 1000, "seed": 21}