{"t_death": 4769.099999999046, "death_mode": "ribo_collapse", "pnr_type": "ribo_depletion", "t_pnr": 2447.9999999999845, "dt_walking_dead": 2321.0999999990618, "N_RNAP": 41, "N_Ribo": 17, "N_ATP": 1000, "seed": 65}