{"t_death": 1081.8000000000484, "death_mode": "cycle_collapse", "pnr_type": "rnap_deadlock", "t_pnr": 587.2499999999985, "dt_walking_dead": 494.55000000004986, "N_RNAP": 4, "N_Ribo": 17, "N_ATP": 1000, "seed": 96}