{"t_death": 4343.399999999218, "death_mode": "ribo_collapse", "pnr_type": "ribo_depletion", "t_pnr": 1151.5500000000554, "dt_walking_dead": 3191.8499999991627, "N_RNAP": 100, "N_Ribo": 2, "N_ATP": 1000, "seed": 63}