{"t_death": 2351.7000000000235, "death_mode": "ribo_collapse", "pnr_type": "ribo_depletion", "t_pnr": 1329.7500000000734, "dt_walking_dead": 1021.94999999995, "N_RNAP": 11, "N_Ribo": 4, "N_ATP": 1000, "seed": 58}