{"t_death": 6415.649999998381, "death_mode": "ribo_collapse", "pnr_type": "ribo_depletion", "t_pnr": 2475.4499999999734, "dt_walking_dead": 3940.1999999984073, "N_RNAP": 7, "N_Ribo": 4, "N_ATP": 1000, "seed": 35}