{"t_death": 3077.99999999973, "death_mode": "ribo_collapse", "pnr_type": "ribo_depletion", "t_pnr": 883.3500000000284, "dt_walking_dead": 2194.6499999997013, "N_RNAP": 7, "N_Ribo": 3, "N_ATP": 1000, "seed": 59}