{"t_death": 7243.649999998046, "death_mode": "ribo_collapse", "pnr_type": "ribo_depletion", "t_pnr": 6146.09999999849, "dt_walking_dead": 1097.5499999995563, "N_RNAP": 7, "N_Ribo": 100, "N_ATP": 1000, "seed": 24}