{"t_death": 4630.949999999102, "death_mode": "ribo_collapse", "pnr_type": "ribo_depletion", "t_pnr": 3669.299999999491, "dt_walking_dead": 961.6499999996113, "N_RNAP": 17, "N_Ribo": 11, "N_ATP": 1000, "seed": 33}