{"t_death": 5354.54999999881, "death_mode": "ribo_collapse", "pnr_type": "ribo_depletion", "t_pnr": 5038.649999998937, "dt_walking_dead": 315.8999999998723, "N_RNAP": 64, "N_Ribo": 11, "N_ATP": 1000, "seed": 95}