{"t_death": 3316.0499999996337, "death_mode": "ribo_collapse", "pnr_type": "ribo_depletion", "t_pnr": 1062.0000000000464, "dt_walking_dead": 2254.0499999995873, "N_RNAP": 11, "N_Ribo": 4, "N_ATP": 1000, "seed": 74}