{"t_death": 5483.249999998758, "death_mode": "ribo_collapse", "pnr_type": "ribo_depletion", "t_pnr": 4233.599999999263, "dt_walking_dead": 1249.6499999994949, "N_RNAP": 27, "N_Ribo": 64, "N_ATP": 1000, "seed": 81}