{"t_death": 3625.1999999995087, "death_mode": "ribo_collapse", "pnr_type": "ribo_depletion", "t_pnr": 3149.549999999701, "dt_walking_dead": 475.64999999980773, "N_RNAP": 64, "N_Ribo": 2, "N_ATP": 1000, "seed": 25}