{"t_death": 3899.249999999398, "death_mode": "ribo_collapse", "pnr_type": "ribo_depletion", "t_pnr": 1133.1000000000536, "dt_walking_dead": 2766.1499999993443, "N_RNAP": 41, "N_Ribo": 2, "N_ATP": 1000, "seed": 19}