{"t_death": 2401.2000000000035, "death_mode": "ribo_collapse", "pnr_type": "ribo_depletion", "t_pnr": 1731.150000000114, "dt_walking_dead": 670.0499999998895, "N_RNAP": 17, "N_Ribo": 2, "N_ATP": 1000, "seed": 95}