{"t_death": 2843.9999999998245, "death_mode": "ribo_collapse", "pnr_type": "ribo_depletion", "t_pnr": 1974.1500000001386, "dt_walking_dead": 869.8499999996859, "N_RNAP": 11, "N_Ribo": 4, "N_ATP": 1000, "seed": 39}