{"t_death": 4789.799999999038, "death_mode": "cycle_collapse", "pnr_type": "rnap_deadlock", "t_pnr": 4544.099999999137, "dt_walking_dead": 245.69999999990068, "N_RNAP": 27, "N_Ribo": 41, "N_ATP": 1000, "seed": 89}