{"t_death": 6539.8499999983305, "death_mode": "ribo_collapse", "pnr_type": "ribo_depletion", "t_pnr": 1804.0500000001214, "dt_walking_dead": 4735.799999998209, "N_RNAP": 41, "N_Ribo": 3, "N_ATP": 1000, "seed": 1}