{"t_death": 1631.250000000104, "death_mode": "cycle_collapse", "pnr_type": "rnap_deadlock", "t_pnr": 1395.9000000000801, "dt_walking_dead": 235.35000000002378, "N_RNAP": 4, "N_Ribo": 17, "N_ATP": 1000, "seed": 36}