{"t_death": 3412.3499999995947, "death_mode": "ribo_collapse", "pnr_type": "ribo_depletion", "t_pnr": 1161.9000000000565, "dt_walking_dead": 2250.4499999995382, "N_RNAP": 27, "N_Ribo": 4, "N_ATP": 1000, "seed": 23}