{"t_death": 3320.9999999996317, "death_mode": "ribo_collapse", "pnr_type": "ribo_depletion", "t_pnr": 2727.4499999998716, "dt_walking_dead": 593.5499999997601, "N_RNAP": 27, "N_Ribo": 17, "N_ATP": 1000, "seed": 83}