{"t_death": 5306.399999998829, "death_mode": "ribo_collapse", "pnr_type": "ribo_depletion", "t_pnr": 918.000000000032, "dt_walking_dead": 4388.399999998797, "N_RNAP": 41, "N_Ribo": 3, "N_ATP": 1000, "seed": 82}