{"t_death": 5205.59999999887, "death_mode": "ribo_collapse", "pnr_type": "ribo_depletion", "t_pnr": 2412.8999999999987, "dt_walking_dead": 2792.699999998871, "N_RNAP": 64, "N_Ribo": 27, "N_ATP": 1000, "seed": 36}