{"t_death": 5116.049999998906, "death_mode": "atp_depletion", "pnr_type": "ribo_depletion", "t_pnr": 4198.499999999277, "dt_walking_dead": 917.5499999996291, "N_RNAP": 64, "N_Ribo": 27, "N_ATP": 1000, "seed": 29}