{"t_death": 4697.999999999075, "death_mode": "ribo_collapse", "pnr_type": "ribo_depletion", "t_pnr": 1811.7000000001221, "dt_walking_dead": 2886.299999998953, "N_RNAP": 17, "N_Ribo": 11, "N_ATP": 1000, "seed": 96}