{"t_death": 5765.849999998643, "death_mode": "ribo_collapse", "pnr_type": "ribo_depletion", "t_pnr": 3965.399999999371, "dt_walking_dead": 1800.4499999992722, "N_RNAP": 41, "N_Ribo": 4, "N_ATP": 1000, "seed": 7}