{"t_death": 3205.799999999678, "death_mode": "ribo_collapse", "pnr_type": "ribo_depletion", "t_pnr": 1221.3000000000625, "dt_walking_dead": 1984.4999999996157, "N_RNAP": 17, "N_Ribo": 7, "N_ATP": 1000, "seed": 17}