{"t_death": 2403.4500000000025, "death_mode": "ribo_collapse", "pnr_type": "ribo_depletion", "t_pnr": 1610.1000000001018, "dt_walking_dead": 793.3499999999008, "N_RNAP": 27, "N_Ribo": 2, "N_ATP": 1000, "seed": 99}