{"t_death": 4734.89999999906, "death_mode": "ribo_collapse", "pnr_type": "ribo_depletion", "t_pnr": 3813.2999999994327, "dt_walking_dead": 921.5999999996275, "N_RNAP": 100, "N_Ribo": 3, "N_ATP": 1000, "seed": 46}