{"t_death": 2138.4000000001097, "death_mode": "ribo_collapse", "pnr_type": "ribo_depletion", "t_pnr": 829.350000000023, "dt_walking_dead": 1309.0500000000866, "N_RNAP": 4, "N_Ribo": 3, "N_ATP": 1000, "seed": 65}