{"t_death": 3608.9999999995152, "death_mode": "cycle_collapse", "pnr_type": "rnap_deadlock", "t_pnr": 3426.299999999589, "dt_walking_dead": 182.69999999992615, "N_RNAP": 4, "N_Ribo": 64, "N_ATP": 1000, "seed": 86}