{"t_death": 2974.049999999772, "death_mode": "ribo_collapse", "pnr_type": "ribo_depletion", "t_pnr": 823.9500000000224, "dt_walking_dead": 2150.0999999997493, "N_RNAP": 3, "N_Ribo": 2, "N_ATP": 1000, "seed": 50}