{"t_death": 1415.250000000082, "death_mode": "cycle_collapse", "pnr_type": "rnap_deadlock", "t_pnr": 1287.4500000000692, "dt_walking_dead": 127.80000000001291, "N_RNAP": 11, "N_Ribo": 17, "N_ATP": 1000, "seed": 57}