{"t_death": 3861.899999999413, "death_mode": "cycle_collapse", "pnr_type": "rnap_deadlock", "t_pnr": 3668.3999999994912, "dt_walking_dead": 193.49999999992178, "N_RNAP": 4, "N_Ribo": 64, "N_ATP": 1000, "seed": 95}