{"t_death": 2786.3999999998478, "death_mode": "ribo_collapse", "pnr_type": "ribo_depletion", "t_pnr": 1303.2000000000708, "dt_walking_dead": 1483.199999999777, "N_RNAP": 11, "N_Ribo": 3, "N_ATP": 1000, "seed": 10}