{"t_death": 5341.949999998815, "death_mode": "ribo_collapse", "pnr_type": "ribo_depletion", "t_pnr": 3707.0999999994756, "dt_walking_dead": 1634.8499999993392, "N_RNAP": 100, "N_Ribo": 11, "N_ATP": 1000, "seed": 55}