{"t_death": 3984.7499999993634, "death_mode": "ribo_collapse", "pnr_type": "ribo_depletion", "t_pnr": 3576.5999999995283, "dt_walking_dead": 408.149999999835, "N_RNAP": 27, "N_Ribo": 64, "N_ATP": 1000, "seed": 27}