{"t_death": 2277.9000000000533, "death_mode": "cycle_collapse", "pnr_type": "rnap_deadlock", "t_pnr": 2215.3500000000786, "dt_walking_dead": 62.549999999974716, "N_RNAP": 4, "N_Ribo": 2, "N_ATP": 1000, "seed": 53}