{"t_death": 2344.950000000026, "death_mode": "ribo_collapse", "pnr_type": "ribo_depletion", "t_pnr": 1242.9000000000647, "dt_walking_dead": 1102.0499999999615, "N_RNAP": 7, "N_Ribo": 2, "N_ATP": 1000, "seed": 64}