{"t_death": 6115.499999998502, "death_mode": "ribo_collapse", "pnr_type": "ribo_depletion", "t_pnr": 1254.6000000000658, "dt_walking_dead": 4860.899999998436, "N_RNAP": 64, "N_Ribo": 2, "N_ATP": 1000, "seed": 46}