{"t_death": 3002.3999999997604, "death_mode": "cycle_collapse", "pnr_type": "rnap_deadlock", "t_pnr": 2884.949999999808, "dt_walking_dead": 117.44999999995252, "N_RNAP": 4, "N_Ribo": 17, "N_ATP": 1000, "seed": 74}