{"t_death": 4441.499999999179, "death_mode": "ribo_collapse", "pnr_type": "ribo_depletion", "t_pnr": 2825.099999999832, "dt_walking_dead": 1616.3999999993466, "N_RNAP": 41, "N_Ribo": 3, "N_ATP": 1000, "seed": 96}