{"t_death": 4728.599999999063, "death_mode": "ribo_collapse", "pnr_type": "ribo_depletion", "t_pnr": 3959.0999999993737, "dt_walking_dead": 769.499999999689, "N_RNAP": 64, "N_Ribo": 17, "N_ATP": 1000, "seed": 40}