{"t_death": 2808.8999999998387, "death_mode": "cycle_collapse", "pnr_type": "rnap_deadlock", "t_pnr": 2733.749999999869, "dt_walking_dead": 75.14999999996962, "N_RNAP": 4, "N_Ribo": 64, "N_ATP": 1000, "seed": 70}