{"t_death": 3686.8499999994838, "death_mode": "ribo_collapse", "pnr_type": "ribo_depletion", "t_pnr": 1709.1000000001118, "dt_walking_dead": 1977.749999999372, "N_RNAP": 41, "N_Ribo": 7, "N_ATP": 1000, "seed": 38}