{"t_death": 2448.4499999999844, "death_mode": "ribo_collapse", "pnr_type": "ribo_depletion", "t_pnr": 530.5499999999928, "dt_walking_dead": 1917.8999999999915, "N_RNAP": 11, "N_Ribo": 2, "N_ATP": 1000, "seed": 99}