{"t_death": 586.7999999999985, "death_mode": "cycle_collapse", "pnr_type": "rnap_deadlock", "t_pnr": 582.299999999998, "dt_walking_dead": 4.500000000000455, "N_RNAP": 7, "N_Ribo": 41, "N_ATP": 1000, "seed": 10}