{"t_death": 5664.1499999986845, "death_mode": "ribo_collapse", "pnr_type": "ribo_depletion", "t_pnr": 4598.099999999115, "dt_walking_dead": 1066.049999999569, "N_RNAP": 7, "N_Ribo": 41, "N_ATP": 1000, "seed": 37}