{"t_death": 3135.149999999707, "death_mode": "ribo_collapse", "pnr_type": "ribo_depletion", "t_pnr": 3111.7499999997162, "dt_walking_dead": 23.39999999999054, "N_RNAP": 11, "N_Ribo": 41, "N_ATP": 1000, "seed": 33}