{"t_death": 3116.2499999997144, "death_mode": "ribo_collapse", "pnr_type": "ribo_depletion", "t_pnr": 3052.3499999997402, "dt_walking_dead": 63.89999999997417, "N_RNAP": 7, "N_Ribo": 3, "N_ATP": 1000, "seed": 87}