{"t_death": 5050.349999998933, "death_mode": "ribo_collapse", "pnr_type": "ribo_depletion", "t_pnr": 4745.699999999056, "dt_walking_dead": 304.64999999987685, "N_RNAP": 64, "N_Ribo": 41, "N_ATP": 1000, "seed": 0}