{"t_death": 1336.5000000000741, "death_mode": "cycle_collapse", "pnr_type": "rnap_deadlock", "t_pnr": 1327.9500000000733, "dt_walking_dead": 8.550000000000864, "N_RNAP": 4, "N_Ribo": 41, "N_ATP": 1000, "seed": 13}