{"t_death": 468.89999999999196, "death_mode": "cycle_collapse", "pnr_type": "rnap_deadlock", "t_pnr": 364.0499999999946, "dt_walking_dead": 104.84999999999735, "N_RNAP": 4, "N_Ribo": 27, "N_ATP": 1000, "seed": 44}