{"t_death": 5132.2499999988995, "death_mode": "ribo_collapse", "pnr_type": "ribo_depletion", "t_pnr": 1442.2500000000848, "dt_walking_dead": 3689.999999998815, "N_RNAP": 100, "N_Ribo": 4, "N_ATP": 1000, "seed": 37}