{"t_death": 2054.2500000001437, "death_mode": "ribo_collapse", "pnr_type": "ribo_depletion", "t_pnr": 1794.1500000001204, "dt_walking_dead": 260.10000000002333, "N_RNAP": 4, "N_Ribo": 7, "N_ATP": 1000, "seed": 38}