{"t_death": 6752.249999998245, "death_mode": "ribo_collapse", "pnr_type": "ribo_depletion", "t_pnr": 2027.250000000144, "dt_walking_dead": 4724.999999998101, "N_RNAP": 4, "N_Ribo": 3, "N_ATP": 1000, "seed": 66}