{"t_death": 4997.249999998954, "death_mode": "ribo_collapse", "pnr_type": "ribo_depletion", "t_pnr": 354.59999999999485, "dt_walking_dead": 4642.649999998959, "N_RNAP": 41, "N_Ribo": 2, "N_ATP": 1000, "seed": 86}