{"t_death": 3844.34999999942, "death_mode": "ribo_collapse", "pnr_type": "ribo_depletion", "t_pnr": 1520.5500000000927, "dt_walking_dead": 2323.799999999327, "N_RNAP": 27, "N_Ribo": 2, "N_ATP": 1000, "seed": 80}