{"t_death": 4368.149999999208, "death_mode": "ribo_collapse", "pnr_type": "ribo_depletion", "t_pnr": 1867.0500000001277, "dt_walking_dead": 2501.099999999081, "N_RNAP": 41, "N_Ribo": 2, "N_ATP": 1000, "seed": 94}