{"t_death": 3015.899999999755, "death_mode": "cycle_collapse", "pnr_type": "rnap_deadlock", "t_pnr": 2746.7999999998638, "dt_walking_dead": 269.0999999998912, "N_RNAP": 17, "N_Ribo": 64, "N_ATP": 1000, "seed": 96}