{"t_death": 6383.249999998394, "death_mode": "ribo_collapse", "pnr_type": "ribo_depletion", "t_pnr": 1756.8000000001166, "dt_walking_dead": 4626.449999998277, "N_RNAP": 64, "N_Ribo": 3, "N_ATP": 1000, "seed": 14}