{"t_death": 3829.0499999994263, "death_mode": "cycle_collapse", "pnr_type": "rnap_deadlock", "t_pnr": 3770.54999999945, "dt_walking_dead": 58.49999999997635, "N_RNAP": 41, "N_Ribo": 11, "N_ATP": 1000, "seed": 62}