{"t_death": 3769.1999999994505, "death_mode": "ribo_collapse", "pnr_type": "ribo_depletion", "t_pnr": 3411.899999999595, "dt_walking_dead": 357.2999999998556, "N_RNAP": 17, "N_Ribo": 3, "N_ATP": 1000, "seed": 16}