{"t_death": 4769.999999999046, "death_mode": "ribo_collapse", "pnr_type": "ribo_depletion", "t_pnr": 2406.1500000000015, "dt_walking_dead": 2363.8499999990445, "N_RNAP": 27, "N_Ribo": 2, "N_ATP": 1000, "seed": 1}