{"t_death": 3315.149999999634, "death_mode": "cycle_collapse", "pnr_type": "rnap_deadlock", "t_pnr": 3282.2999999996473, "dt_walking_dead": 32.84999999998672, "N_RNAP": 4, "N_Ribo": 100, "N_ATP": 1000, "seed": 66}