{"t_death": 5249.699999998852, "death_mode": "ribo_collapse", "pnr_type": "ribo_depletion", "t_pnr": 1035.9000000000437, "dt_walking_dead": 4213.799999998808, "N_RNAP": 41, "N_Ribo": 2, "N_ATP": 1000, "seed": 36}