{"t_death": 3802.499999999437, "death_mode": "cycle_collapse", "pnr_type": "rnap_deadlock", "t_pnr": 3783.149999999445, "dt_walking_dead": 19.34999999999218, "N_RNAP": 27, "N_Ribo": 41, "N_ATP": 1000, "seed": 17}