{"t_death": 6488.549999998351, "death_mode": "ribo_collapse", "pnr_type": "ribo_depletion", "t_pnr": 3595.4999999995207, "dt_walking_dead": 2893.0499999988306, "N_RNAP": 100, "N_Ribo": 4, "N_ATP": 1000, "seed": 67}