{"t_death": 2794.9499999998443, "death_mode": "cycle_collapse", "pnr_type": "rnap_deadlock", "t_pnr": 2429.099999999992, "dt_walking_dead": 365.8499999998521, "N_RNAP": 2, "N_Ribo": 41, "N_ATP": 1000, "seed": 1}