{"t_death": 3896.999999999399, "death_mode": "ribo_collapse", "pnr_type": "ribo_depletion", "t_pnr": 1601.1000000001009, "dt_walking_dead": 2295.899999999298, "N_RNAP": 7, "N_Ribo": 4, "N_ATP": 1000, "seed": 42}