{"t_death": 2502.8999999999623, "death_mode": "cycle_collapse", "pnr_type": "rnap_deadlock", "t_pnr": 2447.9999999999845, "dt_walking_dead": 54.89999999997781, "N_RNAP": 2, "N_Ribo": 27, "N_ATP": 1000, "seed": 22}