{"t_death": 3121.6499999997122, "death_mode": "ribo_collapse", "pnr_type": "ribo_depletion", "t_pnr": 1536.7500000000944, "dt_walking_dead": 1584.8999999996179, "N_RNAP": 17, "N_Ribo": 2, "N_ATP": 1000, "seed": 82}