{"t_death": 5690.249999998674, "death_mode": "ribo_collapse", "pnr_type": "ribo_depletion", "t_pnr": 4470.749999999167, "dt_walking_dead": 1219.499999999507, "N_RNAP": 4, "N_Ribo": 64, "N_ATP": 1000, "seed": 75}