{"t_death": 1962.4500000001374, "death_mode": "ribo_collapse", "pnr_type": "ribo_depletion", "t_pnr": 1462.950000000087, "dt_walking_dead": 499.5000000000505, "N_RNAP": 11, "N_Ribo": 4, "N_ATP": 1000, "seed": 96}