{"t_death": 4133.699999999303, "death_mode": "cycle_collapse", "pnr_type": "rnap_deadlock", "t_pnr": 3851.999999999417, "dt_walking_dead": 281.69999999988613, "N_RNAP": 100, "N_Ribo": 7, "N_ATP": 1000, "seed": 59}