{"t_death": 2294.1000000000467, "death_mode": "ribo_collapse", "pnr_type": "ribo_depletion", "t_pnr": 1917.0000000001328, "dt_walking_dead": 377.09999999991396, "N_RNAP": 11, "N_Ribo": 4, "N_ATP": 1000, "seed": 71}