{"t_death": 3995.549999999359, "death_mode": "ribo_collapse", "pnr_type": "ribo_depletion", "t_pnr": 1933.6500000001345, "dt_walking_dead": 2061.8999999992247, "N_RNAP": 27, "N_Ribo": 17, "N_ATP": 1000, "seed": 70}