{"t_death": 5934.149999998575, "death_mode": "ribo_collapse", "pnr_type": "ribo_depletion", "t_pnr": 3177.4499999996897, "dt_walking_dead": 2756.6999999988857, "N_RNAP": 41, "N_Ribo": 11, "N_ATP": 1000, "seed": 4}