{"t_death": 6444.449999998369, "death_mode": "ribo_collapse", "pnr_type": "ribo_depletion", "t_pnr": 5323.049999998822, "dt_walking_dead": 1121.3999999995467, "N_RNAP": 41, "N_Ribo": 17, "N_ATP": 1000, "seed": 42}