{"t_death": 2330.550000000032, "death_mode": "ribo_collapse", "pnr_type": "ribo_depletion", "t_pnr": 1804.0500000001214, "dt_walking_dead": 526.4999999999106, "N_RNAP": 11, "N_Ribo": 11, "N_ATP": 1000, "seed": 99}