{"t_death": 3575.249999999529, "death_mode": "cycle_collapse", "pnr_type": "rnap_deadlock", "t_pnr": 3516.2999999995527, "dt_walking_dead": 58.94999999997617, "N_RNAP": 4, "N_Ribo": 64, "N_ATP": 1000, "seed": 63}