{"t_death": 5008.04999999895, "death_mode": "ribo_collapse", "pnr_type": "ribo_depletion", "t_pnr": 1801.350000000121, "dt_walking_dead": 3206.6999999988284, "N_RNAP": 100, "N_Ribo": 4, "N_ATP": 1000, "seed": 6}