{"t_death": 2516.399999999957, "death_mode": "cycle_collapse", "pnr_type": "rnap_deadlock", "t_pnr": 2442.149999999987, "dt_walking_dead": 74.24999999996999, "N_RNAP": 17, "N_Ribo": 11, "N_ATP": 1000, "seed": 97}