{"t_death": 4054.499999999335, "death_mode": "ribo_collapse", "pnr_type": "ribo_depletion", "t_pnr": 4044.599999999339, "dt_walking_dead": 9.899999999995998, "N_RNAP": 64, "N_Ribo": 7, "N_ATP": 1000, "seed": 0}