{"t_death": 3938.849999999382, "death_mode": "ribo_collapse", "pnr_type": "ribo_depletion", "t_pnr": 436.94999999999277, "dt_walking_dead": 3501.8999999993894, "N_RNAP": 4, "N_Ribo": 2, "N_ATP": 1000, "seed": 86}