{"t_death": 4226.399999999266, "death_mode": "atp_depletion", "pnr_type": "ribo_depletion", "t_pnr": 2879.99999999981, "dt_walking_dead": 1346.3999999994558, "N_RNAP": 100, "N_Ribo": 11, "N_ATP": 1000, "seed": 11}