{"t_death": 4607.999999999111, "death_mode": "ribo_collapse", "pnr_type": "ribo_depletion", "t_pnr": 1063.8000000000466, "dt_walking_dead": 3544.199999999065, "N_RNAP": 64, "N_Ribo": 4, "N_ATP": 1000, "seed": 17}