{"t_death": 3326.8499999996293, "death_mode": "ribo_collapse", "pnr_type": "ribo_depletion", "t_pnr": 734.8500000000134, "dt_walking_dead": 2591.9999999996157, "N_RNAP": 27, "N_Ribo": 7, "N_ATP": 1000, "seed": 88}