{"t_death": 4042.34999999934, "death_mode": "cycle_collapse", "pnr_type": "rnap_deadlock", "t_pnr": 3935.2499999993834, "dt_walking_dead": 107.09999999995671, "N_RNAP": 64, "N_Ribo": 17, "N_ATP": 1000, "seed": 84}