{"t_death": 2045.7000000001458, "death_mode": "cycle_collapse", "pnr_type": "rnap_deadlock", "t_pnr": 1969.200000000138, "dt_walking_dead": 76.50000000000773, "N_RNAP": 3, "N_Ribo": 100, "N_ATP": 1000, "seed": 70}