{"t_death": 7128.449999998093, "death_mode": "ribo_collapse", "pnr_type": "ribo_depletion", "t_pnr": 5787.8999999986345, "dt_walking_dead": 1340.5499999994581, "N_RNAP": 64, "N_Ribo": 17, "N_ATP": 1000, "seed": 2}