{"t_death": 4999.049999998953, "death_mode": "cycle_collapse", "pnr_type": "rnap_deadlock", "t_pnr": 4867.6499999990065, "dt_walking_dead": 131.39999999994689, "N_RNAP": 27, "N_Ribo": 2, "N_ATP": 1000, "seed": 62}