{"t_death": 2715.7499999998763, "death_mode": "ribo_collapse", "pnr_type": "ribo_depletion", "t_pnr": 790.6500000000191, "dt_walking_dead": 1925.0999999998571, "N_RNAP": 3, "N_Ribo": 3, "N_ATP": 1000, "seed": 28}