{"t_death": 1160.1000000000563, "death_mode": "cycle_collapse", "pnr_type": "rnap_deadlock", "t_pnr": 1160.1000000000563, "dt_walking_dead": 0.0, "N_RNAP": 11, "N_Ribo": 17, "N_ATP": 1000, "seed": 26}