{"t_death": 3600.8999999995185, "death_mode": "ribo_collapse", "pnr_type": "ribo_depletion", "t_pnr": 1364.850000000077, "dt_walking_dead": 2236.0499999994418, "N_RNAP": 100, "N_Ribo": 4, "N_ATP": 1000, "seed": 84}