{"t_death": 2009.7000000001422, "death_mode": "ribo_collapse", "pnr_type": "ribo_depletion", "t_pnr": 372.1499999999944, "dt_walking_dead": 1637.5500000001477, "N_RNAP": 7, "N_Ribo": 2, "N_ATP": 1000, "seed": 5}