{"t_death": 3863.2499999994125, "death_mode": "ribo_collapse", "pnr_type": "ribo_depletion", "t_pnr": 3563.9999999995334, "dt_walking_dead": 299.24999999987904, "N_RNAP": 41, "N_Ribo": 4, "N_ATP": 1000, "seed": 85}