{"t_death": 5192.549999998875, "death_mode": "ribo_collapse", "pnr_type": "ribo_depletion", "t_pnr": 3928.0499999993863, "dt_walking_dead": 1264.4999999994889, "N_RNAP": 17, "N_Ribo": 41, "N_ATP": 1000, "seed": 75}