{"t_death": 3860.5499999994136, "death_mode": "ribo_collapse", "pnr_type": "ribo_depletion", "t_pnr": 2906.999999999799, "dt_walking_dead": 953.5499999996146, "N_RNAP": 27, "N_Ribo": 3, "N_ATP": 1000, "seed": 1}