{"t_death": 5145.749999998894, "death_mode": "ribo_collapse", "pnr_type": "ribo_depletion", "t_pnr": 2656.7999999999, "dt_walking_dead": 2488.949999998994, "N_RNAP": 27, "N_Ribo": 7, "N_ATP": 1000, "seed": 98}