{"t_death": 3446.9999999995807, "death_mode": "cycle_collapse", "pnr_type": "rnap_deadlock", "t_pnr": 3424.04999999959, "dt_walking_dead": 22.949999999990723, "N_RNAP": 11, "N_Ribo": 64, "N_ATP": 1000, "seed": 79}