{"t_death": 2219.8500000000768, "death_mode": "ribo_collapse", "pnr_type": "ribo_depletion", "t_pnr": 1066.5000000000468, "dt_walking_dead": 1153.35000000003, "N_RNAP": 17, "N_Ribo": 7, "N_ATP": 1000, "seed": 66}