{"t_death": 3178.3499999996893, "death_mode": "ribo_collapse", "pnr_type": "ribo_depletion", "t_pnr": 1238.4000000000642, "dt_walking_dead": 1939.949999999625, "N_RNAP": 17, "N_Ribo": 4, "N_ATP": 1000, "seed": 63}