{"t_death": 3810.5999999994337, "death_mode": "ribo_collapse", "pnr_type": "ribo_depletion", "t_pnr": 3810.5999999994337, "dt_walking_dead": 0.0, "N_RNAP": 3, "N_Ribo": 100, "N_ATP": 1000, "seed": 84}