{"t_death": 2956.499999999779, "death_mode": "ribo_collapse", "pnr_type": "ribo_depletion", "t_pnr": 2742.7499999998654, "dt_walking_dead": 213.7499999999136, "N_RNAP": 3, "N_Ribo": 17, "N_ATP": 1000, "seed": 95}