{"t_death": 9726.750000000144, "death_mode": "ribo_collapse", "pnr_type": "ribo_depletion", "t_pnr": 5517.449999998744, "dt_walking_dead": 4209.3000000014, "N_RNAP": 11, "N_Ribo": 41, "N_ATP": 1000, "seed": 90}