{"t_death": 1238.4000000000642, "death_mode": "cycle_collapse", "pnr_type": "rnap_deadlock", "t_pnr": 1092.6000000000495, "dt_walking_dead": 145.80000000001473, "N_RNAP": 2, "N_Ribo": 3, "N_ATP": 1000, "seed": 12}