{"t_death": 564.2999999999962, "death_mode": "cycle_collapse", "pnr_type": "rnap_deadlock", "t_pnr": 512.549999999991, "dt_walking_dead": 51.75000000000523, "N_RNAP": 3, "N_Ribo": 2, "N_ATP": 1000, "seed": 74}