{"t_death": 5247.899999998853, "death_mode": "ribo_collapse", "pnr_type": "ribo_depletion", "t_pnr": 31.049999999999965, "dt_walking_dead": 5216.849999998853, "N_RNAP": 41, "N_Ribo": 2, "N_ATP": 1000, "seed": 29}