{"t_death": 3194.9999999996826, "death_mode": "ribo_collapse", "pnr_type": "ribo_depletion", "t_pnr": 2015.1000000001427, "dt_walking_dead": 1179.89999999954, "N_RNAP": 17, "N_Ribo": 3, "N_ATP": 1000, "seed": 23}