{"t_death": 7838.999999997805, "death_mode": "ribo_collapse", "pnr_type": "ribo_depletion", "t_pnr": 5224.499999998862, "dt_walking_dead": 2614.499999998943, "N_RNAP": 100, "N_Ribo": 7, "N_ATP": 1000, "seed": 45}