{"t_death": 1171.8000000000575, "death_mode": "cycle_collapse", "pnr_type": "rnap_deadlock", "t_pnr": 1147.500000000055, "dt_walking_dead": 24.300000000002456, "N_RNAP": 11, "N_Ribo": 7, "N_ATP": 1000, "seed": 52}