{"t_death": 6609.599999998302, "death_mode": "ribo_collapse", "pnr_type": "ribo_depletion", "t_pnr": 4678.199999999083, "dt_walking_dead": 1931.3999999992193, "N_RNAP": 64, "N_Ribo": 27, "N_ATP": 1000, "seed": 17}