{"t_death": 1744.2000000001153, "death_mode": "cycle_collapse", "pnr_type": "rnap_deadlock", "t_pnr": 1691.55000000011, "dt_walking_dead": 52.65000000000532, "N_RNAP": 3, "N_Ribo": 100, "N_ATP": 1000, "seed": 44}