{"t_death": 4490.999999999159, "death_mode": "ribo_collapse", "pnr_type": "ribo_depletion", "t_pnr": 3712.0499999994736, "dt_walking_dead": 778.9499999996851, "N_RNAP": 17, "N_Ribo": 11, "N_ATP": 1000, "seed": 27}