{"t_death": 3420.4499999995915, "death_mode": "ribo_collapse", "pnr_type": "ribo_depletion", "t_pnr": 1920.6000000001332, "dt_walking_dead": 1499.8499999994583, "N_RNAP": 2, "N_Ribo": 7, "N_ATP": 1000, "seed": 70}