{"t_death": 1814.8500000001225, "death_mode": "cycle_collapse", "pnr_type": "rnap_deadlock", "t_pnr": 1462.950000000087, "dt_walking_dead": 351.90000000003556, "N_RNAP": 3, "N_Ribo": 100, "N_ATP": 1000, "seed": 47}