{"t_death": 4623.749999999105, "death_mode": "ribo_collapse", "pnr_type": "ribo_depletion", "t_pnr": 3280.949999999648, "dt_walking_dead": 1342.7999999994572, "N_RNAP": 2, "N_Ribo": 64, "N_ATP": 1000, "seed": 22}