{"t_death": 2326.9500000000335, "death_mode": "cycle_collapse", "pnr_type": "rnap_deadlock", "t_pnr": 2326.9500000000335, "dt_walking_dead": 0.0, "N_RNAP": 11, "N_Ribo": 41, "N_ATP": 1000, "seed": 76}