{"t_death": 1813.5000000001223, "death_mode": "cycle_collapse", "pnr_type": "rnap_deadlock", "t_pnr": 1784.7000000001194, "dt_walking_dead": 28.80000000000291, "N_RNAP": 7, "N_Ribo": 7, "N_ATP": 1000, "seed": 63}