{"t_death": 6547.499999998327, "death_mode": "ribo_collapse", "pnr_type": "ribo_depletion", "t_pnr": 4939.199999998978, "dt_walking_dead": 1608.29999999935, "N_RNAP": 17, "N_Ribo": 64, "N_ATP": 1000, "seed": 37}