{"t_death": 4293.899999999238, "death_mode": "ribo_collapse", "pnr_type": "ribo_depletion", "t_pnr": 1435.9500000000842, "dt_walking_dead": 2857.949999999154, "N_RNAP": 41, "N_Ribo": 2, "N_ATP": 1000, "seed": 39}