{"t_death": 3279.1499999996486, "death_mode": "cycle_collapse", "pnr_type": "rnap_deadlock", "t_pnr": 3279.1499999996486, "dt_walking_dead": 0.0, "N_RNAP": 64, "N_Ribo": 11, "N_ATP": 1000, "seed": 33}