{"t_death": 5108.399999998909, "death_mode": "ribo_collapse", "pnr_type": "ribo_depletion", "t_pnr": 4738.9499999990585, "dt_walking_dead": 369.44999999985066, "N_RNAP": 41, "N_Ribo": 41, "N_ATP": 1000, "seed": 19}