{"t_death": 5970.149999998561, "death_mode": "ribo_collapse", "pnr_type": "ribo_depletion", "t_pnr": 1503.000000000091, "dt_walking_dead": 4467.14999999847, "N_RNAP": 41, "N_Ribo": 3, "N_ATP": 1000, "seed": 97}