{"t_death": 3559.0499999995354, "death_mode": "cycle_collapse", "pnr_type": "rnap_deadlock", "t_pnr": 3559.0499999995354, "dt_walking_dead": 0.0, "N_RNAP": 7, "N_Ribo": 100, "N_ATP": 1000, "seed": 92}