{"t_death": 2617.199999999916, "death_mode": "ribo_collapse", "pnr_type": "ribo_depletion", "t_pnr": 1809.450000000122, "dt_walking_dead": 807.7499999997942, "N_RNAP": 27, "N_Ribo": 11, "N_ATP": 1000, "seed": 83}