{"t_death": 5431.049999998779, "death_mode": "ribo_collapse", "pnr_type": "ribo_depletion", "t_pnr": 5206.949999998869, "dt_walking_dead": 224.09999999990941, "N_RNAP": 41, "N_Ribo": 27, "N_ATP": 1000, "seed": 56}