{"t_death": 5648.849999998691, "death_mode": "ribo_collapse", "pnr_type": "ribo_depletion", "t_pnr": 4152.5999999992955, "dt_walking_dead": 1496.2499999993952, "N_RNAP": 41, "N_Ribo": 27, "N_ATP": 1000, "seed": 72}