{"t_death": 3364.649999999614, "death_mode": "ribo_collapse", "pnr_type": "ribo_depletion", "t_pnr": 2065.0500000001393, "dt_walking_dead": 1299.5999999994747, "N_RNAP": 64, "N_Ribo": 11, "N_ATP": 1000, "seed": 51}