{"t_death": 3934.7999999993835, "death_mode": "cycle_collapse", "pnr_type": "rnap_deadlock", "t_pnr": 3934.7999999993835, "dt_walking_dead": 0.0, "N_RNAP": 11, "N_Ribo": 41, "N_ATP": 1000, "seed": 51}