{"t_death": 3599.549999999519, "death_mode": "ribo_collapse", "pnr_type": "ribo_depletion", "t_pnr": 2260.80000000006, "dt_walking_dead": 1338.7499999994589, "N_RNAP": 41, "N_Ribo": 3, "N_ATP": 1000, "seed": 25}