{"t_death": 1282.9500000000687, "death_mode": "ribo_collapse", "pnr_type": "ribo_depletion", "t_pnr": 427.499999999993, "dt_walking_dead": 855.4500000000758, "N_RNAP": 4, "N_Ribo": 3, "N_ATP": 1000, "seed": 22}