{"t_death": 2753.549999999861, "death_mode": "ribo_collapse", "pnr_type": "ribo_depletion", "t_pnr": 474.7499999999918, "dt_walking_dead": 2278.799999999869, "N_RNAP": 17, "N_Ribo": 2, "N_ATP": 1000, "seed": 19}