{"t_death": 4342.949999999219, "death_mode": "ribo_collapse", "pnr_type": "ribo_depletion", "t_pnr": 3618.8999999995112, "dt_walking_dead": 724.0499999997073, "N_RNAP": 17, "N_Ribo": 17, "N_ATP": 1000, "seed": 26}