{"t_death": 5394.149999998794, "death_mode": "ribo_collapse", "pnr_type": "ribo_depletion", "t_pnr": 5354.54999999881, "dt_walking_dead": 39.59999999998399, "N_RNAP": 7, "N_Ribo": 100, "N_ATP": 1000, "seed": 20}