{"t_death": 3835.3499999994237, "death_mode": "ribo_collapse", "pnr_type": "ribo_depletion", "t_pnr": 782.1000000000182, "dt_walking_dead": 3053.2499999994056, "N_RNAP": 17, "N_Ribo": 2, "N_ATP": 1000, "seed": 34}