{"t_death": 4837.499999999019, "death_mode": "ribo_collapse", "pnr_type": "ribo_depletion", "t_pnr": 1813.5000000001223, "dt_walking_dead": 3023.9999999988963, "N_RNAP": 11, "N_Ribo": 11, "N_ATP": 1000, "seed": 46}