{"t_death": 4266.899999999249, "death_mode": "ribo_collapse", "pnr_type": "ribo_depletion", "t_pnr": 4154.399999999295, "dt_walking_dead": 112.49999999995453, "N_RNAP": 41, "N_Ribo": 27, "N_ATP": 1000, "seed": 6}