{"t_death": 4072.049999999328, "death_mode": "ribo_collapse", "pnr_type": "ribo_depletion", "t_pnr": 2123.5500000001157, "dt_walking_dead": 1948.4999999992124, "N_RNAP": 41, "N_Ribo": 11, "N_ATP": 1000, "seed": 15}