{"t_death": 4208.399999999273, "death_mode": "ribo_collapse", "pnr_type": "ribo_depletion", "t_pnr": 3710.2499999994743, "dt_walking_dead": 498.14999999979864, "N_RNAP": 64, "N_Ribo": 17, "N_ATP": 1000, "seed": 8}