{"t_death": 4534.199999999141, "death_mode": "ribo_collapse", "pnr_type": "ribo_depletion", "t_pnr": 1440.4500000000846, "dt_walking_dead": 3093.749999999057, "N_RNAP": 64, "N_Ribo": 2, "N_ATP": 1000, "seed": 33}