{"t_death": 3994.6499999993594, "death_mode": "ribo_collapse", "pnr_type": "ribo_depletion", "t_pnr": 950.4000000000352, "dt_walking_dead": 3044.2499999993242, "N_RNAP": 41, "N_Ribo": 3, "N_ATP": 1000, "seed": 54}