{"t_death": 5147.549999998893, "death_mode": "ribo_collapse", "pnr_type": "ribo_depletion", "t_pnr": 3318.2999999996327, "dt_walking_dead": 1829.2499999992606, "N_RNAP": 41, "N_Ribo": 17, "N_ATP": 1000, "seed": 4}