{"t_death": 5351.399999998811, "death_mode": "ribo_collapse", "pnr_type": "ribo_depletion", "t_pnr": 5070.599999998924, "dt_walking_dead": 280.7999999998865, "N_RNAP": 64, "N_Ribo": 17, "N_ATP": 1000, "seed": 68}