{"t_death": 2285.55000000005, "death_mode": "cycle_collapse", "pnr_type": "rnap_deadlock", "t_pnr": 2151.4500000001044, "dt_walking_dead": 134.0999999999458, "N_RNAP": 41, "N_Ribo": 17, "N_ATP": 1000, "seed": 27}