{"t_death": 4720.499999999066, "death_mode": "ribo_collapse", "pnr_type": "ribo_depletion", "t_pnr": 2137.95000000011, "dt_walking_dead": 2582.549999998956, "N_RNAP": 4, "N_Ribo": 4, "N_ATP": 1000, "seed": 93}