{"t_death": 2214.000000000079, "death_mode": "ribo_collapse", "pnr_type": "ribo_depletion", "t_pnr": 35.54999999999998, "dt_walking_dead": 2178.450000000079, "N_RNAP": 3, "N_Ribo": 2, "N_ATP": 1000, "seed": 88}