{"t_death": 4427.099999999185, "death_mode": "ribo_collapse", "pnr_type": "ribo_depletion", "t_pnr": 1975.0500000001387, "dt_walking_dead": 2452.049999999046, "N_RNAP": 11, "N_Ribo": 17, "N_ATP": 1000, "seed": 99}