{"t_death": 7077.599999998113, "death_mode": "ribo_collapse", "pnr_type": "ribo_depletion", "t_pnr": 1668.6000000001077, "dt_walking_dead": 5408.9999999980055, "N_RNAP": 41, "N_Ribo": 3, "N_ATP": 1000, "seed": 62}