{"t_death": 4690.349999999078, "death_mode": "ribo_collapse", "pnr_type": "ribo_depletion", "t_pnr": 1294.2000000000698, "dt_walking_dead": 3396.1499999990083, "N_RNAP": 17, "N_Ribo": 4, "N_ATP": 1000, "seed": 28}