{"t_death": 1372.9500000000778, "death_mode": "cycle_collapse", "pnr_type": "rnap_deadlock", "t_pnr": 1291.5000000000696, "dt_walking_dead": 81.45000000000823, "N_RNAP": 3, "N_Ribo": 7, "N_ATP": 1000, "seed": 8}