{"t_death": 2736.449999999868, "death_mode": "cycle_collapse", "pnr_type": "rnap_deadlock", "t_pnr": 2668.4999999998954, "dt_walking_dead": 67.94999999997253, "N_RNAP": 4, "N_Ribo": 64, "N_ATP": 1000, "seed": 9}