{"t_death": 5480.099999998759, "death_mode": "ribo_collapse", "pnr_type": "ribo_depletion", "t_pnr": 3290.849999999644, "dt_walking_dead": 2189.249999999115, "N_RNAP": 100, "N_Ribo": 3, "N_ATP": 1000, "seed": 92}