{"t_death": 3145.9499999997024, "death_mode": "ribo_collapse", "pnr_type": "ribo_depletion", "t_pnr": 2151.4500000001044, "dt_walking_dead": 994.499999999598, "N_RNAP": 3, "N_Ribo": 4, "N_ATP": 1000, "seed": 38}