{"t_death": 3518.099999999552, "death_mode": "cycle_collapse", "pnr_type": "rnap_deadlock", "t_pnr": 3352.9499999996187, "dt_walking_dead": 165.14999999993324, "N_RNAP": 7, "N_Ribo": 7, "N_ATP": 1000, "seed": 91}