{"t_death": 4028.3999999993457, "death_mode": "ribo_collapse", "pnr_type": "ribo_depletion", "t_pnr": 4028.3999999993457, "dt_walking_dead": 0.0, "N_RNAP": 64, "N_Ribo": 27, "N_ATP": 1000, "seed": 57}