{"t_death": 4033.3499999993437, "death_mode": "ribo_collapse", "pnr_type": "ribo_depletion", "t_pnr": 664.2000000000063, "dt_walking_dead": 3369.1499999993375, "N_RNAP": 11, "N_Ribo": 2, "N_ATP": 1000, "seed": 96}