{"t_death": 4702.499999999073, "death_mode": "ribo_collapse", "pnr_type": "ribo_depletion", "t_pnr": 854.5500000000255, "dt_walking_dead": 3847.9499999990476, "N_RNAP": 41, "N_Ribo": 2, "N_ATP": 1000, "seed": 62}