{"t_death": 4064.849999999331, "death_mode": "cycle_collapse", "pnr_type": "rnap_deadlock", "t_pnr": 3998.249999999358, "dt_walking_dead": 66.59999999997308, "N_RNAP": 41, "N_Ribo": 41, "N_ATP": 1000, "seed": 51}