{"t_death": 2532.5999999999503, "death_mode": "ribo_collapse", "pnr_type": "ribo_depletion", "t_pnr": 1740.150000000115, "dt_walking_dead": 792.4499999998354, "N_RNAP": 3, "N_Ribo": 17, "N_ATP": 1000, "seed": 47}