{"t_death": 2793.149999999845, "death_mode": "cycle_collapse", "pnr_type": "rnap_deadlock", "t_pnr": 2748.599999999863, "dt_walking_dead": 44.54999999998199, "N_RNAP": 27, "N_Ribo": 4, "N_ATP": 1000, "seed": 24}