{"t_death": 5863.049999998604, "death_mode": "ribo_collapse", "pnr_type": "ribo_depletion", "t_pnr": 5776.649999998639, "dt_walking_dead": 86.39999999996508, "N_RNAP": 27, "N_Ribo": 100, "N_ATP": 1000, "seed": 46}