{"t_death": 4355.099999999214, "death_mode": "ribo_collapse", "pnr_type": "ribo_depletion", "t_pnr": 403.1999999999936, "dt_walking_dead": 3951.89999999922, "N_RNAP": 11, "N_Ribo": 2, "N_ATP": 1000, "seed": 95}