{"t_death": 5497.649999998752, "death_mode": "ribo_collapse", "pnr_type": "ribo_depletion", "t_pnr": 4789.349999999038, "dt_walking_dead": 708.2999999997137, "N_RNAP": 17, "N_Ribo": 27, "N_ATP": 1000, "seed": 8}