{"t_death": 4889.699999998998, "death_mode": "ribo_collapse", "pnr_type": "ribo_depletion", "t_pnr": 4861.349999999009, "dt_walking_dead": 28.34999999998854, "N_RNAP": 64, "N_Ribo": 17, "N_ATP": 1000, "seed": 26}