{"t_death": 3135.5999999997066, "death_mode": "ribo_collapse", "pnr_type": "ribo_depletion", "t_pnr": 1192.5000000000596, "dt_walking_dead": 1943.099999999647, "N_RNAP": 7, "N_Ribo": 4, "N_ATP": 1000, "seed": 91}