{"t_death": 5116.499999998906, "death_mode": "ribo_collapse", "pnr_type": "ribo_depletion", "t_pnr": 2014.2000000001426, "dt_walking_dead": 3102.2999999987633, "N_RNAP": 64, "N_Ribo": 3, "N_ATP": 1000, "seed": 87}