{"t_death": 4783.94999999904, "death_mode": "ribo_collapse", "pnr_type": "ribo_depletion", "t_pnr": 4189.049999999281, "dt_walking_dead": 594.8999999997595, "N_RNAP": 11, "N_Ribo": 64, "N_ATP": 1000, "seed": 4}