{"t_death": 2976.299999999771, "death_mode": "ribo_collapse", "pnr_type": "ribo_depletion", "t_pnr": 206.99999999999858, "dt_walking_dead": 2769.2999999997724, "N_RNAP": 11, "N_Ribo": 2, "N_ATP": 1000, "seed": 15}