{"t_death": 6182.549999998475, "death_mode": "ribo_collapse", "pnr_type": "ribo_depletion", "t_pnr": 5533.649999998737, "dt_walking_dead": 648.8999999997377, "N_RNAP": 4, "N_Ribo": 100, "N_ATP": 1000, "seed": 10}