{"t_death": 5234.399999998858, "death_mode": "ribo_collapse", "pnr_type": "ribo_depletion", "t_pnr": 1419.7500000000825, "dt_walking_dead": 3814.6499999987755, "N_RNAP": 17, "N_Ribo": 4, "N_ATP": 1000, "seed": 25}