{"t_death": 5615.549999998704, "death_mode": "ribo_collapse", "pnr_type": "ribo_depletion", "t_pnr": 4544.549999999137, "dt_walking_dead": 1070.999999999567, "N_RNAP": 11, "N_Ribo": 64, "N_ATP": 1000, "seed": 93}