{"t_death": 4405.949999999193, "death_mode": "ribo_collapse", "pnr_type": "ribo_depletion", "t_pnr": 1632.150000000104, "dt_walking_dead": 2773.799999999089, "N_RNAP": 64, "N_Ribo": 3, "N_ATP": 1000, "seed": 11}