{"t_death": 2237.8500000000695, "death_mode": "ribo_collapse", "pnr_type": "ribo_depletion", "t_pnr": 1244.7000000000648, "dt_walking_dead": 993.1500000000046, "N_RNAP": 17, "N_Ribo": 11, "N_ATP": 1000, "seed": 11}