{"t_death": 6276.599999998437, "death_mode": "ribo_collapse", "pnr_type": "ribo_depletion", "t_pnr": 1848.6000000001259, "dt_walking_dead": 4427.999999998311, "N_RNAP": 100, "N_Ribo": 3, "N_ATP": 1000, "seed": 53}