{"t_death": 2969.9999999997735, "death_mode": "ribo_collapse", "pnr_type": "ribo_depletion", "t_pnr": 2397.150000000005, "dt_walking_dead": 572.8499999997684, "N_RNAP": 27, "N_Ribo": 11, "N_ATP": 1000, "seed": 25}