{"t_death": 4829.399999999022, "death_mode": "ribo_collapse", "pnr_type": "ribo_depletion", "t_pnr": 4519.349999999147, "dt_walking_dead": 310.0499999998747, "N_RNAP": 64, "N_Ribo": 41, "N_ATP": 1000, "seed": 27}