{"t_death": 6442.19999999837, "death_mode": "ribo_collapse", "pnr_type": "ribo_depletion", "t_pnr": 3705.749999999476, "dt_walking_dead": 2736.449999998894, "N_RNAP": 4, "N_Ribo": 64, "N_ATP": 1000, "seed": 47}