{"t_death": 6223.949999998458, "death_mode": "ribo_collapse", "pnr_type": "ribo_depletion", "t_pnr": 2653.6499999999014, "dt_walking_dead": 3570.299999998557, "N_RNAP": 27, "N_Ribo": 17, "N_ATP": 1000, "seed": 65}