{"t_death": 3871.799999999409, "death_mode": "cycle_collapse", "pnr_type": "rnap_deadlock", "t_pnr": 3836.2499999994234, "dt_walking_dead": 35.54999999998563, "N_RNAP": 41, "N_Ribo": 41, "N_ATP": 1000, "seed": 27}