{"t_death": 5989.949999998553, "death_mode": "ribo_collapse", "pnr_type": "ribo_depletion", "t_pnr": 4960.799999998969, "dt_walking_dead": 1029.149999999584, "N_RNAP": 100, "N_Ribo": 11, "N_ATP": 1000, "seed": 80}