{"t_death": 3519.8999999995513, "death_mode": "ribo_collapse", "pnr_type": "ribo_depletion", "t_pnr": 2446.1999999999853, "dt_walking_dead": 1073.699999999566, "N_RNAP": 17, "N_Ribo": 11, "N_ATP": 1000, "seed": 25}