{"t_death": 3105.449999999719, "death_mode": "ribo_collapse", "pnr_type": "ribo_depletion", "t_pnr": 1834.6500000001245, "dt_walking_dead": 1270.7999999995943, "N_RNAP": 11, "N_Ribo": 4, "N_ATP": 1000, "seed": 1}