{"t_death": 5764.499999998644, "death_mode": "ribo_collapse", "pnr_type": "ribo_depletion", "t_pnr": 3742.649999999461, "dt_walking_dead": 2021.8499999991827, "N_RNAP": 100, "N_Ribo": 2, "N_ATP": 1000, "seed": 65}