{"t_death": 2793.599999999845, "death_mode": "cycle_collapse", "pnr_type": "rnap_deadlock", "t_pnr": 2648.6999999999034, "dt_walking_dead": 144.89999999994143, "N_RNAP": 4, "N_Ribo": 41, "N_ATP": 1000, "seed": 88}