{"t_death": 2775.599999999852, "death_mode": "ribo_collapse", "pnr_type": "ribo_depletion", "t_pnr": 2487.1499999999687, "dt_walking_dead": 288.4499999998834, "N_RNAP": 27, "N_Ribo": 4, "N_ATP": 1000, "seed": 9}