{"t_death": 4391.549999999199, "death_mode": "ribo_collapse", "pnr_type": "ribo_depletion", "t_pnr": 374.84999999999434, "dt_walking_dead": 4016.6999999992045, "N_RNAP": 64, "N_Ribo": 4, "N_ATP": 1000, "seed": 44}