{"t_death": 5270.399999998844, "death_mode": "ribo_collapse", "pnr_type": "ribo_depletion", "t_pnr": 3203.999999999679, "dt_walking_dead": 2066.3999999991647, "N_RNAP": 64, "N_Ribo": 7, "N_ATP": 1000, "seed": 3}