{"t_death": 4063.0499999993317, "death_mode": "ribo_collapse", "pnr_type": "ribo_depletion", "t_pnr": 200.24999999999875, "dt_walking_dead": 3862.799999999333, "N_RNAP": 41, "N_Ribo": 2, "N_ATP": 1000, "seed": 57}