{"t_death": 2656.7999999999, "death_mode": "ribo_collapse", "pnr_type": "ribo_depletion", "t_pnr": 1708.2000000001117, "dt_walking_dead": 948.5999999997885, "N_RNAP": 4, "N_Ribo": 2, "N_ATP": 1000, "seed": 11}