{"t_death": 1085.8500000000488, "death_mode": "cycle_collapse", "pnr_type": "rnap_deadlock", "t_pnr": 920.7000000000322, "dt_walking_dead": 165.15000000001658, "N_RNAP": 3, "N_Ribo": 41, "N_ATP": 1000, "seed": 43}