{"t_death": 1892.2500000001303, "death_mode": "cycle_collapse", "pnr_type": "rnap_deadlock", "t_pnr": 1775.7000000001185, "dt_walking_dead": 116.55000000001178, "N_RNAP": 2, "N_Ribo": 7, "N_ATP": 1000, "seed": 94}