{"t_death": 1140.7500000000543, "death_mode": "cycle_collapse", "pnr_type": "rnap_deadlock", "t_pnr": 1032.3000000000434, "dt_walking_dead": 108.45000000001096, "N_RNAP": 7, "N_Ribo": 27, "N_ATP": 1000, "seed": 94}