{"t_death": 3238.649999999665, "death_mode": "ribo_collapse", "pnr_type": "ribo_depletion", "t_pnr": 814.9500000000215, "dt_walking_dead": 2423.6999999996433, "N_RNAP": 11, "N_Ribo": 2, "N_ATP": 1000, "seed": 51}