{"t_death": 4355.5499999992135, "death_mode": "ribo_collapse", "pnr_type": "ribo_depletion", "t_pnr": 4057.649999999334, "dt_walking_dead": 297.8999999998796, "N_RNAP": 27, "N_Ribo": 64, "N_ATP": 1000, "seed": 43}