{"t_death": 3048.299999999742, "death_mode": "cycle_collapse", "pnr_type": "rnap_deadlock", "t_pnr": 2967.7499999997744, "dt_walking_dead": 80.54999999996744, "N_RNAP": 7, "N_Ribo": 27, "N_ATP": 1000, "seed": 77}