{"t_death": 4231.349999999264, "death_mode": "ribo_collapse", "pnr_type": "ribo_depletion", "t_pnr": 3203.0999999996793, "dt_walking_dead": 1028.2499999995844, "N_RNAP": 100, "N_Ribo": 2, "N_ATP": 1000, "seed": 6}