{"t_death": 5270.8499999988435, "death_mode": "ribo_collapse", "pnr_type": "ribo_depletion", "t_pnr": 3765.599999999452, "dt_walking_dead": 1505.2499999993915, "N_RNAP": 64, "N_Ribo": 4, "N_ATP": 1000, "seed": 6}