{"t_death": 6254.549999998446, "death_mode": "ribo_collapse", "pnr_type": "ribo_depletion", "t_pnr": 1747.3500000001156, "dt_walking_dead": 4507.19999999833, "N_RNAP": 27, "N_Ribo": 3, "N_ATP": 1000, "seed": 17}