{"t_death": 3281.3999999996477, "death_mode": "ribo_collapse", "pnr_type": "ribo_depletion", "t_pnr": 1375.650000000078, "dt_walking_dead": 1905.7499999995696, "N_RNAP": 41, "N_Ribo": 3, "N_ATP": 1000, "seed": 88}