{"t_death": 6890.849999998189, "death_mode": "ribo_collapse", "pnr_type": "ribo_depletion", "t_pnr": 3658.4999999994952, "dt_walking_dead": 3232.3499999986934, "N_RNAP": 27, "N_Ribo": 64, "N_ATP": 1000, "seed": 59}