{"t_death": 4226.399999999266, "death_mode": "ribo_collapse", "pnr_type": "ribo_depletion", "t_pnr": 2961.899999999777, "dt_walking_dead": 1264.4999999994889, "N_RNAP": 7, "N_Ribo": 27, "N_ATP": 1000, "seed": 56}