{"t_death": 7483.499999997949, "death_mode": "ribo_collapse", "pnr_type": "ribo_depletion", "t_pnr": 3540.149999999543, "dt_walking_dead": 3943.349999998406, "N_RNAP": 27, "N_Ribo": 27, "N_ATP": 1000, "seed": 73}