{"t_death": 6090.299999998512, "death_mode": "ribo_collapse", "pnr_type": "ribo_depletion", "t_pnr": 3922.1999999993886, "dt_walking_dead": 2168.0999999991236, "N_RNAP": 11, "N_Ribo": 2, "N_ATP": 1000, "seed": 85}