{"t_death": 3670.1999999994905, "death_mode": "cycle_collapse", "pnr_type": "rnap_deadlock", "t_pnr": 3670.1999999994905, "dt_walking_dead": 0.0, "N_RNAP": 11, "N_Ribo": 100, "N_ATP": 1000, "seed": 76}