{"t_death": 4401.899999999195, "death_mode": "ribo_collapse", "pnr_type": "ribo_depletion", "t_pnr": 4289.84999999924, "dt_walking_dead": 112.04999999995471, "N_RNAP": 27, "N_Ribo": 27, "N_ATP": 1000, "seed": 23}