{"t_death": 4166.09999999929, "death_mode": "ribo_collapse", "pnr_type": "ribo_depletion", "t_pnr": 3728.699999999467, "dt_walking_dead": 437.3999999998232, "N_RNAP": 27, "N_Ribo": 4, "N_ATP": 1000, "seed": 18}