{"t_death": 5290.6499999988355, "death_mode": "ribo_collapse", "pnr_type": "ribo_depletion", "t_pnr": 5201.5499999988715, "dt_walking_dead": 89.09999999996398, "N_RNAP": 64, "N_Ribo": 27, "N_ATP": 1000, "seed": 32}