{"t_death": 825.7500000000226, "death_mode": "cycle_collapse", "pnr_type": "rnap_deadlock", "t_pnr": 469.34999999999195, "dt_walking_dead": 356.4000000000307, "N_RNAP": 2, "N_Ribo": 4, "N_ATP": 1000, "seed": 62}