{"t_death": 3871.799999999409, "death_mode": "ribo_collapse", "pnr_type": "ribo_depletion", "t_pnr": 3238.199999999665, "dt_walking_dead": 633.5999999997439, "N_RNAP": 17, "N_Ribo": 7, "N_ATP": 1000, "seed": 5}