{"t_death": 1181.2500000000584, "death_mode": "cycle_collapse", "pnr_type": "rnap_deadlock", "t_pnr": 1057.950000000046, "dt_walking_dead": 123.30000000001246, "N_RNAP": 2, "N_Ribo": 7, "N_ATP": 1000, "seed": 47}