{"t_death": 3843.8999999994203, "death_mode": "ribo_collapse", "pnr_type": "ribo_depletion", "t_pnr": 3748.9499999994587, "dt_walking_dead": 94.94999999996162, "N_RNAP": 17, "N_Ribo": 27, "N_ATP": 1000, "seed": 90}