{"t_death": 3289.4999999996444, "death_mode": "ribo_collapse", "pnr_type": "ribo_depletion", "t_pnr": 1683.4500000001092, "dt_walking_dead": 1606.0499999995352, "N_RNAP": 17, "N_Ribo": 11, "N_ATP": 1000, "seed": 18}