{"t_death": 6024.599999998539, "death_mode": "ribo_collapse", "pnr_type": "ribo_depletion", "t_pnr": 4123.799999999307, "dt_walking_dead": 1900.7999999992317, "N_RNAP": 11, "N_Ribo": 64, "N_ATP": 1000, "seed": 31}