{"t_death": 4114.799999999311, "death_mode": "ribo_collapse", "pnr_type": "ribo_depletion", "t_pnr": 1549.8000000000957, "dt_walking_dead": 2564.999999999215, "N_RNAP": 17, "N_Ribo": 3, "N_ATP": 1000, "seed": 42}