{"t_death": 6162.749999998483, "death_mode": "ribo_collapse", "pnr_type": "ribo_depletion", "t_pnr": 2533.94999999995, "dt_walking_dead": 3628.799999998533, "N_RNAP": 11, "N_Ribo": 17, "N_ATP": 1000, "seed": 83}