{"t_death": 6009.299999998545, "death_mode": "cycle_collapse", "pnr_type": "rnap_deadlock", "t_pnr": 5965.649999998563, "dt_walking_dead": 43.649999999982356, "N_RNAP": 7, "N_Ribo": 64, "N_ATP": 1000, "seed": 96}