{"t_death": 1993.0500000001405, "death_mode": "ribo_collapse", "pnr_type": "ribo_depletion", "t_pnr": 1969.200000000138, "dt_walking_dead": 23.85000000000241, "N_RNAP": 3, "N_Ribo": 2, "N_ATP": 1000, "seed": 9}