{"t_death": 5228.099999998861, "death_mode": "ribo_collapse", "pnr_type": "ribo_depletion", "t_pnr": 3674.249999999489, "dt_walking_dead": 1553.849999999372, "N_RNAP": 27, "N_Ribo": 11, "N_ATP": 1000, "seed": 62}