{"t_death": 2510.0999999999594, "death_mode": "ribo_collapse", "pnr_type": "ribo_depletion", "t_pnr": 1082.7000000000485, "dt_walking_dead": 1427.399999999911, "N_RNAP": 27, "N_Ribo": 2, "N_ATP": 1000, "seed": 40}