{"t_death": 5032.34999999894, "death_mode": "ribo_collapse", "pnr_type": "ribo_depletion", "t_pnr": 132.30000000000047, "dt_walking_dead": 4900.04999999894, "N_RNAP": 27, "N_Ribo": 2, "N_ATP": 1000, "seed": 60}