{"t_death": 4880.699999999001, "death_mode": "ribo_collapse", "pnr_type": "ribo_depletion", "t_pnr": 4157.099999999294, "dt_walking_dead": 723.5999999997075, "N_RNAP": 100, "N_Ribo": 11, "N_ATP": 1000, "seed": 82}