{"t_death": 8696.249999998478, "death_mode": "ribo_collapse", "pnr_type": "ribo_depletion", "t_pnr": 3038.399999999746, "dt_walking_dead": 5657.849999998732, "N_RNAP": 4, "N_Ribo": 7, "N_ATP": 1000, "seed": 62}