{"t_death": 2546.5499999999447, "death_mode": "ribo_collapse", "pnr_type": "ribo_depletion", "t_pnr": 2489.399999999968, "dt_walking_dead": 57.1499999999769, "N_RNAP": 27, "N_Ribo": 4, "N_ATP": 1000, "seed": 44}