{"t_death": 1827.4500000001237, "death_mode": "cycle_collapse", "pnr_type": "rnap_deadlock", "t_pnr": 1775.7000000001185, "dt_walking_dead": 51.75000000000523, "N_RNAP": 4, "N_Ribo": 41, "N_ATP": 1000, "seed": 60}