{"t_death": 6602.849999998305, "death_mode": "ribo_collapse", "pnr_type": "ribo_depletion", "t_pnr": 1395.9000000000801, "dt_walking_dead": 5206.949999998225, "N_RNAP": 64, "N_Ribo": 3, "N_ATP": 1000, "seed": 75}