{"t_death": 6403.9499999983855, "death_mode": "ribo_collapse", "pnr_type": "ribo_depletion", "t_pnr": 4461.299999999171, "dt_walking_dead": 1942.6499999992147, "N_RNAP": 27, "N_Ribo": 27, "N_ATP": 1000, "seed": 45}