{"t_death": 4032.899999999344, "death_mode": "cycle_collapse", "pnr_type": "rnap_deadlock", "t_pnr": 3921.299999999389, "dt_walking_dead": 111.59999999995489, "N_RNAP": 41, "N_Ribo": 17, "N_ATP": 1000, "seed": 6}