{"t_death": 2674.799999999893, "death_mode": "ribo_collapse", "pnr_type": "ribo_depletion", "t_pnr": 938.700000000034, "dt_walking_dead": 1736.099999999859, "N_RNAP": 27, "N_Ribo": 2, "N_ATP": 1000, "seed": 49}