{"t_death": 2207.7000000000817, "death_mode": "cycle_collapse", "pnr_type": "rnap_deadlock", "t_pnr": 1964.2500000001376, "dt_walking_dead": 243.4499999999441, "N_RNAP": 4, "N_Ribo": 100, "N_ATP": 1000, "seed": 62}