{"t_death": 2114.1000000001195, "death_mode": "cycle_collapse", "pnr_type": "rnap_deadlock", "t_pnr": 2031.3000000001443, "dt_walking_dead": 82.79999999997517, "N_RNAP": 4, "N_Ribo": 3, "N_ATP": 1000, "seed": 15}