{"t_death": 3906.449999999395, "death_mode": "ribo_collapse", "pnr_type": "ribo_depletion", "t_pnr": 2305.800000000042, "dt_walking_dead": 1600.649999999353, "N_RNAP": 100, "N_Ribo": 3, "N_ATP": 1000, "seed": 39}