{"t_death": 5871.599999998601, "death_mode": "ribo_collapse", "pnr_type": "ribo_depletion", "t_pnr": 5847.2999999986105, "dt_walking_dead": 24.299999999990177, "N_RNAP": 11, "N_Ribo": 17, "N_ATP": 1000, "seed": 2}