{"t_death": 2155.9500000001026, "death_mode": "ribo_collapse", "pnr_type": "ribo_depletion", "t_pnr": 634.0500000000033, "dt_walking_dead": 1521.9000000000992, "N_RNAP": 11, "N_Ribo": 3, "N_ATP": 1000, "seed": 92}