{"t_death": 5060.249999998929, "death_mode": "ribo_collapse", "pnr_type": "ribo_depletion", "t_pnr": 2766.149999999856, "dt_walking_dead": 2294.0999999990727, "N_RNAP": 17, "N_Ribo": 4, "N_ATP": 1000, "seed": 61}