{"t_death": 6286.049999998433, "death_mode": "ribo_collapse", "pnr_type": "ribo_depletion", "t_pnr": 4723.199999999065, "dt_walking_dead": 1562.8499999993683, "N_RNAP": 64, "N_Ribo": 41, "N_ATP": 1000, "seed": 77}