{"t_death": 4094.549999999319, "death_mode": "ribo_collapse", "pnr_type": "ribo_depletion", "t_pnr": 3325.9499999996297, "dt_walking_dead": 768.5999999996893, "N_RNAP": 64, "N_Ribo": 3, "N_ATP": 1000, "seed": 71}