{"t_death": 3415.4999999995935, "death_mode": "ribo_collapse", "pnr_type": "ribo_depletion", "t_pnr": 3359.249999999616, "dt_walking_dead": 56.24999999997726, "N_RNAP": 7, "N_Ribo": 3, "N_ATP": 1000, "seed": 93}