{"t_death": 5527.79999999874, "death_mode": "ribo_collapse", "pnr_type": "ribo_depletion", "t_pnr": 4216.04999999927, "dt_walking_dead": 1311.7499999994698, "N_RNAP": 100, "N_Ribo": 11, "N_ATP": 1000, "seed": 2}