{"t_death": 4925.699999998983, "death_mode": "cycle_collapse", "pnr_type": "rnap_deadlock", "t_pnr": 4786.199999999039, "dt_walking_dead": 139.4999999999436, "N_RNAP": 17, "N_Ribo": 11, "N_ATP": 1000, "seed": 2}