{"t_death": 3160.3499999996966, "death_mode": "ribo_collapse", "pnr_type": "ribo_depletion", "t_pnr": 1201.9500000000605, "dt_walking_dead": 1958.399999999636, "N_RNAP": 4, "N_Ribo": 2, "N_ATP": 1000, "seed": 48}