{"t_death": 2403.4500000000025, "death_mode": "cycle_collapse", "pnr_type": "rnap_deadlock", "t_pnr": 2379.600000000012, "dt_walking_dead": 23.84999999999036, "N_RNAP": 4, "N_Ribo": 27, "N_ATP": 1000, "seed": 10}