{"t_death": 2591.0999999999267, "death_mode": "ribo_collapse", "pnr_type": "ribo_depletion", "t_pnr": 260.5499999999972, "dt_walking_dead": 2330.5499999999292, "N_RNAP": 3, "N_Ribo": 2, "N_ATP": 1000, "seed": 83}