{"t_death": 4775.849999999044, "death_mode": "ribo_collapse", "pnr_type": "ribo_depletion", "t_pnr": 4070.6999999993286, "dt_walking_dead": 705.149999999715, "N_RNAP": 2, "N_Ribo": 100, "N_ATP": 1000, "seed": 29}