{"t_death": 4039.649999999341, "death_mode": "ribo_collapse", "pnr_type": "ribo_depletion", "t_pnr": 3804.2999999994363, "dt_walking_dead": 235.34999999990487, "N_RNAP": 41, "N_Ribo": 4, "N_ATP": 1000, "seed": 86}