{"t_death": 1873.3500000001284, "death_mode": "ribo_collapse", "pnr_type": "ribo_depletion", "t_pnr": 466.649999999992, "dt_walking_dead": 1406.7000000001362, "N_RNAP": 4, "N_Ribo": 2, "N_ATP": 1000, "seed": 31}