{"t_death": 8720.099999998516, "death_mode": "ribo_collapse", "pnr_type": "ribo_depletion", "t_pnr": 4450.499999999175, "dt_walking_dead": 4269.599999999341, "N_RNAP": 17, "N_Ribo": 27, "N_ATP": 1000, "seed": 1}