{"t_death": 3335.8499999996257, "death_mode": "ribo_collapse", "pnr_type": "ribo_depletion", "t_pnr": 2274.3000000000548, "dt_walking_dead": 1061.549999999571, "N_RNAP": 41, "N_Ribo": 3, "N_ATP": 1000, "seed": 13}