{"t_death": 6964.649999998159, "death_mode": "ribo_collapse", "pnr_type": "ribo_depletion", "t_pnr": 2220.7500000000764, "dt_walking_dead": 4743.899999998082, "N_RNAP": 17, "N_Ribo": 3, "N_ATP": 1000, "seed": 37}