{"t_death": 3885.2999999994036, "death_mode": "ribo_collapse", "pnr_type": "ribo_depletion", "t_pnr": 3853.7999999994163, "dt_walking_dead": 31.499999999987267, "N_RNAP": 11, "N_Ribo": 11, "N_ATP": 1000, "seed": 4}