{"t_death": 5215.949999998866, "death_mode": "ribo_collapse", "pnr_type": "ribo_depletion", "t_pnr": 2902.499999999801, "dt_walking_dead": 2313.449999999065, "N_RNAP": 41, "N_Ribo": 7, "N_ATP": 1000, "seed": 52}