{"t_death": 4767.299999999047, "death_mode": "ribo_collapse", "pnr_type": "ribo_depletion", "t_pnr": 3628.7999999995072, "dt_walking_dead": 1138.4999999995398, "N_RNAP": 64, "N_Ribo": 17, "N_ATP": 1000, "seed": 23}