{"t_death": 5571.449999998722, "death_mode": "ribo_collapse", "pnr_type": "ribo_depletion", "t_pnr": 2590.199999999927, "dt_walking_dead": 2981.249999998795, "N_RNAP": 41, "N_Ribo": 11, "N_ATP": 1000, "seed": 72}