{"t_death": 2154.600000000103, "death_mode": "ribo_collapse", "pnr_type": "ribo_depletion", "t_pnr": 1162.3500000000565, "dt_walking_dead": 992.2500000000466, "N_RNAP": 7, "N_Ribo": 2, "N_ATP": 1000, "seed": 12}