{"t_death": 2363.8500000000186, "death_mode": "cycle_collapse", "pnr_type": "rnap_deadlock", "t_pnr": 2339.5500000000284, "dt_walking_dead": 24.299999999990177, "N_RNAP": 7, "N_Ribo": 27, "N_ATP": 1000, "seed": 21}