{"t_death": 5261.849999998847, "death_mode": "ribo_collapse", "pnr_type": "ribo_depletion", "t_pnr": 2882.699999999809, "dt_walking_dead": 2379.1499999990383, "N_RNAP": 11, "N_Ribo": 11, "N_ATP": 1000, "seed": 74}