{"t_death": 5261.399999998847, "death_mode": "ribo_collapse", "pnr_type": "ribo_depletion", "t_pnr": 4913.999999998988, "dt_walking_dead": 347.3999999998596, "N_RNAP": 64, "N_Ribo": 11, "N_ATP": 1000, "seed": 46}