{"t_death": 5143.049999998895, "death_mode": "ribo_collapse", "pnr_type": "ribo_depletion", "t_pnr": 3904.199999999396, "dt_walking_dead": 1238.8499999994992, "N_RNAP": 64, "N_Ribo": 27, "N_ATP": 1000, "seed": 67}