{"t_death": 3113.5499999997155, "death_mode": "ribo_collapse", "pnr_type": "ribo_depletion", "t_pnr": 1387.3500000000793, "dt_walking_dead": 1726.1999999996362, "N_RNAP": 4, "N_Ribo": 2, "N_ATP": 1000, "seed": 65}