{"t_death": 938.250000000034, "death_mode": "ribo_collapse", "pnr_type": "ribo_depletion", "t_pnr": 531.4499999999929, "dt_walking_dead": 406.8000000000411, "N_RNAP": 4, "N_Ribo": 2, "N_ATP": 1000, "seed": 10}