{"t_death": 1030.9500000000432, "death_mode": "ribo_collapse", "pnr_type": "ribo_depletion", "t_pnr": 687.1500000000086, "dt_walking_dead": 343.80000000003463, "N_RNAP": 4, "N_Ribo": 2, "N_ATP": 1000, "seed": 94}