{"t_death": 4958.09999999897, "death_mode": "ribo_collapse", "pnr_type": "ribo_depletion", "t_pnr": 2118.150000000118, "dt_walking_dead": 2839.949999998852, "N_RNAP": 64, "N_Ribo": 11, "N_ATP": 1000, "seed": 61}