{"t_death": 3808.7999999994345, "death_mode": "ribo_collapse", "pnr_type": "ribo_depletion", "t_pnr": 2314.3500000000386, "dt_walking_dead": 1494.449999999396, "N_RNAP": 11, "N_Ribo": 17, "N_ATP": 1000, "seed": 63}