{"t_death": 3965.849999999371, "death_mode": "ribo_collapse", "pnr_type": "ribo_depletion", "t_pnr": 2899.349999999802, "dt_walking_dead": 1066.499999999569, "N_RNAP": 3, "N_Ribo": 27, "N_ATP": 1000, "seed": 17}