{"t_death": 3785.8499999994438, "death_mode": "ribo_collapse", "pnr_type": "ribo_depletion", "t_pnr": 3184.199999999687, "dt_walking_dead": 601.6499999997568, "N_RNAP": 3, "N_Ribo": 11, "N_ATP": 1000, "seed": 78}