{"t_death": 961.2000000000363, "death_mode": "cycle_collapse", "pnr_type": "rnap_deadlock", "t_pnr": 902.2500000000304, "dt_walking_dead": 58.95000000000596, "N_RNAP": 2, "N_Ribo": 11, "N_ATP": 1000, "seed": 20}