{"t_death": 3228.749999999669, "death_mode": "ribo_collapse", "pnr_type": "ribo_depletion", "t_pnr": 2230.6500000000724, "dt_walking_dead": 998.0999999995965, "N_RNAP": 11, "N_Ribo": 3, "N_ATP": 1000, "seed": 84}