{"t_death": 2427.7499999999927, "death_mode": "ribo_collapse", "pnr_type": "ribo_depletion", "t_pnr": 551.6999999999949, "dt_walking_dead": 1876.049999999998, "N_RNAP": 17, "N_Ribo": 2, "N_ATP": 1000, "seed": 73}