{"t_death": 4991.399999998956, "death_mode": "ribo_collapse", "pnr_type": "ribo_depletion", "t_pnr": 4843.799999999016, "dt_walking_dead": 147.59999999994034, "N_RNAP": 27, "N_Ribo": 100, "N_ATP": 1000, "seed": 18}