{"t_death": 5371.649999998803, "death_mode": "ribo_collapse", "pnr_type": "ribo_depletion", "t_pnr": 3315.149999999634, "dt_walking_dead": 2056.4999999991687, "N_RNAP": 41, "N_Ribo": 3, "N_ATP": 1000, "seed": 86}