{"t_death": 4406.399999999193, "death_mode": "ribo_collapse", "pnr_type": "ribo_depletion", "t_pnr": 4138.199999999301, "dt_walking_dead": 268.1999999998916, "N_RNAP": 17, "N_Ribo": 64, "N_ATP": 1000, "seed": 49}