{"t_death": 5277.149999998841, "death_mode": "ribo_collapse", "pnr_type": "ribo_depletion", "t_pnr": 1343.7000000000749, "dt_walking_dead": 3933.449999998766, "N_RNAP": 100, "N_Ribo": 4, "N_ATP": 1000, "seed": 59}