{"t_death": 4730.399999999062, "death_mode": "ribo_collapse", "pnr_type": "ribo_depletion", "t_pnr": 3800.249999999438, "dt_walking_dead": 930.149999999624, "N_RNAP": 64, "N_Ribo": 3, "N_ATP": 1000, "seed": 97}