{"t_death": 2973.599999999772, "death_mode": "cycle_collapse", "pnr_type": "rnap_deadlock", "t_pnr": 2622.599999999914, "dt_walking_dead": 350.9999999998581, "N_RNAP": 3, "N_Ribo": 2, "N_ATP": 1000, "seed": 89}