{"t_death": 5888.699999998594, "death_mode": "ribo_collapse", "pnr_type": "ribo_depletion", "t_pnr": 5044.949999998935, "dt_walking_dead": 843.7499999996589, "N_RNAP": 100, "N_Ribo": 2, "N_ATP": 1000, "seed": 41}