{"t_death": 802.8000000000203, "death_mode": "ribo_collapse", "pnr_type": "ribo_depletion", "t_pnr": 311.39999999999594, "dt_walking_dead": 491.40000000002436, "N_RNAP": 4, "N_Ribo": 2, "N_ATP": 1000, "seed": 63}