{"t_death": 4777.649999999043, "death_mode": "ribo_collapse", "pnr_type": "ribo_depletion", "t_pnr": 2277.0000000000537, "dt_walking_dead": 2500.649999998989, "N_RNAP": 11, "N_Ribo": 11, "N_ATP": 1000, "seed": 28}