{"t_death": 3583.3499999995256, "death_mode": "ribo_collapse", "pnr_type": "ribo_depletion", "t_pnr": 1747.8000000001157, "dt_walking_dead": 1835.54999999941, "N_RNAP": 41, "N_Ribo": 4, "N_ATP": 1000, "seed": 73}