{"t_death": 6503.849999998345, "death_mode": "ribo_collapse", "pnr_type": "ribo_depletion", "t_pnr": 2955.1499999997795, "dt_walking_dead": 3548.6999999985655, "N_RNAP": 64, "N_Ribo": 2, "N_ATP": 1000, "seed": 86}