{"t_death": 3321.4499999996315, "death_mode": "cycle_collapse", "pnr_type": "rnap_deadlock", "t_pnr": 3321.4499999996315, "dt_walking_dead": 0.0, "N_RNAP": 17, "N_Ribo": 27, "N_ATP": 1000, "seed": 25}