{"t_death": 3268.7999999996528, "death_mode": "ribo_collapse", "pnr_type": "ribo_depletion", "t_pnr": 3080.249999999729, "dt_walking_dead": 188.54999999992378, "N_RNAP": 3, "N_Ribo": 17, "N_ATP": 1000, "seed": 35}