{"t_death": 2124.0000000001155, "death_mode": "cycle_collapse", "pnr_type": "rnap_deadlock", "t_pnr": 2013.7500000001426, "dt_walking_dead": 110.24999999997294, "N_RNAP": 2, "N_Ribo": 41, "N_ATP": 1000, "seed": 42}