{"t_death": 4043.2499999993397, "death_mode": "cycle_collapse", "pnr_type": "rnap_deadlock", "t_pnr": 4043.2499999993397, "dt_walking_dead": 0.0, "N_RNAP": 64, "N_Ribo": 27, "N_ATP": 1000, "seed": 69}