{"t_death": 3104.549999999719, "death_mode": "cycle_collapse", "pnr_type": "rnap_deadlock", "t_pnr": 2825.549999999832, "dt_walking_dead": 278.9999999998872, "N_RNAP": 3, "N_Ribo": 17, "N_ATP": 1000, "seed": 68}