{"t_death": 7581.599999997909, "death_mode": "ribo_collapse", "pnr_type": "ribo_depletion", "t_pnr": 1550.2500000000957, "dt_walking_dead": 6031.349999997814, "N_RNAP": 17, "N_Ribo": 11, "N_ATP": 1000, "seed": 65}