{"t_death": 1234.3500000000638, "death_mode": "cycle_collapse", "pnr_type": "rnap_deadlock", "t_pnr": 1230.3000000000634, "dt_walking_dead": 4.050000000000409, "N_RNAP": 3, "N_Ribo": 7, "N_ATP": 1000, "seed": 90}