{"t_death": 4953.599999998972, "death_mode": "ribo_collapse", "pnr_type": "ribo_depletion", "t_pnr": 301.0499999999962, "dt_walking_dead": 4652.549999998975, "N_RNAP": 64, "N_Ribo": 2, "N_ATP": 1000, "seed": 0}