{"t_death": 3131.999999999708, "death_mode": "ribo_collapse", "pnr_type": "ribo_depletion", "t_pnr": 251.54999999999745, "dt_walking_dead": 2880.4499999997106, "N_RNAP": 4, "N_Ribo": 2, "N_ATP": 1000, "seed": 3}