{"t_death": 4629.599999999103, "death_mode": "ribo_collapse", "pnr_type": "ribo_depletion", "t_pnr": 4063.4999999993315, "dt_walking_dead": 566.0999999997712, "N_RNAP": 64, "N_Ribo": 27, "N_ATP": 1000, "seed": 24}