{"t_death": 4275.449999999246, "death_mode": "ribo_collapse", "pnr_type": "ribo_depletion", "t_pnr": 1459.3500000000865, "dt_walking_dead": 2816.099999999159, "N_RNAP": 27, "N_Ribo": 4, "N_ATP": 1000, "seed": 87}