{"t_death": 4778.099999999043, "death_mode": "ribo_collapse", "pnr_type": "ribo_depletion", "t_pnr": 2308.500000000041, "dt_walking_dead": 2469.5999999990017, "N_RNAP": 27, "N_Ribo": 4, "N_ATP": 1000, "seed": 91}