{"t_death": 3086.0999999997266, "death_mode": "ribo_collapse", "pnr_type": "ribo_depletion", "t_pnr": 2462.3999999999787, "dt_walking_dead": 623.6999999997479, "N_RNAP": 7, "N_Ribo": 11, "N_ATP": 1000, "seed": 71}