{"t_death": 1079.100000000048, "death_mode": "cycle_collapse", "pnr_type": "rnap_deadlock", "t_pnr": 1070.5500000000472, "dt_walking_dead": 8.550000000000864, "N_RNAP": 3, "N_Ribo": 41, "N_ATP": 1000, "seed": 44}