{"t_death": 4211.099999999272, "death_mode": "ribo_collapse", "pnr_type": "ribo_depletion", "t_pnr": 3398.3999999996004, "dt_walking_dead": 812.6999999996715, "N_RNAP": 41, "N_Ribo": 17, "N_ATP": 1000, "seed": 80}