{"t_death": 4147.199999999298, "death_mode": "ribo_collapse", "pnr_type": "ribo_depletion", "t_pnr": 3631.0499999995063, "dt_walking_dead": 516.1499999997914, "N_RNAP": 7, "N_Ribo": 27, "N_ATP": 1000, "seed": 36}