{"t_death": 5831.549999998617, "death_mode": "ribo_collapse", "pnr_type": "ribo_depletion", "t_pnr": 1873.8000000001284, "dt_walking_dead": 3957.7499999984884, "N_RNAP": 41, "N_Ribo": 4, "N_ATP": 1000, "seed": 52}