{"t_death": 2007.450000000142, "death_mode": "ribo_collapse", "pnr_type": "ribo_depletion", "t_pnr": 818.1000000000219, "dt_walking_dead": 1189.35000000012, "N_RNAP": 3, "N_Ribo": 4, "N_ATP": 1000, "seed": 93}