{"t_death": 9129.599999999178, "death_mode": "ribo_collapse", "pnr_type": "ribo_depletion", "t_pnr": 4700.249999999074, "dt_walking_dead": 4429.350000000104, "N_RNAP": 41, "N_Ribo": 41, "N_ATP": 1000, "seed": 11}