{"t_death": 6223.049999998459, "death_mode": "ribo_collapse", "pnr_type": "ribo_depletion", "t_pnr": 4577.399999999124, "dt_walking_dead": 1645.6499999993348, "N_RNAP": 27, "N_Ribo": 100, "N_ATP": 1000, "seed": 98}