{"t_death": 3932.0999999993846, "death_mode": "ribo_collapse", "pnr_type": "ribo_depletion", "t_pnr": 582.299999999998, "dt_walking_dead": 3349.7999999993867, "N_RNAP": 41, "N_Ribo": 2, "N_ATP": 1000, "seed": 44}