{"t_death": 3343.4999999996226, "death_mode": "ribo_collapse", "pnr_type": "ribo_depletion", "t_pnr": 1935.0000000001346, "dt_walking_dead": 1408.499999999488, "N_RNAP": 3, "N_Ribo": 4, "N_ATP": 1000, "seed": 51}