{"t_death": 6806.699999998223, "death_mode": "ribo_collapse", "pnr_type": "ribo_depletion", "t_pnr": 4332.599999999223, "dt_walking_dead": 2474.099999999, "N_RNAP": 17, "N_Ribo": 7, "N_ATP": 1000, "seed": 61}