{"t_death": 6304.049999998426, "death_mode": "ribo_collapse", "pnr_type": "ribo_depletion", "t_pnr": 2754.8999999998605, "dt_walking_dead": 3549.1499999985654, "N_RNAP": 11, "N_Ribo": 17, "N_ATP": 1000, "seed": 12}