{"t_death": 5207.399999998869, "death_mode": "ribo_collapse", "pnr_type": "ribo_depletion", "t_pnr": 3899.6999999993977, "dt_walking_dead": 1307.6999999994714, "N_RNAP": 41, "N_Ribo": 7, "N_ATP": 1000, "seed": 19}