{"t_death": 3583.3499999995256, "death_mode": "ribo_collapse", "pnr_type": "ribo_depletion", "t_pnr": 3374.09999999961, "dt_walking_dead": 209.24999999991542, "N_RNAP": 64, "N_Ribo": 4, "N_ATP": 1000, "seed": 16}