{"t_death": 3033.8999999997477, "death_mode": "ribo_collapse", "pnr_type": "ribo_depletion", "t_pnr": 2652.749999999902, "dt_walking_dead": 381.14999999984593, "N_RNAP": 41, "N_Ribo": 2, "N_ATP": 1000, "seed": 6}