{"t_death": 3725.999999999468, "death_mode": "ribo_collapse", "pnr_type": "ribo_depletion", "t_pnr": 3166.1999999996942, "dt_walking_dead": 559.7999999997737, "N_RNAP": 41, "N_Ribo": 17, "N_ATP": 1000, "seed": 32}