{"t_death": 4501.799999999154, "death_mode": "ribo_collapse", "pnr_type": "ribo_depletion", "t_pnr": 1845.0000000001255, "dt_walking_dead": 2656.799999999029, "N_RNAP": 41, "N_Ribo": 2, "N_ATP": 1000, "seed": 11}