{"t_death": 2134.3500000001113, "death_mode": "cycle_collapse", "pnr_type": "rnap_deadlock", "t_pnr": 2134.3500000001113, "dt_walking_dead": 0.0, "N_RNAP": 7, "N_Ribo": 100, "N_ATP": 1000, "seed": 83}