{"t_death": 4892.3999999989965, "death_mode": "ribo_collapse", "pnr_type": "ribo_depletion", "t_pnr": 4480.199999999163, "dt_walking_dead": 412.1999999998334, "N_RNAP": 27, "N_Ribo": 64, "N_ATP": 1000, "seed": 97}