{"t_death": 4533.299999999142, "death_mode": "ribo_collapse", "pnr_type": "ribo_depletion", "t_pnr": 605.7000000000004, "dt_walking_dead": 3927.5999999991413, "N_RNAP": 100, "N_Ribo": 4, "N_ATP": 1000, "seed": 53}