{"t_death": 4750.199999999054, "death_mode": "ribo_collapse", "pnr_type": "ribo_depletion", "t_pnr": 1334.700000000074, "dt_walking_dead": 3415.49999999898, "N_RNAP": 41, "N_Ribo": 3, "N_ATP": 1000, "seed": 15}