{"t_death": 2967.2999999997746, "death_mode": "ribo_collapse", "pnr_type": "ribo_depletion", "t_pnr": 1544.4000000000951, "dt_walking_dead": 1422.8999999996795, "N_RNAP": 2, "N_Ribo": 4, "N_ATP": 1000, "seed": 12}