{"t_death": 5183.099999998879, "death_mode": "ribo_collapse", "pnr_type": "ribo_depletion", "t_pnr": 4269.599999999248, "dt_walking_dead": 913.4999999996307, "N_RNAP": 41, "N_Ribo": 7, "N_ATP": 1000, "seed": 39}