{"t_death": 3775.9499999994478, "death_mode": "ribo_collapse", "pnr_type": "ribo_depletion", "t_pnr": 3025.799999999751, "dt_walking_dead": 750.1499999996968, "N_RNAP": 27, "N_Ribo": 4, "N_ATP": 1000, "seed": 7}