{"t_death": 3884.8499999994037, "death_mode": "ribo_collapse", "pnr_type": "ribo_depletion", "t_pnr": 3805.199999999436, "dt_walking_dead": 79.6499999999678, "N_RNAP": 64, "N_Ribo": 27, "N_ATP": 1000, "seed": 26}