{"t_death": 5129.099999998901, "death_mode": "ribo_collapse", "pnr_type": "ribo_depletion", "t_pnr": 4209.749999999272, "dt_walking_dead": 919.3499999996284, "N_RNAP": 27, "N_Ribo": 11, "N_ATP": 1000, "seed": 43}