{"t_death": 2516.8499999999567, "death_mode": "cycle_collapse", "pnr_type": "rnap_deadlock", "t_pnr": 2516.8499999999567, "dt_walking_dead": 0.0, "N_RNAP": 17, "N_Ribo": 64, "N_ATP": 1000, "seed": 58}