{"t_death": 2915.9999999997954, "death_mode": "ribo_collapse", "pnr_type": "ribo_depletion", "t_pnr": 1957.950000000137, "dt_walking_dead": 958.0499999996584, "N_RNAP": 11, "N_Ribo": 2, "N_ATP": 1000, "seed": 0}