{"t_death": 2267.5500000000575, "death_mode": "ribo_collapse", "pnr_type": "ribo_depletion", "t_pnr": 1493.10000000009, "dt_walking_dead": 774.4499999999675, "N_RNAP": 4, "N_Ribo": 3, "N_ATP": 1000, "seed": 91}