{"t_death": 7642.349999997885, "death_mode": "ribo_collapse", "pnr_type": "ribo_depletion", "t_pnr": 4805.549999999032, "dt_walking_dead": 2836.7999999988533, "N_RNAP": 11, "N_Ribo": 64, "N_ATP": 1000, "seed": 90}