{"t_death": 4583.249999999121, "death_mode": "ribo_collapse", "pnr_type": "ribo_depletion", "t_pnr": 4359.599999999212, "dt_walking_dead": 223.6499999999096, "N_RNAP": 7, "N_Ribo": 64, "N_ATP": 1000, "seed": 24}