{"t_death": 3940.649999999381, "death_mode": "ribo_collapse", "pnr_type": "ribo_depletion", "t_pnr": 2770.1999999998543, "dt_walking_dead": 1170.4499999995269, "N_RNAP": 11, "N_Ribo": 11, "N_ATP": 1000, "seed": 57}