{"t_death": 4997.699999998954, "death_mode": "cycle_collapse", "pnr_type": "rnap_deadlock", "t_pnr": 4918.949999998986, "dt_walking_dead": 78.74999999996817, "N_RNAP": 11, "N_Ribo": 100, "N_ATP": 1000, "seed": 23}