{"t_death": 3701.6999999994778, "death_mode": "ribo_collapse", "pnr_type": "ribo_depletion", "t_pnr": 1785.1500000001195, "dt_walking_dead": 1916.5499999993583, "N_RNAP": 27, "N_Ribo": 7, "N_ATP": 1000, "seed": 44}