{"t_death": 4200.299999999276, "death_mode": "ribo_collapse", "pnr_type": "ribo_depletion", "t_pnr": 2072.2500000001364, "dt_walking_dead": 2128.04999999914, "N_RNAP": 41, "N_Ribo": 11, "N_ATP": 1000, "seed": 89}