{"t_death": 3750.749999999458, "death_mode": "ribo_collapse", "pnr_type": "ribo_depletion", "t_pnr": 513.4499999999911, "dt_walking_dead": 3237.2999999994668, "N_RNAP": 7, "N_Ribo": 3, "N_ATP": 1000, "seed": 85}