{"t_death": 3257.0999999996575, "death_mode": "ribo_collapse", "pnr_type": "ribo_depletion", "t_pnr": 1556.5500000000964, "dt_walking_dead": 1700.5499999995611, "N_RNAP": 7, "N_Ribo": 4, "N_ATP": 1000, "seed": 59}