{"t_death": 4701.599999999074, "death_mode": "cycle_collapse", "pnr_type": "rnap_deadlock", "t_pnr": 4673.249999999085, "dt_walking_dead": 28.34999999998854, "N_RNAP": 64, "N_Ribo": 17, "N_ATP": 1000, "seed": 78}