{"t_death": 3361.0499999996155, "death_mode": "ribo_collapse", "pnr_type": "ribo_depletion", "t_pnr": 9.899999999999999, "dt_walking_dead": 3351.1499999996154, "N_RNAP": 4, "N_Ribo": 2, "N_ATP": 1000, "seed": 71}