{"t_death": 620.5500000000019, "death_mode": "cycle_collapse", "pnr_type": "rnap_deadlock", "t_pnr": 312.7499999999959, "dt_walking_dead": 307.800000000006, "N_RNAP": 2, "N_Ribo": 41, "N_ATP": 1000, "seed": 69}