{"t_death": 3527.999999999548, "death_mode": "ribo_collapse", "pnr_type": "ribo_depletion", "t_pnr": 3492.899999999562, "dt_walking_dead": 35.09999999998581, "N_RNAP": 11, "N_Ribo": 17, "N_ATP": 1000, "seed": 19}