{"t_death": 3692.2499999994816, "death_mode": "cycle_collapse", "pnr_type": "rnap_deadlock", "t_pnr": 3692.2499999994816, "dt_walking_dead": 0.0, "N_RNAP": 11, "N_Ribo": 64, "N_ATP": 1000, "seed": 62}