{"t_death": 4795.199999999036, "death_mode": "ribo_collapse", "pnr_type": "ribo_depletion", "t_pnr": 1190.2500000000593, "dt_walking_dead": 3604.9499999989766, "N_RNAP": 17, "N_Ribo": 3, "N_ATP": 1000, "seed": 74}