{"t_death": 1576.8000000000984, "death_mode": "ribo_collapse", "pnr_type": "ribo_depletion", "t_pnr": 1546.6500000000954, "dt_walking_dead": 30.150000000003047, "N_RNAP": 11, "N_Ribo": 3, "N_ATP": 1000, "seed": 46}