{"t_death": 2762.5499999998574, "death_mode": "ribo_collapse", "pnr_type": "ribo_depletion", "t_pnr": 2327.850000000033, "dt_walking_dead": 434.6999999998243, "N_RNAP": 3, "N_Ribo": 11, "N_ATP": 1000, "seed": 41}