{"t_death": 2683.799999999889, "death_mode": "ribo_collapse", "pnr_type": "ribo_depletion", "t_pnr": 1975.0500000001387, "dt_walking_dead": 708.7499999997506, "N_RNAP": 17, "N_Ribo": 4, "N_ATP": 1000, "seed": 50}