{"t_death": 4571.999999999126, "death_mode": "ribo_collapse", "pnr_type": "ribo_depletion", "t_pnr": 4118.849999999309, "dt_walking_dead": 453.1499999998168, "N_RNAP": 100, "N_Ribo": 11, "N_ATP": 1000, "seed": 1}