{"t_death": 5013.4499999989475, "death_mode": "ribo_collapse", "pnr_type": "ribo_depletion", "t_pnr": 2058.750000000142, "dt_walking_dead": 2954.6999999988057, "N_RNAP": 41, "N_Ribo": 2, "N_ATP": 1000, "seed": 74}