{"t_death": 6659.099999998282, "death_mode": "ribo_collapse", "pnr_type": "ribo_depletion", "t_pnr": 6627.599999998295, "dt_walking_dead": 31.499999999987267, "N_RNAP": 17, "N_Ribo": 27, "N_ATP": 1000, "seed": 9}