{"t_death": 1885.0500000001296, "death_mode": "cycle_collapse", "pnr_type": "rnap_deadlock", "t_pnr": 1770.300000000118, "dt_walking_dead": 114.7500000000116, "N_RNAP": 7, "N_Ribo": 3, "N_ATP": 1000, "seed": 86}