{"t_death": 5168.249999998885, "death_mode": "ribo_collapse", "pnr_type": "ribo_depletion", "t_pnr": 4347.899999999217, "dt_walking_dead": 820.3499999996684, "N_RNAP": 41, "N_Ribo": 41, "N_ATP": 1000, "seed": 32}