{"t_death": 3959.9999999993734, "death_mode": "cycle_collapse", "pnr_type": "rnap_deadlock", "t_pnr": 3899.249999999398, "dt_walking_dead": 60.749999999975444, "N_RNAP": 100, "N_Ribo": 11, "N_ATP": 1000, "seed": 8}