{"t_death": 1680.3000000001089, "death_mode": "cycle_collapse", "pnr_type": "rnap_deadlock", "t_pnr": 1619.5500000001027, "dt_walking_dead": 60.75000000000614, "N_RNAP": 27, "N_Ribo": 3, "N_ATP": 1000, "seed": 98}