{"t_death": 4465.799999999169, "death_mode": "ribo_collapse", "pnr_type": "ribo_depletion", "t_pnr": 4218.749999999269, "dt_walking_dead": 247.04999999990014, "N_RNAP": 7, "N_Ribo": 41, "N_ATP": 1000, "seed": 45}