{"t_death": 6419.249999998379, "death_mode": "ribo_collapse", "pnr_type": "ribo_depletion", "t_pnr": 3146.3999999997022, "dt_walking_dead": 3272.849999998677, "N_RNAP": 41, "N_Ribo": 27, "N_ATP": 1000, "seed": 32}