{"t_death": 4779.899999999042, "death_mode": "ribo_collapse", "pnr_type": "ribo_depletion", "t_pnr": 1699.2000000001108, "dt_walking_dead": 3080.699999998931, "N_RNAP": 11, "N_Ribo": 27, "N_ATP": 1000, "seed": 45}