{"t_death": 4066.1999999993304, "death_mode": "ribo_collapse", "pnr_type": "ribo_depletion", "t_pnr": 2007.450000000142, "dt_walking_dead": 2058.7499999991887, "N_RNAP": 17, "N_Ribo": 27, "N_ATP": 1000, "seed": 33}