{"t_death": 5273.099999998843, "death_mode": "ribo_collapse", "pnr_type": "ribo_depletion", "t_pnr": 4015.349999999351, "dt_walking_dead": 1257.7499999994916, "N_RNAP": 100, "N_Ribo": 7, "N_ATP": 1000, "seed": 36}