{"t_death": 7675.199999997872, "death_mode": "ribo_collapse", "pnr_type": "ribo_depletion", "t_pnr": 573.2999999999971, "dt_walking_dead": 7101.899999997874, "N_RNAP": 17, "N_Ribo": 2, "N_ATP": 1000, "seed": 7}