{"t_death": 3758.8499999994547, "death_mode": "ribo_collapse", "pnr_type": "ribo_depletion", "t_pnr": 1944.4500000001356, "dt_walking_dead": 1814.399999999319, "N_RNAP": 41, "N_Ribo": 3, "N_ATP": 1000, "seed": 95}