{"t_death": 1899.900000000131, "death_mode": "cycle_collapse", "pnr_type": "rnap_deadlock", "t_pnr": 1843.2000000001253, "dt_walking_dead": 56.70000000000573, "N_RNAP": 3, "N_Ribo": 4, "N_ATP": 1000, "seed": 55}