{"t_death": 4650.299999999094, "death_mode": "ribo_collapse", "pnr_type": "ribo_depletion", "t_pnr": 1023.7500000000426, "dt_walking_dead": 3626.5499999990516, "N_RNAP": 3, "N_Ribo": 3, "N_ATP": 1000, "seed": 91}