{"t_death": 4753.349999999053, "death_mode": "cycle_collapse", "pnr_type": "rnap_deadlock", "t_pnr": 4640.399999999098, "dt_walking_dead": 112.94999999995434, "N_RNAP": 27, "N_Ribo": 17, "N_ATP": 1000, "seed": 15}