{"t_death": 3243.599999999663, "death_mode": "ribo_collapse", "pnr_type": "ribo_depletion", "t_pnr": 2776.9499999998516, "dt_walking_dead": 466.64999999981137, "N_RNAP": 4, "N_Ribo": 17, "N_ATP": 1000, "seed": 55}