{"t_death": 3317.849999999633, "death_mode": "ribo_collapse", "pnr_type": "ribo_depletion", "t_pnr": 1704.6000000001113, "dt_walking_dead": 1613.2499999995216, "N_RNAP": 17, "N_Ribo": 3, "N_ATP": 1000, "seed": 40}