{"t_death": 2780.99999999985, "death_mode": "ribo_collapse", "pnr_type": "ribo_depletion", "t_pnr": 1730.700000000114, "dt_walking_dead": 1050.299999999736, "N_RNAP": 3, "N_Ribo": 4, "N_ATP": 1000, "seed": 3}