{"t_death": 3814.649999999432, "death_mode": "ribo_collapse", "pnr_type": "ribo_depletion", "t_pnr": 3005.999999999759, "dt_walking_dead": 808.6499999996731, "N_RNAP": 64, "N_Ribo": 11, "N_ATP": 1000, "seed": 38}