{"t_death": 3078.4499999997297, "death_mode": "cycle_collapse", "pnr_type": "rnap_deadlock", "t_pnr": 2862.899999999817, "dt_walking_dead": 215.54999999991287, "N_RNAP": 4, "N_Ribo": 41, "N_ATP": 1000, "seed": 56}