{"t_death": 1737.9000000001147, "death_mode": "cycle_collapse", "pnr_type": "rnap_deadlock", "t_pnr": 1696.9500000001105, "dt_walking_dead": 40.95000000000414, "N_RNAP": 2, "N_Ribo": 17, "N_ATP": 1000, "seed": 26}