{"t_death": 2254.5000000000628, "death_mode": "cycle_collapse", "pnr_type": "rnap_deadlock", "t_pnr": 2001.6000000001413, "dt_walking_dead": 252.89999999992142, "N_RNAP": 4, "N_Ribo": 17, "N_ATP": 1000, "seed": 13}