{"t_death": 3459.149999999576, "death_mode": "ribo_collapse", "pnr_type": "ribo_depletion", "t_pnr": 2018.700000000143, "dt_walking_dead": 1440.4499999994327, "N_RNAP": 2, "N_Ribo": 3, "N_ATP": 1000, "seed": 66}