{"t_death": 4952.249999998972, "death_mode": "ribo_collapse", "pnr_type": "ribo_depletion", "t_pnr": 4554.449999999133, "dt_walking_dead": 397.7999999998392, "N_RNAP": 41, "N_Ribo": 27, "N_ATP": 1000, "seed": 25}