{"t_death": 2055.600000000143, "death_mode": "cycle_collapse", "pnr_type": "rnap_deadlock", "t_pnr": 1972.3500000001384, "dt_walking_dead": 83.25000000000477, "N_RNAP": 3, "N_Ribo": 41, "N_ATP": 1000, "seed": 55}