{"t_death": 4861.349999999009, "death_mode": "ribo_collapse", "pnr_type": "ribo_depletion", "t_pnr": 402.29999999999364, "dt_walking_dead": 4459.049999999015, "N_RNAP": 100, "N_Ribo": 3, "N_ATP": 1000, "seed": 11}