{"t_death": 2082.1500000001324, "death_mode": "cycle_collapse", "pnr_type": "rnap_deadlock", "t_pnr": 1880.550000000129, "dt_walking_dead": 201.60000000000332, "N_RNAP": 7, "N_Ribo": 64, "N_ATP": 1000, "seed": 59}