{"t_death": 3028.9499999997497, "death_mode": "ribo_collapse", "pnr_type": "ribo_depletion", "t_pnr": 2204.100000000083, "dt_walking_dead": 824.8499999996666, "N_RNAP": 7, "N_Ribo": 4, "N_ATP": 1000, "seed": 64}