{"t_death": 4661.54999999909, "death_mode": "ribo_collapse", "pnr_type": "ribo_depletion", "t_pnr": 4454.999999999173, "dt_walking_dead": 206.5499999999165, "N_RNAP": 41, "N_Ribo": 17, "N_ATP": 1000, "seed": 59}