{"t_death": 3023.099999999752, "death_mode": "ribo_collapse", "pnr_type": "ribo_depletion", "t_pnr": 1350.9000000000756, "dt_walking_dead": 1672.1999999996765, "N_RNAP": 41, "N_Ribo": 2, "N_ATP": 1000, "seed": 92}