{"t_death": 4135.949999999302, "death_mode": "ribo_collapse", "pnr_type": "ribo_depletion", "t_pnr": 3144.599999999703, "dt_walking_dead": 991.3499999995993, "N_RNAP": 64, "N_Ribo": 4, "N_ATP": 1000, "seed": 56}