{"t_death": 4863.599999999008, "death_mode": "ribo_collapse", "pnr_type": "ribo_depletion", "t_pnr": 3568.9499999995314, "dt_walking_dead": 1294.6499999994767, "N_RNAP": 27, "N_Ribo": 4, "N_ATP": 1000, "seed": 50}