{"t_death": 4097.699999999318, "death_mode": "ribo_collapse", "pnr_type": "ribo_depletion", "t_pnr": 2798.9999999998427, "dt_walking_dead": 1298.699999999475, "N_RNAP": 100, "N_Ribo": 4, "N_ATP": 1000, "seed": 12}