{"t_death": 4248.899999999257, "death_mode": "ribo_collapse", "pnr_type": "ribo_depletion", "t_pnr": 3818.6999999994305, "dt_walking_dead": 430.1999999998261, "N_RNAP": 27, "N_Ribo": 7, "N_ATP": 1000, "seed": 87}