{"t_death": 2907.8999999997986, "death_mode": "ribo_collapse", "pnr_type": "ribo_depletion", "t_pnr": 1858.0500000001268, "dt_walking_dead": 1049.8499999996718, "N_RNAP": 3, "N_Ribo": 3, "N_ATP": 1000, "seed": 45}