{"t_death": 2690.5499999998865, "death_mode": "ribo_collapse", "pnr_type": "ribo_depletion", "t_pnr": 356.8499999999948, "dt_walking_dead": 2333.6999999998916, "N_RNAP": 27, "N_Ribo": 4, "N_ATP": 1000, "seed": 58}