{"t_death": 5281.199999998839, "death_mode": "ribo_collapse", "pnr_type": "ribo_depletion", "t_pnr": 3801.5999999994374, "dt_walking_dead": 1479.599999999402, "N_RNAP": 64, "N_Ribo": 11, "N_ATP": 1000, "seed": 91}