{"t_death": 3716.099999999472, "death_mode": "ribo_collapse", "pnr_type": "ribo_depletion", "t_pnr": 3099.1499999997213, "dt_walking_dead": 616.9499999997506, "N_RNAP": 64, "N_Ribo": 11, "N_ATP": 1000, "seed": 97}