{"t_death": 3427.6499999995885, "death_mode": "ribo_collapse", "pnr_type": "ribo_depletion", "t_pnr": 1788.3000000001198, "dt_walking_dead": 1639.3499999994688, "N_RNAP": 27, "N_Ribo": 7, "N_ATP": 1000, "seed": 4}