{"t_death": 7152.299999998083, "death_mode": "ribo_collapse", "pnr_type": "ribo_depletion", "t_pnr": 4540.9499999991385, "dt_walking_dead": 2611.3499999989444, "N_RNAP": 41, "N_Ribo": 7, "N_ATP": 1000, "seed": 72}