{"t_death": 5235.749999998858, "death_mode": "ribo_collapse", "pnr_type": "ribo_depletion", "t_pnr": 249.2999999999975, "dt_walking_dead": 4986.44999999886, "N_RNAP": 100, "N_Ribo": 2, "N_ATP": 1000, "seed": 88}