{"t_death": 1137.150000000054, "death_mode": "ribo_collapse", "pnr_type": "ribo_depletion", "t_pnr": 953.5500000000355, "dt_walking_dead": 183.60000000001844, "N_RNAP": 17, "N_Ribo": 3, "N_ATP": 1000, "seed": 99}