{"t_death": 5038.1999999989375, "death_mode": "ribo_collapse", "pnr_type": "ribo_depletion", "t_pnr": 3236.8499999996657, "dt_walking_dead": 1801.3499999992719, "N_RNAP": 27, "N_Ribo": 4, "N_ATP": 1000, "seed": 8}