{"t_death": 3847.9499999994187, "death_mode": "ribo_collapse", "pnr_type": "ribo_depletion", "t_pnr": 3821.3999999994294, "dt_walking_dead": 26.549999999989268, "N_RNAP": 27, "N_Ribo": 2, "N_ATP": 1000, "seed": 19}