{"t_death": 2642.399999999906, "death_mode": "ribo_collapse", "pnr_type": "ribo_depletion", "t_pnr": 1069.200000000047, "dt_walking_dead": 1573.1999999998588, "N_RNAP": 3, "N_Ribo": 4, "N_ATP": 1000, "seed": 20}