{"t_death": 4923.449999998984, "death_mode": "ribo_collapse", "pnr_type": "ribo_depletion", "t_pnr": 4315.49999999923, "dt_walking_dead": 607.9499999997543, "N_RNAP": 64, "N_Ribo": 7, "N_ATP": 1000, "seed": 76}