{"t_death": 4781.249999999041, "death_mode": "ribo_collapse", "pnr_type": "ribo_depletion", "t_pnr": 2230.6500000000724, "dt_walking_dead": 2550.599999998969, "N_RNAP": 100, "N_Ribo": 11, "N_ATP": 1000, "seed": 99}