{"t_death": 4008.5999999993537, "death_mode": "ribo_collapse", "pnr_type": "ribo_depletion", "t_pnr": 3831.749999999425, "dt_walking_dead": 176.8499999999285, "N_RNAP": 7, "N_Ribo": 100, "N_ATP": 1000, "seed": 4}