{"t_death": 2910.1499999997977, "death_mode": "ribo_collapse", "pnr_type": "ribo_depletion", "t_pnr": 2328.7500000000327, "dt_walking_dead": 581.399999999765, "N_RNAP": 7, "N_Ribo": 17, "N_ATP": 1000, "seed": 67}