{"t_death": 943.2000000000345, "death_mode": "cycle_collapse", "pnr_type": "rnap_deadlock", "t_pnr": 820.8000000000221, "dt_walking_dead": 122.40000000001237, "N_RNAP": 2, "N_Ribo": 27, "N_ATP": 1000, "seed": 84}