{"t_death": 4940.999999998977, "death_mode": "ribo_collapse", "pnr_type": "ribo_depletion", "t_pnr": 3960.449999999373, "dt_walking_dead": 980.5499999996036, "N_RNAP": 100, "N_Ribo": 7, "N_ATP": 1000, "seed": 18}