{"t_death": 4425.299999999185, "death_mode": "ribo_collapse", "pnr_type": "ribo_depletion", "t_pnr": 4137.7499999993015, "dt_walking_dead": 287.54999999988377, "N_RNAP": 41, "N_Ribo": 41, "N_ATP": 1000, "seed": 40}