{"t_death": 6317.54999999842, "death_mode": "ribo_collapse", "pnr_type": "ribo_depletion", "t_pnr": 1768.9500000001178, "dt_walking_dead": 4548.599999998302, "N_RNAP": 64, "N_Ribo": 2, "N_ATP": 1000, "seed": 65}