{"t_death": 7493.849999997945, "death_mode": "ribo_collapse", "pnr_type": "ribo_depletion", "t_pnr": 2092.950000000128, "dt_walking_dead": 5400.899999997817, "N_RNAP": 64, "N_Ribo": 7, "N_ATP": 1000, "seed": 12}