{"t_death": 2376.9000000000133, "death_mode": "cycle_collapse", "pnr_type": "rnap_deadlock", "t_pnr": 2351.7000000000235, "dt_walking_dead": 25.199999999989814, "N_RNAP": 7, "N_Ribo": 2, "N_ATP": 1000, "seed": 72}