{"t_death": 1844.5500000001255, "death_mode": "ribo_collapse", "pnr_type": "ribo_depletion", "t_pnr": 1526.8500000000934, "dt_walking_dead": 317.7000000000321, "N_RNAP": 11, "N_Ribo": 3, "N_ATP": 1000, "seed": 16}