{"t_death": 4097.249999999318, "death_mode": "ribo_collapse", "pnr_type": "ribo_depletion", "t_pnr": 3778.6499999994467, "dt_walking_dead": 318.5999999998712, "N_RNAP": 17, "N_Ribo": 41, "N_ATP": 1000, "seed": 79}