{"t_death": 3370.9499999996115, "death_mode": "ribo_collapse", "pnr_type": "ribo_depletion", "t_pnr": 2013.3000000001425, "dt_walking_dead": 1357.649999999469, "N_RNAP": 41, "N_Ribo": 2, "N_ATP": 1000, "seed": 58}