{"t_death": 5856.299999998607, "death_mode": "ribo_collapse", "pnr_type": "ribo_depletion", "t_pnr": 1474.650000000088, "dt_walking_dead": 4381.649999998519, "N_RNAP": 41, "N_Ribo": 2, "N_ATP": 1000, "seed": 23}