{"t_death": 2552.849999999942, "death_mode": "ribo_collapse", "pnr_type": "ribo_depletion", "t_pnr": 495.8999999999913, "dt_walking_dead": 2056.9499999999507, "N_RNAP": 17, "N_Ribo": 2, "N_ATP": 1000, "seed": 79}