{"t_death": 9504.449999999784, "death_mode": "ribo_collapse", "pnr_type": "ribo_depletion", "t_pnr": 4718.249999999067, "dt_walking_dead": 4786.200000000717, "N_RNAP": 27, "N_Ribo": 100, "N_ATP": 1000, "seed": 51}