{"t_death": 5897.24999999859, "death_mode": "cycle_collapse", "pnr_type": "rnap_deadlock", "t_pnr": 5858.099999998606, "dt_walking_dead": 39.149999999984175, "N_RNAP": 4, "N_Ribo": 64, "N_ATP": 1000, "seed": 88}