{"t_death": 2330.550000000032, "death_mode": "ribo_collapse", "pnr_type": "ribo_depletion", "t_pnr": 594.4499999999992, "dt_walking_dead": 1736.1000000000327, "N_RNAP": 4, "N_Ribo": 2, "N_ATP": 1000, "seed": 62}