{"t_death": 963.0000000000365, "death_mode": "cycle_collapse", "pnr_type": "rnap_deadlock", "t_pnr": 827.1000000000228, "dt_walking_dead": 135.90000000001373, "N_RNAP": 2, "N_Ribo": 11, "N_ATP": 1000, "seed": 64}