{"t_death": 2047.950000000146, "death_mode": "ribo_collapse", "pnr_type": "ribo_depletion", "t_pnr": 844.2000000000245, "dt_walking_dead": 1203.7500000001214, "N_RNAP": 11, "N_Ribo": 2, "N_ATP": 1000, "seed": 88}