{"t_death": 3911.849999999393, "death_mode": "ribo_collapse", "pnr_type": "ribo_depletion", "t_pnr": 2592.899999999926, "dt_walking_dead": 1318.9499999994669, "N_RNAP": 17, "N_Ribo": 17, "N_ATP": 1000, "seed": 56}