{"t_death": 1685.2500000001094, "death_mode": "cycle_collapse", "pnr_type": "rnap_deadlock", "t_pnr": 1604.2500000001012, "dt_walking_dead": 81.00000000000819, "N_RNAP": 3, "N_Ribo": 100, "N_ATP": 1000, "seed": 96}