{"t_death": 4127.8499999993055, "death_mode": "ribo_collapse", "pnr_type": "ribo_depletion", "t_pnr": 1588.0500000000995, "dt_walking_dead": 2539.799999999206, "N_RNAP": 100, "N_Ribo": 2, "N_ATP": 1000, "seed": 42}