{"t_death": 2626.1999999999125, "death_mode": "ribo_collapse", "pnr_type": "ribo_depletion", "t_pnr": 2618.9999999999154, "dt_walking_dead": 7.19999999999709, "N_RNAP": 17, "N_Ribo": 11, "N_ATP": 1000, "seed": 66}