{"t_death": 2717.5499999998756, "death_mode": "ribo_collapse", "pnr_type": "ribo_depletion", "t_pnr": 1412.5500000000818, "dt_walking_dead": 1304.9999999997938, "N_RNAP": 27, "N_Ribo": 7, "N_ATP": 1000, "seed": 7}