{"t_death": 2653.6499999999014, "death_mode": "ribo_collapse", "pnr_type": "ribo_depletion", "t_pnr": 869.400000000027, "dt_walking_dead": 1784.2499999998745, "N_RNAP": 4, "N_Ribo": 4, "N_ATP": 1000, "seed": 46}