{"t_death": 1348.6500000000754, "death_mode": "cycle_collapse", "pnr_type": "rnap_deadlock", "t_pnr": 1257.7500000000662, "dt_walking_dead": 90.90000000000919, "N_RNAP": 3, "N_Ribo": 17, "N_ATP": 1000, "seed": 15}