{"t_death": 3049.6499999997413, "death_mode": "cycle_collapse", "pnr_type": "rnap_deadlock", "t_pnr": 2921.849999999793, "dt_walking_dead": 127.79999999994834, "N_RNAP": 27, "N_Ribo": 64, "N_ATP": 1000, "seed": 8}