{"t_death": 5449.949999998771, "death_mode": "ribo_collapse", "pnr_type": "ribo_depletion", "t_pnr": 3782.699999999445, "dt_walking_dead": 1667.249999999326, "N_RNAP": 27, "N_Ribo": 11, "N_ATP": 1000, "seed": 94}