{"t_death": 565.1999999999963, "death_mode": "cycle_collapse", "pnr_type": "rnap_deadlock", "t_pnr": 467.549999999992, "dt_walking_dead": 97.6500000000043, "N_RNAP": 3, "N_Ribo": 4, "N_ATP": 1000, "seed": 30}