{"t_death": 2775.1499999998523, "death_mode": "cycle_collapse", "pnr_type": "rnap_deadlock", "t_pnr": 2515.4999999999573, "dt_walking_dead": 259.64999999989504, "N_RNAP": 7, "N_Ribo": 27, "N_ATP": 1000, "seed": 89}