{"t_death": 5217.299999998865, "death_mode": "ribo_collapse", "pnr_type": "ribo_depletion", "t_pnr": 3044.2499999997435, "dt_walking_dead": 2173.0499999991216, "N_RNAP": 11, "N_Ribo": 64, "N_ATP": 1000, "seed": 24}