{"t_death": 5818.499999998622, "death_mode": "ribo_collapse", "pnr_type": "ribo_depletion", "t_pnr": 1708.6500000001117, "dt_walking_dead": 4109.849999998511, "N_RNAP": 100, "N_Ribo": 4, "N_ATP": 1000, "seed": 22}