{"t_death": 8154.899999997678, "death_mode": "ribo_collapse", "pnr_type": "ribo_depletion", "t_pnr": 4207.949999999273, "dt_walking_dead": 3946.9499999984046, "N_RNAP": 64, "N_Ribo": 3, "N_ATP": 1000, "seed": 61}