{"t_death": 6606.449999998304, "death_mode": "ribo_collapse", "pnr_type": "ribo_depletion", "t_pnr": 1470.1500000000876, "dt_walking_dead": 5136.299999998216, "N_RNAP": 100, "N_Ribo": 4, "N_ATP": 1000, "seed": 33}