{"t_death": 2477.2499999999727, "death_mode": "ribo_collapse", "pnr_type": "ribo_depletion", "t_pnr": 2281.500000000052, "dt_walking_dead": 195.74999999992087, "N_RNAP": 11, "N_Ribo": 3, "N_ATP": 1000, "seed": 27}