{"t_death": 4720.949999999066, "death_mode": "ribo_collapse", "pnr_type": "ribo_depletion", "t_pnr": 1661.400000000107, "dt_walking_dead": 3059.549999998959, "N_RNAP": 64, "N_Ribo": 4, "N_ATP": 1000, "seed": 49}