{"t_death": 3529.3499999995474, "death_mode": "ribo_collapse", "pnr_type": "ribo_depletion", "t_pnr": 1592.1000000001, "dt_walking_dead": 1937.2499999994475, "N_RNAP": 100, "N_Ribo": 2, "N_ATP": 1000, "seed": 2}