{"t_death": 3349.79999999962, "death_mode": "ribo_collapse", "pnr_type": "ribo_depletion", "t_pnr": 3255.299999999658, "dt_walking_dead": 94.4999999999618, "N_RNAP": 17, "N_Ribo": 11, "N_ATP": 1000, "seed": 3}