{"t_death": 5816.249999998623, "death_mode": "ribo_collapse", "pnr_type": "ribo_depletion", "t_pnr": 2834.999999999828, "dt_walking_dead": 2981.249999998795, "N_RNAP": 27, "N_Ribo": 17, "N_ATP": 1000, "seed": 93}