{"t_death": 5832.899999998616, "death_mode": "ribo_collapse", "pnr_type": "ribo_depletion", "t_pnr": 4287.599999999241, "dt_walking_dead": 1545.2999999993754, "N_RNAP": 64, "N_Ribo": 27, "N_ATP": 1000, "seed": 99}