{"t_death": 3691.349999999482, "death_mode": "ribo_collapse", "pnr_type": "ribo_depletion", "t_pnr": 3626.999999999508, "dt_walking_dead": 64.34999999997399, "N_RNAP": 27, "N_Ribo": 17, "N_ATP": 1000, "seed": 4}