{"t_death": 673.6500000000073, "death_mode": "cycle_collapse", "pnr_type": "rnap_deadlock", "t_pnr": 667.8000000000067, "dt_walking_dead": 5.850000000000591, "N_RNAP": 2, "N_Ribo": 2, "N_ATP": 1000, "seed": 12}