{"t_death": 6169.49999999848, "death_mode": "ribo_collapse", "pnr_type": "ribo_depletion", "t_pnr": 4362.749999999211, "dt_walking_dead": 1806.7499999992697, "N_RNAP": 17, "N_Ribo": 100, "N_ATP": 1000, "seed": 15}