{"t_death": 1571.850000000098, "death_mode": "ribo_collapse", "pnr_type": "ribo_depletion", "t_pnr": 1378.8000000000784, "dt_walking_dead": 193.0500000000195, "N_RNAP": 7, "N_Ribo": 3, "N_ATP": 1000, "seed": 19}