{"t_death": 5832.4499999986165, "death_mode": "ribo_collapse", "pnr_type": "ribo_depletion", "t_pnr": 3635.5499999995045, "dt_walking_dead": 2196.899999999112, "N_RNAP": 100, "N_Ribo": 17, "N_ATP": 1000, "seed": 31}