{"t_death": 5158.349999998889, "death_mode": "ribo_collapse", "pnr_type": "ribo_depletion", "t_pnr": 2140.650000000109, "dt_walking_dead": 3017.69999999878, "N_RNAP": 11, "N_Ribo": 4, "N_ATP": 1000, "seed": 4}