{"t_death": 5138.999999998897, "death_mode": "ribo_collapse", "pnr_type": "ribo_depletion", "t_pnr": 3170.6999999996924, "dt_walking_dead": 1968.2999999992044, "N_RNAP": 2, "N_Ribo": 64, "N_ATP": 1000, "seed": 3}