{"t_death": 4843.799999999016, "death_mode": "ribo_collapse", "pnr_type": "ribo_depletion", "t_pnr": 3227.8499999996693, "dt_walking_dead": 1615.9499999993468, "N_RNAP": 100, "N_Ribo": 11, "N_ATP": 1000, "seed": 48}