{"t_death": 2580.749999999931, "death_mode": "cycle_collapse", "pnr_type": "rnap_deadlock", "t_pnr": 2484.44999999997, "dt_walking_dead": 96.29999999996107, "N_RNAP": 11, "N_Ribo": 11, "N_ATP": 1000, "seed": 27}