{"t_death": 4963.9499999989675, "death_mode": "cycle_collapse", "pnr_type": "rnap_deadlock", "t_pnr": 4935.599999998979, "dt_walking_dead": 28.34999999998854, "N_RNAP": 11, "N_Ribo": 64, "N_ATP": 1000, "seed": 67}