{"t_death": 3742.649999999461, "death_mode": "cycle_collapse", "pnr_type": "rnap_deadlock", "t_pnr": 3698.549999999479, "dt_walking_dead": 44.099999999982174, "N_RNAP": 41, "N_Ribo": 27, "N_ATP": 1000, "seed": 16}