{"t_death": 4339.34999999922, "death_mode": "ribo_collapse", "pnr_type": "ribo_depletion", "t_pnr": 2453.3999999999824, "dt_walking_dead": 1885.9499999992377, "N_RNAP": 27, "N_Ribo": 17, "N_ATP": 1000, "seed": 77}