{"t_death": 5623.649999998701, "death_mode": "ribo_collapse", "pnr_type": "ribo_depletion", "t_pnr": 1025.1000000000427, "dt_walking_dead": 4598.549999998659, "N_RNAP": 64, "N_Ribo": 3, "N_ATP": 1000, "seed": 76}