{"t_death": 3472.1999999995705, "death_mode": "ribo_collapse", "pnr_type": "ribo_depletion", "t_pnr": 1614.1500000001022, "dt_walking_dead": 1858.0499999994684, "N_RNAP": 7, "N_Ribo": 3, "N_ATP": 1000, "seed": 38}