{"t_death": 2945.6999999997834, "death_mode": "ribo_collapse", "pnr_type": "ribo_depletion", "t_pnr": 2014.6500000001427, "dt_walking_dead": 931.0499999996407, "N_RNAP": 41, "N_Ribo": 4, "N_ATP": 1000, "seed": 19}