{"t_death": 4414.49999999919, "death_mode": "ribo_collapse", "pnr_type": "ribo_depletion", "t_pnr": 3658.949999999495, "dt_walking_dead": 755.5499999996946, "N_RNAP": 64, "N_Ribo": 7, "N_ATP": 1000, "seed": 27}