{"t_death": 3159.449999999697, "death_mode": "ribo_collapse", "pnr_type": "ribo_depletion", "t_pnr": 1274.850000000068, "dt_walking_dead": 1884.599999999629, "N_RNAP": 11, "N_Ribo": 2, "N_ATP": 1000, "seed": 22}