{"t_death": 3517.1999999995523, "death_mode": "ribo_collapse", "pnr_type": "ribo_depletion", "t_pnr": 1785.1500000001195, "dt_walking_dead": 1732.0499999994329, "N_RNAP": 7, "N_Ribo": 7, "N_ATP": 1000, "seed": 79}