{"t_death": 1824.3000000001234, "death_mode": "ribo_collapse", "pnr_type": "ribo_depletion", "t_pnr": 859.050000000026, "dt_walking_dead": 965.2500000000974, "N_RNAP": 3, "N_Ribo": 7, "N_ATP": 1000, "seed": 21}