{"t_death": 5389.199999998796, "death_mode": "ribo_collapse", "pnr_type": "ribo_depletion", "t_pnr": 1114.2000000000517, "dt_walking_dead": 4274.999999998744, "N_RNAP": 100, "N_Ribo": 3, "N_ATP": 1000, "seed": 52}