{"t_death": 3890.2499999994016, "death_mode": "ribo_collapse", "pnr_type": "ribo_depletion", "t_pnr": 1846.8000000001257, "dt_walking_dead": 2043.4499999992759, "N_RNAP": 17, "N_Ribo": 2, "N_ATP": 1000, "seed": 3}