{"t_death": 2275.650000000054, "death_mode": "ribo_collapse", "pnr_type": "ribo_depletion", "t_pnr": 1031.4000000000433, "dt_walking_dead": 1244.250000000011, "N_RNAP": 7, "N_Ribo": 2, "N_ATP": 1000, "seed": 17}