{"t_death": 755.5500000000155, "death_mode": "cycle_collapse", "pnr_type": "rnap_deadlock", "t_pnr": 679.0500000000078, "dt_walking_dead": 76.50000000000773, "N_RNAP": 3, "N_Ribo": 27, "N_ATP": 1000, "seed": 18}