{"t_death": 1489.9500000000896, "death_mode": "cycle_collapse", "pnr_type": "rnap_deadlock", "t_pnr": 1309.9500000000714, "dt_walking_dead": 180.0000000000182, "N_RNAP": 4, "N_Ribo": 27, "N_ATP": 1000, "seed": 56}