{"t_death": 3496.4999999995607, "death_mode": "ribo_collapse", "pnr_type": "ribo_depletion", "t_pnr": 2288.700000000049, "dt_walking_dead": 1207.7999999995118, "N_RNAP": 7, "N_Ribo": 7, "N_ATP": 1000, "seed": 93}