{"t_death": 3669.7499999994907, "death_mode": "cycle_collapse", "pnr_type": "rnap_deadlock", "t_pnr": 3669.7499999994907, "dt_walking_dead": 0.0, "N_RNAP": 11, "N_Ribo": 64, "N_ATP": 1000, "seed": 40}