{"t_death": 5192.549999998875, "death_mode": "ribo_collapse", "pnr_type": "ribo_depletion", "t_pnr": 3712.0499999994736, "dt_walking_dead": 1480.4999999994016, "N_RNAP": 41, "N_Ribo": 7, "N_ATP": 1000, "seed": 4}