{"t_death": 3696.29999999948, "death_mode": "ribo_collapse", "pnr_type": "ribo_depletion", "t_pnr": 592.6499999999991, "dt_walking_dead": 3103.6499999994808, "N_RNAP": 11, "N_Ribo": 2, "N_ATP": 1000, "seed": 24}