{"t_death": 1760.400000000117, "death_mode": "cycle_collapse", "pnr_type": "rnap_deadlock", "t_pnr": 1750.500000000116, "dt_walking_dead": 9.900000000001, "N_RNAP": 4, "N_Ribo": 64, "N_ATP": 1000, "seed": 65}