{"t_death": 2482.6499999999705, "death_mode": "cycle_collapse", "pnr_type": "rnap_deadlock", "t_pnr": 2450.2499999999836, "dt_walking_dead": 32.3999999999869, "N_RNAP": 2, "N_Ribo": 7, "N_ATP": 1000, "seed": 49}