{"t_death": 2698.1999999998834, "death_mode": "ribo_collapse", "pnr_type": "ribo_depletion", "t_pnr": 1849.050000000126, "dt_walking_dead": 849.1499999997575, "N_RNAP": 17, "N_Ribo": 7, "N_ATP": 1000, "seed": 75}