{"t_death": 519.2999999999917, "death_mode": "cycle_collapse", "pnr_type": "rnap_deadlock", "t_pnr": 332.5499999999954, "dt_walking_dead": 186.74999999999625, "N_RNAP": 2, "N_Ribo": 3, "N_ATP": 1000, "seed": 23}