{"t_death": 2387.250000000009, "death_mode": "cycle_collapse", "pnr_type": "rnap_deadlock", "t_pnr": 2078.550000000134, "dt_walking_dead": 308.6999999998752, "N_RNAP": 2, "N_Ribo": 64, "N_ATP": 1000, "seed": 77}