{"t_death": 2992.9499999997643, "death_mode": "ribo_collapse", "pnr_type": "ribo_depletion", "t_pnr": 596.6999999999995, "dt_walking_dead": 2396.249999999765, "N_RNAP": 27, "N_Ribo": 3, "N_ATP": 1000, "seed": 93}