{"t_death": 2944.349999999784, "death_mode": "ribo_collapse", "pnr_type": "ribo_depletion", "t_pnr": 1848.1500000001258, "dt_walking_dead": 1096.199999999658, "N_RNAP": 2, "N_Ribo": 11, "N_ATP": 1000, "seed": 86}