{"t_death": 1662.300000000107, "death_mode": "cycle_collapse", "pnr_type": "rnap_deadlock", "t_pnr": 1580.4000000000988, "dt_walking_dead": 81.90000000000828, "N_RNAP": 3, "N_Ribo": 4, "N_ATP": 1000, "seed": 9}