{"t_death": 2671.649999999894, "death_mode": "ribo_collapse", "pnr_type": "ribo_depletion", "t_pnr": 2518.649999999956, "dt_walking_dead": 152.99999999993815, "N_RNAP": 7, "N_Ribo": 7, "N_ATP": 1000, "seed": 86}