{"t_death": 4941.899999998976, "death_mode": "ribo_collapse", "pnr_type": "ribo_depletion", "t_pnr": 1072.8000000000475, "dt_walking_dead": 3869.099999998929, "N_RNAP": 64, "N_Ribo": 4, "N_ATP": 1000, "seed": 99}