{"t_death": 4617.449999999108, "death_mode": "ribo_collapse", "pnr_type": "ribo_depletion", "t_pnr": 2375.550000000014, "dt_walking_dead": 2241.899999999094, "N_RNAP": 17, "N_Ribo": 11, "N_ATP": 1000, "seed": 98}