{"t_death": 1964.7000000001376, "death_mode": "ribo_collapse", "pnr_type": "ribo_depletion", "t_pnr": 1177.200000000058, "dt_walking_dead": 787.5000000000796, "N_RNAP": 3, "N_Ribo": 4, "N_ATP": 1000, "seed": 73}