{"t_death": 2173.5000000000955, "death_mode": "cycle_collapse", "pnr_type": "rnap_deadlock", "t_pnr": 2142.0000000001082, "dt_walking_dead": 31.499999999987267, "N_RNAP": 7, "N_Ribo": 2, "N_ATP": 1000, "seed": 14}