{"t_death": 7190.5499999980675, "death_mode": "ribo_collapse", "pnr_type": "ribo_depletion", "t_pnr": 4575.5999999991245, "dt_walking_dead": 2614.949999998943, "N_RNAP": 64, "N_Ribo": 17, "N_ATP": 1000, "seed": 10}