{"t_death": 1428.7500000000834, "death_mode": "cycle_collapse", "pnr_type": "rnap_deadlock", "t_pnr": 1175.850000000058, "dt_walking_dead": 252.90000000002556, "N_RNAP": 7, "N_Ribo": 3, "N_ATP": 1000, "seed": 29}