{"t_death": 3924.4499999993877, "death_mode": "cycle_collapse", "pnr_type": "rnap_deadlock", "t_pnr": 3880.3499999994056, "dt_walking_dead": 44.099999999982174, "N_RNAP": 17, "N_Ribo": 100, "N_ATP": 1000, "seed": 51}