{"t_death": 1588.0500000000995, "death_mode": "ribo_collapse", "pnr_type": "ribo_depletion", "t_pnr": 1431.4500000000837, "dt_walking_dead": 156.60000000001583, "N_RNAP": 2, "N_Ribo": 4, "N_ATP": 1000, "seed": 5}