{"t_death": 7033.499999998131, "death_mode": "ribo_collapse", "pnr_type": "ribo_depletion", "t_pnr": 4504.499999999153, "dt_walking_dead": 2528.9999999989777, "N_RNAP": 64, "N_Ribo": 17, "N_ATP": 1000, "seed": 75}