{"t_death": 2764.3499999998567, "death_mode": "ribo_collapse", "pnr_type": "ribo_depletion", "t_pnr": 1677.1500000001085, "dt_walking_dead": 1087.1999999997481, "N_RNAP": 7, "N_Ribo": 11, "N_ATP": 1000, "seed": 12}