{"t_death": 3688.199999999483, "death_mode": "ribo_collapse", "pnr_type": "ribo_depletion", "t_pnr": 2915.5499999997955, "dt_walking_dead": 772.6499999996877, "N_RNAP": 64, "N_Ribo": 11, "N_ATP": 1000, "seed": 20}