{"t_death": 4236.299999999262, "death_mode": "ribo_collapse", "pnr_type": "ribo_depletion", "t_pnr": 4111.199999999312, "dt_walking_dead": 125.09999999994943, "N_RNAP": 41, "N_Ribo": 3, "N_ATP": 1000, "seed": 42}