{"t_death": 4901.849999998993, "death_mode": "ribo_collapse", "pnr_type": "ribo_depletion", "t_pnr": 3690.899999999482, "dt_walking_dead": 1210.9499999995105, "N_RNAP": 41, "N_Ribo": 11, "N_ATP": 1000, "seed": 75}