{"t_death": 2615.8499999999167, "death_mode": "cycle_collapse", "pnr_type": "rnap_deadlock", "t_pnr": 2596.0499999999247, "dt_walking_dead": 19.799999999991996, "N_RNAP": 4, "N_Ribo": 17, "N_ATP": 1000, "seed": 59}