{"t_death": 1497.6000000000904, "death_mode": "cycle_collapse", "pnr_type": "rnap_deadlock", "t_pnr": 1355.850000000076, "dt_walking_dead": 141.75000000001432, "N_RNAP": 3, "N_Ribo": 11, "N_ATP": 1000, "seed": 71}