{"t_death": 4247.549999999257, "death_mode": "ribo_collapse", "pnr_type": "ribo_depletion", "t_pnr": 408.1499999999935, "dt_walking_dead": 3839.399999999264, "N_RNAP": 41, "N_Ribo": 2, "N_ATP": 1000, "seed": 40}