{"t_death": 3077.0999999997302, "death_mode": "cycle_collapse", "pnr_type": "rnap_deadlock", "t_pnr": 3077.0999999997302, "dt_walking_dead": 0.0, "N_RNAP": 17, "N_Ribo": 11, "N_ATP": 1000, "seed": 40}