{"t_death": 5523.299999998741, "death_mode": "ribo_collapse", "pnr_type": "ribo_depletion", "t_pnr": 5327.099999998821, "dt_walking_dead": 196.1999999999207, "N_RNAP": 27, "N_Ribo": 17, "N_ATP": 1000, "seed": 51}