{"t_death": 5802.7499999986285, "death_mode": "ribo_collapse", "pnr_type": "ribo_depletion", "t_pnr": 5201.5499999988715, "dt_walking_dead": 601.199999999757, "N_RNAP": 41, "N_Ribo": 64, "N_ATP": 1000, "seed": 67}