{"t_death": 1618.6500000001026, "death_mode": "ribo_collapse", "pnr_type": "ribo_depletion", "t_pnr": 852.7500000000254, "dt_walking_dead": 765.9000000000773, "N_RNAP": 11, "N_Ribo": 3, "N_ATP": 1000, "seed": 14}