{"t_death": 1870.650000000128, "death_mode": "ribo_collapse", "pnr_type": "ribo_depletion", "t_pnr": 649.8000000000048, "dt_walking_dead": 1220.8500000001231, "N_RNAP": 17, "N_Ribo": 3, "N_ATP": 1000, "seed": 27}