{"t_death": 671.8500000000071, "death_mode": "cycle_collapse", "pnr_type": "rnap_deadlock", "t_pnr": 655.2000000000054, "dt_walking_dead": 16.650000000001683, "N_RNAP": 3, "N_Ribo": 7, "N_ATP": 1000, "seed": 79}