{"t_death": 2441.2499999999873, "death_mode": "ribo_collapse", "pnr_type": "ribo_depletion", "t_pnr": 2306.250000000042, "dt_walking_dead": 134.99999999994543, "N_RNAP": 11, "N_Ribo": 4, "N_ATP": 1000, "seed": 61}