{"t_death": 4162.049999999292, "death_mode": "ribo_collapse", "pnr_type": "ribo_depletion", "t_pnr": 3645.8999999995003, "dt_walking_dead": 516.1499999997914, "N_RNAP": 17, "N_Ribo": 41, "N_ATP": 1000, "seed": 22}