{"t_death": 4135.949999999302, "death_mode": "ribo_collapse", "pnr_type": "ribo_depletion", "t_pnr": 1809.450000000122, "dt_walking_dead": 2326.4999999991805, "N_RNAP": 4, "N_Ribo": 3, "N_ATP": 1000, "seed": 60}