{"t_death": 3017.6999999997543, "death_mode": "ribo_collapse", "pnr_type": "ribo_depletion", "t_pnr": 260.9999999999972, "dt_walking_dead": 2756.699999999757, "N_RNAP": 41, "N_Ribo": 2, "N_ATP": 1000, "seed": 24}