{"t_death": 3225.1499999996704, "death_mode": "ribo_collapse", "pnr_type": "ribo_depletion", "t_pnr": 1908.450000000132, "dt_walking_dead": 1316.6999999995385, "N_RNAP": 11, "N_Ribo": 3, "N_ATP": 1000, "seed": 58}