{"t_death": 5143.949999998895, "death_mode": "ribo_collapse", "pnr_type": "ribo_depletion", "t_pnr": 1738.8000000001148, "dt_walking_dead": 3405.14999999878, "N_RNAP": 11, "N_Ribo": 3, "N_ATP": 1000, "seed": 6}