{"t_death": 3459.149999999576, "death_mode": "cycle_collapse", "pnr_type": "rnap_deadlock", "t_pnr": 3399.2999999996, "dt_walking_dead": 59.84999999997581, "N_RNAP": 17, "N_Ribo": 17, "N_ATP": 1000, "seed": 31}