{"t_death": 4453.649999999174, "death_mode": "ribo_collapse", "pnr_type": "ribo_depletion", "t_pnr": 1002.1500000000404, "dt_walking_dead": 3451.4999999991333, "N_RNAP": 41, "N_Ribo": 7, "N_ATP": 1000, "seed": 37}