{"t_death": 6963.299999998159, "death_mode": "ribo_collapse", "pnr_type": "ribo_depletion", "t_pnr": 5896.349999998591, "dt_walking_dead": 1066.9499999995687, "N_RNAP": 27, "N_Ribo": 100, "N_ATP": 1000, "seed": 58}