{"t_death": 4820.399999999026, "death_mode": "ribo_collapse", "pnr_type": "ribo_depletion", "t_pnr": 1007.100000000041, "dt_walking_dead": 3813.2999999989847, "N_RNAP": 41, "N_Ribo": 3, "N_ATP": 1000, "seed": 24}