{"t_death": 5894.549999998591, "death_mode": "ribo_collapse", "pnr_type": "ribo_depletion", "t_pnr": 4604.399999999113, "dt_walking_dead": 1290.1499999994785, "N_RNAP": 100, "N_Ribo": 2, "N_ATP": 1000, "seed": 57}