{"t_death": 2214.9000000000788, "death_mode": "cycle_collapse", "pnr_type": "rnap_deadlock", "t_pnr": 2202.7500000000837, "dt_walking_dead": 12.149999999995089, "N_RNAP": 7, "N_Ribo": 41, "N_ATP": 1000, "seed": 65}