{"t_death": 3170.2499999996926, "death_mode": "cycle_collapse", "pnr_type": "rnap_deadlock", "t_pnr": 2919.599999999794, "dt_walking_dead": 250.64999999989868, "N_RNAP": 17, "N_Ribo": 7, "N_ATP": 1000, "seed": 46}