{"t_death": 4180.949999999284, "death_mode": "ribo_collapse", "pnr_type": "ribo_depletion", "t_pnr": 3289.4999999996444, "dt_walking_dead": 891.4499999996397, "N_RNAP": 27, "N_Ribo": 27, "N_ATP": 1000, "seed": 33}