{"t_death": 4428.899999999184, "death_mode": "ribo_collapse", "pnr_type": "ribo_depletion", "t_pnr": 3178.799999999689, "dt_walking_dead": 1250.0999999994947, "N_RNAP": 27, "N_Ribo": 7, "N_ATP": 1000, "seed": 37}