{"t_death": 6371.549999998399, "death_mode": "ribo_collapse", "pnr_type": "ribo_depletion", "t_pnr": 1417.0500000000823, "dt_walking_dead": 4954.4999999983165, "N_RNAP": 64, "N_Ribo": 3, "N_ATP": 1000, "seed": 72}