{"t_death": 2367.450000000017, "death_mode": "ribo_collapse", "pnr_type": "ribo_depletion", "t_pnr": 675.0000000000074, "dt_walking_dead": 1692.4500000000098, "N_RNAP": 2, "N_Ribo": 7, "N_ATP": 1000, "seed": 13}