{"t_death": 3101.8499999997202, "death_mode": "cycle_collapse", "pnr_type": "rnap_deadlock", "t_pnr": 3101.8499999997202, "dt_walking_dead": 0.0, "N_RNAP": 27, "N_Ribo": 27, "N_ATP": 1000, "seed": 80}