{"t_death": 3896.549999999399, "death_mode": "ribo_collapse", "pnr_type": "ribo_depletion", "t_pnr": 3719.6999999994705, "dt_walking_dead": 176.8499999999285, "N_RNAP": 2, "N_Ribo": 41, "N_ATP": 1000, "seed": 39}