{"t_death": 4009.0499999993535, "death_mode": "cycle_collapse", "pnr_type": "rnap_deadlock", "t_pnr": 3946.049999999379, "dt_walking_dead": 62.999999999974534, "N_RNAP": 100, "N_Ribo": 4, "N_ATP": 1000, "seed": 24}