{"t_death": 5288.849999998836, "death_mode": "ribo_collapse", "pnr_type": "ribo_depletion", "t_pnr": 569.2499999999967, "dt_walking_dead": 4719.59999999884, "N_RNAP": 64, "N_Ribo": 2, "N_ATP": 1000, "seed": 83}