{"t_death": 3060.899999999737, "death_mode": "ribo_collapse", "pnr_type": "ribo_depletion", "t_pnr": 2599.6499999999232, "dt_walking_dead": 461.24999999981355, "N_RNAP": 2, "N_Ribo": 17, "N_ATP": 1000, "seed": 19}