{"t_death": 5658.299999998687, "death_mode": "ribo_collapse", "pnr_type": "ribo_depletion", "t_pnr": 4317.749999999229, "dt_walking_dead": 1340.5499999994581, "N_RNAP": 11, "N_Ribo": 41, "N_ATP": 1000, "seed": 89}