{"t_death": 4526.999999999144, "death_mode": "ribo_collapse", "pnr_type": "ribo_depletion", "t_pnr": 776.2500000000176, "dt_walking_dead": 3750.7499999991264, "N_RNAP": 2, "N_Ribo": 3, "N_ATP": 1000, "seed": 10}