{"t_death": 3220.649999999672, "death_mode": "ribo_collapse", "pnr_type": "ribo_depletion", "t_pnr": 1349.1000000000754, "dt_walking_dead": 1871.5499999995968, "N_RNAP": 7, "N_Ribo": 4, "N_ATP": 1000, "seed": 21}