{"t_death": 4282.199999999243, "death_mode": "cycle_collapse", "pnr_type": "rnap_deadlock", "t_pnr": 4118.399999999309, "dt_walking_dead": 163.7999999999338, "N_RNAP": 11, "N_Ribo": 100, "N_ATP": 1000, "seed": 93}