{"t_death": 6783.299999998232, "death_mode": "ribo_collapse", "pnr_type": "ribo_depletion", "t_pnr": 2470.4999999999754, "dt_walking_dead": 4312.799999998257, "N_RNAP": 41, "N_Ribo": 7, "N_ATP": 1000, "seed": 78}