{"t_death": 4905.899999998991, "death_mode": "ribo_collapse", "pnr_type": "ribo_depletion", "t_pnr": 3891.599999999401, "dt_walking_dead": 1014.29999999959, "N_RNAP": 41, "N_Ribo": 7, "N_ATP": 1000, "seed": 54}