{"t_death": 6925.049999998175, "death_mode": "ribo_collapse", "pnr_type": "ribo_depletion", "t_pnr": 4301.999999999235, "dt_walking_dead": 2623.0499999989397, "N_RNAP": 100, "N_Ribo": 17, "N_ATP": 1000, "seed": 30}