{"t_death": 3849.299999999418, "death_mode": "ribo_collapse", "pnr_type": "ribo_depletion", "t_pnr": 2621.6999999999143, "dt_walking_dead": 1227.5999999995038, "N_RNAP": 41, "N_Ribo": 2, "N_ATP": 1000, "seed": 53}