{"t_death": 4399.199999999196, "death_mode": "ribo_collapse", "pnr_type": "ribo_depletion", "t_pnr": 2636.0999999999085, "dt_walking_dead": 1763.0999999992873, "N_RNAP": 27, "N_Ribo": 64, "N_ATP": 1000, "seed": 48}