{"t_death": 4700.249999999074, "death_mode": "ribo_collapse", "pnr_type": "ribo_depletion", "t_pnr": 4550.399999999135, "dt_walking_dead": 149.84999999993943, "N_RNAP": 17, "N_Ribo": 64, "N_ATP": 1000, "seed": 43}