{"t_death": 1057.0500000000459, "death_mode": "ribo_collapse", "pnr_type": "ribo_depletion", "t_pnr": 857.7000000000259, "dt_walking_dead": 199.35000000002003, "N_RNAP": 2, "N_Ribo": 3, "N_ATP": 1000, "seed": 89}