{"t_death": 3829.0499999994263, "death_mode": "cycle_collapse", "pnr_type": "rnap_deadlock", "t_pnr": 3786.7499999994434, "dt_walking_dead": 42.2999999999829, "N_RNAP": 41, "N_Ribo": 11, "N_ATP": 1000, "seed": 14}