{"t_death": 10046.25000000066, "death_mode": "ribo_collapse", "pnr_type": "ribo_depletion", "t_pnr": 458.5499999999922, "dt_walking_dead": 9587.700000000668, "N_RNAP": 41, "N_Ribo": 3, "N_ATP": 1000, "seed": 43}