{"t_death": 4825.799999999023, "death_mode": "cycle_collapse", "pnr_type": "rnap_deadlock", "t_pnr": 4728.599999999063, "dt_walking_dead": 97.19999999996071, "N_RNAP": 41, "N_Ribo": 27, "N_ATP": 1000, "seed": 74}