{"t_death": 3159.899999999697, "death_mode": "ribo_collapse", "pnr_type": "ribo_depletion", "t_pnr": 2985.749999999767, "dt_walking_dead": 174.1499999999296, "N_RNAP": 11, "N_Ribo": 27, "N_ATP": 1000, "seed": 18}