{"t_death": 2097.900000000126, "death_mode": "ribo_collapse", "pnr_type": "ribo_depletion", "t_pnr": 1083.6000000000486, "dt_walking_dead": 1014.3000000000775, "N_RNAP": 2, "N_Ribo": 3, "N_ATP": 1000, "seed": 17}