{"t_death": 6491.69999999835, "death_mode": "ribo_collapse", "pnr_type": "ribo_depletion", "t_pnr": 2366.1000000000176, "dt_walking_dead": 4125.599999998332, "N_RNAP": 11, "N_Ribo": 3, "N_ATP": 1000, "seed": 42}