{"t_death": 5305.04999999883, "death_mode": "ribo_collapse", "pnr_type": "ribo_depletion", "t_pnr": 1674.4500000001083, "dt_walking_dead": 3630.5999999987216, "N_RNAP": 100, "N_Ribo": 2, "N_ATP": 1000, "seed": 75}