{"t_death": 5019.299999998945, "death_mode": "ribo_collapse", "pnr_type": "ribo_depletion", "t_pnr": 3373.6499999996104, "dt_walking_dead": 1645.6499999993348, "N_RNAP": 41, "N_Ribo": 11, "N_ATP": 1000, "seed": 44}