{"t_death": 4059.449999999333, "death_mode": "ribo_collapse", "pnr_type": "ribo_depletion", "t_pnr": 2322.4500000000353, "dt_walking_dead": 1736.9999999992979, "N_RNAP": 7, "N_Ribo": 4, "N_ATP": 1000, "seed": 38}