{"t_death": 4573.349999999125, "death_mode": "ribo_collapse", "pnr_type": "ribo_depletion", "t_pnr": 573.2999999999971, "dt_walking_dead": 4000.0499999991284, "N_RNAP": 64, "N_Ribo": 3, "N_ATP": 1000, "seed": 24}