{"t_death": 2219.400000000077, "death_mode": "cycle_collapse", "pnr_type": "rnap_deadlock", "t_pnr": 1867.5000000001278, "dt_walking_dead": 351.89999999994916, "N_RNAP": 11, "N_Ribo": 3, "N_ATP": 1000, "seed": 3}