{"t_death": 5515.199999998745, "death_mode": "ribo_collapse", "pnr_type": "ribo_depletion", "t_pnr": 2027.700000000144, "dt_walking_dead": 3487.4999999986007, "N_RNAP": 64, "N_Ribo": 4, "N_ATP": 1000, "seed": 0}