{"t_death": 1936.3500000001347, "death_mode": "cycle_collapse", "pnr_type": "rnap_deadlock", "t_pnr": 1809.0000000001219, "dt_walking_dead": 127.35000000001287, "N_RNAP": 7, "N_Ribo": 4, "N_ATP": 1000, "seed": 80}