{"t_death": 4608.449999999111, "death_mode": "ribo_collapse", "pnr_type": "ribo_depletion", "t_pnr": 1300.5000000000705, "dt_walking_dead": 3307.9499999990408, "N_RNAP": 3, "N_Ribo": 7, "N_ATP": 1000, "seed": 20}