{"t_death": 2458.79999999998, "death_mode": "ribo_collapse", "pnr_type": "ribo_depletion", "t_pnr": 2149.2000000001053, "dt_walking_dead": 309.59999999987485, "N_RNAP": 2, "N_Ribo": 7, "N_ATP": 1000, "seed": 90}