{"t_death": 5259.599999998848, "death_mode": "ribo_collapse", "pnr_type": "ribo_depletion", "t_pnr": 2777.849999999851, "dt_walking_dead": 2481.749999998997, "N_RNAP": 41, "N_Ribo": 4, "N_ATP": 1000, "seed": 94}