{"t_death": 3689.9999999994825, "death_mode": "cycle_collapse", "pnr_type": "rnap_deadlock", "t_pnr": 3689.9999999994825, "dt_walking_dead": 0.0, "N_RNAP": 27, "N_Ribo": 27, "N_ATP": 1000, "seed": 56}