{"t_death": 3992.84999999936, "death_mode": "ribo_collapse", "pnr_type": "ribo_depletion", "t_pnr": 2824.6499999998323, "dt_walking_dead": 1168.1999999995278, "N_RNAP": 41, "N_Ribo": 41, "N_ATP": 1000, "seed": 84}