{"t_death": 3946.499999999379, "death_mode": "cycle_collapse", "pnr_type": "rnap_deadlock", "t_pnr": 3825.8999999994276, "dt_walking_dead": 120.59999999995125, "N_RNAP": 41, "N_Ribo": 64, "N_ATP": 1000, "seed": 52}