{"t_death": 6570.449999998318, "death_mode": "ribo_collapse", "pnr_type": "ribo_depletion", "t_pnr": 3897.8999999993985, "dt_walking_dead": 2672.5499999989197, "N_RNAP": 100, "N_Ribo": 17, "N_ATP": 1000, "seed": 26}