{"t_death": 2974.4999999997717, "death_mode": "ribo_collapse", "pnr_type": "ribo_depletion", "t_pnr": 2967.2999999997746, "dt_walking_dead": 7.19999999999709, "N_RNAP": 17, "N_Ribo": 7, "N_ATP": 1000, "seed": 7}