{"t_death": 2038.050000000145, "death_mode": "cycle_collapse", "pnr_type": "rnap_deadlock", "t_pnr": 2022.3000000001434, "dt_walking_dead": 15.750000000001592, "N_RNAP": 2, "N_Ribo": 27, "N_ATP": 1000, "seed": 1}