{"t_death": 4908.14999999899, "death_mode": "ribo_collapse", "pnr_type": "ribo_depletion", "t_pnr": 2825.549999999832, "dt_walking_dead": 2082.599999999158, "N_RNAP": 4, "N_Ribo": 7, "N_ATP": 1000, "seed": 0}