{"t_death": 4372.649999999207, "death_mode": "cycle_collapse", "pnr_type": "rnap_deadlock", "t_pnr": 4225.049999999266, "dt_walking_dead": 147.59999999994034, "N_RNAP": 7, "N_Ribo": 100, "N_ATP": 1000, "seed": 60}