{"t_death": 3443.399999999582, "death_mode": "ribo_collapse", "pnr_type": "ribo_depletion", "t_pnr": 3227.8499999996693, "dt_walking_dead": 215.54999999991287, "N_RNAP": 7, "N_Ribo": 11, "N_ATP": 1000, "seed": 87}