{"t_death": 529.1999999999927, "death_mode": "cycle_collapse", "pnr_type": "rnap_deadlock", "t_pnr": 522.449999999992, "dt_walking_dead": 6.750000000000682, "N_RNAP": 2, "N_Ribo": 3, "N_ATP": 1000, "seed": 31}