{"t_death": 5793.299999998632, "death_mode": "ribo_collapse", "pnr_type": "ribo_depletion", "t_pnr": 1872.4500000001283, "dt_walking_dead": 3920.8499999985042, "N_RNAP": 41, "N_Ribo": 3, "N_ATP": 1000, "seed": 12}