{"t_death": 2002.0500000001414, "death_mode": "cycle_collapse", "pnr_type": "rnap_deadlock", "t_pnr": 1889.55000000013, "dt_walking_dead": 112.50000000001137, "N_RNAP": 7, "N_Ribo": 27, "N_ATP": 1000, "seed": 39}