{"t_death": 4999.499999998953, "death_mode": "cycle_collapse", "pnr_type": "rnap_deadlock", "t_pnr": 4938.299999998978, "dt_walking_dead": 61.19999999997526, "N_RNAP": 7, "N_Ribo": 100, "N_ATP": 1000, "seed": 41}