{"t_death": 4231.7999999992635, "death_mode": "ribo_collapse", "pnr_type": "ribo_depletion", "t_pnr": 1777.5000000001187, "dt_walking_dead": 2454.299999999145, "N_RNAP": 27, "N_Ribo": 3, "N_ATP": 1000, "seed": 76}