{"t_death": 2510.999999999959, "death_mode": "ribo_collapse", "pnr_type": "ribo_depletion", "t_pnr": 1691.10000000011, "dt_walking_dead": 819.8999999998491, "N_RNAP": 11, "N_Ribo": 2, "N_ATP": 1000, "seed": 94}