{"t_death": 4902.2999999989925, "death_mode": "ribo_collapse", "pnr_type": "ribo_depletion", "t_pnr": 3703.049999999477, "dt_walking_dead": 1199.2499999995152, "N_RNAP": 17, "N_Ribo": 17, "N_ATP": 1000, "seed": 98}