{"t_death": 4933.34999999898, "death_mode": "ribo_collapse", "pnr_type": "ribo_depletion", "t_pnr": 3645.4499999995005, "dt_walking_dead": 1287.8999999994794, "N_RNAP": 7, "N_Ribo": 4, "N_ATP": 1000, "seed": 84}