{"t_death": 2990.2499999997654, "death_mode": "ribo_collapse", "pnr_type": "ribo_depletion", "t_pnr": 1166.400000000057, "dt_walking_dead": 1823.8499999997084, "N_RNAP": 3, "N_Ribo": 2, "N_ATP": 1000, "seed": 55}