{"t_death": 732.1500000000132, "death_mode": "cycle_collapse", "pnr_type": "rnap_deadlock", "t_pnr": 606.6000000000005, "dt_walking_dead": 125.55000000001269, "N_RNAP": 2, "N_Ribo": 41, "N_ATP": 1000, "seed": 57}