{"t_death": 4666.949999999088, "death_mode": "ribo_collapse", "pnr_type": "ribo_depletion", "t_pnr": 4340.6999999992195, "dt_walking_dead": 326.2499999998681, "N_RNAP": 11, "N_Ribo": 27, "N_ATP": 1000, "seed": 19}