{"t_death": 3505.0499999995573, "death_mode": "cycle_collapse", "pnr_type": "rnap_deadlock", "t_pnr": 3496.049999999561, "dt_walking_dead": 8.999999999996362, "N_RNAP": 11, "N_Ribo": 17, "N_ATP": 1000, "seed": 29}