{"t_death": 4566.149999999128, "death_mode": "ribo_collapse", "pnr_type": "ribo_depletion", "t_pnr": 3078.8999999997295, "dt_walking_dead": 1487.2499999993988, "N_RNAP": 4, "N_Ribo": 41, "N_ATP": 1000, "seed": 10}