{"t_death": 2460.1499999999796, "death_mode": "cycle_collapse", "pnr_type": "rnap_deadlock", "t_pnr": 2411.5499999999993, "dt_walking_dead": 48.599999999980355, "N_RNAP": 11, "N_Ribo": 100, "N_ATP": 1000, "seed": 18}