{"t_death": 4749.749999999054, "death_mode": "cycle_collapse", "pnr_type": "rnap_deadlock", "t_pnr": 4720.049999999066, "dt_walking_dead": 29.699999999987995, "N_RNAP": 41, "N_Ribo": 7, "N_ATP": 1000, "seed": 0}