{"t_death": 7541.099999997926, "death_mode": "ribo_collapse", "pnr_type": "ribo_depletion", "t_pnr": 2693.699999999885, "dt_walking_dead": 4847.399999998041, "N_RNAP": 100, "N_Ribo": 4, "N_ATP": 1000, "seed": 51}