{"t_death": 2776.9499999998516, "death_mode": "cycle_collapse", "pnr_type": "rnap_deadlock", "t_pnr": 2671.649999999894, "dt_walking_dead": 105.29999999995744, "N_RNAP": 11, "N_Ribo": 17, "N_ATP": 1000, "seed": 13}