{"t_death": 3808.7999999994345, "death_mode": "ribo_collapse", "pnr_type": "ribo_depletion", "t_pnr": 1495.8000000000902, "dt_walking_dead": 2312.9999999993443, "N_RNAP": 27, "N_Ribo": 3, "N_ATP": 1000, "seed": 41}