{"t_death": 3066.2999999997346, "death_mode": "ribo_collapse", "pnr_type": "ribo_depletion", "t_pnr": 2911.949999999797, "dt_walking_dead": 154.3499999999376, "N_RNAP": 3, "N_Ribo": 7, "N_ATP": 1000, "seed": 29}