{"t_death": 2460.1499999999796, "death_mode": "ribo_collapse", "pnr_type": "ribo_depletion", "t_pnr": 1728.9000000001138, "dt_walking_dead": 731.2499999998658, "N_RNAP": 4, "N_Ribo": 7, "N_ATP": 1000, "seed": 29}