{"t_death": 4319.999999999228, "death_mode": "ribo_collapse", "pnr_type": "ribo_depletion", "t_pnr": 277.6499999999968, "dt_walking_dead": 4042.349999999231, "N_RNAP": 100, "N_Ribo": 3, "N_ATP": 1000, "seed": 64}