{"t_death": 3461.8499999995747, "death_mode": "ribo_collapse", "pnr_type": "ribo_depletion", "t_pnr": 2075.400000000135, "dt_walking_dead": 1386.4499999994396, "N_RNAP": 17, "N_Ribo": 7, "N_ATP": 1000, "seed": 76}