{"t_death": 3821.849999999429, "death_mode": "ribo_collapse", "pnr_type": "ribo_depletion", "t_pnr": 100.8000000000004, "dt_walking_dead": 3721.049999999429, "N_RNAP": 4, "N_Ribo": 3, "N_ATP": 1000, "seed": 9}