{"t_death": 4109.849999999313, "death_mode": "cycle_collapse", "pnr_type": "rnap_deadlock", "t_pnr": 4008.149999999354, "dt_walking_dead": 101.69999999995889, "N_RNAP": 100, "N_Ribo": 7, "N_ATP": 1000, "seed": 58}