{"t_death": 2625.7499999999127, "death_mode": "cycle_collapse", "pnr_type": "rnap_deadlock", "t_pnr": 2443.949999999986, "dt_walking_dead": 181.7999999999265, "N_RNAP": 7, "N_Ribo": 41, "N_ATP": 1000, "seed": 98}