{"t_death": 6223.499999998458, "death_mode": "ribo_collapse", "pnr_type": "ribo_depletion", "t_pnr": 3857.399999999415, "dt_walking_dead": 2366.0999999990436, "N_RNAP": 7, "N_Ribo": 41, "N_ATP": 1000, "seed": 25}