{"t_death": 1268.1000000000672, "death_mode": "ribo_collapse", "pnr_type": "ribo_depletion", "t_pnr": 153.44999999999993, "dt_walking_dead": 1114.6500000000674, "N_RNAP": 2, "N_Ribo": 2, "N_ATP": 1000, "seed": 94}