{"t_death": 3936.149999999383, "death_mode": "ribo_collapse", "pnr_type": "ribo_depletion", "t_pnr": 3725.549999999468, "dt_walking_dead": 210.59999999991487, "N_RNAP": 64, "N_Ribo": 3, "N_ATP": 1000, "seed": 46}