{"t_death": 3353.8499999996184, "death_mode": "cycle_collapse", "pnr_type": "rnap_deadlock", "t_pnr": 3193.1999999996833, "dt_walking_dead": 160.64999999993506, "N_RNAP": 17, "N_Ribo": 100, "N_ATP": 1000, "seed": 21}