{"t_death": 1359.0000000000764, "death_mode": "ribo_collapse", "pnr_type": "ribo_depletion", "t_pnr": 669.1500000000068, "dt_walking_dead": 689.8500000000696, "N_RNAP": 4, "N_Ribo": 3, "N_ATP": 1000, "seed": 64}