{"t_death": 2163.6000000000995, "death_mode": "ribo_collapse", "pnr_type": "ribo_depletion", "t_pnr": 1347.7500000000753, "dt_walking_dead": 815.8500000000242, "N_RNAP": 7, "N_Ribo": 3, "N_ATP": 1000, "seed": 90}