{"t_death": 4060.349999999333, "death_mode": "cycle_collapse", "pnr_type": "rnap_deadlock", "t_pnr": 3997.3499999993583, "dt_walking_dead": 62.999999999974534, "N_RNAP": 41, "N_Ribo": 41, "N_ATP": 1000, "seed": 74}