{"t_death": 6507.899999998343, "death_mode": "ribo_collapse", "pnr_type": "ribo_depletion", "t_pnr": 792.0000000000192, "dt_walking_dead": 5715.899999998324, "N_RNAP": 41, "N_Ribo": 4, "N_ATP": 1000, "seed": 42}