{"t_death": 1286.550000000069, "death_mode": "cycle_collapse", "pnr_type": "rnap_deadlock", "t_pnr": 1251.4500000000655, "dt_walking_dead": 35.10000000000355, "N_RNAP": 7, "N_Ribo": 11, "N_ATP": 1000, "seed": 21}