{"t_death": 4778.999999999042, "death_mode": "ribo_collapse", "pnr_type": "ribo_depletion", "t_pnr": 3990.599999999361, "dt_walking_dead": 788.3999999996813, "N_RNAP": 2, "N_Ribo": 100, "N_ATP": 1000, "seed": 39}