{"t_death": 2299.9500000000444, "death_mode": "ribo_collapse", "pnr_type": "ribo_depletion", "t_pnr": 367.19999999999453, "dt_walking_dead": 1932.7500000000498, "N_RNAP": 4, "N_Ribo": 4, "N_ATP": 1000, "seed": 5}