{"t_death": 4275.449999999246, "death_mode": "ribo_collapse", "pnr_type": "ribo_depletion", "t_pnr": 3504.1499999995576, "dt_walking_dead": 771.2999999996882, "N_RNAP": 2, "N_Ribo": 100, "N_ATP": 1000, "seed": 26}