{"t_death": 5764.949999998644, "death_mode": "ribo_collapse", "pnr_type": "ribo_depletion", "t_pnr": 2438.5499999999884, "dt_walking_dead": 3326.3999999986554, "N_RNAP": 11, "N_Ribo": 17, "N_ATP": 1000, "seed": 46}