{"t_death": 3706.6499999994758, "death_mode": "ribo_collapse", "pnr_type": "ribo_depletion", "t_pnr": 3603.5999999995174, "dt_walking_dead": 103.04999999995835, "N_RNAP": 11, "N_Ribo": 64, "N_ATP": 1000, "seed": 13}