{"t_death": 5003.5499999989515, "death_mode": "ribo_collapse", "pnr_type": "ribo_depletion", "t_pnr": 1210.9500000000614, "dt_walking_dead": 3792.59999999889, "N_RNAP": 27, "N_Ribo": 2, "N_ATP": 1000, "seed": 30}