{"t_death": 5316.749999998825, "death_mode": "ribo_collapse", "pnr_type": "ribo_depletion", "t_pnr": 3612.599999999514, "dt_walking_dead": 1704.1499999993111, "N_RNAP": 100, "N_Ribo": 7, "N_ATP": 1000, "seed": 26}