{"t_death": 3873.5999999994083, "death_mode": "ribo_collapse", "pnr_type": "ribo_depletion", "t_pnr": 2347.650000000025, "dt_walking_dead": 1525.9499999993832, "N_RNAP": 41, "N_Ribo": 2, "N_ATP": 1000, "seed": 38}