{"t_death": 2456.999999999981, "death_mode": "cycle_collapse", "pnr_type": "rnap_deadlock", "t_pnr": 2452.4999999999827, "dt_walking_dead": 4.499999999998181, "N_RNAP": 2, "N_Ribo": 7, "N_ATP": 1000, "seed": 45}