{"t_death": 3127.49999999971, "death_mode": "ribo_collapse", "pnr_type": "ribo_depletion", "t_pnr": 3051.8999999997404, "dt_walking_dead": 75.59999999996944, "N_RNAP": 11, "N_Ribo": 27, "N_ATP": 1000, "seed": 4}