{"t_death": 5332.949999998818, "death_mode": "ribo_collapse", "pnr_type": "ribo_depletion", "t_pnr": 3883.949999999404, "dt_walking_dead": 1448.9999999994143, "N_RNAP": 64, "N_Ribo": 3, "N_ATP": 1000, "seed": 22}