{"t_death": 2042.1000000001454, "death_mode": "ribo_collapse", "pnr_type": "ribo_depletion", "t_pnr": 1539.0000000000946, "dt_walking_dead": 503.10000000005084, "N_RNAP": 3, "N_Ribo": 7, "N_ATP": 1000, "seed": 72}