{"t_death": 4387.049999999201, "death_mode": "ribo_collapse", "pnr_type": "ribo_depletion", "t_pnr": 2294.5500000000466, "dt_walking_dead": 2092.499999999154, "N_RNAP": 11, "N_Ribo": 27, "N_ATP": 1000, "seed": 75}