{"t_death": 5715.899999998664, "death_mode": "ribo_collapse", "pnr_type": "ribo_depletion", "t_pnr": 561.1499999999959, "dt_walking_dead": 5154.749999998668, "N_RNAP": 4, "N_Ribo": 2, "N_ATP": 1000, "seed": 21}