{"t_death": 3595.9499999995205, "death_mode": "cycle_collapse", "pnr_type": "rnap_deadlock", "t_pnr": 3280.499999999648, "dt_walking_dead": 315.4499999998725, "N_RNAP": 7, "N_Ribo": 100, "N_ATP": 1000, "seed": 46}