{"t_death": 556.1999999999954, "death_mode": "cycle_collapse", "pnr_type": "rnap_deadlock", "t_pnr": 526.0499999999923, "dt_walking_dead": 30.150000000003047, "N_RNAP": 4, "N_Ribo": 11, "N_ATP": 1000, "seed": 75}