{"t_death": 4147.6499999992975, "death_mode": "cycle_collapse", "pnr_type": "rnap_deadlock", "t_pnr": 4147.6499999992975, "dt_walking_dead": 0.0, "N_RNAP": 11, "N_Ribo": 100, "N_ATP": 1000, "seed": 99}