{"t_death": 4315.49999999923, "death_mode": "ribo_collapse", "pnr_type": "ribo_depletion", "t_pnr": 1022.8500000000425, "dt_walking_dead": 3292.649999999187, "N_RNAP": 11, "N_Ribo": 4, "N_ATP": 1000, "seed": 85}