{"t_death": 2736.8999999998678, "death_mode": "ribo_collapse", "pnr_type": "ribo_depletion", "t_pnr": 886.9500000000288, "dt_walking_dead": 1849.9499999998388, "N_RNAP": 41, "N_Ribo": 3, "N_ATP": 1000, "seed": 91}