{"t_death": 3164.399999999695, "death_mode": "ribo_collapse", "pnr_type": "ribo_depletion", "t_pnr": 1924.6500000001336, "dt_walking_dead": 1239.7499999995614, "N_RNAP": 7, "N_Ribo": 17, "N_ATP": 1000, "seed": 82}