{"t_death": 4222.799999999267, "death_mode": "ribo_collapse", "pnr_type": "ribo_depletion", "t_pnr": 1407.6000000000813, "dt_walking_dead": 2815.199999999186, "N_RNAP": 27, "N_Ribo": 4, "N_ATP": 1000, "seed": 70}