{"t_death": 4364.54999999921, "death_mode": "ribo_collapse", "pnr_type": "ribo_depletion", "t_pnr": 499.0499999999912, "dt_walking_dead": 3865.4999999992187, "N_RNAP": 4, "N_Ribo": 4, "N_ATP": 1000, "seed": 81}