{"t_death": 7189.649999998068, "death_mode": "ribo_collapse", "pnr_type": "ribo_depletion", "t_pnr": 2847.149999999823, "dt_walking_dead": 4342.499999998245, "N_RNAP": 100, "N_Ribo": 4, "N_ATP": 1000, "seed": 82}