{"t_death": 2872.349999999813, "death_mode": "ribo_collapse", "pnr_type": "ribo_depletion", "t_pnr": 635.8500000000034, "dt_walking_dead": 2236.4999999998095, "N_RNAP": 3, "N_Ribo": 2, "N_ATP": 1000, "seed": 60}