{"t_death": 2814.2999999998365, "death_mode": "ribo_collapse", "pnr_type": "ribo_depletion", "t_pnr": 1624.9500000001033, "dt_walking_dead": 1189.3499999997332, "N_RNAP": 17, "N_Ribo": 4, "N_ATP": 1000, "seed": 32}