{"t_death": 5175.449999998882, "death_mode": "ribo_collapse", "pnr_type": "ribo_depletion", "t_pnr": 2545.1999999999452, "dt_walking_dead": 2630.249999998937, "N_RNAP": 64, "N_Ribo": 2, "N_ATP": 1000, "seed": 91}