{"t_death": 4797.449999999035, "death_mode": "ribo_collapse", "pnr_type": "ribo_depletion", "t_pnr": 4244.849999999258, "dt_walking_dead": 552.5999999997766, "N_RNAP": 41, "N_Ribo": 7, "N_ATP": 1000, "seed": 35}