{"t_death": 2935.3499999997875, "death_mode": "ribo_collapse", "pnr_type": "ribo_depletion", "t_pnr": 519.7499999999917, "dt_walking_dead": 2415.5999999997957, "N_RNAP": 27, "N_Ribo": 2, "N_ATP": 1000, "seed": 46}