{"t_death": 5616.899999998704, "death_mode": "ribo_collapse", "pnr_type": "ribo_depletion", "t_pnr": 4802.849999999033, "dt_walking_dead": 814.049999999671, "N_RNAP": 100, "N_Ribo": 7, "N_ATP": 1000, "seed": 35}