{"t_death": 1258.6500000000663, "death_mode": "cycle_collapse", "pnr_type": "rnap_deadlock", "t_pnr": 1252.8000000000657, "dt_walking_dead": 5.850000000000591, "N_RNAP": 7, "N_Ribo": 4, "N_ATP": 1000, "seed": 23}