{"t_death": 4218.299999999269, "death_mode": "ribo_collapse", "pnr_type": "ribo_depletion", "t_pnr": 932.4000000000334, "dt_walking_dead": 3285.8999999992357, "N_RNAP": 4, "N_Ribo": 4, "N_ATP": 1000, "seed": 7}