{"t_death": 3802.049999999437, "death_mode": "ribo_collapse", "pnr_type": "ribo_depletion", "t_pnr": 3522.1499999995503, "dt_walking_dead": 279.89999999988686, "N_RNAP": 7, "N_Ribo": 4, "N_ATP": 1000, "seed": 1}