{"t_death": 3796.1999999994396, "death_mode": "ribo_collapse", "pnr_type": "ribo_depletion", "t_pnr": 1050.7500000000452, "dt_walking_dead": 2745.449999999394, "N_RNAP": 27, "N_Ribo": 4, "N_ATP": 1000, "seed": 31}