{"t_death": 4588.199999999119, "death_mode": "ribo_collapse", "pnr_type": "ribo_depletion", "t_pnr": 2912.399999999797, "dt_walking_dead": 1675.7999999993226, "N_RNAP": 64, "N_Ribo": 7, "N_ATP": 1000, "seed": 5}