{"t_death": 1401.7500000000807, "death_mode": "cycle_collapse", "pnr_type": "rnap_deadlock", "t_pnr": 1304.1000000000708, "dt_walking_dead": 97.65000000000987, "N_RNAP": 3, "N_Ribo": 17, "N_ATP": 1000, "seed": 92}