{"t_death": 1793.2500000001203, "death_mode": "cycle_collapse", "pnr_type": "rnap_deadlock", "t_pnr": 1728.9000000001138, "dt_walking_dead": 64.3500000000065, "N_RNAP": 7, "N_Ribo": 2, "N_ATP": 1000, "seed": 30}