{"t_death": 4482.899999999162, "death_mode": "ribo_collapse", "pnr_type": "ribo_depletion", "t_pnr": 2645.9999999999045, "dt_walking_dead": 1836.8999999992575, "N_RNAP": 41, "N_Ribo": 2, "N_ATP": 1000, "seed": 2}