{"t_death": 2915.0999999997957, "death_mode": "ribo_collapse", "pnr_type": "ribo_depletion", "t_pnr": 1026.9000000000428, "dt_walking_dead": 1888.199999999753, "N_RNAP": 7, "N_Ribo": 4, "N_ATP": 1000, "seed": 94}