{"t_death": 4266.899999999249, "death_mode": "ribo_collapse", "pnr_type": "ribo_depletion", "t_pnr": 4239.89999999926, "dt_walking_dead": 26.999999999989086, "N_RNAP": 41, "N_Ribo": 17, "N_ATP": 1000, "seed": 0}