{"t_death": 1882.3500000001293, "death_mode": "cycle_collapse", "pnr_type": "rnap_deadlock", "t_pnr": 1822.0500000001232, "dt_walking_dead": 60.300000000006094, "N_RNAP": 2, "N_Ribo": 7, "N_ATP": 1000, "seed": 23}