{"t_death": 2889.899999999806, "death_mode": "cycle_collapse", "pnr_type": "rnap_deadlock", "t_pnr": 2740.0499999998665, "dt_walking_dead": 149.84999999993943, "N_RNAP": 27, "N_Ribo": 11, "N_ATP": 1000, "seed": 22}