{"t_death": 4687.649999999079, "death_mode": "ribo_collapse", "pnr_type": "ribo_depletion", "t_pnr": 3661.199999999494, "dt_walking_dead": 1026.449999999585, "N_RNAP": 17, "N_Ribo": 64, "N_ATP": 1000, "seed": 66}