{"t_death": 6440.849999998371, "death_mode": "ribo_collapse", "pnr_type": "ribo_depletion", "t_pnr": 2209.500000000081, "dt_walking_dead": 4231.34999999829, "N_RNAP": 27, "N_Ribo": 3, "N_ATP": 1000, "seed": 53}