{"t_death": 2406.1500000000015, "death_mode": "ribo_collapse", "pnr_type": "ribo_depletion", "t_pnr": 727.2000000000127, "dt_walking_dead": 1678.949999999989, "N_RNAP": 17, "N_Ribo": 7, "N_ATP": 1000, "seed": 82}