{"t_death": 5450.849999998771, "death_mode": "ribo_collapse", "pnr_type": "ribo_depletion", "t_pnr": 2507.8499999999603, "dt_walking_dead": 2942.9999999988104, "N_RNAP": 41, "N_Ribo": 17, "N_ATP": 1000, "seed": 36}