{"t_death": 2971.349999999773, "death_mode": "ribo_collapse", "pnr_type": "ribo_depletion", "t_pnr": 550.3499999999948, "dt_walking_dead": 2420.999999999778, "N_RNAP": 3, "N_Ribo": 2, "N_ATP": 1000, "seed": 37}