{"t_death": 5353.64999999881, "death_mode": "ribo_collapse", "pnr_type": "ribo_depletion", "t_pnr": 2596.0499999999247, "dt_walking_dead": 2757.5999999988853, "N_RNAP": 11, "N_Ribo": 11, "N_ATP": 1000, "seed": 14}