{"t_death": 4304.249999999234, "death_mode": "ribo_collapse", "pnr_type": "ribo_depletion", "t_pnr": 3336.2999999996255, "dt_walking_dead": 967.9499999996087, "N_RNAP": 27, "N_Ribo": 27, "N_ATP": 1000, "seed": 24}