{"t_death": 6382.799999998394, "death_mode": "ribo_collapse", "pnr_type": "ribo_depletion", "t_pnr": 4343.399999999218, "dt_walking_dead": 2039.3999999991756, "N_RNAP": 100, "N_Ribo": 4, "N_ATP": 1000, "seed": 57}