{"t_death": 5875.649999998599, "death_mode": "ribo_collapse", "pnr_type": "ribo_depletion", "t_pnr": 2777.3999999998514, "dt_walking_dead": 3098.2499999987476, "N_RNAP": 17, "N_Ribo": 27, "N_ATP": 1000, "seed": 84}