{"t_death": 2507.8499999999603, "death_mode": "ribo_collapse", "pnr_type": "ribo_depletion", "t_pnr": 1275.300000000068, "dt_walking_dead": 1232.5499999998924, "N_RNAP": 11, "N_Ribo": 4, "N_ATP": 1000, "seed": 87}