{"t_death": 1752.7500000001162, "death_mode": "ribo_collapse", "pnr_type": "ribo_depletion", "t_pnr": 893.7000000000295, "dt_walking_dead": 859.0500000000867, "N_RNAP": 17, "N_Ribo": 4, "N_ATP": 1000, "seed": 46}