{"t_death": 2589.2999999999274, "death_mode": "ribo_collapse", "pnr_type": "ribo_depletion", "t_pnr": 1854.9000000001265, "dt_walking_dead": 734.3999999998009, "N_RNAP": 17, "N_Ribo": 4, "N_ATP": 1000, "seed": 15}