{"t_death": 4911.299999998989, "death_mode": "ribo_collapse", "pnr_type": "ribo_depletion", "t_pnr": 3094.1999999997233, "dt_walking_dead": 1817.0999999992655, "N_RNAP": 64, "N_Ribo": 2, "N_ATP": 1000, "seed": 48}