{"t_death": 5075.999999998922, "death_mode": "atp_depletion", "pnr_type": "ribo_depletion", "t_pnr": 4696.649999999076, "dt_walking_dead": 379.34999999984666, "N_RNAP": 41, "N_Ribo": 100, "N_ATP": 1000, "seed": 35}