{"t_death": 6404.849999998385, "death_mode": "ribo_collapse", "pnr_type": "ribo_depletion", "t_pnr": 4415.849999999189, "dt_walking_dead": 1988.999999999196, "N_RNAP": 17, "N_Ribo": 100, "N_ATP": 1000, "seed": 75}