{"t_death": 5481.899999998758, "death_mode": "ribo_collapse", "pnr_type": "ribo_depletion", "t_pnr": 2425.4999999999936, "dt_walking_dead": 3056.3999999987645, "N_RNAP": 100, "N_Ribo": 7, "N_ATP": 1000, "seed": 57}