{"t_death": 3604.949999999517, "death_mode": "ribo_collapse", "pnr_type": "ribo_depletion", "t_pnr": 1210.5000000000614, "dt_walking_dead": 2394.4499999994555, "N_RNAP": 7, "N_Ribo": 7, "N_ATP": 1000, "seed": 55}