{"t_death": 1059.7500000000462, "death_mode": "ribo_collapse", "pnr_type": "ribo_depletion", "t_pnr": 417.59999999999326, "dt_walking_dead": 642.1500000000528, "N_RNAP": 2, "N_Ribo": 3, "N_ATP": 1000, "seed": 69}