{"t_death": 278.99999999999676, "death_mode": "cycle_collapse", "pnr_type": "rnap_deadlock", "t_pnr": 236.24999999999784, "dt_walking_dead": 42.74999999999892, "N_RNAP": 4, "N_Ribo": 27, "N_ATP": 1000, "seed": 59}