{"t_death": 4621.499999999106, "death_mode": "ribo_collapse", "pnr_type": "ribo_depletion", "t_pnr": 3936.149999999383, "dt_walking_dead": 685.349999999723, "N_RNAP": 100, "N_Ribo": 17, "N_ATP": 1000, "seed": 80}