{"t_death": 7178.399999998072, "death_mode": "atp_depletion", "pnr_type": "ribo_depletion", "t_pnr": 4273.649999999247, "dt_walking_dead": 2904.749999998826, "N_RNAP": 64, "N_Ribo": 41, "N_ATP": 1000, "seed": 39}