{"t_death": 5226.749999998861, "death_mode": "ribo_collapse", "pnr_type": "ribo_depletion", "t_pnr": 4537.34999999914, "dt_walking_dead": 689.3999999997213, "N_RNAP": 2, "N_Ribo": 41, "N_ATP": 1000, "seed": 93}