{"t_death": 5382.899999998798, "death_mode": "ribo_collapse", "pnr_type": "ribo_depletion", "t_pnr": 3396.599999999601, "dt_walking_dead": 1986.299999999197, "N_RNAP": 17, "N_Ribo": 17, "N_ATP": 1000, "seed": 67}