{"t_death": 592.199999999999, "death_mode": "cycle_collapse", "pnr_type": "rnap_deadlock", "t_pnr": 449.99999999999244, "dt_walking_dead": 142.20000000000658, "N_RNAP": 3, "N_Ribo": 11, "N_ATP": 1000, "seed": 67}