{"t_death": 2471.849999999975, "death_mode": "ribo_collapse", "pnr_type": "ribo_depletion", "t_pnr": 1634.8500000001043, "dt_walking_dead": 836.9999999998706, "N_RNAP": 17, "N_Ribo": 7, "N_ATP": 1000, "seed": 85}