{"t_death": 5602.949999998709, "death_mode": "ribo_collapse", "pnr_type": "ribo_depletion", "t_pnr": 4657.499999999091, "dt_walking_dead": 945.4499999996178, "N_RNAP": 41, "N_Ribo": 27, "N_ATP": 1000, "seed": 87}