{"t_death": 4218.299999999269, "death_mode": "ribo_collapse", "pnr_type": "ribo_depletion", "t_pnr": 4045.9499999993386, "dt_walking_dead": 172.34999999993033, "N_RNAP": 17, "N_Ribo": 41, "N_ATP": 1000, "seed": 30}