{"t_death": 5029.649999998941, "death_mode": "ribo_collapse", "pnr_type": "ribo_depletion", "t_pnr": 3052.79999999974, "dt_walking_dead": 1976.849999999201, "N_RNAP": 41, "N_Ribo": 17, "N_ATP": 1000, "seed": 50}