{"t_death": 5862.1499999986045, "death_mode": "ribo_collapse", "pnr_type": "ribo_depletion", "t_pnr": 3795.29999999944, "dt_walking_dead": 2066.8499999991645, "N_RNAP": 11, "N_Ribo": 17, "N_ATP": 1000, "seed": 89}