{"t_death": 2658.5999999998994, "death_mode": "ribo_collapse", "pnr_type": "ribo_depletion", "t_pnr": 429.29999999999296, "dt_walking_dead": 2229.2999999999065, "N_RNAP": 7, "N_Ribo": 3, "N_ATP": 1000, "seed": 23}