{"t_death": 388.349999999994, "death_mode": "cycle_collapse", "pnr_type": "rnap_deadlock", "t_pnr": 367.6499999999945, "dt_walking_dead": 20.699999999999477, "N_RNAP": 3, "N_Ribo": 4, "N_ATP": 1000, "seed": 6}