{"t_death": 3792.149999999441, "death_mode": "ribo_collapse", "pnr_type": "ribo_depletion", "t_pnr": 3760.649999999454, "dt_walking_dead": 31.499999999987267, "N_RNAP": 27, "N_Ribo": 41, "N_ATP": 1000, "seed": 92}