{"t_death": 3894.7499999993997, "death_mode": "cycle_collapse", "pnr_type": "rnap_deadlock", "t_pnr": 3869.54999999941, "dt_walking_dead": 25.199999999989814, "N_RNAP": 11, "N_Ribo": 100, "N_ATP": 1000, "seed": 82}