{"t_death": 4370.849999999207, "death_mode": "ribo_collapse", "pnr_type": "ribo_depletion", "t_pnr": 4041.4499999993404, "dt_walking_dead": 329.39999999986685, "N_RNAP": 27, "N_Ribo": 27, "N_ATP": 1000, "seed": 75}