{"t_death": 5219.099999998864, "death_mode": "ribo_collapse", "pnr_type": "ribo_depletion", "t_pnr": 4420.349999999187, "dt_walking_dead": 798.7499999996771, "N_RNAP": 100, "N_Ribo": 7, "N_ATP": 1000, "seed": 65}