{"t_death": 851.4000000000252, "death_mode": "cycle_collapse", "pnr_type": "rnap_deadlock", "t_pnr": 846.0000000000247, "dt_walking_dead": 5.400000000000546, "N_RNAP": 3, "N_Ribo": 11, "N_ATP": 1000, "seed": 94}