{"t_death": 7893.899999997783, "death_mode": "ribo_collapse", "pnr_type": "ribo_depletion", "t_pnr": 7135.64999999809, "dt_walking_dead": 758.2499999996935, "N_RNAP": 64, "N_Ribo": 4, "N_ATP": 1000, "seed": 2}