{"t_death": 4778.999999999042, "death_mode": "ribo_collapse", "pnr_type": "ribo_depletion", "t_pnr": 3988.7999999993617, "dt_walking_dead": 790.1999999996806, "N_RNAP": 100, "N_Ribo": 2, "N_ATP": 1000, "seed": 5}