{"t_death": 4472.099999999166, "death_mode": "ribo_collapse", "pnr_type": "ribo_depletion", "t_pnr": 3282.2999999996473, "dt_walking_dead": 1189.799999999519, "N_RNAP": 27, "N_Ribo": 7, "N_ATP": 1000, "seed": 21}