{"t_death": 2520.4499999999553, "death_mode": "cycle_collapse", "pnr_type": "rnap_deadlock", "t_pnr": 2520.4499999999553, "dt_walking_dead": 0.0, "N_RNAP": 2, "N_Ribo": 100, "N_ATP": 1000, "seed": 22}