{"t_death": 3460.0499999995754, "death_mode": "cycle_collapse", "pnr_type": "rnap_deadlock", "t_pnr": 3347.9999999996207, "dt_walking_dead": 112.04999999995471, "N_RNAP": 17, "N_Ribo": 64, "N_ATP": 1000, "seed": 47}