{"t_death": 5866.199999998603, "death_mode": "cycle_collapse", "pnr_type": "rnap_deadlock", "t_pnr": 5801.849999998629, "dt_walking_dead": 64.34999999997399, "N_RNAP": 17, "N_Ribo": 41, "N_ATP": 1000, "seed": 11}