{"t_death": 7105.499999998102, "death_mode": "ribo_collapse", "pnr_type": "ribo_depletion", "t_pnr": 1542.600000000095, "dt_walking_dead": 5562.899999998007, "N_RNAP": 100, "N_Ribo": 2, "N_ATP": 1000, "seed": 27}