{"t_death": 4233.149999999263, "death_mode": "ribo_collapse", "pnr_type": "ribo_depletion", "t_pnr": 3435.7499999995853, "dt_walking_dead": 797.3999999996777, "N_RNAP": 41, "N_Ribo": 17, "N_ATP": 1000, "seed": 83}