{"t_death": 3583.7999999995254, "death_mode": "ribo_collapse", "pnr_type": "ribo_depletion", "t_pnr": 2243.700000000067, "dt_walking_dead": 1340.0999999994583, "N_RNAP": 11, "N_Ribo": 11, "N_ATP": 1000, "seed": 80}