{"t_death": 2632.49999999991, "death_mode": "ribo_collapse", "pnr_type": "ribo_depletion", "t_pnr": 1611.0000000001019, "dt_walking_dead": 1021.4999999998081, "N_RNAP": 11, "N_Ribo": 3, "N_ATP": 1000, "seed": 86}