{"t_death": 3554.5499999995372, "death_mode": "ribo_collapse", "pnr_type": "ribo_depletion", "t_pnr": 2600.549999999923, "dt_walking_dead": 953.9999999996144, "N_RNAP": 17, "N_Ribo": 11, "N_ATP": 1000, "seed": 62}