{"t_death": 4930.649999998981, "death_mode": "ribo_collapse", "pnr_type": "ribo_depletion", "t_pnr": 4623.749999999105, "dt_walking_dead": 306.89999999987594, "N_RNAP": 11, "N_Ribo": 27, "N_ATP": 1000, "seed": 1}