{"t_death": 5662.349999998685, "death_mode": "ribo_collapse", "pnr_type": "ribo_depletion", "t_pnr": 2268.900000000057, "dt_walking_dead": 3393.4499999986283, "N_RNAP": 100, "N_Ribo": 7, "N_ATP": 1000, "seed": 55}