{"t_death": 6614.5499999983, "death_mode": "ribo_collapse", "pnr_type": "ribo_depletion", "t_pnr": 5027.399999998942, "dt_walking_dead": 1587.1499999993584, "N_RNAP": 17, "N_Ribo": 41, "N_ATP": 1000, "seed": 35}