{"t_death": 1863.4500000001274, "death_mode": "cycle_collapse", "pnr_type": "rnap_deadlock", "t_pnr": 1692.00000000011, "dt_walking_dead": 171.45000000001733, "N_RNAP": 2, "N_Ribo": 7, "N_ATP": 1000, "seed": 76}