{"t_death": 3279.5999999996484, "death_mode": "cycle_collapse", "pnr_type": "rnap_deadlock", "t_pnr": 3279.5999999996484, "dt_walking_dead": 0.0, "N_RNAP": 27, "N_Ribo": 27, "N_ATP": 1000, "seed": 36}