{"t_death": 2573.549999999934, "death_mode": "ribo_collapse", "pnr_type": "ribo_depletion", "t_pnr": 2205.0000000000828, "dt_walking_dead": 368.549999999851, "N_RNAP": 4, "N_Ribo": 3, "N_ATP": 1000, "seed": 46}