{"t_death": 4277.249999999245, "death_mode": "ribo_collapse", "pnr_type": "ribo_depletion", "t_pnr": 3316.9499999996333, "dt_walking_dead": 960.2999999996118, "N_RNAP": 64, "N_Ribo": 11, "N_ATP": 1000, "seed": 45}