{"t_death": 5353.19999999881, "death_mode": "ribo_collapse", "pnr_type": "ribo_depletion", "t_pnr": 4118.399999999309, "dt_walking_dead": 1234.7999999995009, "N_RNAP": 64, "N_Ribo": 17, "N_ATP": 1000, "seed": 41}