{"t_death": 4151.699999999296, "death_mode": "cycle_collapse", "pnr_type": "rnap_deadlock", "t_pnr": 4095.8999999993184, "dt_walking_dead": 55.799999999977445, "N_RNAP": 41, "N_Ribo": 27, "N_ATP": 1000, "seed": 95}