{"t_death": 2043.4500000001456, "death_mode": "ribo_collapse", "pnr_type": "ribo_depletion", "t_pnr": 1226.700000000063, "dt_walking_dead": 816.7500000000825, "N_RNAP": 17, "N_Ribo": 2, "N_ATP": 1000, "seed": 52}