{"t_death": 2249.5500000000648, "death_mode": "cycle_collapse", "pnr_type": "rnap_deadlock", "t_pnr": 2249.5500000000648, "dt_walking_dead": 0.0, "N_RNAP": 11, "N_Ribo": 64, "N_ATP": 1000, "seed": 73}