{"t_death": 4648.949999999095, "death_mode": "ribo_collapse", "pnr_type": "ribo_depletion", "t_pnr": 3199.9499999996806, "dt_walking_dead": 1448.9999999994143, "N_RNAP": 27, "N_Ribo": 27, "N_ATP": 1000, "seed": 69}