{"t_death": 5671.799999998681, "death_mode": "ribo_collapse", "pnr_type": "ribo_depletion", "t_pnr": 1863.0000000001273, "dt_walking_dead": 3808.799999998554, "N_RNAP": 41, "N_Ribo": 7, "N_ATP": 1000, "seed": 11}