{"t_death": 4238.549999999261, "death_mode": "ribo_collapse", "pnr_type": "ribo_depletion", "t_pnr": 3432.1499999995867, "dt_walking_dead": 806.399999999674, "N_RNAP": 64, "N_Ribo": 17, "N_ATP": 1000, "seed": 90}