{"t_death": 2434.04999999999, "death_mode": "cycle_collapse", "pnr_type": "rnap_deadlock", "t_pnr": 2359.3500000000204, "dt_walking_dead": 74.6999999999698, "N_RNAP": 7, "N_Ribo": 11, "N_ATP": 1000, "seed": 20}