{"t_death": 2404.350000000002, "death_mode": "ribo_collapse", "pnr_type": "ribo_depletion", "t_pnr": 1988.55000000014, "dt_walking_dead": 415.79999999986217, "N_RNAP": 7, "N_Ribo": 3, "N_ATP": 1000, "seed": 0}