{"t_death": 3682.7999999994854, "death_mode": "ribo_collapse", "pnr_type": "ribo_depletion", "t_pnr": 677.7000000000077, "dt_walking_dead": 3005.099999999478, "N_RNAP": 41, "N_Ribo": 2, "N_ATP": 1000, "seed": 10}