{"t_death": 5678.549999998679, "death_mode": "ribo_collapse", "pnr_type": "ribo_depletion", "t_pnr": 1811.250000000122, "dt_walking_dead": 3867.299999998557, "N_RNAP": 41, "N_Ribo": 4, "N_ATP": 1000, "seed": 99}