{"t_death": 6919.199999998177, "death_mode": "ribo_collapse", "pnr_type": "ribo_depletion", "t_pnr": 5776.199999998639, "dt_walking_dead": 1142.999999999538, "N_RNAP": 100, "N_Ribo": 11, "N_ATP": 1000, "seed": 96}