{"t_death": 2794.9499999998443, "death_mode": "ribo_collapse", "pnr_type": "ribo_depletion", "t_pnr": 387.449999999994, "dt_walking_dead": 2407.4999999998504, "N_RNAP": 7, "N_Ribo": 2, "N_ATP": 1000, "seed": 32}