{"t_death": 2205.9000000000824, "death_mode": "cycle_collapse", "pnr_type": "rnap_deadlock", "t_pnr": 2093.8500000001277, "dt_walking_dead": 112.04999999995471, "N_RNAP": 3, "N_Ribo": 27, "N_ATP": 1000, "seed": 44}