{"t_death": 3010.949999999757, "death_mode": "cycle_collapse", "pnr_type": "rnap_deadlock", "t_pnr": 2877.299999999811, "dt_walking_dead": 133.64999999994598, "N_RNAP": 7, "N_Ribo": 27, "N_ATP": 1000, "seed": 34}