{"t_death": 2564.5499999999374, "death_mode": "ribo_collapse", "pnr_type": "ribo_depletion", "t_pnr": 648.4500000000047, "dt_walking_dead": 1916.0999999999326, "N_RNAP": 11, "N_Ribo": 3, "N_ATP": 1000, "seed": 31}