{"t_death": 476.99999999999176, "death_mode": "cycle_collapse", "pnr_type": "rnap_deadlock", "t_pnr": 240.29999999999774, "dt_walking_dead": 236.69999999999402, "N_RNAP": 2, "N_Ribo": 7, "N_ATP": 1000, "seed": 27}