{"t_death": 4584.149999999121, "death_mode": "ribo_collapse", "pnr_type": "ribo_depletion", "t_pnr": 3662.9999999994934, "dt_walking_dead": 921.1499999996277, "N_RNAP": 100, "N_Ribo": 11, "N_ATP": 1000, "seed": 39}