{"t_death": 1034.5500000000436, "death_mode": "cycle_collapse", "pnr_type": "rnap_deadlock", "t_pnr": 1008.9000000000411, "dt_walking_dead": 25.65000000000248, "N_RNAP": 3, "N_Ribo": 2, "N_ATP": 1000, "seed": 58}