{"t_death": 2151.9000000001042, "death_mode": "cycle_collapse", "pnr_type": "rnap_deadlock", "t_pnr": 2048.850000000146, "dt_walking_dead": 103.04999999995835, "N_RNAP": 2, "N_Ribo": 41, "N_ATP": 1000, "seed": 41}