{"t_death": 4078.3499999993255, "death_mode": "ribo_collapse", "pnr_type": "ribo_depletion", "t_pnr": 1697.4000000001106, "dt_walking_dead": 2380.949999999215, "N_RNAP": 27, "N_Ribo": 17, "N_ATP": 1000, "seed": 90}