{"t_death": 3037.0499999997464, "death_mode": "cycle_collapse", "pnr_type": "rnap_deadlock", "t_pnr": 2902.499999999801, "dt_walking_dead": 134.5499999999456, "N_RNAP": 4, "N_Ribo": 100, "N_ATP": 1000, "seed": 11}