{"t_death": 3875.8499999994074, "death_mode": "ribo_collapse", "pnr_type": "ribo_depletion", "t_pnr": 2901.599999999801, "dt_walking_dead": 974.2499999996062, "N_RNAP": 11, "N_Ribo": 64, "N_ATP": 1000, "seed": 81}