{"t_death": 4128.749999999305, "death_mode": "ribo_collapse", "pnr_type": "ribo_depletion", "t_pnr": 2383.2000000000107, "dt_walking_dead": 1745.5499999992944, "N_RNAP": 17, "N_Ribo": 7, "N_ATP": 1000, "seed": 87}