{"t_death": 2250.4500000000644, "death_mode": "ribo_collapse", "pnr_type": "ribo_depletion", "t_pnr": 1340.1000000000745, "dt_walking_dead": 910.3499999999899, "N_RNAP": 11, "N_Ribo": 4, "N_ATP": 1000, "seed": 63}