{"t_death": 472.0499999999919, "death_mode": "cycle_collapse", "pnr_type": "rnap_deadlock", "t_pnr": 384.7499999999941, "dt_walking_dead": 87.2999999999978, "N_RNAP": 2, "N_Ribo": 2, "N_ATP": 1000, "seed": 36}