{"t_death": 6737.8499999982505, "death_mode": "ribo_collapse", "pnr_type": "ribo_depletion", "t_pnr": 4910.399999998989, "dt_walking_dead": 1827.4499999992613, "N_RNAP": 41, "N_Ribo": 41, "N_ATP": 1000, "seed": 13}