{"t_death": 4081.0499999993244, "death_mode": "ribo_collapse", "pnr_type": "ribo_depletion", "t_pnr": 3306.1499999996377, "dt_walking_dead": 774.8999999996868, "N_RNAP": 4, "N_Ribo": 4, "N_ATP": 1000, "seed": 42}