{"t_death": 6842.249999998208, "death_mode": "ribo_collapse", "pnr_type": "ribo_depletion", "t_pnr": 6257.699999998445, "dt_walking_dead": 584.5499999997637, "N_RNAP": 64, "N_Ribo": 41, "N_ATP": 1000, "seed": 26}