{"t_death": 4202.549999999275, "death_mode": "cycle_collapse", "pnr_type": "rnap_deadlock", "t_pnr": 4138.199999999301, "dt_walking_dead": 64.34999999997399, "N_RNAP": 7, "N_Ribo": 64, "N_ATP": 1000, "seed": 13}