{"t_death": 2899.349999999802, "death_mode": "cycle_collapse", "pnr_type": "rnap_deadlock", "t_pnr": 2829.5999999998303, "dt_walking_dead": 69.7499999999718, "N_RNAP": 17, "N_Ribo": 11, "N_ATP": 1000, "seed": 93}