{"t_death": 4295.699999999238, "death_mode": "ribo_collapse", "pnr_type": "ribo_depletion", "t_pnr": 2451.1499999999833, "dt_walking_dead": 1844.5499999992544, "N_RNAP": 17, "N_Ribo": 7, "N_ATP": 1000, "seed": 71}