{"t_death": 5224.499999998862, "death_mode": "ribo_collapse", "pnr_type": "ribo_depletion", "t_pnr": 3947.8499999993783, "dt_walking_dead": 1276.649999999484, "N_RNAP": 41, "N_Ribo": 11, "N_ATP": 1000, "seed": 22}