{"t_death": 2035.8000000001448, "death_mode": "ribo_collapse", "pnr_type": "ribo_depletion", "t_pnr": 891.4500000000293, "dt_walking_dead": 1144.3500000001154, "N_RNAP": 7, "N_Ribo": 2, "N_ATP": 1000, "seed": 21}