{"t_death": 1742.8500000001152, "death_mode": "cycle_collapse", "pnr_type": "rnap_deadlock", "t_pnr": 1638.4500000001046, "dt_walking_dead": 104.40000000001055, "N_RNAP": 4, "N_Ribo": 4, "N_ATP": 1000, "seed": 82}