{"t_death": 4033.3499999993437, "death_mode": "cycle_collapse", "pnr_type": "rnap_deadlock", "t_pnr": 4033.3499999993437, "dt_walking_dead": 0.0, "N_RNAP": 64, "N_Ribo": 17, "N_ATP": 1000, "seed": 77}