{"t_death": 2165.8500000000986, "death_mode": "cycle_collapse", "pnr_type": "rnap_deadlock", "t_pnr": 1786.5000000001196, "dt_walking_dead": 379.349999999979, "N_RNAP": 7, "N_Ribo": 27, "N_ATP": 1000, "seed": 78}