{"t_death": 3880.3499999994056, "death_mode": "ribo_collapse", "pnr_type": "ribo_depletion", "t_pnr": 3550.049999999539, "dt_walking_dead": 330.2999999998665, "N_RNAP": 27, "N_Ribo": 11, "N_ATP": 1000, "seed": 96}