{"t_death": 4719.1499999990665, "death_mode": "ribo_collapse", "pnr_type": "ribo_depletion", "t_pnr": 4574.249999999125, "dt_walking_dead": 144.89999999994143, "N_RNAP": 64, "N_Ribo": 27, "N_ATP": 1000, "seed": 45}