{"t_death": 3878.5499999994063, "death_mode": "ribo_collapse", "pnr_type": "ribo_depletion", "t_pnr": 2893.4999999998045, "dt_walking_dead": 985.0499999996018, "N_RNAP": 41, "N_Ribo": 4, "N_ATP": 1000, "seed": 18}