{"t_death": 3763.349999999453, "death_mode": "ribo_collapse", "pnr_type": "ribo_depletion", "t_pnr": 2491.649999999967, "dt_walking_dead": 1271.699999999486, "N_RNAP": 11, "N_Ribo": 17, "N_ATP": 1000, "seed": 15}