{"t_death": 4309.199999999232, "death_mode": "ribo_collapse", "pnr_type": "ribo_depletion", "t_pnr": 1133.5500000000536, "dt_walking_dead": 3175.6499999991784, "N_RNAP": 7, "N_Ribo": 7, "N_ATP": 1000, "seed": 26}