{"t_death": 4937.399999998978, "death_mode": "ribo_collapse", "pnr_type": "ribo_depletion", "t_pnr": 2548.349999999944, "dt_walking_dead": 2389.0499999990343, "N_RNAP": 41, "N_Ribo": 2, "N_ATP": 1000, "seed": 31}