{"t_death": 4250.699999999256, "death_mode": "ribo_collapse", "pnr_type": "ribo_depletion", "t_pnr": 3042.4499999997443, "dt_walking_dead": 1208.2499999995116, "N_RNAP": 41, "N_Ribo": 11, "N_ATP": 1000, "seed": 19}