{"t_death": 4216.9499999992695, "death_mode": "ribo_collapse", "pnr_type": "ribo_depletion", "t_pnr": 2292.3000000000475, "dt_walking_dead": 1924.649999999222, "N_RNAP": 41, "N_Ribo": 11, "N_ATP": 1000, "seed": 61}