{"t_death": 5017.949999998946, "death_mode": "ribo_collapse", "pnr_type": "ribo_depletion", "t_pnr": 4793.849999999036, "dt_walking_dead": 224.09999999990941, "N_RNAP": 11, "N_Ribo": 64, "N_ATP": 1000, "seed": 77}