{"t_death": 2900.6999999998015, "death_mode": "cycle_collapse", "pnr_type": "rnap_deadlock", "t_pnr": 2724.299999999873, "dt_walking_dead": 176.3999999999287, "N_RNAP": 7, "N_Ribo": 64, "N_ATP": 1000, "seed": 25}