{"t_death": 2305.800000000042, "death_mode": "cycle_collapse", "pnr_type": "rnap_deadlock", "t_pnr": 2232.9000000000715, "dt_walking_dead": 72.89999999997053, "N_RNAP": 3, "N_Ribo": 11, "N_ATP": 1000, "seed": 52}