{"t_death": 3443.399999999582, "death_mode": "ribo_collapse", "pnr_type": "ribo_depletion", "t_pnr": 1856.2500000001266, "dt_walking_dead": 1587.1499999994555, "N_RNAP": 17, "N_Ribo": 7, "N_ATP": 1000, "seed": 16}