{"t_death": 5805.899999998627, "death_mode": "ribo_collapse", "pnr_type": "ribo_depletion", "t_pnr": 4666.049999999088, "dt_walking_dead": 1139.8499999995392, "N_RNAP": 17, "N_Ribo": 64, "N_ATP": 1000, "seed": 45}