{"t_death": 2252.2500000000637, "death_mode": "ribo_collapse", "pnr_type": "ribo_depletion", "t_pnr": 2065.500000000139, "dt_walking_dead": 186.7499999999245, "N_RNAP": 17, "N_Ribo": 4, "N_ATP": 1000, "seed": 88}