{"t_death": 3704.8499999994765, "death_mode": "cycle_collapse", "pnr_type": "rnap_deadlock", "t_pnr": 3704.8499999994765, "dt_walking_dead": 0.0, "N_RNAP": 27, "N_Ribo": 100, "N_ATP": 1000, "seed": 76}