{"t_death": 2869.1999999998143, "death_mode": "ribo_collapse", "pnr_type": "ribo_depletion", "t_pnr": 1301.8500000000706, "dt_walking_dead": 1567.3499999997437, "N_RNAP": 11, "N_Ribo": 4, "N_ATP": 1000, "seed": 47}