{"t_death": 6709.499999998262, "death_mode": "ribo_collapse", "pnr_type": "ribo_depletion", "t_pnr": 4060.7999999993326, "dt_walking_dead": 2648.6999999989293, "N_RNAP": 64, "N_Ribo": 11, "N_ATP": 1000, "seed": 75}