{"t_death": 5170.499999998884, "death_mode": "ribo_collapse", "pnr_type": "ribo_depletion", "t_pnr": 1206.000000000061, "dt_walking_dead": 3964.499999998823, "N_RNAP": 41, "N_Ribo": 4, "N_ATP": 1000, "seed": 56}