{"t_death": 2227.5000000000737, "death_mode": "ribo_collapse", "pnr_type": "ribo_depletion", "t_pnr": 810.9000000000211, "dt_walking_dead": 1416.6000000000527, "N_RNAP": 3, "N_Ribo": 3, "N_ATP": 1000, "seed": 71}