{"t_death": 2807.0999999998394, "death_mode": "ribo_collapse", "pnr_type": "ribo_depletion", "t_pnr": 1777.9500000001187, "dt_walking_dead": 1029.1499999997206, "N_RNAP": 64, "N_Ribo": 7, "N_ATP": 1000, "seed": 17}