{"t_death": 7232.84999999805, "death_mode": "ribo_collapse", "pnr_type": "ribo_depletion", "t_pnr": 5332.049999998819, "dt_walking_dead": 1900.7999999992317, "N_RNAP": 17, "N_Ribo": 64, "N_ATP": 1000, "seed": 82}