{"t_death": 6684.749999998272, "death_mode": "ribo_collapse", "pnr_type": "ribo_depletion", "t_pnr": 2887.649999999807, "dt_walking_dead": 3797.099999998465, "N_RNAP": 27, "N_Ribo": 17, "N_ATP": 1000, "seed": 1}