{"t_death": 1490.4000000000897, "death_mode": "cycle_collapse", "pnr_type": "rnap_deadlock", "t_pnr": 1300.9500000000705, "dt_walking_dead": 189.45000000001914, "N_RNAP": 7, "N_Ribo": 11, "N_ATP": 1000, "seed": 22}