{"t_death": 4011.7499999993524, "death_mode": "ribo_collapse", "pnr_type": "ribo_depletion", "t_pnr": 1386.4500000000792, "dt_walking_dead": 2625.2999999992735, "N_RNAP": 17, "N_Ribo": 2, "N_ATP": 1000, "seed": 29}