{"t_death": 7168.499999998076, "death_mode": "ribo_collapse", "pnr_type": "ribo_depletion", "t_pnr": 4068.8999999993293, "dt_walking_dead": 3099.599999998747, "N_RNAP": 100, "N_Ribo": 7, "N_ATP": 1000, "seed": 87}