{"t_death": 5129.549999998901, "death_mode": "ribo_collapse", "pnr_type": "ribo_depletion", "t_pnr": 527.8499999999925, "dt_walking_dead": 4601.699999998908, "N_RNAP": 64, "N_Ribo": 3, "N_ATP": 1000, "seed": 12}