{"t_death": 4472.099999999166, "death_mode": "ribo_collapse", "pnr_type": "ribo_depletion", "t_pnr": 4197.599999999277, "dt_walking_dead": 274.49999999988904, "N_RNAP": 27, "N_Ribo": 11, "N_ATP": 1000, "seed": 14}