{"t_death": 1894.9500000001306, "death_mode": "cycle_collapse", "pnr_type": "rnap_deadlock", "t_pnr": 1777.9500000001187, "dt_walking_dead": 117.00000000001182, "N_RNAP": 17, "N_Ribo": 41, "N_ATP": 1000, "seed": 0}