{"t_death": 5023.3499999989435, "death_mode": "atp_depletion", "pnr_type": "ribo_depletion", "t_pnr": 3056.8499999997384, "dt_walking_dead": 1966.499999999205, "N_RNAP": 100, "N_Ribo": 7, "N_ATP": 1000, "seed": 29}