{"t_death": 4087.349999999322, "death_mode": "ribo_collapse", "pnr_type": "ribo_depletion", "t_pnr": 732.1500000000132, "dt_walking_dead": 3355.1999999993086, "N_RNAP": 17, "N_Ribo": 2, "N_ATP": 1000, "seed": 62}