{"t_death": 1660.5000000001069, "death_mode": "ribo_collapse", "pnr_type": "ribo_depletion", "t_pnr": 1245.150000000065, "dt_walking_dead": 415.350000000042, "N_RNAP": 2, "N_Ribo": 7, "N_ATP": 1000, "seed": 66}