{"t_death": 2746.349999999864, "death_mode": "cycle_collapse", "pnr_type": "rnap_deadlock", "t_pnr": 2532.5999999999503, "dt_walking_dead": 213.7499999999136, "N_RNAP": 11, "N_Ribo": 7, "N_ATP": 1000, "seed": 81}