{"t_death": 4014.4499999993513, "death_mode": "ribo_collapse", "pnr_type": "ribo_depletion", "t_pnr": 784.8000000000185, "dt_walking_dead": 3229.649999999333, "N_RNAP": 64, "N_Ribo": 2, "N_ATP": 1000, "seed": 47}