{"t_death": 2665.7999999998965, "death_mode": "ribo_collapse", "pnr_type": "ribo_depletion", "t_pnr": 1797.7500000001207, "dt_walking_dead": 868.0499999997758, "N_RNAP": 4, "N_Ribo": 11, "N_ATP": 1000, "seed": 26}