{"t_death": 9548.099999999855, "death_mode": "ribo_collapse", "pnr_type": "ribo_depletion", "t_pnr": 657.4500000000056, "dt_walking_dead": 8890.649999999849, "N_RNAP": 17, "N_Ribo": 3, "N_ATP": 1000, "seed": 2}