{"t_death": 3333.5999999996266, "death_mode": "ribo_collapse", "pnr_type": "ribo_depletion", "t_pnr": 813.6000000000214, "dt_walking_dead": 2519.9999999996053, "N_RNAP": 64, "N_Ribo": 3, "N_ATP": 1000, "seed": 69}