{"t_death": 3923.549999999388, "death_mode": "ribo_collapse", "pnr_type": "ribo_depletion", "t_pnr": 3054.1499999997395, "dt_walking_dead": 869.3999999996486, "N_RNAP": 41, "N_Ribo": 7, "N_ATP": 1000, "seed": 28}