{"t_death": 4684.4999999990805, "death_mode": "ribo_collapse", "pnr_type": "ribo_depletion", "t_pnr": 3383.5499999996064, "dt_walking_dead": 1300.9499999994741, "N_RNAP": 100, "N_Ribo": 3, "N_ATP": 1000, "seed": 89}