{"t_death": 6028.199999998537, "death_mode": "ribo_collapse", "pnr_type": "ribo_depletion", "t_pnr": 1291.0500000000695, "dt_walking_dead": 4737.149999998468, "N_RNAP": 64, "N_Ribo": 4, "N_ATP": 1000, "seed": 52}