{"t_death": 5854.949999998607, "death_mode": "ribo_collapse", "pnr_type": "ribo_depletion", "t_pnr": 4981.49999999896, "dt_walking_dead": 873.4499999996469, "N_RNAP": 41, "N_Ribo": 41, "N_ATP": 1000, "seed": 55}