{"t_death": 3131.0999999997084, "death_mode": "ribo_collapse", "pnr_type": "ribo_depletion", "t_pnr": 2628.4499999999116, "dt_walking_dead": 502.6499999997968, "N_RNAP": 64, "N_Ribo": 11, "N_ATP": 1000, "seed": 78}