{"t_death": 3241.349999999664, "death_mode": "ribo_collapse", "pnr_type": "ribo_depletion", "t_pnr": 570.5999999999968, "dt_walking_dead": 2670.749999999667, "N_RNAP": 41, "N_Ribo": 4, "N_ATP": 1000, "seed": 26}