{"t_death": 3000.1499999997613, "death_mode": "ribo_collapse", "pnr_type": "ribo_depletion", "t_pnr": 2626.6499999999123, "dt_walking_dead": 373.499999999849, "N_RNAP": 41, "N_Ribo": 7, "N_ATP": 1000, "seed": 29}