{"t_death": 2695.0499999998847, "death_mode": "ribo_collapse", "pnr_type": "ribo_depletion", "t_pnr": 630.4500000000029, "dt_walking_dead": 2064.5999999998817, "N_RNAP": 11, "N_Ribo": 2, "N_ATP": 1000, "seed": 72}