{"t_death": 6827.849999998214, "death_mode": "ribo_collapse", "pnr_type": "ribo_depletion", "t_pnr": 5792.399999998633, "dt_walking_dead": 1035.4499999995815, "N_RNAP": 64, "N_Ribo": 41, "N_ATP": 1000, "seed": 61}