{"t_death": 2866.4999999998154, "death_mode": "ribo_collapse", "pnr_type": "ribo_depletion", "t_pnr": 1717.6500000001126, "dt_walking_dead": 1148.8499999997027, "N_RNAP": 3, "N_Ribo": 11, "N_ATP": 1000, "seed": 63}