{"t_death": 4554.449999999133, "death_mode": "ribo_collapse", "pnr_type": "ribo_depletion", "t_pnr": 1516.5000000000923, "dt_walking_dead": 3037.9499999990408, "N_RNAP": 17, "N_Ribo": 7, "N_ATP": 1000, "seed": 15}