{"t_death": 1512.0000000000919, "death_mode": "cycle_collapse", "pnr_type": "rnap_deadlock", "t_pnr": 1399.9500000000805, "dt_walking_dead": 112.05000000001132, "N_RNAP": 2, "N_Ribo": 3, "N_ATP": 1000, "seed": 93}