{"t_death": 4436.549999999181, "death_mode": "ribo_collapse", "pnr_type": "ribo_depletion", "t_pnr": 1944.0000000001355, "dt_walking_dead": 2492.549999999045, "N_RNAP": 7, "N_Ribo": 7, "N_ATP": 1000, "seed": 57}