{"t_death": 4366.349999999209, "death_mode": "ribo_collapse", "pnr_type": "ribo_depletion", "t_pnr": 2977.6499999997704, "dt_walking_dead": 1388.6999999994387, "N_RNAP": 27, "N_Ribo": 17, "N_ATP": 1000, "seed": 36}