{"t_death": 3951.8999999993766, "death_mode": "ribo_collapse", "pnr_type": "ribo_depletion", "t_pnr": 3904.6499999993957, "dt_walking_dead": 47.2499999999809, "N_RNAP": 27, "N_Ribo": 7, "N_ATP": 1000, "seed": 61}