{"t_death": 439.6499999999927, "death_mode": "cycle_collapse", "pnr_type": "rnap_deadlock", "t_pnr": 431.9999999999929, "dt_walking_dead": 7.649999999999807, "N_RNAP": 3, "N_Ribo": 64, "N_ATP": 1000, "seed": 21}