{"t_death": 3919.9499999993895, "death_mode": "cycle_collapse", "pnr_type": "rnap_deadlock", "t_pnr": 3613.4999999995134, "dt_walking_dead": 306.4499999998761, "N_RNAP": 27, "N_Ribo": 11, "N_ATP": 1000, "seed": 59}