{"t_death": 4864.949999999008, "death_mode": "ribo_collapse", "pnr_type": "ribo_depletion", "t_pnr": 2835.449999999828, "dt_walking_dead": 2029.4999999991796, "N_RNAP": 64, "N_Ribo": 7, "N_ATP": 1000, "seed": 63}