{"t_death": 4812.299999999029, "death_mode": "ribo_collapse", "pnr_type": "ribo_depletion", "t_pnr": 1338.7500000000744, "dt_walking_dead": 3473.5499999989543, "N_RNAP": 17, "N_Ribo": 2, "N_ATP": 1000, "seed": 67}