{"t_death": 3358.7999999996164, "death_mode": "ribo_collapse", "pnr_type": "ribo_depletion", "t_pnr": 2170.3500000000968, "dt_walking_dead": 1188.4499999995196, "N_RNAP": 7, "N_Ribo": 4, "N_ATP": 1000, "seed": 55}