{"t_death": 2243.2500000000673, "death_mode": "ribo_collapse", "pnr_type": "ribo_depletion", "t_pnr": 1944.9000000001356, "dt_walking_dead": 298.3499999999317, "N_RNAP": 7, "N_Ribo": 3, "N_ATP": 1000, "seed": 92}