{"t_death": 3334.499999999626, "death_mode": "ribo_collapse", "pnr_type": "ribo_depletion", "t_pnr": 3022.6499999997523, "dt_walking_dead": 311.84999999987394, "N_RNAP": 64, "N_Ribo": 3, "N_ATP": 1000, "seed": 90}