{"t_death": 4504.049999999153, "death_mode": "cycle_collapse", "pnr_type": "rnap_deadlock", "t_pnr": 4500.449999999155, "dt_walking_dead": 3.599999999998545, "N_RNAP": 41, "N_Ribo": 100, "N_ATP": 1000, "seed": 99}