{"t_death": 1379.2500000000784, "death_mode": "cycle_collapse", "pnr_type": "rnap_deadlock", "t_pnr": 1323.0000000000728, "dt_walking_dead": 56.250000000005684, "N_RNAP": 2, "N_Ribo": 7, "N_ATP": 1000, "seed": 40}