{"t_death": 3575.6999999995287, "death_mode": "ribo_collapse", "pnr_type": "ribo_depletion", "t_pnr": 1774.8000000001184, "dt_walking_dead": 1800.8999999994103, "N_RNAP": 41, "N_Ribo": 2, "N_ATP": 1000, "seed": 99}