{"t_death": 3317.399999999633, "death_mode": "ribo_collapse", "pnr_type": "ribo_depletion", "t_pnr": 2497.4999999999645, "dt_walking_dead": 819.8999999996686, "N_RNAP": 41, "N_Ribo": 4, "N_ATP": 1000, "seed": 34}