{"t_death": 5968.799999998561, "death_mode": "ribo_collapse", "pnr_type": "ribo_depletion", "t_pnr": 1871.1000000001281, "dt_walking_dead": 4097.699999998433, "N_RNAP": 41, "N_Ribo": 2, "N_ATP": 1000, "seed": 80}