{"t_death": 3560.8499999995347, "death_mode": "ribo_collapse", "pnr_type": "ribo_depletion", "t_pnr": 3131.999999999708, "dt_walking_dead": 428.84999999982665, "N_RNAP": 3, "N_Ribo": 4, "N_ATP": 1000, "seed": 46}