{"t_death": 2009.7000000001422, "death_mode": "ribo_collapse", "pnr_type": "ribo_depletion", "t_pnr": 1076.4000000000478, "dt_walking_dead": 933.3000000000943, "N_RNAP": 11, "N_Ribo": 7, "N_ATP": 1000, "seed": 57}