{"t_death": 1292.8500000000697, "death_mode": "ribo_collapse", "pnr_type": "ribo_depletion", "t_pnr": 647.1000000000046, "dt_walking_dead": 645.7500000000651, "N_RNAP": 2, "N_Ribo": 3, "N_ATP": 1000, "seed": 26}