{"t_death": 3538.7999999995436, "death_mode": "ribo_collapse", "pnr_type": "ribo_depletion", "t_pnr": 2429.549999999992, "dt_walking_dead": 1109.2499999995516, "N_RNAP": 11, "N_Ribo": 41, "N_ATP": 1000, "seed": 60}