{"t_death": 1593.4500000001, "death_mode": "ribo_collapse", "pnr_type": "ribo_depletion", "t_pnr": 1449.4500000000855, "dt_walking_dead": 144.00000000001455, "N_RNAP": 7, "N_Ribo": 4, "N_ATP": 1000, "seed": 92}