{"t_death": 3730.0499999994663, "death_mode": "cycle_collapse", "pnr_type": "rnap_deadlock", "t_pnr": 3730.0499999994663, "dt_walking_dead": 0.0, "N_RNAP": 17, "N_Ribo": 41, "N_ATP": 1000, "seed": 41}