{"t_death": 7879.949999997789, "death_mode": "ribo_collapse", "pnr_type": "ribo_depletion", "t_pnr": 4851.899999999013, "dt_walking_dead": 3028.049999998776, "N_RNAP": 27, "N_Ribo": 64, "N_ATP": 1000, "seed": 7}