{"t_death": 3609.449999999515, "death_mode": "ribo_collapse", "pnr_type": "ribo_depletion", "t_pnr": 2021.4000000001433, "dt_walking_dead": 1588.0499999993717, "N_RNAP": 100, "N_Ribo": 7, "N_ATP": 1000, "seed": 82}