{"t_death": 5440.049999998775, "death_mode": "ribo_collapse", "pnr_type": "ribo_depletion", "t_pnr": 2920.4999999997935, "dt_walking_dead": 2519.5499999989815, "N_RNAP": 64, "N_Ribo": 17, "N_ATP": 1000, "seed": 73}