{"t_death": 4058.5499999993335, "death_mode": "ribo_collapse", "pnr_type": "ribo_depletion", "t_pnr": 2425.4999999999936, "dt_walking_dead": 1633.04999999934, "N_RNAP": 27, "N_Ribo": 2, "N_ATP": 1000, "seed": 58}