{"t_death": 3749.3999999994585, "death_mode": "ribo_collapse", "pnr_type": "ribo_depletion", "t_pnr": 2390.400000000008, "dt_walking_dead": 1358.9999999994507, "N_RNAP": 7, "N_Ribo": 41, "N_ATP": 1000, "seed": 7}