{"t_death": 6276.149999998437, "death_mode": "ribo_collapse", "pnr_type": "ribo_depletion", "t_pnr": 4344.299999999218, "dt_walking_dead": 1931.849999999219, "N_RNAP": 27, "N_Ribo": 17, "N_ATP": 1000, "seed": 97}