{"t_death": 2918.2499999997945, "death_mode": "ribo_collapse", "pnr_type": "ribo_depletion", "t_pnr": 1449.4500000000855, "dt_walking_dead": 1468.799999999709, "N_RNAP": 11, "N_Ribo": 7, "N_ATP": 1000, "seed": 63}