{"t_death": 2168.5500000000975, "death_mode": "cycle_collapse", "pnr_type": "rnap_deadlock", "t_pnr": 1958.850000000137, "dt_walking_dead": 209.69999999996048, "N_RNAP": 7, "N_Ribo": 41, "N_ATP": 1000, "seed": 20}