{"t_death": 2604.5999999999212, "death_mode": "ribo_collapse", "pnr_type": "ribo_depletion", "t_pnr": 447.7499999999925, "dt_walking_dead": 2156.8499999999285, "N_RNAP": 4, "N_Ribo": 3, "N_ATP": 1000, "seed": 27}