{"t_death": 803.7000000000204, "death_mode": "ribo_collapse", "pnr_type": "ribo_depletion", "t_pnr": 775.8000000000176, "dt_walking_dead": 27.90000000000282, "N_RNAP": 2, "N_Ribo": 2, "N_ATP": 1000, "seed": 70}