{"t_death": 3239.5499999996646, "death_mode": "ribo_collapse", "pnr_type": "ribo_depletion", "t_pnr": 3184.6499999996868, "dt_walking_dead": 54.89999999997781, "N_RNAP": 11, "N_Ribo": 11, "N_ATP": 1000, "seed": 94}