{"t_death": 4976.549999998962, "death_mode": "cycle_collapse", "pnr_type": "rnap_deadlock", "t_pnr": 4926.149999998983, "dt_walking_dead": 50.39999999997963, "N_RNAP": 64, "N_Ribo": 11, "N_ATP": 1000, "seed": 69}