{"t_death": 3201.74999999968, "death_mode": "ribo_collapse", "pnr_type": "ribo_depletion", "t_pnr": 1022.4000000000425, "dt_walking_dead": 2179.3499999996375, "N_RNAP": 27, "N_Ribo": 7, "N_ATP": 1000, "seed": 13}