{"t_death": 5756.849999998647, "death_mode": "ribo_collapse", "pnr_type": "ribo_depletion", "t_pnr": 4958.9999999989695, "dt_walking_dead": 797.8499999996775, "N_RNAP": 41, "N_Ribo": 100, "N_ATP": 1000, "seed": 33}