{"t_death": 5351.399999998811, "death_mode": "ribo_collapse", "pnr_type": "ribo_depletion", "t_pnr": 2546.9999999999445, "dt_walking_dead": 2804.3999999988664, "N_RNAP": 64, "N_Ribo": 3, "N_ATP": 1000, "seed": 9}