{"t_death": 1639.3500000001047, "death_mode": "ribo_collapse", "pnr_type": "ribo_depletion", "t_pnr": 1621.350000000103, "dt_walking_dead": 18.00000000000182, "N_RNAP": 2, "N_Ribo": 4, "N_ATP": 1000, "seed": 40}