{"t_death": 4270.499999999248, "death_mode": "ribo_collapse", "pnr_type": "ribo_depletion", "t_pnr": 1967.4000000001379, "dt_walking_dead": 2303.09999999911, "N_RNAP": 41, "N_Ribo": 4, "N_ATP": 1000, "seed": 78}