{"t_death": 3330.8999999996277, "death_mode": "ribo_collapse", "pnr_type": "ribo_depletion", "t_pnr": 1158.7500000000562, "dt_walking_dead": 2172.1499999995713, "N_RNAP": 2, "N_Ribo": 2, "N_ATP": 1000, "seed": 96}