{"t_death": 5121.449999998904, "death_mode": "ribo_collapse", "pnr_type": "ribo_depletion", "t_pnr": 4634.9999999991005, "dt_walking_dead": 486.44999999980337, "N_RNAP": 64, "N_Ribo": 11, "N_ATP": 1000, "seed": 12}