{"t_death": 2143.3500000001077, "death_mode": "ribo_collapse", "pnr_type": "ribo_depletion", "t_pnr": 2105.100000000123, "dt_walking_dead": 38.24999999998454, "N_RNAP": 3, "N_Ribo": 27, "N_ATP": 1000, "seed": 3}