{"t_death": 4556.699999999132, "death_mode": "ribo_collapse", "pnr_type": "ribo_depletion", "t_pnr": 2997.8999999997623, "dt_walking_dead": 1558.79999999937, "N_RNAP": 100, "N_Ribo": 17, "N_ATP": 1000, "seed": 59}