{"t_death": 2155.9500000001026, "death_mode": "cycle_collapse", "pnr_type": "rnap_deadlock", "t_pnr": 2072.2500000001364, "dt_walking_dead": 83.69999999996617, "N_RNAP": 7, "N_Ribo": 7, "N_ATP": 1000, "seed": 80}