{"t_death": 3267.899999999653, "death_mode": "ribo_collapse", "pnr_type": "ribo_depletion", "t_pnr": 622.8000000000021, "dt_walking_dead": 2645.099999999651, "N_RNAP": 11, "N_Ribo": 2, "N_ATP": 1000, "seed": 91}