{"t_death": 1368.9000000000774, "death_mode": "ribo_collapse", "pnr_type": "ribo_depletion", "t_pnr": 1313.1000000000718, "dt_walking_dead": 55.80000000000564, "N_RNAP": 4, "N_Ribo": 2, "N_ATP": 1000, "seed": 13}