{"t_death": 3896.999999999399, "death_mode": "ribo_collapse", "pnr_type": "ribo_depletion", "t_pnr": 2915.5499999997955, "dt_walking_dead": 981.4499999996033, "N_RNAP": 100, "N_Ribo": 4, "N_ATP": 1000, "seed": 89}