{"t_death": 3700.3499999994783, "death_mode": "ribo_collapse", "pnr_type": "ribo_depletion", "t_pnr": 1143.4500000000546, "dt_walking_dead": 2556.899999999424, "N_RNAP": 11, "N_Ribo": 3, "N_ATP": 1000, "seed": 55}