{"t_death": 3187.7999999996855, "death_mode": "cycle_collapse", "pnr_type": "rnap_deadlock", "t_pnr": 3063.5999999997357, "dt_walking_dead": 124.1999999999498, "N_RNAP": 7, "N_Ribo": 100, "N_ATP": 1000, "seed": 17}