{"t_death": 3278.6999999996488, "death_mode": "ribo_collapse", "pnr_type": "ribo_depletion", "t_pnr": 3151.7999999997, "dt_walking_dead": 126.8999999999487, "N_RNAP": 2, "N_Ribo": 41, "N_ATP": 1000, "seed": 12}