{"t_death": 4665.149999999088, "death_mode": "ribo_collapse", "pnr_type": "ribo_depletion", "t_pnr": 2517.7499999999563, "dt_walking_dead": 2147.399999999132, "N_RNAP": 17, "N_Ribo": 27, "N_ATP": 1000, "seed": 38}