{"t_death": 4552.649999999134, "death_mode": "ribo_collapse", "pnr_type": "ribo_depletion", "t_pnr": 2299.0500000000447, "dt_walking_dead": 2253.599999999089, "N_RNAP": 100, "N_Ribo": 2, "N_ATP": 1000, "seed": 40}