{"t_death": 2058.300000000142, "death_mode": "ribo_collapse", "pnr_type": "ribo_depletion", "t_pnr": 849.150000000025, "dt_walking_dead": 1209.150000000117, "N_RNAP": 4, "N_Ribo": 4, "N_ATP": 1000, "seed": 73}