{"t_death": 3400.6499999995995, "death_mode": "ribo_collapse", "pnr_type": "ribo_depletion", "t_pnr": 1575.0000000000982, "dt_walking_dead": 1825.6499999995012, "N_RNAP": 27, "N_Ribo": 7, "N_ATP": 1000, "seed": 24}