{"t_death": 1600.6500000001008, "death_mode": "ribo_collapse", "pnr_type": "ribo_depletion", "t_pnr": 669.6000000000068, "dt_walking_dead": 931.050000000094, "N_RNAP": 2, "N_Ribo": 2, "N_ATP": 1000, "seed": 33}