{"t_death": 4347.449999999217, "death_mode": "ribo_collapse", "pnr_type": "ribo_depletion", "t_pnr": 3742.1999999994614, "dt_walking_dead": 605.2499999997553, "N_RNAP": 100, "N_Ribo": 2, "N_ATP": 1000, "seed": 7}