{"t_death": 6360.299999998403, "death_mode": "ribo_collapse", "pnr_type": "ribo_depletion", "t_pnr": 2586.5999999999285, "dt_walking_dead": 3773.6999999984746, "N_RNAP": 3, "N_Ribo": 17, "N_ATP": 1000, "seed": 89}