{"t_death": 1633.9500000001042, "death_mode": "cycle_collapse", "pnr_type": "rnap_deadlock", "t_pnr": 1588.9500000000996, "dt_walking_dead": 45.00000000000455, "N_RNAP": 4, "N_Ribo": 4, "N_ATP": 1000, "seed": 91}