{"t_death": 5997.14999999855, "death_mode": "ribo_collapse", "pnr_type": "ribo_depletion", "t_pnr": 1089.000000000049, "dt_walking_dead": 4908.149999998501, "N_RNAP": 41, "N_Ribo": 3, "N_ATP": 1000, "seed": 77}