{"t_death": 4430.249999999183, "death_mode": "atp_depletion", "pnr_type": "ribo_depletion", "t_pnr": 3937.9499999993823, "dt_walking_dead": 492.299999999801, "N_RNAP": 64, "N_Ribo": 64, "N_ATP": 1000, "seed": 77}