{"t_death": 6065.999999998522, "death_mode": "ribo_collapse", "pnr_type": "ribo_depletion", "t_pnr": 5878.799999998598, "dt_walking_dead": 187.19999999992433, "N_RNAP": 27, "N_Ribo": 64, "N_ATP": 1000, "seed": 28}