{"t_death": 3477.5999999995684, "death_mode": "ribo_collapse", "pnr_type": "ribo_depletion", "t_pnr": 1046.7000000000448, "dt_walking_dead": 2430.8999999995235, "N_RNAP": 64, "N_Ribo": 3, "N_ATP": 1000, "seed": 52}