{"t_death": 3155.8499999996984, "death_mode": "ribo_collapse", "pnr_type": "ribo_depletion", "t_pnr": 1888.2000000001299, "dt_walking_dead": 1267.6499999995685, "N_RNAP": 64, "N_Ribo": 2, "N_ATP": 1000, "seed": 87}