{"t_death": 4775.849999999044, "death_mode": "ribo_collapse", "pnr_type": "ribo_depletion", "t_pnr": 366.29999999999455, "dt_walking_dead": 4409.549999999049, "N_RNAP": 100, "N_Ribo": 2, "N_ATP": 1000, "seed": 22}