{"t_death": 5259.599999998848, "death_mode": "ribo_collapse", "pnr_type": "ribo_depletion", "t_pnr": 3500.549999999559, "dt_walking_dead": 1759.049999999289, "N_RNAP": 11, "N_Ribo": 41, "N_ATP": 1000, "seed": 44}