{"t_death": 4989.599999998957, "death_mode": "ribo_collapse", "pnr_type": "ribo_depletion", "t_pnr": 4797.899999999035, "dt_walking_dead": 191.6999999999225, "N_RNAP": 41, "N_Ribo": 64, "N_ATP": 1000, "seed": 81}