{"t_death": 4573.799999999125, "death_mode": "ribo_collapse", "pnr_type": "ribo_depletion", "t_pnr": 2475.4499999999734, "dt_walking_dead": 2098.349999999152, "N_RNAP": 27, "N_Ribo": 2, "N_ATP": 1000, "seed": 41}