{"t_death": 4598.099999999115, "death_mode": "ribo_collapse", "pnr_type": "ribo_depletion", "t_pnr": 3170.2499999996926, "dt_walking_dead": 1427.8499999994228, "N_RNAP": 100, "N_Ribo": 17, "N_ATP": 1000, "seed": 63}