{"t_death": 3622.49999999951, "death_mode": "ribo_collapse", "pnr_type": "ribo_depletion", "t_pnr": 3298.4999999996407, "dt_walking_dead": 323.99999999986903, "N_RNAP": 4, "N_Ribo": 17, "N_ATP": 1000, "seed": 62}