{"t_death": 2952.4499999997806, "death_mode": "ribo_collapse", "pnr_type": "ribo_depletion", "t_pnr": 2496.599999999965, "dt_walking_dead": 455.84999999981574, "N_RNAP": 17, "N_Ribo": 7, "N_ATP": 1000, "seed": 86}