{"t_death": 3140.5499999997046, "death_mode": "ribo_collapse", "pnr_type": "ribo_depletion", "t_pnr": 2735.999999999868, "dt_walking_dead": 404.5499999998365, "N_RNAP": 64, "N_Ribo": 17, "N_ATP": 1000, "seed": 79}