{"t_death": 1988.10000000014, "death_mode": "cycle_collapse", "pnr_type": "rnap_deadlock", "t_pnr": 1981.3500000001393, "dt_walking_dead": 6.750000000000682, "N_RNAP": 11, "N_Ribo": 11, "N_ATP": 1000, "seed": 19}