{"t_death": 1602.000000000101, "death_mode": "cycle_collapse", "pnr_type": "rnap_deadlock", "t_pnr": 1357.2000000000762, "dt_walking_dead": 244.80000000002474, "N_RNAP": 2, "N_Ribo": 100, "N_ATP": 1000, "seed": 25}