{"t_death": 3455.5499999995773, "death_mode": "ribo_collapse", "pnr_type": "ribo_depletion", "t_pnr": 1141.2000000000544, "dt_walking_dead": 2314.349999999523, "N_RNAP": 7, "N_Ribo": 4, "N_ATP": 1000, "seed": 68}