{"t_death": 7085.69999999811, "death_mode": "ribo_collapse", "pnr_type": "ribo_depletion", "t_pnr": 197.54999999999882, "dt_walking_dead": 6888.1499999981115, "N_RNAP": 7, "N_Ribo": 2, "N_ATP": 1000, "seed": 43}