{"t_death": 1642.950000000105, "death_mode": "ribo_collapse", "pnr_type": "ribo_depletion", "t_pnr": 618.7500000000017, "dt_walking_dead": 1024.2000000001035, "N_RNAP": 17, "N_Ribo": 2, "N_ATP": 1000, "seed": 65}