{"t_death": 3163.0499999996955, "death_mode": "cycle_collapse", "pnr_type": "rnap_deadlock", "t_pnr": 3080.249999999729, "dt_walking_dead": 82.79999999996653, "N_RNAP": 7, "N_Ribo": 27, "N_ATP": 1000, "seed": 69}