{"t_death": 3525.299999999549, "death_mode": "ribo_collapse", "pnr_type": "ribo_depletion", "t_pnr": 2750.849999999862, "dt_walking_dead": 774.449999999687, "N_RNAP": 27, "N_Ribo": 11, "N_ATP": 1000, "seed": 16}