{"t_death": 625.5000000000024, "death_mode": "ribo_collapse", "pnr_type": "ribo_depletion", "t_pnr": 534.5999999999932, "dt_walking_dead": 90.90000000000919, "N_RNAP": 2, "N_Ribo": 2, "N_ATP": 1000, "seed": 59}