{"t_death": 3773.6999999994487, "death_mode": "ribo_collapse", "pnr_type": "ribo_depletion", "t_pnr": 2774.6999999998525, "dt_walking_dead": 998.9999999995962, "N_RNAP": 4, "N_Ribo": 11, "N_ATP": 1000, "seed": 94}