{"t_death": 3136.949999999706, "death_mode": "cycle_collapse", "pnr_type": "rnap_deadlock", "t_pnr": 3112.649999999716, "dt_walking_dead": 24.299999999990177, "N_RNAP": 4, "N_Ribo": 41, "N_ATP": 1000, "seed": 28}