{"t_death": 935.5500000000337, "death_mode": "cycle_collapse", "pnr_type": "rnap_deadlock", "t_pnr": 931.5000000000333, "dt_walking_dead": 4.050000000000409, "N_RNAP": 7, "N_Ribo": 2, "N_ATP": 1000, "seed": 87}