{"t_death": 6031.349999998536, "death_mode": "ribo_collapse", "pnr_type": "ribo_depletion", "t_pnr": 5195.249999998874, "dt_walking_dead": 836.099999999662, "N_RNAP": 100, "N_Ribo": 7, "N_ATP": 1000, "seed": 63}