{"t_death": 3509.9999999995553, "death_mode": "cycle_collapse", "pnr_type": "rnap_deadlock", "t_pnr": 3509.9999999995553, "dt_walking_dead": 0.0, "N_RNAP": 27, "N_Ribo": 64, "N_ATP": 1000, "seed": 10}