{"t_death": 3254.8499999996584, "death_mode": "ribo_collapse", "pnr_type": "ribo_depletion", "t_pnr": 2446.649999999985, "dt_walking_dead": 808.1999999996733, "N_RNAP": 41, "N_Ribo": 3, "N_ATP": 1000, "seed": 16}