{"t_death": 5994.449999998551, "death_mode": "ribo_collapse", "pnr_type": "ribo_depletion", "t_pnr": 1521.9000000000929, "dt_walking_dead": 4472.549999998459, "N_RNAP": 64, "N_Ribo": 2, "N_ATP": 1000, "seed": 75}