{"t_death": 7008.749999998141, "death_mode": "ribo_collapse", "pnr_type": "ribo_depletion", "t_pnr": 3333.5999999996266, "dt_walking_dead": 3675.1499999985144, "N_RNAP": 64, "N_Ribo": 17, "N_ATP": 1000, "seed": 7}