{"t_death": 781.2000000000181, "death_mode": "cycle_collapse", "pnr_type": "rnap_deadlock", "t_pnr": 598.4999999999997, "dt_walking_dead": 182.70000000001846, "N_RNAP": 2, "N_Ribo": 64, "N_ATP": 1000, "seed": 41}