{"t_death": 5964.749999998563, "death_mode": "ribo_collapse", "pnr_type": "ribo_depletion", "t_pnr": 3201.29999999968, "dt_walking_dead": 2763.449999998883, "N_RNAP": 4, "N_Ribo": 2, "N_ATP": 1000, "seed": 97}