{"t_death": 3574.3499999995292, "death_mode": "ribo_collapse", "pnr_type": "ribo_depletion", "t_pnr": 1030.9500000000432, "dt_walking_dead": 2543.3999999994858, "N_RNAP": 64, "N_Ribo": 3, "N_ATP": 1000, "seed": 49}