{"t_death": 2684.699999999889, "death_mode": "cycle_collapse", "pnr_type": "rnap_deadlock", "t_pnr": 2447.099999999985, "dt_walking_dead": 237.59999999990396, "N_RNAP": 4, "N_Ribo": 17, "N_ATP": 1000, "seed": 3}