{"t_death": 4003.199999999356, "death_mode": "ribo_collapse", "pnr_type": "ribo_depletion", "t_pnr": 126.45000000000056, "dt_walking_dead": 3876.749999999355, "N_RNAP": 64, "N_Ribo": 2, "N_ATP": 1000, "seed": 43}