{"t_death": 2137.0500000001102, "death_mode": "ribo_collapse", "pnr_type": "ribo_depletion", "t_pnr": 415.3499999999933, "dt_walking_dead": 1721.700000000117, "N_RNAP": 17, "N_Ribo": 2, "N_ATP": 1000, "seed": 23}