{"t_death": 4323.599999999226, "death_mode": "ribo_collapse", "pnr_type": "ribo_depletion", "t_pnr": 1432.3500000000838, "dt_walking_dead": 2891.2499999991423, "N_RNAP": 64, "N_Ribo": 2, "N_ATP": 1000, "seed": 50}