{"t_death": 4786.649999999039, "death_mode": "ribo_collapse", "pnr_type": "ribo_depletion", "t_pnr": 4464.899999999169, "dt_walking_dead": 321.74999999986994, "N_RNAP": 41, "N_Ribo": 3, "N_ATP": 1000, "seed": 50}