{"t_death": 4675.499999999084, "death_mode": "ribo_collapse", "pnr_type": "ribo_depletion", "t_pnr": 4005.899999999355, "dt_walking_dead": 669.5999999997293, "N_RNAP": 64, "N_Ribo": 41, "N_ATP": 1000, "seed": 56}