{"t_death": 5723.099999998661, "death_mode": "ribo_collapse", "pnr_type": "ribo_depletion", "t_pnr": 310.49999999999596, "dt_walking_dead": 5412.599999998664, "N_RNAP": 100, "N_Ribo": 2, "N_ATP": 1000, "seed": 87}