{"t_death": 3311.0999999996357, "death_mode": "ribo_collapse", "pnr_type": "ribo_depletion", "t_pnr": 2839.0499999998265, "dt_walking_dead": 472.0499999998092, "N_RNAP": 17, "N_Ribo": 41, "N_ATP": 1000, "seed": 25}