{"t_death": 2891.2499999998054, "death_mode": "cycle_collapse", "pnr_type": "rnap_deadlock", "t_pnr": 2815.649999999836, "dt_walking_dead": 75.59999999996944, "N_RNAP": 11, "N_Ribo": 100, "N_ATP": 1000, "seed": 70}