{"t_death": 5170.499999998884, "death_mode": "ribo_collapse", "pnr_type": "ribo_depletion", "t_pnr": 4264.19999999925, "dt_walking_dead": 906.2999999996337, "N_RNAP": 41, "N_Ribo": 27, "N_ATP": 1000, "seed": 11}