{"t_death": 3314.699999999634, "death_mode": "cycle_collapse", "pnr_type": "rnap_deadlock", "t_pnr": 3241.7999999996637, "dt_walking_dead": 72.89999999997053, "N_RNAP": 17, "N_Ribo": 27, "N_ATP": 1000, "seed": 55}