{"t_death": 7343.099999998006, "death_mode": "ribo_collapse", "pnr_type": "ribo_depletion", "t_pnr": 5330.2499999988195, "dt_walking_dead": 2012.8499999991864, "N_RNAP": 64, "N_Ribo": 11, "N_ATP": 1000, "seed": 60}