{"t_death": 5962.949999998564, "death_mode": "ribo_collapse", "pnr_type": "ribo_depletion", "t_pnr": 3541.4999999995425, "dt_walking_dead": 2421.449999999021, "N_RNAP": 41, "N_Ribo": 11, "N_ATP": 1000, "seed": 0}