{"t_death": 6340.949999998411, "death_mode": "ribo_collapse", "pnr_type": "ribo_depletion", "t_pnr": 567.8999999999966, "dt_walking_dead": 5773.049999998414, "N_RNAP": 41, "N_Ribo": 2, "N_ATP": 1000, "seed": 82}