{"t_death": 737.1000000000137, "death_mode": "ribo_collapse", "pnr_type": "ribo_depletion", "t_pnr": 485.99999999999153, "dt_walking_dead": 251.10000000002213, "N_RNAP": 4, "N_Ribo": 4, "N_ATP": 1000, "seed": 96}