{"t_death": 7169.399999998076, "death_mode": "ribo_collapse", "pnr_type": "ribo_depletion", "t_pnr": 6232.949999998455, "dt_walking_dead": 936.4499999996215, "N_RNAP": 64, "N_Ribo": 64, "N_ATP": 1000, "seed": 82}