{"t_death": 3338.0999999996247, "death_mode": "ribo_collapse", "pnr_type": "ribo_depletion", "t_pnr": 1761.750000000117, "dt_walking_dead": 1576.3499999995076, "N_RNAP": 64, "N_Ribo": 2, "N_ATP": 1000, "seed": 34}