{"t_death": 4000.049999999357, "death_mode": "ribo_collapse", "pnr_type": "ribo_depletion", "t_pnr": 1556.1000000000963, "dt_walking_dead": 2443.949999999261, "N_RNAP": 41, "N_Ribo": 4, "N_ATP": 1000, "seed": 98}