{"t_death": 4546.349999999136, "death_mode": "ribo_collapse", "pnr_type": "ribo_depletion", "t_pnr": 4454.549999999173, "dt_walking_dead": 91.79999999996289, "N_RNAP": 4, "N_Ribo": 64, "N_ATP": 1000, "seed": 1}