{"t_death": 4643.549999999097, "death_mode": "ribo_collapse", "pnr_type": "ribo_depletion", "t_pnr": 4446.8999999991765, "dt_walking_dead": 196.6499999999205, "N_RNAP": 100, "N_Ribo": 4, "N_ATP": 1000, "seed": 94}