{"t_death": 4449.149999999176, "death_mode": "ribo_collapse", "pnr_type": "ribo_depletion", "t_pnr": 702.4500000000102, "dt_walking_dead": 3746.6999999991654, "N_RNAP": 64, "N_Ribo": 4, "N_ATP": 1000, "seed": 15}