{"t_death": 3268.349999999653, "death_mode": "ribo_collapse", "pnr_type": "ribo_depletion", "t_pnr": 2457.8999999999805, "dt_walking_dead": 810.4499999996724, "N_RNAP": 100, "N_Ribo": 2, "N_ATP": 1000, "seed": 20}