{"t_death": 1615.9500000001024, "death_mode": "cycle_collapse", "pnr_type": "rnap_deadlock", "t_pnr": 1405.8000000000811, "dt_walking_dead": 210.15000000002124, "N_RNAP": 4, "N_Ribo": 4, "N_ATP": 1000, "seed": 88}