{"t_death": 3361.0499999996155, "death_mode": "ribo_collapse", "pnr_type": "ribo_depletion", "t_pnr": 1850.400000000126, "dt_walking_dead": 1510.6499999994894, "N_RNAP": 11, "N_Ribo": 4, "N_ATP": 1000, "seed": 12}