{"t_death": 5011.649999998948, "death_mode": "ribo_collapse", "pnr_type": "ribo_depletion", "t_pnr": 2901.599999999801, "dt_walking_dead": 2110.049999999147, "N_RNAP": 64, "N_Ribo": 11, "N_ATP": 1000, "seed": 84}