{"t_death": 2483.99999999997, "death_mode": "ribo_collapse", "pnr_type": "ribo_depletion", "t_pnr": 1797.3000000001207, "dt_walking_dead": 686.6999999998493, "N_RNAP": 27, "N_Ribo": 4, "N_ATP": 1000, "seed": 17}