{"t_death": 3598.1999999995196, "death_mode": "ribo_collapse", "pnr_type": "ribo_depletion", "t_pnr": 3344.849999999622, "dt_walking_dead": 253.3499999998976, "N_RNAP": 41, "N_Ribo": 17, "N_ATP": 1000, "seed": 39}