{"t_death": 5637.599999998695, "death_mode": "ribo_collapse", "pnr_type": "ribo_depletion", "t_pnr": 3038.399999999746, "dt_walking_dead": 2599.1999999989494, "N_RNAP": 4, "N_Ribo": 27, "N_ATP": 1000, "seed": 28}