{"t_death": 2591.0999999999267, "death_mode": "cycle_collapse", "pnr_type": "rnap_deadlock", "t_pnr": 2523.599999999954, "dt_walking_dead": 67.49999999997272, "N_RNAP": 17, "N_Ribo": 17, "N_ATP": 1000, "seed": 80}