{"t_death": 2113.20000000012, "death_mode": "ribo_collapse", "pnr_type": "ribo_depletion", "t_pnr": 1614.6000000001022, "dt_walking_dead": 498.60000000001764, "N_RNAP": 11, "N_Ribo": 3, "N_ATP": 1000, "seed": 36}