{"t_death": 2403.4500000000025, "death_mode": "cycle_collapse", "pnr_type": "rnap_deadlock", "t_pnr": 2337.750000000029, "dt_walking_dead": 65.69999999997344, "N_RNAP": 3, "N_Ribo": 17, "N_ATP": 1000, "seed": 10}