{"t_death": 5343.749999998814, "death_mode": "ribo_collapse", "pnr_type": "ribo_depletion", "t_pnr": 4125.599999999306, "dt_walking_dead": 1218.1499999995076, "N_RNAP": 100, "N_Ribo": 2, "N_ATP": 1000, "seed": 4}