{"t_death": 6010.199999998545, "death_mode": "ribo_collapse", "pnr_type": "ribo_depletion", "t_pnr": 2548.349999999944, "dt_walking_dead": 3461.8499999986007, "N_RNAP": 64, "N_Ribo": 41, "N_ATP": 1000, "seed": 2}