{"t_death": 2930.8499999997894, "death_mode": "cycle_collapse", "pnr_type": "rnap_deadlock", "t_pnr": 2861.5499999998174, "dt_walking_dead": 69.29999999997199, "N_RNAP": 17, "N_Ribo": 3, "N_ATP": 1000, "seed": 98}