{"t_death": 5659.649999998686, "death_mode": "ribo_collapse", "pnr_type": "ribo_depletion", "t_pnr": 3549.5999999995392, "dt_walking_dead": 2110.049999999147, "N_RNAP": 64, "N_Ribo": 27, "N_ATP": 1000, "seed": 73}