{"t_death": 3050.549999999741, "death_mode": "ribo_collapse", "pnr_type": "ribo_depletion", "t_pnr": 1351.8000000000757, "dt_walking_dead": 1698.7499999996653, "N_RNAP": 7, "N_Ribo": 3, "N_ATP": 1000, "seed": 51}