{"t_death": 7646.849999997883, "death_mode": "ribo_collapse", "pnr_type": "ribo_depletion", "t_pnr": 3052.3499999997402, "dt_walking_dead": 4594.499999998143, "N_RNAP": 64, "N_Ribo": 11, "N_ATP": 1000, "seed": 88}