{"t_death": 5059.349999998929, "death_mode": "ribo_collapse", "pnr_type": "ribo_depletion", "t_pnr": 4953.149999998972, "dt_walking_dead": 106.19999999995707, "N_RNAP": 7, "N_Ribo": 64, "N_ATP": 1000, "seed": 8}