{"t_death": 6247.799999998449, "death_mode": "ribo_collapse", "pnr_type": "ribo_depletion", "t_pnr": 3063.149999999736, "dt_walking_dead": 3184.6499999987127, "N_RNAP": 27, "N_Ribo": 2, "N_ATP": 1000, "seed": 21}