{"t_death": 4072.049999999328, "death_mode": "ribo_collapse", "pnr_type": "ribo_depletion", "t_pnr": 3117.149999999714, "dt_walking_dead": 954.899999999614, "N_RNAP": 100, "N_Ribo": 2, "N_ATP": 1000, "seed": 1}