{"t_death": 670.5000000000069, "death_mode": "cycle_collapse", "pnr_type": "rnap_deadlock", "t_pnr": 492.29999999999137, "dt_walking_dead": 178.20000000001556, "N_RNAP": 3, "N_Ribo": 17, "N_ATP": 1000, "seed": 69}