{"t_death": 5285.6999999988375, "death_mode": "ribo_collapse", "pnr_type": "ribo_depletion", "t_pnr": 3075.299999999731, "dt_walking_dead": 2210.3999999991065, "N_RNAP": 4, "N_Ribo": 17, "N_ATP": 1000, "seed": 25}