{"t_death": 3356.999999999617, "death_mode": "ribo_collapse", "pnr_type": "ribo_depletion", "t_pnr": 1232.5500000000636, "dt_walking_dead": 2124.4499999995533, "N_RNAP": 27, "N_Ribo": 2, "N_ATP": 1000, "seed": 42}