{"t_death": 2714.8499999998767, "death_mode": "ribo_collapse", "pnr_type": "ribo_depletion", "t_pnr": 2632.49999999991, "dt_walking_dead": 82.34999999996671, "N_RNAP": 27, "N_Ribo": 7, "N_ATP": 1000, "seed": 39}