{"t_death": 1892.2500000001303, "death_mode": "ribo_collapse", "pnr_type": "ribo_depletion", "t_pnr": 574.1999999999972, "dt_walking_dead": 1318.050000000133, "N_RNAP": 2, "N_Ribo": 4, "N_ATP": 1000, "seed": 84}