{"t_death": 3570.7499999995307, "death_mode": "ribo_collapse", "pnr_type": "ribo_depletion", "t_pnr": 2128.9500000001135, "dt_walking_dead": 1441.7999999994172, "N_RNAP": 11, "N_Ribo": 2, "N_ATP": 1000, "seed": 49}