{"t_death": 3264.7499999996544, "death_mode": "ribo_collapse", "pnr_type": "ribo_depletion", "t_pnr": 2352.1500000000233, "dt_walking_dead": 912.5999999996311, "N_RNAP": 3, "N_Ribo": 2, "N_ATP": 1000, "seed": 94}