{"t_death": 2223.0000000000755, "death_mode": "ribo_collapse", "pnr_type": "ribo_depletion", "t_pnr": 671.8500000000071, "dt_walking_dead": 1551.1500000000683, "N_RNAP": 27, "N_Ribo": 2, "N_ATP": 1000, "seed": 32}