{"t_death": 6399.899999998387, "death_mode": "ribo_collapse", "pnr_type": "ribo_depletion", "t_pnr": 1467.0000000000873, "dt_walking_dead": 4932.8999999983, "N_RNAP": 17, "N_Ribo": 3, "N_ATP": 1000, "seed": 91}