{"t_death": 7055.549999998122, "death_mode": "ribo_collapse", "pnr_type": "ribo_depletion", "t_pnr": 2671.649999999894, "dt_walking_dead": 4383.899999998228, "N_RNAP": 17, "N_Ribo": 7, "N_ATP": 1000, "seed": 18}