{"t_death": 8023.949999997731, "death_mode": "ribo_collapse", "pnr_type": "ribo_depletion", "t_pnr": 4301.0999999992355, "dt_walking_dead": 3722.849999998495, "N_RNAP": 41, "N_Ribo": 11, "N_ATP": 1000, "seed": 1}