{"t_death": 5628.149999998699, "death_mode": "ribo_collapse", "pnr_type": "ribo_depletion", "t_pnr": 2229.300000000073, "dt_walking_dead": 3398.849999998626, "N_RNAP": 100, "N_Ribo": 3, "N_ATP": 1000, "seed": 28}