{"t_death": 6528.149999998335, "death_mode": "ribo_collapse", "pnr_type": "ribo_depletion", "t_pnr": 308.699999999996, "dt_walking_dead": 6219.449999998339, "N_RNAP": 100, "N_Ribo": 3, "N_ATP": 1000, "seed": 20}