{"t_death": 4990.499999998957, "death_mode": "ribo_collapse", "pnr_type": "ribo_depletion", "t_pnr": 4092.7499999993197, "dt_walking_dead": 897.7499999996371, "N_RNAP": 64, "N_Ribo": 27, "N_ATP": 1000, "seed": 20}