{"t_death": 3777.299999999447, "death_mode": "ribo_collapse", "pnr_type": "ribo_depletion", "t_pnr": 854.1000000000255, "dt_walking_dead": 2923.199999999422, "N_RNAP": 27, "N_Ribo": 2, "N_ATP": 1000, "seed": 43}