{"t_death": 4580.5499999991225, "death_mode": "ribo_collapse", "pnr_type": "ribo_depletion", "t_pnr": 1412.5500000000818, "dt_walking_dead": 3167.9999999990405, "N_RNAP": 11, "N_Ribo": 2, "N_ATP": 1000, "seed": 98}