{"t_death": 5932.799999998576, "death_mode": "ribo_collapse", "pnr_type": "ribo_depletion", "t_pnr": 5714.099999998664, "dt_walking_dead": 218.6999999999116, "N_RNAP": 64, "N_Ribo": 41, "N_ATP": 1000, "seed": 22}