{"t_death": 4330.7999999992235, "death_mode": "ribo_collapse", "pnr_type": "ribo_depletion", "t_pnr": 3355.199999999618, "dt_walking_dead": 975.5999999996056, "N_RNAP": 4, "N_Ribo": 3, "N_ATP": 1000, "seed": 61}