{"t_death": 2183.8500000000913, "death_mode": "cycle_collapse", "pnr_type": "rnap_deadlock", "t_pnr": 2098.8000000001257, "dt_walking_dead": 85.04999999996562, "N_RNAP": 7, "N_Ribo": 41, "N_ATP": 1000, "seed": 2}