{"t_death": 3159.899999999697, "death_mode": "ribo_collapse", "pnr_type": "ribo_depletion", "t_pnr": 2974.049999999772, "dt_walking_dead": 185.84999999992488, "N_RNAP": 4, "N_Ribo": 3, "N_ATP": 1000, "seed": 86}