{"t_death": 3533.399999999546, "death_mode": "ribo_collapse", "pnr_type": "ribo_depletion", "t_pnr": 1680.3000000001089, "dt_walking_dead": 1853.099999999437, "N_RNAP": 3, "N_Ribo": 4, "N_ATP": 1000, "seed": 53}