{"t_death": 5015.249999998947, "death_mode": "cycle_collapse", "pnr_type": "rnap_deadlock", "t_pnr": 5009.399999998949, "dt_walking_dead": 5.849999999997635, "N_RNAP": 27, "N_Ribo": 41, "N_ATP": 1000, "seed": 46}