{"t_death": 1768.0500000001177, "death_mode": "cycle_collapse", "pnr_type": "rnap_deadlock", "t_pnr": 1683.4500000001092, "dt_walking_dead": 84.60000000000855, "N_RNAP": 4, "N_Ribo": 27, "N_ATP": 1000, "seed": 66}