{"t_death": 3373.6499999996104, "death_mode": "ribo_collapse", "pnr_type": "ribo_depletion", "t_pnr": 2861.0999999998176, "dt_walking_dead": 512.5499999997928, "N_RNAP": 41, "N_Ribo": 7, "N_ATP": 1000, "seed": 77}