{"t_death": 9323.999999999493, "death_mode": "ribo_collapse", "pnr_type": "ribo_depletion", "t_pnr": 1330.2000000000735, "dt_walking_dead": 7993.799999999419, "N_RNAP": 100, "N_Ribo": 2, "N_ATP": 1000, "seed": 96}