{"t_death": 3023.099999999752, "death_mode": "ribo_collapse", "pnr_type": "ribo_depletion", "t_pnr": 1044.0000000000446, "dt_walking_dead": 1979.0999999997075, "N_RNAP": 41, "N_Ribo": 3, "N_ATP": 1000, "seed": 14}