{"t_death": 1517.4000000000924, "death_mode": "ribo_collapse", "pnr_type": "ribo_depletion", "t_pnr": 1035.9000000000437, "dt_walking_dead": 481.50000000004866, "N_RNAP": 4, "N_Ribo": 2, "N_ATP": 1000, "seed": 20}