{"t_death": 3869.54999999941, "death_mode": "cycle_collapse", "pnr_type": "rnap_deadlock", "t_pnr": 3828.5999999994265, "dt_walking_dead": 40.94999999998345, "N_RNAP": 17, "N_Ribo": 100, "N_ATP": 1000, "seed": 14}