{"t_death": 9207.449999999304, "death_mode": "ribo_collapse", "pnr_type": "ribo_depletion", "t_pnr": 6707.249999998263, "dt_walking_dead": 2500.200000001041, "N_RNAP": 41, "N_Ribo": 41, "N_ATP": 1000, "seed": 97}