{"t_death": 3031.6499999997486, "death_mode": "ribo_collapse", "pnr_type": "ribo_depletion", "t_pnr": 1847.2500000001257, "dt_walking_dead": 1184.3999999996229, "N_RNAP": 41, "N_Ribo": 2, "N_ATP": 1000, "seed": 42}