{"t_death": 3165.7499999996944, "death_mode": "ribo_collapse", "pnr_type": "ribo_depletion", "t_pnr": 1512.450000000092, "dt_walking_dead": 1653.2999999996025, "N_RNAP": 3, "N_Ribo": 3, "N_ATP": 1000, "seed": 77}