{"t_death": 3199.9499999996806, "death_mode": "cycle_collapse", "pnr_type": "rnap_deadlock", "t_pnr": 3141.899999999704, "dt_walking_dead": 58.049999999976535, "N_RNAP": 41, "N_Ribo": 11, "N_ATP": 1000, "seed": 8}