{"t_death": 3099.1499999997213, "death_mode": "cycle_collapse", "pnr_type": "rnap_deadlock", "t_pnr": 3028.04999999975, "dt_walking_dead": 71.09999999997126, "N_RNAP": 17, "N_Ribo": 17, "N_ATP": 1000, "seed": 30}