{"t_death": 6604.649999998304, "death_mode": "ribo_collapse", "pnr_type": "ribo_depletion", "t_pnr": 4421.699999999187, "dt_walking_dead": 2182.9499999991176, "N_RNAP": 41, "N_Ribo": 64, "N_ATP": 1000, "seed": 87}