{"t_death": 2264.8500000000586, "death_mode": "ribo_collapse", "pnr_type": "ribo_depletion", "t_pnr": 1689.3000000001098, "dt_walking_dead": 575.5499999999488, "N_RNAP": 4, "N_Ribo": 2, "N_ATP": 1000, "seed": 77}