{"t_death": 3182.8499999996875, "death_mode": "ribo_collapse", "pnr_type": "ribo_depletion", "t_pnr": 1449.0000000000855, "dt_walking_dead": 1733.849999999602, "N_RNAP": 64, "N_Ribo": 11, "N_ATP": 1000, "seed": 16}