{"t_death": 3229.1999999996688, "death_mode": "ribo_collapse", "pnr_type": "ribo_depletion", "t_pnr": 2346.3000000000256, "dt_walking_dead": 882.8999999996431, "N_RNAP": 41, "N_Ribo": 7, "N_ATP": 1000, "seed": 16}