{"t_death": 2101.050000000125, "death_mode": "ribo_collapse", "pnr_type": "ribo_depletion", "t_pnr": 1917.4500000001328, "dt_walking_dead": 183.59999999999195, "N_RNAP": 11, "N_Ribo": 7, "N_ATP": 1000, "seed": 66}