{"t_death": 3729.1499999994667, "death_mode": "cycle_collapse", "pnr_type": "rnap_deadlock", "t_pnr": 3592.799999999522, "dt_walking_dead": 136.34999999994488, "N_RNAP": 17, "N_Ribo": 64, "N_ATP": 1000, "seed": 36}