{"t_death": 3511.3499999995547, "death_mode": "ribo_collapse", "pnr_type": "ribo_depletion", "t_pnr": 1178.5500000000582, "dt_walking_dead": 2332.7999999994963, "N_RNAP": 17, "N_Ribo": 4, "N_ATP": 1000, "seed": 60}