{"t_death": 3314.2499999996344, "death_mode": "ribo_collapse", "pnr_type": "ribo_depletion", "t_pnr": 2902.499999999801, "dt_walking_dead": 411.74999999983356, "N_RNAP": 2, "N_Ribo": 27, "N_ATP": 1000, "seed": 17}