{"t_death": 574.6499999999972, "death_mode": "cycle_collapse", "pnr_type": "rnap_deadlock", "t_pnr": 434.6999999999928, "dt_walking_dead": 139.95000000000442, "N_RNAP": 2, "N_Ribo": 4, "N_ATP": 1000, "seed": 34}