{"t_death": 3366.4499999996133, "death_mode": "ribo_collapse", "pnr_type": "ribo_depletion", "t_pnr": 2155.050000000103, "dt_walking_dead": 1211.3999999995103, "N_RNAP": 64, "N_Ribo": 2, "N_ATP": 1000, "seed": 71}