{"t_death": 4488.29999999916, "death_mode": "ribo_collapse", "pnr_type": "ribo_depletion", "t_pnr": 1229.8500000000633, "dt_walking_dead": 3258.4499999990967, "N_RNAP": 17, "N_Ribo": 2, "N_ATP": 1000, "seed": 86}