{"t_death": 4587.74999999912, "death_mode": "ribo_collapse", "pnr_type": "ribo_depletion", "t_pnr": 931.0500000000333, "dt_walking_dead": 3656.6999999990862, "N_RNAP": 3, "N_Ribo": 3, "N_ATP": 1000, "seed": 62}