{"t_death": 5870.699999998601, "death_mode": "ribo_collapse", "pnr_type": "ribo_depletion", "t_pnr": 4904.099999998992, "dt_walking_dead": 966.5999999996093, "N_RNAP": 41, "N_Ribo": 41, "N_ATP": 1000, "seed": 41}