{"t_death": 5244.299999998854, "death_mode": "ribo_collapse", "pnr_type": "ribo_depletion", "t_pnr": 4999.049999998953, "dt_walking_dead": 245.24999999990087, "N_RNAP": 41, "N_Ribo": 64, "N_ATP": 1000, "seed": 88}