{"t_death": 5356.799999998809, "death_mode": "cycle_collapse", "pnr_type": "rnap_deadlock", "t_pnr": 5345.0999999988135, "dt_walking_dead": 11.69999999999527, "N_RNAP": 17, "N_Ribo": 64, "N_ATP": 1000, "seed": 26}