{"t_death": 6646.049999998288, "death_mode": "ribo_collapse", "pnr_type": "ribo_depletion", "t_pnr": 2602.349999999922, "dt_walking_dead": 4043.6999999983655, "N_RNAP": 64, "N_Ribo": 7, "N_ATP": 1000, "seed": 97}