{"t_death": 1861.6500000001272, "death_mode": "cycle_collapse", "pnr_type": "rnap_deadlock", "t_pnr": 1861.6500000001272, "dt_walking_dead": 0.0, "N_RNAP": 3, "N_Ribo": 100, "N_ATP": 1000, "seed": 69}