{"t_death": 3581.999999999526, "death_mode": "ribo_collapse", "pnr_type": "ribo_depletion", "t_pnr": 2140.650000000109, "dt_walking_dead": 1441.3499999994174, "N_RNAP": 27, "N_Ribo": 4, "N_ATP": 1000, "seed": 3}