{"t_death": 4216.49999999927, "death_mode": "ribo_collapse", "pnr_type": "ribo_depletion", "t_pnr": 3268.349999999653, "dt_walking_dead": 948.1499999996167, "N_RNAP": 11, "N_Ribo": 64, "N_ATP": 1000, "seed": 65}