{"t_death": 3966.299999999371, "death_mode": "ribo_collapse", "pnr_type": "ribo_depletion", "t_pnr": 1668.6000000001077, "dt_walking_dead": 2297.699999999263, "N_RNAP": 41, "N_Ribo": 4, "N_ATP": 1000, "seed": 60}