{"t_death": 5297.399999998833, "death_mode": "ribo_collapse", "pnr_type": "ribo_depletion", "t_pnr": 2051.100000000145, "dt_walking_dead": 3246.299999998688, "N_RNAP": 64, "N_Ribo": 7, "N_ATP": 1000, "seed": 41}