{"t_death": 1799.1000000001209, "death_mode": "cycle_collapse", "pnr_type": "rnap_deadlock", "t_pnr": 1799.1000000001209, "dt_walking_dead": 0.0, "N_RNAP": 17, "N_Ribo": 27, "N_ATP": 1000, "seed": 37}