{"t_death": 6307.649999998424, "death_mode": "cycle_collapse", "pnr_type": "rnap_deadlock", "t_pnr": 6264.449999998442, "dt_walking_dead": 43.19999999998254, "N_RNAP": 17, "N_Ribo": 64, "N_ATP": 1000, "seed": 65}