{"t_death": 1201.9500000000605, "death_mode": "ribo_collapse", "pnr_type": "ribo_depletion", "t_pnr": 572.399999999997, "dt_walking_dead": 629.5500000000635, "N_RNAP": 3, "N_Ribo": 4, "N_ATP": 1000, "seed": 79}