{"t_death": 804.6000000000205, "death_mode": "cycle_collapse", "pnr_type": "rnap_deadlock", "t_pnr": 596.2499999999994, "dt_walking_dead": 208.35000000002105, "N_RNAP": 7, "N_Ribo": 2, "N_ATP": 1000, "seed": 58}