{"t_death": 4536.89999999914, "death_mode": "ribo_collapse", "pnr_type": "ribo_depletion", "t_pnr": 3533.399999999546, "dt_walking_dead": 1003.4999999995944, "N_RNAP": 41, "N_Ribo": 3, "N_ATP": 1000, "seed": 79}