{"t_death": 595.7999999999994, "death_mode": "cycle_collapse", "pnr_type": "rnap_deadlock", "t_pnr": 436.94999999999277, "dt_walking_dead": 158.85000000000662, "N_RNAP": 2, "N_Ribo": 2, "N_ATP": 1000, "seed": 4}