{"t_death": 5316.299999998825, "death_mode": "ribo_collapse", "pnr_type": "ribo_depletion", "t_pnr": 5093.099999998915, "dt_walking_dead": 223.19999999990978, "N_RNAP": 27, "N_Ribo": 17, "N_ATP": 1000, "seed": 41}