{"t_death": 4825.799999999023, "death_mode": "ribo_collapse", "pnr_type": "ribo_depletion", "t_pnr": 1602.000000000101, "dt_walking_dead": 3223.7999999989224, "N_RNAP": 4, "N_Ribo": 3, "N_ATP": 1000, "seed": 6}