{"t_death": 4628.699999999103, "death_mode": "cycle_collapse", "pnr_type": "rnap_deadlock", "t_pnr": 4490.549999999159, "dt_walking_dead": 138.14999999994416, "N_RNAP": 7, "N_Ribo": 100, "N_ATP": 1000, "seed": 89}