{"t_death": 9031.049999999019, "death_mode": "ribo_collapse", "pnr_type": "ribo_depletion", "t_pnr": 1898.550000000131, "dt_walking_dead": 7132.499999998888, "N_RNAP": 27, "N_Ribo": 4, "N_ATP": 1000, "seed": 25}