{"t_death": 4076.5499999993262, "death_mode": "ribo_collapse", "pnr_type": "ribo_depletion", "t_pnr": 3927.5999999993865, "dt_walking_dead": 148.9499999999398, "N_RNAP": 17, "N_Ribo": 41, "N_ATP": 1000, "seed": 84}