{"t_death": 4489.649999999159, "death_mode": "ribo_collapse", "pnr_type": "ribo_depletion", "t_pnr": 4455.899999999173, "dt_walking_dead": 33.74999999998636, "N_RNAP": 11, "N_Ribo": 17, "N_ATP": 1000, "seed": 74}