{"t_death": 6003.449999998547, "death_mode": "cycle_collapse", "pnr_type": "rnap_deadlock", "t_pnr": 5921.5499999985805, "dt_walking_dead": 81.8999999999669, "N_RNAP": 17, "N_Ribo": 100, "N_ATP": 1000, "seed": 90}