{"t_death": 2417.399999999997, "death_mode": "ribo_collapse", "pnr_type": "ribo_depletion", "t_pnr": 713.2500000000113, "dt_walking_dead": 1704.1499999999855, "N_RNAP": 3, "N_Ribo": 2, "N_ATP": 1000, "seed": 69}