{"t_death": 7791.7499999978245, "death_mode": "ribo_collapse", "pnr_type": "ribo_depletion", "t_pnr": 5560.649999998726, "dt_walking_dead": 2231.099999999098, "N_RNAP": 100, "N_Ribo": 7, "N_ATP": 1000, "seed": 9}