{"t_death": 1709.5500000001118, "death_mode": "cycle_collapse", "pnr_type": "rnap_deadlock", "t_pnr": 1608.7500000001016, "dt_walking_dead": 100.80000000001019, "N_RNAP": 17, "N_Ribo": 4, "N_ATP": 1000, "seed": 30}