{"t_death": 4697.549999999075, "death_mode": "cycle_collapse", "pnr_type": "rnap_deadlock", "t_pnr": 4547.249999999136, "dt_walking_dead": 150.29999999993925, "N_RNAP": 7, "N_Ribo": 64, "N_ATP": 1000, "seed": 35}