{"t_death": 3521.2499999995507, "death_mode": "ribo_collapse", "pnr_type": "ribo_depletion", "t_pnr": 2322.4500000000353, "dt_walking_dead": 1198.7999999995154, "N_RNAP": 41, "N_Ribo": 2, "N_ATP": 1000, "seed": 91}