{"t_death": 4746.599999999055, "death_mode": "ribo_collapse", "pnr_type": "ribo_depletion", "t_pnr": 3911.399999999393, "dt_walking_dead": 835.1999999996624, "N_RNAP": 17, "N_Ribo": 100, "N_ATP": 1000, "seed": 32}