{"t_death": 1567.3500000000975, "death_mode": "cycle_collapse", "pnr_type": "rnap_deadlock", "t_pnr": 1341.9000000000747, "dt_walking_dead": 225.45000000002278, "N_RNAP": 4, "N_Ribo": 17, "N_ATP": 1000, "seed": 90}