{"t_death": 2762.5499999998574, "death_mode": "ribo_collapse", "pnr_type": "ribo_depletion", "t_pnr": 2568.599999999936, "dt_walking_dead": 193.9499999999216, "N_RNAP": 17, "N_Ribo": 11, "N_ATP": 1000, "seed": 50}