{"t_death": 2513.699999999958, "death_mode": "ribo_collapse", "pnr_type": "ribo_depletion", "t_pnr": 937.800000000034, "dt_walking_dead": 1575.8999999999241, "N_RNAP": 7, "N_Ribo": 2, "N_ATP": 1000, "seed": 94}