{"t_death": 7047.899999998125, "death_mode": "ribo_collapse", "pnr_type": "ribo_depletion", "t_pnr": 6725.249999998256, "dt_walking_dead": 322.6499999998696, "N_RNAP": 27, "N_Ribo": 100, "N_ATP": 1000, "seed": 11}