{"t_death": 1550.7000000000958, "death_mode": "cycle_collapse", "pnr_type": "rnap_deadlock", "t_pnr": 1506.6000000000913, "dt_walking_dead": 44.10000000000446, "N_RNAP": 7, "N_Ribo": 2, "N_ATP": 1000, "seed": 49}