{"t_death": 3659.8499999994947, "death_mode": "ribo_collapse", "pnr_type": "ribo_depletion", "t_pnr": 2422.349999999995, "dt_walking_dead": 1237.4999999994998, "N_RNAP": 11, "N_Ribo": 7, "N_ATP": 1000, "seed": 19}