{"t_death": 5744.699999998652, "death_mode": "ribo_collapse", "pnr_type": "ribo_depletion", "t_pnr": 4040.9999999993406, "dt_walking_dead": 1703.6999999993113, "N_RNAP": 41, "N_Ribo": 27, "N_ATP": 1000, "seed": 24}