{"t_death": 4792.049999999037, "death_mode": "ribo_collapse", "pnr_type": "ribo_depletion", "t_pnr": 3870.4499999994096, "dt_walking_dead": 921.5999999996275, "N_RNAP": 27, "N_Ribo": 41, "N_ATP": 1000, "seed": 57}