{"t_death": 2915.0999999997957, "death_mode": "ribo_collapse", "pnr_type": "ribo_depletion", "t_pnr": 1389.6000000000795, "dt_walking_dead": 1525.4999999997162, "N_RNAP": 17, "N_Ribo": 2, "N_ATP": 1000, "seed": 45}