{"t_death": 3777.749999999447, "death_mode": "ribo_collapse", "pnr_type": "ribo_depletion", "t_pnr": 3024.4499999997515, "dt_walking_dead": 753.2999999996955, "N_RNAP": 27, "N_Ribo": 41, "N_ATP": 1000, "seed": 48}