{"t_death": 3490.649999999563, "death_mode": "cycle_collapse", "pnr_type": "rnap_deadlock", "t_pnr": 3388.4999999996044, "dt_walking_dead": 102.14999999995871, "N_RNAP": 17, "N_Ribo": 27, "N_ATP": 1000, "seed": 86}