{"t_death": 4314.59999999923, "death_mode": "ribo_collapse", "pnr_type": "ribo_depletion", "t_pnr": 1611.450000000102, "dt_walking_dead": 2703.1499999991283, "N_RNAP": 64, "N_Ribo": 7, "N_ATP": 1000, "seed": 55}