{"t_death": 2974.4999999997717, "death_mode": "ribo_collapse", "pnr_type": "ribo_depletion", "t_pnr": 1888.65000000013, "dt_walking_dead": 1085.8499999996418, "N_RNAP": 4, "N_Ribo": 7, "N_ATP": 1000, "seed": 22}