{"t_death": 2442.5999999999867, "death_mode": "cycle_collapse", "pnr_type": "rnap_deadlock", "t_pnr": 2376.9000000000133, "dt_walking_dead": 65.69999999997344, "N_RNAP": 4, "N_Ribo": 27, "N_ATP": 1000, "seed": 82}