{"t_death": 2947.9499999997824, "death_mode": "ribo_collapse", "pnr_type": "ribo_depletion", "t_pnr": 649.8000000000048, "dt_walking_dead": 2298.1499999997777, "N_RNAP": 17, "N_Ribo": 3, "N_ATP": 1000, "seed": 52}