{"t_death": 4710.14999999907, "death_mode": "cycle_collapse", "pnr_type": "rnap_deadlock", "t_pnr": 4648.499999999095, "dt_walking_dead": 61.64999999997508, "N_RNAP": 11, "N_Ribo": 17, "N_ATP": 1000, "seed": 28}