{"t_death": 3873.5999999994083, "death_mode": "ribo_collapse", "pnr_type": "ribo_depletion", "t_pnr": 1400.4000000000806, "dt_walking_dead": 2473.1999999993277, "N_RNAP": 41, "N_Ribo": 4, "N_ATP": 1000, "seed": 23}