{"t_death": 4976.549999998962, "death_mode": "ribo_collapse", "pnr_type": "ribo_depletion", "t_pnr": 2258.1000000000613, "dt_walking_dead": 2718.449999998901, "N_RNAP": 100, "N_Ribo": 3, "N_ATP": 1000, "seed": 50}