{"t_death": 5601.59999999871, "death_mode": "ribo_collapse", "pnr_type": "ribo_depletion", "t_pnr": 3610.3499999995147, "dt_walking_dead": 1991.249999999195, "N_RNAP": 64, "N_Ribo": 17, "N_ATP": 1000, "seed": 47}