{"t_death": 3791.2499999994416, "death_mode": "ribo_collapse", "pnr_type": "ribo_depletion", "t_pnr": 3248.549999999661, "dt_walking_dead": 542.6999999997806, "N_RNAP": 100, "N_Ribo": 3, "N_ATP": 1000, "seed": 24}