{"t_death": 3634.199999999505, "death_mode": "ribo_collapse", "pnr_type": "ribo_depletion", "t_pnr": 3040.649999999745, "dt_walking_dead": 593.5499999997601, "N_RNAP": 7, "N_Ribo": 17, "N_ATP": 1000, "seed": 2}