{"t_death": 5350.949999998811, "death_mode": "ribo_collapse", "pnr_type": "ribo_depletion", "t_pnr": 4048.6499999993375, "dt_walking_dead": 1302.2999999994736, "N_RNAP": 41, "N_Ribo": 27, "N_ATP": 1000, "seed": 38}