{"t_death": 1874.7000000001285, "death_mode": "cycle_collapse", "pnr_type": "rnap_deadlock", "t_pnr": 1867.9500000001278, "dt_walking_dead": 6.750000000000682, "N_RNAP": 4, "N_Ribo": 27, "N_ATP": 1000, "seed": 62}