{"t_death": 2352.600000000023, "death_mode": "cycle_collapse", "pnr_type": "rnap_deadlock", "t_pnr": 2155.500000000103, "dt_walking_dead": 197.09999999992033, "N_RNAP": 4, "N_Ribo": 17, "N_ATP": 1000, "seed": 7}