{"t_death": 1713.1500000001122, "death_mode": "ribo_collapse", "pnr_type": "ribo_depletion", "t_pnr": 1088.550000000049, "dt_walking_dead": 624.6000000000631, "N_RNAP": 11, "N_Ribo": 4, "N_ATP": 1000, "seed": 56}