{"t_death": 3433.499999999586, "death_mode": "ribo_collapse", "pnr_type": "ribo_depletion", "t_pnr": 2538.899999999948, "dt_walking_dead": 894.5999999996384, "N_RNAP": 27, "N_Ribo": 4, "N_ATP": 1000, "seed": 80}