{"t_death": 6644.699999998288, "death_mode": "ribo_collapse", "pnr_type": "ribo_depletion", "t_pnr": 2647.799999999904, "dt_walking_dead": 3996.8999999983844, "N_RNAP": 41, "N_Ribo": 7, "N_ATP": 1000, "seed": 41}