{"t_death": 5515.6499999987445, "death_mode": "cycle_collapse", "pnr_type": "rnap_deadlock", "t_pnr": 5515.6499999987445, "dt_walking_dead": 0.0, "N_RNAP": 27, "N_Ribo": 100, "N_ATP": 1000, "seed": 44}