{"t_death": 1350.9000000000756, "death_mode": "ribo_collapse", "pnr_type": "ribo_depletion", "t_pnr": 1228.5000000000632, "dt_walking_dead": 122.40000000001237, "N_RNAP": 3, "N_Ribo": 2, "N_ATP": 1000, "seed": 57}