{"t_death": 2227.9500000000735, "death_mode": "ribo_collapse", "pnr_type": "ribo_depletion", "t_pnr": 150.3, "dt_walking_dead": 2077.6500000000733, "N_RNAP": 4, "N_Ribo": 2, "N_ATP": 1000, "seed": 39}