{"t_death": 3036.149999999747, "death_mode": "ribo_collapse", "pnr_type": "ribo_depletion", "t_pnr": 2532.1499999999505, "dt_walking_dead": 503.9999999997963, "N_RNAP": 64, "N_Ribo": 4, "N_ATP": 1000, "seed": 71}