{"t_death": 5502.59999999875, "death_mode": "ribo_collapse", "pnr_type": "ribo_depletion", "t_pnr": 4538.24999999914, "dt_walking_dead": 964.3499999996102, "N_RNAP": 11, "N_Ribo": 7, "N_ATP": 1000, "seed": 94}