{"t_death": 2422.7999999999947, "death_mode": "ribo_collapse", "pnr_type": "ribo_depletion", "t_pnr": 2080.800000000133, "dt_walking_dead": 341.99999999986176, "N_RNAP": 17, "N_Ribo": 2, "N_ATP": 1000, "seed": 27}