{"t_death": 1944.0000000001355, "death_mode": "cycle_collapse", "pnr_type": "rnap_deadlock", "t_pnr": 1870.650000000128, "dt_walking_dead": 73.35000000000741, "N_RNAP": 4, "N_Ribo": 4, "N_ATP": 1000, "seed": 17}