{"t_death": 4215.14999999927, "death_mode": "ribo_collapse", "pnr_type": "ribo_depletion", "t_pnr": 4139.999999999301, "dt_walking_dead": 75.14999999996962, "N_RNAP": 27, "N_Ribo": 27, "N_ATP": 1000, "seed": 44}