{"t_death": 4117.04999999931, "death_mode": "ribo_collapse", "pnr_type": "ribo_depletion", "t_pnr": 2474.9999999999736, "dt_walking_dead": 1642.0499999993363, "N_RNAP": 41, "N_Ribo": 11, "N_ATP": 1000, "seed": 81}