{"t_death": 5002.199999998952, "death_mode": "cycle_collapse", "pnr_type": "rnap_deadlock", "t_pnr": 4972.499999998964, "dt_walking_dead": 29.699999999987995, "N_RNAP": 17, "N_Ribo": 100, "N_ATP": 1000, "seed": 19}