{"t_death": 5956.199999998566, "death_mode": "ribo_collapse", "pnr_type": "ribo_depletion", "t_pnr": 2277.4500000000535, "dt_walking_dead": 3678.749999998513, "N_RNAP": 11, "N_Ribo": 27, "N_ATP": 1000, "seed": 98}