{"t_death": 3291.2999999996437, "death_mode": "ribo_collapse", "pnr_type": "ribo_depletion", "t_pnr": 2156.4000000001024, "dt_walking_dead": 1134.8999999995413, "N_RNAP": 41, "N_Ribo": 2, "N_ATP": 1000, "seed": 85}