{"t_death": 5708.6999999986665, "death_mode": "ribo_collapse", "pnr_type": "ribo_depletion", "t_pnr": 3574.799999999529, "dt_walking_dead": 2133.8999999991374, "N_RNAP": 11, "N_Ribo": 27, "N_ATP": 1000, "seed": 25}