{"t_death": 1177.650000000058, "death_mode": "ribo_collapse", "pnr_type": "ribo_depletion", "t_pnr": 932.8500000000334, "dt_walking_dead": 244.80000000002462, "N_RNAP": 3, "N_Ribo": 3, "N_ATP": 1000, "seed": 74}