{"t_death": 1805.8500000001216, "death_mode": "cycle_collapse", "pnr_type": "rnap_deadlock", "t_pnr": 1805.8500000001216, "dt_walking_dead": 0.0, "N_RNAP": 17, "N_Ribo": 27, "N_ATP": 1000, "seed": 66}