{"t_death": 4296.1499999992375, "death_mode": "cycle_collapse", "pnr_type": "rnap_deadlock", "t_pnr": 3865.4999999994116, "dt_walking_dead": 430.6499999998259, "N_RNAP": 64, "N_Ribo": 4, "N_ATP": 1000, "seed": 25}