{"t_death": 3851.549999999417, "death_mode": "cycle_collapse", "pnr_type": "rnap_deadlock", "t_pnr": 3604.949999999517, "dt_walking_dead": 246.59999999990032, "N_RNAP": 27, "N_Ribo": 64, "N_ATP": 1000, "seed": 64}