{"t_death": 4962.149999998968, "death_mode": "ribo_collapse", "pnr_type": "ribo_depletion", "t_pnr": 3243.149999999663, "dt_walking_dead": 1718.9999999993051, "N_RNAP": 64, "N_Ribo": 11, "N_ATP": 1000, "seed": 1}