{"t_death": 7773.299999997832, "death_mode": "ribo_collapse", "pnr_type": "ribo_depletion", "t_pnr": 5318.099999998824, "dt_walking_dead": 2455.1999999990076, "N_RNAP": 64, "N_Ribo": 64, "N_ATP": 1000, "seed": 16}