{"t_death": 2012.4000000001424, "death_mode": "ribo_collapse", "pnr_type": "ribo_depletion", "t_pnr": 1785.6000000001195, "dt_walking_dead": 226.80000000002292, "N_RNAP": 3, "N_Ribo": 7, "N_ATP": 1000, "seed": 16}