{"t_death": 3764.2499999994525, "death_mode": "ribo_collapse", "pnr_type": "ribo_depletion", "t_pnr": 451.7999999999924, "dt_walking_dead": 3312.44999999946, "N_RNAP": 17, "N_Ribo": 2, "N_ATP": 1000, "seed": 38}