{"t_death": 3147.7499999997017, "death_mode": "ribo_collapse", "pnr_type": "ribo_depletion", "t_pnr": 1112.4000000000515, "dt_walking_dead": 2035.3499999996502, "N_RNAP": 11, "N_Ribo": 3, "N_ATP": 1000, "seed": 47}