{"t_death": 5952.149999998568, "death_mode": "ribo_collapse", "pnr_type": "ribo_depletion", "t_pnr": 2809.7999999998383, "dt_walking_dead": 3142.34999999873, "N_RNAP": 41, "N_Ribo": 27, "N_ATP": 1000, "seed": 48}