{"t_death": 6580.349999998314, "death_mode": "ribo_collapse", "pnr_type": "ribo_depletion", "t_pnr": 4955.399999998971, "dt_walking_dead": 1624.9499999993432, "N_RNAP": 17, "N_Ribo": 41, "N_ATP": 1000, "seed": 90}