{"t_death": 5835.599999998615, "death_mode": "ribo_collapse", "pnr_type": "ribo_depletion", "t_pnr": 61.65000000000015, "dt_walking_dead": 5773.949999998615, "N_RNAP": 64, "N_Ribo": 2, "N_ATP": 1000, "seed": 94}