{"t_death": 6611.849999998301, "death_mode": "ribo_collapse", "pnr_type": "ribo_depletion", "t_pnr": 3992.3999999993603, "dt_walking_dead": 2619.449999998941, "N_RNAP": 64, "N_Ribo": 4, "N_ATP": 1000, "seed": 86}