{"t_death": 7048.349999998125, "death_mode": "ribo_collapse", "pnr_type": "ribo_depletion", "t_pnr": 4045.049999999339, "dt_walking_dead": 3003.299999998786, "N_RNAP": 17, "N_Ribo": 100, "N_ATP": 1000, "seed": 55}