{"t_death": 5641.649999998694, "death_mode": "ribo_collapse", "pnr_type": "ribo_depletion", "t_pnr": 5256.449999998849, "dt_walking_dead": 385.1999999998443, "N_RNAP": 64, "N_Ribo": 3, "N_ATP": 1000, "seed": 82}