{"t_death": 4917.1499999989865, "death_mode": "ribo_collapse", "pnr_type": "ribo_depletion", "t_pnr": 1718.1000000001127, "dt_walking_dead": 3199.049999998874, "N_RNAP": 100, "N_Ribo": 4, "N_ATP": 1000, "seed": 14}