{"t_death": 4135.499999999302, "death_mode": "ribo_collapse", "pnr_type": "ribo_depletion", "t_pnr": 2384.55000000001, "dt_walking_dead": 1750.9499999992922, "N_RNAP": 17, "N_Ribo": 3, "N_ATP": 1000, "seed": 33}