{"t_death": 10409.400000001247, "death_mode": "ribo_collapse", "pnr_type": "ribo_depletion", "t_pnr": 2777.3999999998514, "dt_walking_dead": 7632.000000001396, "N_RNAP": 17, "N_Ribo": 7, "N_ATP": 1000, "seed": 55}