{"t_death": 2959.199999999778, "death_mode": "ribo_collapse", "pnr_type": "ribo_depletion", "t_pnr": 390.59999999999394, "dt_walking_dead": 2568.599999999784, "N_RNAP": 17, "N_Ribo": 2, "N_ATP": 1000, "seed": 42}