{"t_death": 4647.599999999095, "death_mode": "ribo_collapse", "pnr_type": "ribo_depletion", "t_pnr": 870.3000000000271, "dt_walking_dead": 3777.2999999990684, "N_RNAP": 27, "N_Ribo": 3, "N_ATP": 1000, "seed": 68}