{"t_death": 1434.600000000084, "death_mode": "ribo_collapse", "pnr_type": "ribo_depletion", "t_pnr": 1028.700000000043, "dt_walking_dead": 405.900000000041, "N_RNAP": 4, "N_Ribo": 2, "N_ATP": 1000, "seed": 95}