{"t_death": 3879.449999999406, "death_mode": "ribo_collapse", "pnr_type": "ribo_depletion", "t_pnr": 1819.800000000123, "dt_walking_dead": 2059.649999999283, "N_RNAP": 64, "N_Ribo": 2, "N_ATP": 1000, "seed": 4}