{"t_death": 2991.149999999765, "death_mode": "cycle_collapse", "pnr_type": "rnap_deadlock", "t_pnr": 2921.849999999793, "dt_walking_dead": 69.29999999997199, "N_RNAP": 3, "N_Ribo": 7, "N_ATP": 1000, "seed": 14}