{"t_death": 7578.8999999979105, "death_mode": "ribo_collapse", "pnr_type": "ribo_depletion", "t_pnr": 5280.7499999988395, "dt_walking_dead": 2298.149999999071, "N_RNAP": 64, "N_Ribo": 41, "N_ATP": 1000, "seed": 5}