{"t_death": 3173.849999999691, "death_mode": "ribo_collapse", "pnr_type": "ribo_depletion", "t_pnr": 1343.7000000000749, "dt_walking_dead": 1830.1499999996163, "N_RNAP": 27, "N_Ribo": 3, "N_ATP": 1000, "seed": 79}