{"t_death": 2936.699999999787, "death_mode": "ribo_collapse", "pnr_type": "ribo_depletion", "t_pnr": 2443.4999999999864, "dt_walking_dead": 493.19999999980064, "N_RNAP": 2, "N_Ribo": 3, "N_ATP": 1000, "seed": 49}