{"t_death": 303.29999999999615, "death_mode": "cycle_collapse", "pnr_type": "rnap_deadlock", "t_pnr": 240.74999999999773, "dt_walking_dead": 62.54999999999842, "N_RNAP": 4, "N_Ribo": 4, "N_ATP": 1000, "seed": 44}