{"t_death": 3854.249999999416, "death_mode": "ribo_collapse", "pnr_type": "ribo_depletion", "t_pnr": 101.2500000000004, "dt_walking_dead": 3752.9999999994156, "N_RNAP": 17, "N_Ribo": 2, "N_ATP": 1000, "seed": 33}