{"t_death": 2435.3999999999896, "death_mode": "ribo_collapse", "pnr_type": "ribo_depletion", "t_pnr": 380.6999999999942, "dt_walking_dead": 2054.6999999999953, "N_RNAP": 17, "N_Ribo": 2, "N_ATP": 1000, "seed": 51}