{"t_death": 3202.6499999996795, "death_mode": "cycle_collapse", "pnr_type": "rnap_deadlock", "t_pnr": 2763.899999999857, "dt_walking_dead": 438.74999999982265, "N_RNAP": 3, "N_Ribo": 27, "N_ATP": 1000, "seed": 26}