{"t_death": 9343.349999999524, "death_mode": "ribo_collapse", "pnr_type": "ribo_depletion", "t_pnr": 5955.299999998567, "dt_walking_dead": 3388.050000000957, "N_RNAP": 27, "N_Ribo": 100, "N_ATP": 1000, "seed": 24}