{"t_death": 2824.1999999998325, "death_mode": "ribo_collapse", "pnr_type": "ribo_depletion", "t_pnr": 1623.150000000103, "dt_walking_dead": 1201.0499999997294, "N_RNAP": 11, "N_Ribo": 3, "N_ATP": 1000, "seed": 88}