{"t_death": 1516.0500000000923, "death_mode": "ribo_collapse", "pnr_type": "ribo_depletion", "t_pnr": 1320.3000000000725, "dt_walking_dead": 195.75000000001978, "N_RNAP": 3, "N_Ribo": 3, "N_ATP": 1000, "seed": 34}