{"t_death": 5569.649999998723, "death_mode": "ribo_collapse", "pnr_type": "ribo_depletion", "t_pnr": 200.69999999999874, "dt_walking_dead": 5368.949999998724, "N_RNAP": 100, "N_Ribo": 2, "N_ATP": 1000, "seed": 45}