{"t_death": 4075.6499999993266, "death_mode": "ribo_collapse", "pnr_type": "ribo_depletion", "t_pnr": 1887.7500000001298, "dt_walking_dead": 2187.8999999991966, "N_RNAP": 41, "N_Ribo": 7, "N_ATP": 1000, "seed": 56}