{"t_death": 4346.099999999217, "death_mode": "ribo_collapse", "pnr_type": "ribo_depletion", "t_pnr": 2058.750000000142, "dt_walking_dead": 2287.3499999990754, "N_RNAP": 2, "N_Ribo": 4, "N_ATP": 1000, "seed": 68}