{"t_death": 6961.04999999816, "death_mode": "ribo_collapse", "pnr_type": "ribo_depletion", "t_pnr": 2660.8499999998985, "dt_walking_dead": 4300.199999998262, "N_RNAP": 64, "N_Ribo": 4, "N_ATP": 1000, "seed": 67}