{"t_death": 3541.4999999995425, "death_mode": "ribo_collapse", "pnr_type": "ribo_depletion", "t_pnr": 2632.49999999991, "dt_walking_dead": 908.9999999996326, "N_RNAP": 41, "N_Ribo": 7, "N_ATP": 1000, "seed": 62}