{"t_death": 7003.799999998143, "death_mode": "cycle_collapse", "pnr_type": "rnap_deadlock", "t_pnr": 6969.149999998157, "dt_walking_dead": 34.649999999985994, "N_RNAP": 27, "N_Ribo": 100, "N_ATP": 1000, "seed": 89}