{"t_death": 5303.69999999883, "death_mode": "ribo_collapse", "pnr_type": "ribo_depletion", "t_pnr": 4132.7999999993035, "dt_walking_dead": 1170.8999999995267, "N_RNAP": 100, "N_Ribo": 4, "N_ATP": 1000, "seed": 0}