{"t_death": 8170.649999997671, "death_mode": "ribo_collapse", "pnr_type": "ribo_depletion", "t_pnr": 5351.399999998811, "dt_walking_dead": 2819.2499999988604, "N_RNAP": 11, "N_Ribo": 64, "N_ATP": 1000, "seed": 78}