{"t_death": 1168.6500000000572, "death_mode": "cycle_collapse", "pnr_type": "rnap_deadlock", "t_pnr": 1110.6000000000513, "dt_walking_dead": 58.050000000005866, "N_RNAP": 3, "N_Ribo": 7, "N_ATP": 1000, "seed": 5}