{"t_death": 3921.299999999389, "death_mode": "ribo_collapse", "pnr_type": "ribo_depletion", "t_pnr": 1983.6000000001395, "dt_walking_dead": 1937.6999999992495, "N_RNAP": 64, "N_Ribo": 7, "N_ATP": 1000, "seed": 39}