{"t_death": 1527.7500000000935, "death_mode": "ribo_collapse", "pnr_type": "ribo_depletion", "t_pnr": 562.049999999996, "dt_walking_dead": 965.7000000000975, "N_RNAP": 2, "N_Ribo": 2, "N_ATP": 1000, "seed": 85}