{"t_death": 2546.5499999999447, "death_mode": "ribo_collapse", "pnr_type": "ribo_depletion", "t_pnr": 1361.2500000000766, "dt_walking_dead": 1185.299999999868, "N_RNAP": 4, "N_Ribo": 2, "N_ATP": 1000, "seed": 18}