{"t_death": 5305.949999998829, "death_mode": "ribo_collapse", "pnr_type": "ribo_depletion", "t_pnr": 2832.749999999829, "dt_walking_dead": 2473.1999999990003, "N_RNAP": 17, "N_Ribo": 4, "N_ATP": 1000, "seed": 26}