{"t_death": 4397.399999999197, "death_mode": "ribo_collapse", "pnr_type": "ribo_depletion", "t_pnr": 1820.700000000123, "dt_walking_dead": 2576.6999999990735, "N_RNAP": 27, "N_Ribo": 3, "N_ATP": 1000, "seed": 7}