{"t_death": 3988.7999999993617, "death_mode": "ribo_collapse", "pnr_type": "ribo_depletion", "t_pnr": 1930.5000000001342, "dt_walking_dead": 2058.2999999992276, "N_RNAP": 7, "N_Ribo": 4, "N_ATP": 1000, "seed": 34}