{"t_death": 2735.0999999998685, "death_mode": "ribo_collapse", "pnr_type": "ribo_depletion", "t_pnr": 2655.4499999999007, "dt_walking_dead": 79.6499999999678, "N_RNAP": 27, "N_Ribo": 3, "N_ATP": 1000, "seed": 28}