{"t_death": 1310.4000000000715, "death_mode": "ribo_collapse", "pnr_type": "ribo_depletion", "t_pnr": 483.7499999999916, "dt_walking_dead": 826.6500000000799, "N_RNAP": 2, "N_Ribo": 3, "N_ATP": 1000, "seed": 55}