{"t_death": 4508.999999999151, "death_mode": "ribo_collapse", "pnr_type": "ribo_depletion", "t_pnr": 574.1999999999972, "dt_walking_dead": 3934.7999999991544, "N_RNAP": 64, "N_Ribo": 2, "N_ATP": 1000, "seed": 9}