{"t_death": 2785.949999999848, "death_mode": "cycle_collapse", "pnr_type": "rnap_deadlock", "t_pnr": 2741.8499999998658, "dt_walking_dead": 44.099999999982174, "N_RNAP": 11, "N_Ribo": 11, "N_ATP": 1000, "seed": 77}