{"t_death": 6274.349999998438, "death_mode": "ribo_collapse", "pnr_type": "ribo_depletion", "t_pnr": 3734.5499999994645, "dt_walking_dead": 2539.7999999989734, "N_RNAP": 4, "N_Ribo": 100, "N_ATP": 1000, "seed": 75}