{"t_death": 3707.999999999475, "death_mode": "ribo_collapse", "pnr_type": "ribo_depletion", "t_pnr": 1090.8000000000493, "dt_walking_dead": 2617.199999999426, "N_RNAP": 17, "N_Ribo": 3, "N_ATP": 1000, "seed": 28}