{"t_death": 5107.4999999989095, "death_mode": "ribo_collapse", "pnr_type": "ribo_depletion", "t_pnr": 5107.4999999989095, "dt_walking_dead": 0.0, "N_RNAP": 41, "N_Ribo": 64, "N_ATP": 1000, "seed": 73}