{"t_death": 2107.3500000001222, "death_mode": "ribo_collapse", "pnr_type": "ribo_depletion", "t_pnr": 786.6000000000187, "dt_walking_dead": 1320.7500000001037, "N_RNAP": 7, "N_Ribo": 3, "N_ATP": 1000, "seed": 81}