{"t_death": 2843.5499999998246, "death_mode": "cycle_collapse", "pnr_type": "rnap_deadlock", "t_pnr": 2779.1999999998507, "dt_walking_dead": 64.34999999997399, "N_RNAP": 4, "N_Ribo": 64, "N_ATP": 1000, "seed": 0}