{"t_death": 5461.649999998766, "death_mode": "ribo_collapse", "pnr_type": "ribo_depletion", "t_pnr": 4987.349999998958, "dt_walking_dead": 474.2999999998083, "N_RNAP": 11, "N_Ribo": 17, "N_ATP": 1000, "seed": 48}