{"t_death": 705.1500000000104, "death_mode": "cycle_collapse", "pnr_type": "rnap_deadlock", "t_pnr": 605.7000000000004, "dt_walking_dead": 99.45000000001005, "N_RNAP": 4, "N_Ribo": 7, "N_ATP": 1000, "seed": 44}