{"t_death": 6277.949999998436, "death_mode": "ribo_collapse", "pnr_type": "ribo_depletion", "t_pnr": 4477.499999999164, "dt_walking_dead": 1800.4499999992722, "N_RNAP": 11, "N_Ribo": 100, "N_ATP": 1000, "seed": 25}