{"t_death": 4716.899999999067, "death_mode": "ribo_collapse", "pnr_type": "ribo_depletion", "t_pnr": 1575.4500000000983, "dt_walking_dead": 3141.4499999989694, "N_RNAP": 11, "N_Ribo": 3, "N_ATP": 1000, "seed": 20}