{"t_death": 2823.7499999998327, "death_mode": "cycle_collapse", "pnr_type": "rnap_deadlock", "t_pnr": 2773.349999999853, "dt_walking_dead": 50.39999999997963, "N_RNAP": 17, "N_Ribo": 64, "N_ATP": 1000, "seed": 59}