{"t_death": 967.500000000037, "death_mode": "cycle_collapse", "pnr_type": "rnap_deadlock", "t_pnr": 874.8000000000276, "dt_walking_dead": 92.70000000000937, "N_RNAP": 3, "N_Ribo": 11, "N_ATP": 1000, "seed": 22}