{"t_death": 2569.4999999999354, "death_mode": "ribo_collapse", "pnr_type": "ribo_depletion", "t_pnr": 2057.4000000001424, "dt_walking_dead": 512.099999999793, "N_RNAP": 4, "N_Ribo": 7, "N_ATP": 1000, "seed": 73}