{"t_death": 4246.6499999992575, "death_mode": "cycle_collapse", "pnr_type": "rnap_deadlock", "t_pnr": 4246.6499999992575, "dt_walking_dead": 0.0, "N_RNAP": 41, "N_Ribo": 27, "N_ATP": 1000, "seed": 84}