{"t_death": 4477.499999999164, "death_mode": "ribo_collapse", "pnr_type": "ribo_depletion", "t_pnr": 3446.099999999581, "dt_walking_dead": 1031.399999999583, "N_RNAP": 17, "N_Ribo": 41, "N_ATP": 1000, "seed": 58}