{"t_death": 5877.899999998598, "death_mode": "ribo_collapse", "pnr_type": "ribo_depletion", "t_pnr": 4472.999999999166, "dt_walking_dead": 1404.899999999432, "N_RNAP": 64, "N_Ribo": 41, "N_ATP": 1000, "seed": 29}