{"t_death": 6601.949999998305, "death_mode": "ribo_collapse", "pnr_type": "ribo_depletion", "t_pnr": 2779.1999999998507, "dt_walking_dead": 3822.7499999984548, "N_RNAP": 64, "N_Ribo": 11, "N_ATP": 1000, "seed": 93}