{"t_death": 3837.599999999423, "death_mode": "ribo_collapse", "pnr_type": "ribo_depletion", "t_pnr": 3380.3999999996076, "dt_walking_dead": 457.1999999998152, "N_RNAP": 41, "N_Ribo": 41, "N_ATP": 1000, "seed": 21}