{"t_death": 4359.149999999212, "death_mode": "cycle_collapse", "pnr_type": "rnap_deadlock", "t_pnr": 4344.749999999218, "dt_walking_dead": 14.39999999999418, "N_RNAP": 2, "N_Ribo": 100, "N_ATP": 1000, "seed": 86}