{"t_death": 4562.54999999913, "death_mode": "ribo_collapse", "pnr_type": "ribo_depletion", "t_pnr": 1767.6000000001177, "dt_walking_dead": 2794.949999999012, "N_RNAP": 100, "N_Ribo": 4, "N_ATP": 1000, "seed": 41}