{"t_death": 3860.9999999994134, "death_mode": "ribo_collapse", "pnr_type": "ribo_depletion", "t_pnr": 2643.2999999999056, "dt_walking_dead": 1217.6999999995078, "N_RNAP": 41, "N_Ribo": 4, "N_ATP": 1000, "seed": 83}