{"t_death": 5493.599999998753, "death_mode": "ribo_collapse", "pnr_type": "ribo_depletion", "t_pnr": 4335.299999999222, "dt_walking_dead": 1158.2999999995318, "N_RNAP": 41, "N_Ribo": 27, "N_ATP": 1000, "seed": 63}