{"t_death": 4086.899999999322, "death_mode": "cycle_collapse", "pnr_type": "rnap_deadlock", "t_pnr": 3782.699999999445, "dt_walking_dead": 304.19999999987704, "N_RNAP": 7, "N_Ribo": 100, "N_ATP": 1000, "seed": 32}