{"t_death": 3572.09999999953, "death_mode": "ribo_collapse", "pnr_type": "ribo_depletion", "t_pnr": 2959.199999999778, "dt_walking_dead": 612.8999999997523, "N_RNAP": 17, "N_Ribo": 7, "N_ATP": 1000, "seed": 77}