{"t_death": 1426.0500000000832, "death_mode": "cycle_collapse", "pnr_type": "rnap_deadlock", "t_pnr": 1368.0000000000773, "dt_walking_dead": 58.050000000005866, "N_RNAP": 7, "N_Ribo": 4, "N_ATP": 1000, "seed": 4}