{"t_death": 5233.949999998858, "death_mode": "ribo_collapse", "pnr_type": "ribo_depletion", "t_pnr": 2653.6499999999014, "dt_walking_dead": 2580.299999998957, "N_RNAP": 7, "N_Ribo": 4, "N_ATP": 1000, "seed": 60}