{"t_death": 4604.399999999113, "death_mode": "ribo_collapse", "pnr_type": "ribo_depletion", "t_pnr": 4589.999999999119, "dt_walking_dead": 14.39999999999418, "N_RNAP": 27, "N_Ribo": 41, "N_ATP": 1000, "seed": 32}