{"t_death": 5532.299999998738, "death_mode": "ribo_collapse", "pnr_type": "ribo_depletion", "t_pnr": 820.3500000000221, "dt_walking_dead": 4711.949999998716, "N_RNAP": 41, "N_Ribo": 3, "N_ATP": 1000, "seed": 83}