{"t_death": 5061.149999998928, "death_mode": "ribo_collapse", "pnr_type": "ribo_depletion", "t_pnr": 2580.749999999931, "dt_walking_dead": 2480.3999999989974, "N_RNAP": 17, "N_Ribo": 7, "N_ATP": 1000, "seed": 1}