{"t_death": 3752.549999999457, "death_mode": "cycle_collapse", "pnr_type": "rnap_deadlock", "t_pnr": 3635.9999999995043, "dt_walking_dead": 116.54999999995289, "N_RNAP": 100, "N_Ribo": 7, "N_ATP": 1000, "seed": 78}