{"t_death": 2272.0500000000557, "death_mode": "ribo_collapse", "pnr_type": "ribo_depletion", "t_pnr": 1566.4500000000974, "dt_walking_dead": 705.5999999999583, "N_RNAP": 3, "N_Ribo": 2, "N_ATP": 1000, "seed": 8}