{"t_death": 2768.849999999855, "death_mode": "ribo_collapse", "pnr_type": "ribo_depletion", "t_pnr": 2532.5999999999503, "dt_walking_dead": 236.2499999999045, "N_RNAP": 11, "N_Ribo": 27, "N_ATP": 1000, "seed": 63}