{"t_death": 6179.399999998476, "death_mode": "atp_depletion", "pnr_type": "ribo_depletion", "t_pnr": 5336.099999998817, "dt_walking_dead": 843.2999999996591, "N_RNAP": 64, "N_Ribo": 27, "N_ATP": 1000, "seed": 93}