{"t_death": 2613.149999999918, "death_mode": "ribo_collapse", "pnr_type": "ribo_depletion", "t_pnr": 2536.6499999999487, "dt_walking_dead": 76.49999999996908, "N_RNAP": 27, "N_Ribo": 3, "N_ATP": 1000, "seed": 12}