{"t_death": 3018.149999999754, "death_mode": "cycle_collapse", "pnr_type": "rnap_deadlock", "t_pnr": 2871.899999999813, "dt_walking_dead": 146.24999999994088, "N_RNAP": 7, "N_Ribo": 11, "N_ATP": 1000, "seed": 70}