{"t_death": 5726.699999998659, "death_mode": "ribo_collapse", "pnr_type": "ribo_depletion", "t_pnr": 3954.5999999993755, "dt_walking_dead": 1772.0999999992837, "N_RNAP": 100, "N_Ribo": 17, "N_ATP": 1000, "seed": 16}