{"t_death": 3546.4499999995405, "death_mode": "ribo_collapse", "pnr_type": "ribo_depletion", "t_pnr": 493.64999999999134, "dt_walking_dead": 3052.799999999549, "N_RNAP": 7, "N_Ribo": 2, "N_ATP": 1000, "seed": 74}