{"t_death": 4979.249999998961, "death_mode": "ribo_collapse", "pnr_type": "ribo_depletion", "t_pnr": 2703.599999999881, "dt_walking_dead": 2275.64999999908, "N_RNAP": 27, "N_Ribo": 17, "N_ATP": 1000, "seed": 58}