{"t_death": 1917.9000000001329, "death_mode": "cycle_collapse", "pnr_type": "rnap_deadlock", "t_pnr": 1892.7000000001303, "dt_walking_dead": 25.200000000002547, "N_RNAP": 4, "N_Ribo": 100, "N_ATP": 1000, "seed": 36}