{"t_death": 2427.7499999999927, "death_mode": "ribo_collapse", "pnr_type": "ribo_depletion", "t_pnr": 454.4999999999923, "dt_walking_dead": 1973.2500000000005, "N_RNAP": 7, "N_Ribo": 3, "N_ATP": 1000, "seed": 60}