{"t_death": 1516.5000000000923, "death_mode": "cycle_collapse", "pnr_type": "rnap_deadlock", "t_pnr": 1516.0500000000923, "dt_walking_dead": 0.4500000000000455, "N_RNAP": 7, "N_Ribo": 2, "N_ATP": 1000, "seed": 4}