{"t_death": 6014.249999998543, "death_mode": "ribo_collapse", "pnr_type": "ribo_depletion", "t_pnr": 2637.899999999908, "dt_walking_dead": 3376.349999998635, "N_RNAP": 100, "N_Ribo": 2, "N_ATP": 1000, "seed": 9}