{"t_death": 2542.949999999946, "death_mode": "cycle_collapse", "pnr_type": "rnap_deadlock", "t_pnr": 2353.5000000000227, "dt_walking_dead": 189.44999999992342, "N_RNAP": 11, "N_Ribo": 41, "N_ATP": 1000, "seed": 46}