{"t_death": 4522.499999999146, "death_mode": "ribo_collapse", "pnr_type": "ribo_depletion", "t_pnr": 3970.799999999369, "dt_walking_dead": 551.699999999777, "N_RNAP": 17, "N_Ribo": 17, "N_ATP": 1000, "seed": 69}