{"t_death": 5102.5499999989115, "death_mode": "ribo_collapse", "pnr_type": "ribo_depletion", "t_pnr": 3099.1499999997213, "dt_walking_dead": 2003.3999999991902, "N_RNAP": 41, "N_Ribo": 27, "N_ATP": 1000, "seed": 40}