{"t_death": 4859.99999999901, "death_mode": "ribo_collapse", "pnr_type": "ribo_depletion", "t_pnr": 812.7000000000213, "dt_walking_dead": 4047.2999999989884, "N_RNAP": 41, "N_Ribo": 3, "N_ATP": 1000, "seed": 48}