{"t_death": 4721.399999999066, "death_mode": "ribo_collapse", "pnr_type": "ribo_depletion", "t_pnr": 4020.299999999349, "dt_walking_dead": 701.0999999997166, "N_RNAP": 64, "N_Ribo": 27, "N_ATP": 1000, "seed": 23}