{"t_death": 6132.149999998495, "death_mode": "ribo_collapse", "pnr_type": "ribo_depletion", "t_pnr": 5296.949999998833, "dt_walking_dead": 835.1999999996624, "N_RNAP": 27, "N_Ribo": 41, "N_ATP": 1000, "seed": 6}