{"t_death": 3940.649999999381, "death_mode": "cycle_collapse", "pnr_type": "rnap_deadlock", "t_pnr": 3901.949999999397, "dt_walking_dead": 38.69999999998436, "N_RNAP": 27, "N_Ribo": 11, "N_ATP": 1000, "seed": 8}