{"t_death": 4571.999999999126, "death_mode": "ribo_collapse", "pnr_type": "ribo_depletion", "t_pnr": 974.2500000000376, "dt_walking_dead": 3597.7499999990882, "N_RNAP": 11, "N_Ribo": 2, "N_ATP": 1000, "seed": 92}