{"t_death": 6758.999999998242, "death_mode": "ribo_collapse", "pnr_type": "ribo_depletion", "t_pnr": 5697.449999998671, "dt_walking_dead": 1061.549999999571, "N_RNAP": 64, "N_Ribo": 41, "N_ATP": 1000, "seed": 8}