{"t_death": 8425.34999999804, "death_mode": "ribo_collapse", "pnr_type": "ribo_depletion", "t_pnr": 2594.6999999999252, "dt_walking_dead": 5830.649999998114, "N_RNAP": 100, "N_Ribo": 4, "N_ATP": 1000, "seed": 16}