{"t_death": 6098.849999998509, "death_mode": "ribo_collapse", "pnr_type": "ribo_depletion", "t_pnr": 2938.0499999997865, "dt_walking_dead": 3160.7999999987223, "N_RNAP": 100, "N_Ribo": 3, "N_ATP": 1000, "seed": 62}