{"t_death": 5082.29999999892, "death_mode": "ribo_collapse", "pnr_type": "ribo_depletion", "t_pnr": 2555.0999999999412, "dt_walking_dead": 2527.1999999989785, "N_RNAP": 11, "N_Ribo": 2, "N_ATP": 1000, "seed": 68}