{"t_death": 5094.899999998915, "death_mode": "ribo_collapse", "pnr_type": "ribo_depletion", "t_pnr": 3215.699999999674, "dt_walking_dead": 1879.1999999992404, "N_RNAP": 100, "N_Ribo": 7, "N_ATP": 1000, "seed": 5}