{"t_death": 3239.5499999996646, "death_mode": "ribo_collapse", "pnr_type": "ribo_depletion", "t_pnr": 1585.3500000000993, "dt_walking_dead": 1654.1999999995653, "N_RNAP": 27, "N_Ribo": 7, "N_ATP": 1000, "seed": 2}