{"t_death": 2912.399999999797, "death_mode": "ribo_collapse", "pnr_type": "ribo_depletion", "t_pnr": 1806.3000000001216, "dt_walking_dead": 1106.0999999996752, "N_RNAP": 11, "N_Ribo": 2, "N_ATP": 1000, "seed": 21}