{"t_death": 873.0000000000274, "death_mode": "cycle_collapse", "pnr_type": "rnap_deadlock", "t_pnr": 649.8000000000048, "dt_walking_dead": 223.20000000002256, "N_RNAP": 4, "N_Ribo": 27, "N_ATP": 1000, "seed": 53}