{"t_death": 4699.799999999074, "death_mode": "ribo_collapse", "pnr_type": "ribo_depletion", "t_pnr": 1346.8500000000752, "dt_walking_dead": 3352.9499999989994, "N_RNAP": 17, "N_Ribo": 11, "N_ATP": 1000, "seed": 43}