{"t_death": 2443.4999999999864, "death_mode": "ribo_collapse", "pnr_type": "ribo_depletion", "t_pnr": 1436.4000000000842, "dt_walking_dead": 1007.0999999999021, "N_RNAP": 3, "N_Ribo": 3, "N_ATP": 1000, "seed": 24}