{"t_death": 4708.799999999071, "death_mode": "ribo_collapse", "pnr_type": "ribo_depletion", "t_pnr": 3393.4499999996024, "dt_walking_dead": 1315.3499999994683, "N_RNAP": 2, "N_Ribo": 41, "N_ATP": 1000, "seed": 27}