{"t_death": 3270.149999999652, "death_mode": "ribo_collapse", "pnr_type": "ribo_depletion", "t_pnr": 1596.6000000001004, "dt_walking_dead": 1673.5499999995518, "N_RNAP": 41, "N_Ribo": 4, "N_ATP": 1000, "seed": 21}