{"t_death": 4241.24999999926, "death_mode": "ribo_collapse", "pnr_type": "ribo_depletion", "t_pnr": 2826.8999999998314, "dt_walking_dead": 1414.3499999994283, "N_RNAP": 100, "N_Ribo": 4, "N_ATP": 1000, "seed": 18}