{"t_death": 4495.499999999157, "death_mode": "ribo_collapse", "pnr_type": "ribo_depletion", "t_pnr": 831.6000000000232, "dt_walking_dead": 3663.899999999134, "N_RNAP": 4, "N_Ribo": 3, "N_ATP": 1000, "seed": 42}