{"t_death": 2555.0999999999412, "death_mode": "ribo_collapse", "pnr_type": "ribo_depletion", "t_pnr": 2353.9500000000226, "dt_walking_dead": 201.1499999999187, "N_RNAP": 4, "N_Ribo": 11, "N_ATP": 1000, "seed": 96}