{"t_death": 3884.399999999404, "death_mode": "ribo_collapse", "pnr_type": "ribo_depletion", "t_pnr": 1665.0000000001073, "dt_walking_dead": 2219.3999999992966, "N_RNAP": 27, "N_Ribo": 11, "N_ATP": 1000, "seed": 54}