{"t_death": 1481.4000000000888, "death_mode": "cycle_collapse", "pnr_type": "rnap_deadlock", "t_pnr": 1349.5500000000754, "dt_walking_dead": 131.85000000001332, "N_RNAP": 7, "N_Ribo": 17, "N_ATP": 1000, "seed": 69}