{"t_death": 4454.999999999173, "death_mode": "ribo_collapse", "pnr_type": "ribo_depletion", "t_pnr": 1132.2000000000535, "dt_walking_dead": 3322.79999999912, "N_RNAP": 27, "N_Ribo": 2, "N_ATP": 1000, "seed": 24}