{"t_death": 4238.099999999261, "death_mode": "ribo_collapse", "pnr_type": "ribo_depletion", "t_pnr": 3979.7999999993654, "dt_walking_dead": 258.2999999998956, "N_RNAP": 27, "N_Ribo": 64, "N_ATP": 1000, "seed": 17}