{"t_death": 6052.4999999985275, "death_mode": "ribo_collapse", "pnr_type": "ribo_depletion", "t_pnr": 5147.0999999988935, "dt_walking_dead": 905.399999999634, "N_RNAP": 41, "N_Ribo": 41, "N_ATP": 1000, "seed": 45}