{"t_death": 5163.749999998887, "death_mode": "ribo_collapse", "pnr_type": "ribo_depletion", "t_pnr": 3733.199999999465, "dt_walking_dead": 1430.5499999994217, "N_RNAP": 11, "N_Ribo": 7, "N_ATP": 1000, "seed": 78}