{"t_death": 3305.249999999638, "death_mode": "ribo_collapse", "pnr_type": "ribo_depletion", "t_pnr": 1665.0000000001073, "dt_walking_dead": 1640.2499999995307, "N_RNAP": 27, "N_Ribo": 7, "N_ATP": 1000, "seed": 69}