{"t_death": 4237.649999999261, "death_mode": "ribo_collapse", "pnr_type": "ribo_depletion", "t_pnr": 2695.0499999998847, "dt_walking_dead": 1542.5999999993765, "N_RNAP": 64, "N_Ribo": 11, "N_ATP": 1000, "seed": 67}