{"t_death": 1917.4500000001328, "death_mode": "ribo_collapse", "pnr_type": "ribo_depletion", "t_pnr": 1433.250000000084, "dt_walking_dead": 484.20000000004893, "N_RNAP": 7, "N_Ribo": 3, "N_ATP": 1000, "seed": 31}