{"t_death": 1826.5500000001236, "death_mode": "ribo_collapse", "pnr_type": "ribo_depletion", "t_pnr": 1676.7000000001085, "dt_walking_dead": 149.85000000001514, "N_RNAP": 17, "N_Ribo": 3, "N_ATP": 1000, "seed": 73}