{"t_death": 2920.0499999997937, "death_mode": "cycle_collapse", "pnr_type": "rnap_deadlock", "t_pnr": 2920.0499999997937, "dt_walking_dead": 0.0, "N_RNAP": 27, "N_Ribo": 17, "N_ATP": 1000, "seed": 26}