{"t_death": 5872.9499999986, "death_mode": "ribo_collapse", "pnr_type": "ribo_depletion", "t_pnr": 4529.249999999143, "dt_walking_dead": 1343.6999999994568, "N_RNAP": 41, "N_Ribo": 41, "N_ATP": 1000, "seed": 78}