{"t_death": 1065.1500000000467, "death_mode": "ribo_collapse", "pnr_type": "ribo_depletion", "t_pnr": 831.6000000000232, "dt_walking_dead": 233.5500000000235, "N_RNAP": 3, "N_Ribo": 2, "N_ATP": 1000, "seed": 59}