{"t_death": 5244.749999998854, "death_mode": "ribo_collapse", "pnr_type": "ribo_depletion", "t_pnr": 2351.2500000000236, "dt_walking_dead": 2893.4999999988304, "N_RNAP": 27, "N_Ribo": 2, "N_ATP": 1000, "seed": 26}