{"t_death": 1573.200000000098, "death_mode": "ribo_collapse", "pnr_type": "ribo_depletion", "t_pnr": 983.7000000000386, "dt_walking_dead": 589.5000000000595, "N_RNAP": 3, "N_Ribo": 2, "N_ATP": 1000, "seed": 32}