{"t_death": 3455.999999999577, "death_mode": "ribo_collapse", "pnr_type": "ribo_depletion", "t_pnr": 2945.2499999997835, "dt_walking_dead": 510.74999999979354, "N_RNAP": 11, "N_Ribo": 7, "N_ATP": 1000, "seed": 99}