{"t_death": 1582.650000000099, "death_mode": "cycle_collapse", "pnr_type": "rnap_deadlock", "t_pnr": 1300.0500000000704, "dt_walking_dead": 282.60000000002856, "N_RNAP": 2, "N_Ribo": 17, "N_ATP": 1000, "seed": 9}