{"t_death": 6275.2499999984375, "death_mode": "ribo_collapse", "pnr_type": "ribo_depletion", "t_pnr": 5393.699999998794, "dt_walking_dead": 881.5499999996437, "N_RNAP": 7, "N_Ribo": 4, "N_ATP": 1000, "seed": 73}