{"t_death": 3229.6499999996686, "death_mode": "ribo_collapse", "pnr_type": "ribo_depletion", "t_pnr": 1525.9500000000933, "dt_walking_dead": 1703.6999999995753, "N_RNAP": 27, "N_Ribo": 3, "N_ATP": 1000, "seed": 8}