{"t_death": 2136.1500000001106, "death_mode": "ribo_collapse", "pnr_type": "ribo_depletion", "t_pnr": 396.4499999999938, "dt_walking_dead": 1739.7000000001167, "N_RNAP": 11, "N_Ribo": 3, "N_ATP": 1000, "seed": 12}