{"t_death": 934.6500000000336, "death_mode": "cycle_collapse", "pnr_type": "rnap_deadlock", "t_pnr": 925.6500000000327, "dt_walking_dead": 9.00000000000091, "N_RNAP": 3, "N_Ribo": 2, "N_ATP": 1000, "seed": 7}