{"t_death": 4057.649999999334, "death_mode": "cycle_collapse", "pnr_type": "rnap_deadlock", "t_pnr": 4027.499999999346, "dt_walking_dead": 30.149999999987813, "N_RNAP": 64, "N_Ribo": 3, "N_ATP": 1000, "seed": 91}