{"t_death": 3905.5499999993954, "death_mode": "ribo_collapse", "pnr_type": "ribo_depletion", "t_pnr": 1676.7000000001085, "dt_walking_dead": 2228.849999999287, "N_RNAP": 27, "N_Ribo": 2, "N_ATP": 1000, "seed": 27}