{"t_death": 2373.3000000000147, "death_mode": "ribo_collapse", "pnr_type": "ribo_depletion", "t_pnr": 451.7999999999924, "dt_walking_dead": 1921.5000000000223, "N_RNAP": 4, "N_Ribo": 3, "N_ATP": 1000, "seed": 44}