{"t_death": 527.3999999999925, "death_mode": "ribo_collapse", "pnr_type": "ribo_depletion", "t_pnr": 452.2499999999924, "dt_walking_dead": 75.15000000000009, "N_RNAP": 2, "N_Ribo": 4, "N_ATP": 1000, "seed": 14}