{"t_death": 2949.7499999997817, "death_mode": "ribo_collapse", "pnr_type": "ribo_depletion", "t_pnr": 1805.4000000001215, "dt_walking_dead": 1144.3499999996602, "N_RNAP": 7, "N_Ribo": 7, "N_ATP": 1000, "seed": 11}