{"t_death": 9698.400000000098, "death_mode": "ribo_collapse", "pnr_type": "ribo_depletion", "t_pnr": 6309.8999999984235, "dt_walking_dead": 3388.5000000016744, "N_RNAP": 27, "N_Ribo": 64, "N_ATP": 1000, "seed": 86}