{"t_death": 6360.749999998403, "death_mode": "ribo_collapse", "pnr_type": "ribo_depletion", "t_pnr": 5732.999999998657, "dt_walking_dead": 627.7499999997463, "N_RNAP": 41, "N_Ribo": 41, "N_ATP": 1000, "seed": 76}