{"t_death": 3821.3999999994294, "death_mode": "ribo_collapse", "pnr_type": "ribo_depletion", "t_pnr": 3448.34999999958, "dt_walking_dead": 373.0499999998492, "N_RNAP": 11, "N_Ribo": 41, "N_ATP": 1000, "seed": 75}