{"t_death": 2433.5999999999904, "death_mode": "ribo_collapse", "pnr_type": "ribo_depletion", "t_pnr": 1271.7000000000676, "dt_walking_dead": 1161.8999999999228, "N_RNAP": 17, "N_Ribo": 4, "N_ATP": 1000, "seed": 97}