{"t_death": 2612.249999999918, "death_mode": "ribo_collapse", "pnr_type": "ribo_depletion", "t_pnr": 2145.600000000107, "dt_walking_dead": 466.64999999981137, "N_RNAP": 27, "N_Ribo": 7, "N_ATP": 1000, "seed": 29}