{"t_death": 2132.550000000112, "death_mode": "ribo_collapse", "pnr_type": "ribo_depletion", "t_pnr": 802.8000000000203, "dt_walking_dead": 1329.7500000000919, "N_RNAP": 4, "N_Ribo": 2, "N_ATP": 1000, "seed": 52}