{"t_death": 2313.9000000000387, "death_mode": "cycle_collapse", "pnr_type": "rnap_deadlock", "t_pnr": 2195.5500000000866, "dt_walking_dead": 118.34999999995216, "N_RNAP": 3, "N_Ribo": 41, "N_ATP": 1000, "seed": 3}