{"t_death": 3159.449999999697, "death_mode": "ribo_collapse", "pnr_type": "ribo_depletion", "t_pnr": 1043.5500000000445, "dt_walking_dead": 2115.899999999652, "N_RNAP": 27, "N_Ribo": 11, "N_ATP": 1000, "seed": 30}