{"t_death": 3509.5499999995554, "death_mode": "ribo_collapse", "pnr_type": "ribo_depletion", "t_pnr": 3034.3499999997475, "dt_walking_dead": 475.1999999998079, "N_RNAP": 11, "N_Ribo": 11, "N_ATP": 1000, "seed": 37}