{"t_death": 3582.899999999526, "death_mode": "ribo_collapse", "pnr_type": "ribo_depletion", "t_pnr": 2809.7999999998383, "dt_walking_dead": 773.0999999996875, "N_RNAP": 4, "N_Ribo": 17, "N_ATP": 1000, "seed": 68}