{"t_death": 4236.7499999992615, "death_mode": "ribo_collapse", "pnr_type": "ribo_depletion", "t_pnr": 2451.599999999983, "dt_walking_dead": 1785.1499999992784, "N_RNAP": 3, "N_Ribo": 27, "N_ATP": 1000, "seed": 39}