{"t_death": 6288.749999998432, "death_mode": "ribo_collapse", "pnr_type": "ribo_depletion", "t_pnr": 5681.699999998677, "dt_walking_dead": 607.0499999997546, "N_RNAP": 11, "N_Ribo": 100, "N_ATP": 1000, "seed": 75}