{"t_death": 3663.4499999994932, "death_mode": "ribo_collapse", "pnr_type": "ribo_depletion", "t_pnr": 1880.550000000129, "dt_walking_dead": 1782.8999999993641, "N_RNAP": 4, "N_Ribo": 4, "N_ATP": 1000, "seed": 71}