{"t_death": 5883.749999998596, "death_mode": "ribo_collapse", "pnr_type": "ribo_depletion", "t_pnr": 4251.5999999992555, "dt_walking_dead": 1632.1499999993403, "N_RNAP": 100, "N_Ribo": 4, "N_ATP": 1000, "seed": 96}