{"t_death": 6134.399999998494, "death_mode": "ribo_collapse", "pnr_type": "ribo_depletion", "t_pnr": 4125.599999999306, "dt_walking_dead": 2008.799999999188, "N_RNAP": 11, "N_Ribo": 3, "N_ATP": 1000, "seed": 50}