{"t_death": 3377.249999999609, "death_mode": "ribo_collapse", "pnr_type": "ribo_depletion", "t_pnr": 448.6499999999925, "dt_walking_dead": 2928.5999999996166, "N_RNAP": 7, "N_Ribo": 2, "N_ATP": 1000, "seed": 37}