{"t_death": 3145.049999999703, "death_mode": "ribo_collapse", "pnr_type": "ribo_depletion", "t_pnr": 2636.5499999999083, "dt_walking_dead": 508.49999999979445, "N_RNAP": 11, "N_Ribo": 4, "N_ATP": 1000, "seed": 10}