{"t_death": 476.0999999999918, "death_mode": "cycle_collapse", "pnr_type": "rnap_deadlock", "t_pnr": 410.84999999999343, "dt_walking_dead": 65.24999999999835, "N_RNAP": 3, "N_Ribo": 2, "N_ATP": 1000, "seed": 14}