{"t_death": 2519.9999999999554, "death_mode": "ribo_collapse", "pnr_type": "ribo_depletion", "t_pnr": 1977.3000000001389, "dt_walking_dead": 542.6999999998166, "N_RNAP": 3, "N_Ribo": 2, "N_ATP": 1000, "seed": 11}