{"t_death": 1687.9500000001096, "death_mode": "cycle_collapse", "pnr_type": "rnap_deadlock", "t_pnr": 1664.1000000001072, "dt_walking_dead": 23.85000000000241, "N_RNAP": 7, "N_Ribo": 17, "N_ATP": 1000, "seed": 61}