{"t_death": 3721.04999999947, "death_mode": "ribo_collapse", "pnr_type": "ribo_depletion", "t_pnr": 2425.049999999994, "dt_walking_dead": 1295.9999999994761, "N_RNAP": 41, "N_Ribo": 17, "N_ATP": 1000, "seed": 40}