{"t_death": 5328.89999999882, "death_mode": "ribo_collapse", "pnr_type": "ribo_depletion", "t_pnr": 2349.900000000024, "dt_walking_dead": 2978.999999998796, "N_RNAP": 100, "N_Ribo": 7, "N_ATP": 1000, "seed": 69}