{"t_death": 6784.199999998232, "death_mode": "ribo_collapse", "pnr_type": "ribo_depletion", "t_pnr": 3617.9999999995116, "dt_walking_dead": 3166.19999999872, "N_RNAP": 17, "N_Ribo": 11, "N_ATP": 1000, "seed": 4}