{"t_death": 2719.7999999998747, "death_mode": "cycle_collapse", "pnr_type": "rnap_deadlock", "t_pnr": 2447.099999999985, "dt_walking_dead": 272.69999999988977, "N_RNAP": 41, "N_Ribo": 7, "N_ATP": 1000, "seed": 57}