{"t_death": 3655.3499999994965, "death_mode": "ribo_collapse", "pnr_type": "ribo_depletion", "t_pnr": 702.9000000000102, "dt_walking_dead": 2952.4499999994864, "N_RNAP": 11, "N_Ribo": 3, "N_ATP": 1000, "seed": 7}