{"t_death": 5980.949999998556, "death_mode": "ribo_collapse", "pnr_type": "ribo_depletion", "t_pnr": 4870.349999999005, "dt_walking_dead": 1110.599999999551, "N_RNAP": 41, "N_Ribo": 27, "N_ATP": 1000, "seed": 45}