{"t_death": 5005.799999998951, "death_mode": "ribo_collapse", "pnr_type": "ribo_depletion", "t_pnr": 4598.549999999115, "dt_walking_dead": 407.2499999998354, "N_RNAP": 41, "N_Ribo": 64, "N_ATP": 1000, "seed": 78}