{"t_death": 5505.7499999987485, "death_mode": "ribo_collapse", "pnr_type": "ribo_depletion", "t_pnr": 3520.799999999551, "dt_walking_dead": 1984.9499999991976, "N_RNAP": 64, "N_Ribo": 27, "N_ATP": 1000, "seed": 40}