{"t_death": 3109.499999999717, "death_mode": "ribo_collapse", "pnr_type": "ribo_depletion", "t_pnr": 1469.2500000000875, "dt_walking_dead": 1640.2499999996296, "N_RNAP": 11, "N_Ribo": 4, "N_ATP": 1000, "seed": 32}