{"t_death": 5166.449999998886, "death_mode": "ribo_collapse", "pnr_type": "ribo_depletion", "t_pnr": 3113.5499999997155, "dt_walking_dead": 2052.89999999917, "N_RNAP": 11, "N_Ribo": 11, "N_ATP": 1000, "seed": 18}