{"t_death": 5086.349999998918, "death_mode": "ribo_collapse", "pnr_type": "ribo_depletion", "t_pnr": 4586.39999999912, "dt_walking_dead": 499.9499999997979, "N_RNAP": 64, "N_Ribo": 27, "N_ATP": 1000, "seed": 21}