{"t_death": 6259.949999998444, "death_mode": "ribo_collapse", "pnr_type": "ribo_depletion", "t_pnr": 3815.099999999432, "dt_walking_dead": 2444.8499999990117, "N_RNAP": 41, "N_Ribo": 27, "N_ATP": 1000, "seed": 19}