{"t_death": 1187.100000000059, "death_mode": "cycle_collapse", "pnr_type": "rnap_deadlock", "t_pnr": 1121.8500000000524, "dt_walking_dead": 65.2500000000066, "N_RNAP": 4, "N_Ribo": 27, "N_ATP": 1000, "seed": 6}