{"t_death": 7405.199999997981, "death_mode": "ribo_collapse", "pnr_type": "ribo_depletion", "t_pnr": 3563.9999999995334, "dt_walking_dead": 3841.1999999984473, "N_RNAP": 41, "N_Ribo": 27, "N_ATP": 1000, "seed": 93}