{"t_death": 4288.049999999241, "death_mode": "ribo_collapse", "pnr_type": "ribo_depletion", "t_pnr": 3274.6499999996504, "dt_walking_dead": 1013.3999999995904, "N_RNAP": 41, "N_Ribo": 27, "N_ATP": 1000, "seed": 70}