{"t_death": 1775.2500000001185, "death_mode": "ribo_collapse", "pnr_type": "ribo_depletion", "t_pnr": 1534.9500000000942, "dt_walking_dead": 240.30000000002428, "N_RNAP": 17, "N_Ribo": 11, "N_ATP": 1000, "seed": 86}