{"t_death": 5740.649999998654, "death_mode": "ribo_collapse", "pnr_type": "ribo_depletion", "t_pnr": 2228.850000000073, "dt_walking_dead": 3511.7999999985805, "N_RNAP": 27, "N_Ribo": 11, "N_ATP": 1000, "seed": 40}