{"t_death": 3464.099999999574, "death_mode": "ribo_collapse", "pnr_type": "ribo_depletion", "t_pnr": 1451.2500000000857, "dt_walking_dead": 2012.849999999488, "N_RNAP": 7, "N_Ribo": 3, "N_ATP": 1000, "seed": 55}