{"t_death": 3716.099999999472, "death_mode": "ribo_collapse", "pnr_type": "ribo_depletion", "t_pnr": 3263.399999999655, "dt_walking_dead": 452.699999999817, "N_RNAP": 17, "N_Ribo": 27, "N_ATP": 1000, "seed": 73}