{"t_death": 4128.299999999305, "death_mode": "ribo_collapse", "pnr_type": "ribo_depletion", "t_pnr": 595.3499999999993, "dt_walking_dead": 3532.949999999306, "N_RNAP": 100, "N_Ribo": 2, "N_ATP": 1000, "seed": 14}