{"t_death": 6995.699999998146, "death_mode": "ribo_collapse", "pnr_type": "ribo_depletion", "t_pnr": 5863.949999998604, "dt_walking_dead": 1131.7499999995425, "N_RNAP": 27, "N_Ribo": 64, "N_ATP": 1000, "seed": 11}