{"t_death": 3681.8999999994858, "death_mode": "ribo_collapse", "pnr_type": "ribo_depletion", "t_pnr": 708.3000000000108, "dt_walking_dead": 2973.599999999475, "N_RNAP": 64, "N_Ribo": 3, "N_ATP": 1000, "seed": 31}