{"t_death": 950.8500000000353, "death_mode": "cycle_collapse", "pnr_type": "rnap_deadlock", "t_pnr": 874.8000000000276, "dt_walking_dead": 76.05000000000769, "N_RNAP": 3, "N_Ribo": 4, "N_ATP": 1000, "seed": 57}