{"t_death": 3507.749999999556, "death_mode": "ribo_collapse", "pnr_type": "ribo_depletion", "t_pnr": 1992.6000000001404, "dt_walking_dead": 1515.1499999994157, "N_RNAP": 41, "N_Ribo": 2, "N_ATP": 1000, "seed": 30}