{"t_death": 3663.4499999994932, "death_mode": "ribo_collapse", "pnr_type": "ribo_depletion", "t_pnr": 2036.2500000001448, "dt_walking_dead": 1627.1999999993484, "N_RNAP": 11, "N_Ribo": 27, "N_ATP": 1000, "seed": 52}