{"t_death": 1212.7500000000616, "death_mode": "cycle_collapse", "pnr_type": "rnap_deadlock", "t_pnr": 940.9500000000343, "dt_walking_dead": 271.80000000002735, "N_RNAP": 3, "N_Ribo": 27, "N_ATP": 1000, "seed": 71}