{"t_death": 5744.249999998652, "death_mode": "cycle_collapse", "pnr_type": "rnap_deadlock", "t_pnr": 5539.049999998735, "dt_walking_dead": 205.19999999991705, "N_RNAP": 64, "N_Ribo": 7, "N_ATP": 1000, "seed": 13}