{"t_death": 7452.8999999979615, "death_mode": "ribo_collapse", "pnr_type": "ribo_depletion", "t_pnr": 6831.449999998213, "dt_walking_dead": 621.4499999997488, "N_RNAP": 41, "N_Ribo": 17, "N_ATP": 1000, "seed": 47}