{"t_death": 7058.249999998121, "death_mode": "ribo_collapse", "pnr_type": "ribo_depletion", "t_pnr": 2306.250000000042, "dt_walking_dead": 4751.999999998079, "N_RNAP": 3, "N_Ribo": 11, "N_ATP": 1000, "seed": 34}