{"t_death": 4772.249999999045, "death_mode": "ribo_collapse", "pnr_type": "ribo_depletion", "t_pnr": 1581.750000000099, "dt_walking_dead": 3190.499999998946, "N_RNAP": 7, "N_Ribo": 7, "N_ATP": 1000, "seed": 9}