{"t_death": 4897.799999998994, "death_mode": "ribo_collapse", "pnr_type": "ribo_depletion", "t_pnr": 3468.599999999572, "dt_walking_dead": 1429.1999999994223, "N_RNAP": 17, "N_Ribo": 7, "N_ATP": 1000, "seed": 40}