{"t_death": 2119.0500000001175, "death_mode": "ribo_collapse", "pnr_type": "ribo_depletion", "t_pnr": 1357.6500000000763, "dt_walking_dead": 761.4000000000412, "N_RNAP": 3, "N_Ribo": 4, "N_ATP": 1000, "seed": 50}