{"t_death": 5852.2499999986085, "death_mode": "ribo_collapse", "pnr_type": "ribo_depletion", "t_pnr": 1365.300000000077, "dt_walking_dead": 4486.949999998531, "N_RNAP": 41, "N_Ribo": 7, "N_ATP": 1000, "seed": 60}