{"t_death": 4885.199999998999, "death_mode": "ribo_collapse", "pnr_type": "ribo_depletion", "t_pnr": 2646.899999999904, "dt_walking_dead": 2238.2999999990952, "N_RNAP": 100, "N_Ribo": 3, "N_ATP": 1000, "seed": 65}