{"t_death": 1818.4500000001228, "death_mode": "cycle_collapse", "pnr_type": "rnap_deadlock", "t_pnr": 1763.1000000001172, "dt_walking_dead": 55.35000000000559, "N_RNAP": 4, "N_Ribo": 2, "N_ATP": 1000, "seed": 73}