{"t_death": 1487.2500000000894, "death_mode": "ribo_collapse", "pnr_type": "ribo_depletion", "t_pnr": 347.849999999995, "dt_walking_dead": 1139.4000000000942, "N_RNAP": 2, "N_Ribo": 2, "N_ATP": 1000, "seed": 68}