{"t_death": 4099.499999999317, "death_mode": "ribo_collapse", "pnr_type": "ribo_depletion", "t_pnr": 3300.29999999964, "dt_walking_dead": 799.199999999677, "N_RNAP": 100, "N_Ribo": 4, "N_ATP": 1000, "seed": 83}