{"t_death": 1861.2000000001271, "death_mode": "ribo_collapse", "pnr_type": "ribo_depletion", "t_pnr": 1517.4000000000924, "dt_walking_dead": 343.80000000003474, "N_RNAP": 7, "N_Ribo": 3, "N_ATP": 1000, "seed": 99}