{"t_death": 2956.499999999779, "death_mode": "ribo_collapse", "pnr_type": "ribo_depletion", "t_pnr": 2207.250000000082, "dt_walking_dead": 749.2499999996971, "N_RNAP": 4, "N_Ribo": 3, "N_ATP": 1000, "seed": 47}