{"t_death": 1762.2000000001171, "death_mode": "cycle_collapse", "pnr_type": "rnap_deadlock", "t_pnr": 1449.4500000000855, "dt_walking_dead": 312.7500000000316, "N_RNAP": 11, "N_Ribo": 2, "N_ATP": 1000, "seed": 80}