{"t_death": 4343.399999999218, "death_mode": "ribo_collapse", "pnr_type": "ribo_depletion", "t_pnr": 2033.1000000001445, "dt_walking_dead": 2310.299999999074, "N_RNAP": 41, "N_Ribo": 11, "N_ATP": 1000, "seed": 65}