{"t_death": 4199.849999999276, "death_mode": "cycle_collapse", "pnr_type": "rnap_deadlock", "t_pnr": 3879.449999999406, "dt_walking_dead": 320.3999999998705, "N_RNAP": 7, "N_Ribo": 17, "N_ATP": 1000, "seed": 93}