{"t_death": 3551.8499999995383, "death_mode": "ribo_collapse", "pnr_type": "ribo_depletion", "t_pnr": 2768.399999999855, "dt_walking_dead": 783.4499999996833, "N_RNAP": 41, "N_Ribo": 11, "N_ATP": 1000, "seed": 36}