{"t_death": 4073.3999999993275, "death_mode": "ribo_collapse", "pnr_type": "ribo_depletion", "t_pnr": 2138.4000000001097, "dt_walking_dead": 1934.9999999992178, "N_RNAP": 41, "N_Ribo": 11, "N_ATP": 1000, "seed": 18}