{"t_death": 2971.349999999773, "death_mode": "ribo_collapse", "pnr_type": "ribo_depletion", "t_pnr": 1955.7000000001367, "dt_walking_dead": 1015.6499999996363, "N_RNAP": 7, "N_Ribo": 41, "N_ATP": 1000, "seed": 55}