{"t_death": 7064.999999998118, "death_mode": "ribo_collapse", "pnr_type": "ribo_depletion", "t_pnr": 2099.2500000001255, "dt_walking_dead": 4965.749999997993, "N_RNAP": 100, "N_Ribo": 2, "N_ATP": 1000, "seed": 78}