{"t_death": 1308.6000000000713, "death_mode": "ribo_collapse", "pnr_type": "ribo_depletion", "t_pnr": 942.7500000000344, "dt_walking_dead": 365.85000000003686, "N_RNAP": 4, "N_Ribo": 4, "N_ATP": 1000, "seed": 22}