{"t_death": 3171.599999999692, "death_mode": "ribo_collapse", "pnr_type": "ribo_depletion", "t_pnr": 675.0000000000074, "dt_walking_dead": 2496.5999999996848, "N_RNAP": 17, "N_Ribo": 3, "N_ATP": 1000, "seed": 41}