{"t_death": 4661.09999999909, "death_mode": "cycle_collapse", "pnr_type": "rnap_deadlock", "t_pnr": 4361.399999999211, "dt_walking_dead": 299.69999999987886, "N_RNAP": 41, "N_Ribo": 7, "N_ATP": 1000, "seed": 74}