{"t_death": 3367.7999999996127, "death_mode": "ribo_collapse", "pnr_type": "ribo_depletion", "t_pnr": 2580.749999999931, "dt_walking_dead": 787.0499999996819, "N_RNAP": 17, "N_Ribo": 2, "N_ATP": 1000, "seed": 41}