{"t_death": 5761.799999998645, "death_mode": "ribo_collapse", "pnr_type": "ribo_depletion", "t_pnr": 4801.949999999033, "dt_walking_dead": 959.849999999612, "N_RNAP": 17, "N_Ribo": 100, "N_ATP": 1000, "seed": 40}