{"t_death": 5864.399999998604, "death_mode": "ribo_collapse", "pnr_type": "ribo_depletion", "t_pnr": 5579.549999998719, "dt_walking_dead": 284.84999999988486, "N_RNAP": 41, "N_Ribo": 41, "N_ATP": 1000, "seed": 34}