{"t_death": 5375.699999998801, "death_mode": "ribo_collapse", "pnr_type": "ribo_depletion", "t_pnr": 3376.799999999609, "dt_walking_dead": 1998.899999999192, "N_RNAP": 7, "N_Ribo": 11, "N_ATP": 1000, "seed": 38}