{"t_death": 3243.599999999663, "death_mode": "ribo_collapse", "pnr_type": "ribo_depletion", "t_pnr": 2699.9999999998827, "dt_walking_dead": 543.5999999997803, "N_RNAP": 17, "N_Ribo": 17, "N_ATP": 1000, "seed": 95}