{"t_death": 2787.749999999847, "death_mode": "ribo_collapse", "pnr_type": "ribo_depletion", "t_pnr": 2450.2499999999836, "dt_walking_dead": 337.4999999998636, "N_RNAP": 11, "N_Ribo": 2, "N_ATP": 1000, "seed": 6}