{"t_death": 2657.6999999999, "death_mode": "ribo_collapse", "pnr_type": "ribo_depletion", "t_pnr": 2588.8499999999276, "dt_walking_dead": 68.84999999997217, "N_RNAP": 7, "N_Ribo": 7, "N_ATP": 1000, "seed": 6}