{"t_death": 3905.5499999993954, "death_mode": "cycle_collapse", "pnr_type": "rnap_deadlock", "t_pnr": 3782.699999999445, "dt_walking_dead": 122.84999999995034, "N_RNAP": 3, "N_Ribo": 100, "N_ATP": 1000, "seed": 22}