{"t_death": 5786.999999998635, "death_mode": "ribo_collapse", "pnr_type": "ribo_depletion", "t_pnr": 4012.649999999352, "dt_walking_dead": 1774.3499999992828, "N_RNAP": 17, "N_Ribo": 7, "N_ATP": 1000, "seed": 25}