{"t_death": 2150.550000000105, "death_mode": "cycle_collapse", "pnr_type": "rnap_deadlock", "t_pnr": 2105.100000000123, "dt_walking_dead": 45.44999999998163, "N_RNAP": 3, "N_Ribo": 41, "N_ATP": 1000, "seed": 51}