{"t_death": 3487.0499999995645, "death_mode": "cycle_collapse", "pnr_type": "rnap_deadlock", "t_pnr": 3257.5499999996573, "dt_walking_dead": 229.49999999990723, "N_RNAP": 41, "N_Ribo": 7, "N_ATP": 1000, "seed": 73}