{"t_death": 3589.1999999995232, "death_mode": "cycle_collapse", "pnr_type": "rnap_deadlock", "t_pnr": 3581.999999999526, "dt_walking_dead": 7.19999999999709, "N_RNAP": 64, "N_Ribo": 17, "N_ATP": 1000, "seed": 39}