{"t_death": 6333.749999998414, "death_mode": "ribo_collapse", "pnr_type": "ribo_depletion", "t_pnr": 3111.7499999997162, "dt_walking_dead": 3221.9999999986976, "N_RNAP": 27, "N_Ribo": 41, "N_ATP": 1000, "seed": 50}