{"t_death": 1596.6000000001004, "death_mode": "cycle_collapse", "pnr_type": "rnap_deadlock", "t_pnr": 1444.950000000085, "dt_walking_dead": 151.65000000001532, "N_RNAP": 4, "N_Ribo": 3, "N_ATP": 1000, "seed": 90}