{"t_death": 4706.549999999072, "death_mode": "ribo_collapse", "pnr_type": "ribo_depletion", "t_pnr": 4484.249999999161, "dt_walking_dead": 222.29999999991014, "N_RNAP": 7, "N_Ribo": 17, "N_ATP": 1000, "seed": 74}