{"t_death": 2202.7500000000837, "death_mode": "ribo_collapse", "pnr_type": "ribo_depletion", "t_pnr": 743.8500000000143, "dt_walking_dead": 1458.9000000000692, "N_RNAP": 7, "N_Ribo": 3, "N_ATP": 1000, "seed": 57}