{"t_death": 4504.499999999153, "death_mode": "ribo_collapse", "pnr_type": "ribo_depletion", "t_pnr": 1088.100000000049, "dt_walking_dead": 3416.3999999991042, "N_RNAP": 100, "N_Ribo": 2, "N_ATP": 1000, "seed": 10}