{"t_death": 4953.149999998972, "death_mode": "ribo_collapse", "pnr_type": "ribo_depletion", "t_pnr": 2145.600000000107, "dt_walking_dead": 2807.549999998865, "N_RNAP": 64, "N_Ribo": 4, "N_ATP": 1000, "seed": 63}