{"t_death": 6425.549999998377, "death_mode": "ribo_collapse", "pnr_type": "ribo_depletion", "t_pnr": 3796.1999999994396, "dt_walking_dead": 2629.349999998937, "N_RNAP": 100, "N_Ribo": 11, "N_ATP": 1000, "seed": 53}