{"t_death": 6239.249999998452, "death_mode": "cycle_collapse", "pnr_type": "rnap_deadlock", "t_pnr": 6001.199999998548, "dt_walking_dead": 238.04999999990378, "N_RNAP": 11, "N_Ribo": 41, "N_ATP": 1000, "seed": 24}