{"t_death": 3761.9999999994534, "death_mode": "ribo_collapse", "pnr_type": "ribo_depletion", "t_pnr": 2362.950000000019, "dt_walking_dead": 1399.0499999994345, "N_RNAP": 11, "N_Ribo": 7, "N_ATP": 1000, "seed": 49}