{"t_death": 5359.9499999988075, "death_mode": "ribo_collapse", "pnr_type": "ribo_depletion", "t_pnr": 3466.7999999995727, "dt_walking_dead": 1893.1499999992348, "N_RNAP": 64, "N_Ribo": 11, "N_ATP": 1000, "seed": 17}