{"t_death": 2755.3499999998603, "death_mode": "ribo_collapse", "pnr_type": "ribo_depletion", "t_pnr": 1353.6000000000759, "dt_walking_dead": 1401.7499999997844, "N_RNAP": 27, "N_Ribo": 2, "N_ATP": 1000, "seed": 3}