{"t_death": 8519.849999998192, "death_mode": "ribo_collapse", "pnr_type": "ribo_depletion", "t_pnr": 2696.399999999884, "dt_walking_dead": 5823.449999998308, "N_RNAP": 64, "N_Ribo": 2, "N_ATP": 1000, "seed": 49}