{"t_death": 3131.999999999708, "death_mode": "cycle_collapse", "pnr_type": "rnap_deadlock", "t_pnr": 2962.7999999997764, "dt_walking_dead": 169.1999999999316, "N_RNAP": 41, "N_Ribo": 2, "N_ATP": 1000, "seed": 20}