{"t_death": 3776.3999999994476, "death_mode": "cycle_collapse", "pnr_type": "rnap_deadlock", "t_pnr": 3637.349999999504, "dt_walking_dead": 139.0499999999438, "N_RNAP": 27, "N_Ribo": 17, "N_ATP": 1000, "seed": 80}