{"t_death": 6450.749999998367, "death_mode": "ribo_collapse", "pnr_type": "ribo_depletion", "t_pnr": 955.3500000000357, "dt_walking_dead": 5495.399999998331, "N_RNAP": 64, "N_Ribo": 2, "N_ATP": 1000, "seed": 14}