{"t_death": 3350.6999999996196, "death_mode": "ribo_collapse", "pnr_type": "ribo_depletion", "t_pnr": 1968.300000000138, "dt_walking_dead": 1382.3999999994817, "N_RNAP": 41, "N_Ribo": 4, "N_ATP": 1000, "seed": 13}