{"t_death": 3118.0499999997137, "death_mode": "cycle_collapse", "pnr_type": "rnap_deadlock", "t_pnr": 2953.3499999997803, "dt_walking_dead": 164.69999999993342, "N_RNAP": 64, "N_Ribo": 17, "N_ATP": 1000, "seed": 50}