{"t_death": 5768.549999998642, "death_mode": "ribo_collapse", "pnr_type": "ribo_depletion", "t_pnr": 2011.5000000001423, "dt_walking_dead": 3757.0499999985, "N_RNAP": 64, "N_Ribo": 4, "N_ATP": 1000, "seed": 60}