{"t_death": 3380.3999999996076, "death_mode": "ribo_collapse", "pnr_type": "ribo_depletion", "t_pnr": 3042.4499999997443, "dt_walking_dead": 337.9499999998634, "N_RNAP": 27, "N_Ribo": 7, "N_ATP": 1000, "seed": 16}