{"t_death": 4304.699999999234, "death_mode": "ribo_collapse", "pnr_type": "ribo_depletion", "t_pnr": 3163.949999999695, "dt_walking_dead": 1140.7499999995389, "N_RNAP": 4, "N_Ribo": 100, "N_ATP": 1000, "seed": 38}