{"t_death": 4922.0999999989845, "death_mode": "ribo_collapse", "pnr_type": "ribo_depletion", "t_pnr": 3932.0999999993846, "dt_walking_dead": 989.9999999995998, "N_RNAP": 27, "N_Ribo": 11, "N_ATP": 1000, "seed": 33}