{"t_death": 5116.049999998906, "death_mode": "ribo_collapse", "pnr_type": "ribo_depletion", "t_pnr": 2833.6499999998287, "dt_walking_dead": 2282.3999999990774, "N_RNAP": 100, "N_Ribo": 2, "N_ATP": 1000, "seed": 12}