{"t_death": 2071.350000000137, "death_mode": "ribo_collapse", "pnr_type": "ribo_depletion", "t_pnr": 1471.0500000000877, "dt_walking_dead": 600.3000000000491, "N_RNAP": 7, "N_Ribo": 3, "N_ATP": 1000, "seed": 14}