{"t_death": 2991.149999999765, "death_mode": "cycle_collapse", "pnr_type": "rnap_deadlock", "t_pnr": 2955.1499999997795, "dt_walking_dead": 35.99999999998545, "N_RNAP": 27, "N_Ribo": 17, "N_ATP": 1000, "seed": 0}