{"t_death": 5945.399999998571, "death_mode": "ribo_collapse", "pnr_type": "ribo_depletion", "t_pnr": 4921.649999998985, "dt_walking_dead": 1023.7499999995862, "N_RNAP": 100, "N_Ribo": 4, "N_ATP": 1000, "seed": 23}