{"t_death": 1289.7000000000694, "death_mode": "cycle_collapse", "pnr_type": "rnap_deadlock", "t_pnr": 1271.7000000000676, "dt_walking_dead": 18.00000000000182, "N_RNAP": 4, "N_Ribo": 27, "N_ATP": 1000, "seed": 60}