{"t_death": 3057.749999999738, "death_mode": "ribo_collapse", "pnr_type": "ribo_depletion", "t_pnr": 2704.049999999881, "dt_walking_dead": 353.699999999857, "N_RNAP": 17, "N_Ribo": 41, "N_ATP": 1000, "seed": 66}