{"t_death": 1124.5500000000527, "death_mode": "cycle_collapse", "pnr_type": "rnap_deadlock", "t_pnr": 996.3000000000399, "dt_walking_dead": 128.25000000001285, "N_RNAP": 4, "N_Ribo": 7, "N_ATP": 1000, "seed": 89}