{"t_death": 3493.799999999562, "death_mode": "ribo_collapse", "pnr_type": "ribo_depletion", "t_pnr": 3234.5999999996666, "dt_walking_dead": 259.1999999998952, "N_RNAP": 11, "N_Ribo": 2, "N_ATP": 1000, "seed": 14}