{"t_death": 4449.599999999175, "death_mode": "ribo_collapse", "pnr_type": "ribo_depletion", "t_pnr": 1449.0000000000855, "dt_walking_dead": 3000.59999999909, "N_RNAP": 27, "N_Ribo": 4, "N_ATP": 1000, "seed": 15}