{"t_death": 4560.299999999131, "death_mode": "ribo_collapse", "pnr_type": "ribo_depletion", "t_pnr": 1930.9500000001342, "dt_walking_dead": 2629.3499999989963, "N_RNAP": 27, "N_Ribo": 4, "N_ATP": 1000, "seed": 83}