{"t_death": 2890.7999999998056, "death_mode": "cycle_collapse", "pnr_type": "rnap_deadlock", "t_pnr": 2773.349999999853, "dt_walking_dead": 117.44999999995252, "N_RNAP": 4, "N_Ribo": 7, "N_ATP": 1000, "seed": 20}