{"t_death": 3199.049999999681, "death_mode": "cycle_collapse", "pnr_type": "rnap_deadlock", "t_pnr": 3180.1499999996886, "dt_walking_dead": 18.89999999999236, "N_RNAP": 3, "N_Ribo": 100, "N_ATP": 1000, "seed": 45}