{"t_death": 2166.750000000098, "death_mode": "cycle_collapse", "pnr_type": "rnap_deadlock", "t_pnr": 1980.4500000001392, "dt_walking_dead": 186.29999999995903, "N_RNAP": 4, "N_Ribo": 17, "N_ATP": 1000, "seed": 35}