{"t_death": 1846.8000000001257, "death_mode": "cycle_collapse", "pnr_type": "rnap_deadlock", "t_pnr": 1798.2000000001208, "dt_walking_dead": 48.60000000000491, "N_RNAP": 7, "N_Ribo": 64, "N_ATP": 1000, "seed": 36}