{"t_death": 3063.149999999736, "death_mode": "cycle_collapse", "pnr_type": "rnap_deadlock", "t_pnr": 2939.399999999786, "dt_walking_dead": 123.74999999994998, "N_RNAP": 41, "N_Ribo": 41, "N_ATP": 1000, "seed": 83}