{"t_death": 4235.849999999262, "death_mode": "ribo_collapse", "pnr_type": "ribo_depletion", "t_pnr": 1097.55000000005, "dt_walking_dead": 3138.2999999992116, "N_RNAP": 27, "N_Ribo": 3, "N_ATP": 1000, "seed": 88}