{"t_death": 9066.599999999076, "death_mode": "ribo_collapse", "pnr_type": "ribo_depletion", "t_pnr": 4085.5499999993226, "dt_walking_dead": 4981.049999999754, "N_RNAP": 41, "N_Ribo": 17, "N_ATP": 1000, "seed": 24}