{"t_death": 1437.7500000000844, "death_mode": "cycle_collapse", "pnr_type": "rnap_deadlock", "t_pnr": 1403.550000000081, "dt_walking_dead": 34.200000000003456, "N_RNAP": 4, "N_Ribo": 27, "N_ATP": 1000, "seed": 32}