{"t_death": 2254.5000000000628, "death_mode": "ribo_collapse", "pnr_type": "ribo_depletion", "t_pnr": 1869.750000000128, "dt_walking_dead": 384.74999999993474, "N_RNAP": 7, "N_Ribo": 2, "N_ATP": 1000, "seed": 11}