{"t_death": 5712.299999998665, "death_mode": "ribo_collapse", "pnr_type": "ribo_depletion", "t_pnr": 5630.849999998698, "dt_walking_dead": 81.44999999996708, "N_RNAP": 41, "N_Ribo": 64, "N_ATP": 1000, "seed": 27}