{"t_death": 6092.549999998511, "death_mode": "ribo_collapse", "pnr_type": "ribo_depletion", "t_pnr": 5384.6999999987975, "dt_walking_dead": 707.8499999997139, "N_RNAP": 41, "N_Ribo": 17, "N_ATP": 1000, "seed": 91}