{"t_death": 3608.9999999995152, "death_mode": "cycle_collapse", "pnr_type": "rnap_deadlock", "t_pnr": 3505.949999999557, "dt_walking_dead": 103.04999999995835, "N_RNAP": 100, "N_Ribo": 11, "N_ATP": 1000, "seed": 92}