{"t_death": 5767.199999998643, "death_mode": "ribo_collapse", "pnr_type": "ribo_depletion", "t_pnr": 2207.250000000082, "dt_walking_dead": 3559.949999998561, "N_RNAP": 41, "N_Ribo": 2, "N_ATP": 1000, "seed": 93}