{"t_death": 3967.6499999993703, "death_mode": "cycle_collapse", "pnr_type": "rnap_deadlock", "t_pnr": 3967.6499999993703, "dt_walking_dead": 0.0, "N_RNAP": 17, "N_Ribo": 41, "N_ATP": 1000, "seed": 57}