{"t_death": 5775.29999999864, "death_mode": "ribo_collapse", "pnr_type": "ribo_depletion", "t_pnr": 4148.099999999297, "dt_walking_dead": 1627.1999999993423, "N_RNAP": 64, "N_Ribo": 3, "N_ATP": 1000, "seed": 42}