{"t_death": 3223.799999999671, "death_mode": "ribo_collapse", "pnr_type": "ribo_depletion", "t_pnr": 2501.099999999963, "dt_walking_dead": 722.6999999997079, "N_RNAP": 17, "N_Ribo": 11, "N_ATP": 1000, "seed": 83}