{"t_death": 4456.7999999991725, "death_mode": "ribo_collapse", "pnr_type": "ribo_depletion", "t_pnr": 942.7500000000344, "dt_walking_dead": 3514.049999999138, "N_RNAP": 64, "N_Ribo": 4, "N_ATP": 1000, "seed": 93}