{"t_death": 3554.0999999995374, "death_mode": "cycle_collapse", "pnr_type": "rnap_deadlock", "t_pnr": 3305.699999999638, "dt_walking_dead": 248.3999999998996, "N_RNAP": 27, "N_Ribo": 41, "N_ATP": 1000, "seed": 80}