{"t_death": 3829.949999999426, "death_mode": "ribo_collapse", "pnr_type": "ribo_depletion", "t_pnr": 3618.8999999995112, "dt_walking_dead": 211.0499999999147, "N_RNAP": 41, "N_Ribo": 41, "N_ATP": 1000, "seed": 56}