{"t_death": 4414.04999999919, "death_mode": "ribo_collapse", "pnr_type": "ribo_depletion", "t_pnr": 2245.5000000000664, "dt_walking_dead": 2168.5499999991234, "N_RNAP": 100, "N_Ribo": 3, "N_ATP": 1000, "seed": 2}