{"t_death": 5668.199999998683, "death_mode": "ribo_collapse", "pnr_type": "ribo_depletion", "t_pnr": 3835.7999999994236, "dt_walking_dead": 1832.3999999992593, "N_RNAP": 41, "N_Ribo": 3, "N_ATP": 1000, "seed": 26}