{"t_death": 6925.499999998175, "death_mode": "ribo_collapse", "pnr_type": "ribo_depletion", "t_pnr": 1201.0500000000604, "dt_walking_dead": 5724.449999998114, "N_RNAP": 7, "N_Ribo": 4, "N_ATP": 1000, "seed": 48}