{"t_death": 1522.350000000093, "death_mode": "cycle_collapse", "pnr_type": "rnap_deadlock", "t_pnr": 1208.7000000000612, "dt_walking_dead": 313.6500000000317, "N_RNAP": 4, "N_Ribo": 2, "N_ATP": 1000, "seed": 45}