{"t_death": 10613.250000001577, "death_mode": "ribo_collapse", "pnr_type": "ribo_depletion", "t_pnr": 1007.550000000041, "dt_walking_dead": 9605.700000001536, "N_RNAP": 27, "N_Ribo": 2, "N_ATP": 1000, "seed": 85}