{"t_death": 2411.0999999999995, "death_mode": "ribo_collapse", "pnr_type": "ribo_depletion", "t_pnr": 862.2000000000263, "dt_walking_dead": 1548.8999999999733, "N_RNAP": 11, "N_Ribo": 3, "N_ATP": 1000, "seed": 80}