{"t_death": 3862.349999999413, "death_mode": "atp_depletion", "pnr_type": "ribo_depletion", "t_pnr": 3685.0499999994845, "dt_walking_dead": 177.29999999992833, "N_RNAP": 100, "N_Ribo": 17, "N_ATP": 1000, "seed": 82}