{"t_death": 3734.9999999994643, "death_mode": "ribo_collapse", "pnr_type": "ribo_depletion", "t_pnr": 1984.9500000001397, "dt_walking_dead": 1750.0499999993247, "N_RNAP": 41, "N_Ribo": 11, "N_ATP": 1000, "seed": 9}