{"t_death": 6027.7499999985375, "death_mode": "ribo_collapse", "pnr_type": "ribo_depletion", "t_pnr": 3574.3499999995292, "dt_walking_dead": 2453.3999999990083, "N_RNAP": 41, "N_Ribo": 2, "N_ATP": 1000, "seed": 18}