{"t_death": 3235.499999999666, "death_mode": "ribo_collapse", "pnr_type": "ribo_depletion", "t_pnr": 821.2500000000222, "dt_walking_dead": 2414.249999999644, "N_RNAP": 41, "N_Ribo": 3, "N_ATP": 1000, "seed": 0}