{"t_death": 5071.949999998924, "death_mode": "cycle_collapse", "pnr_type": "rnap_deadlock", "t_pnr": 5042.699999998936, "dt_walking_dead": 29.249999999988177, "N_RNAP": 41, "N_Ribo": 27, "N_ATP": 1000, "seed": 65}