{"t_death": 6990.299999998148, "death_mode": "ribo_collapse", "pnr_type": "ribo_depletion", "t_pnr": 5147.0999999988935, "dt_walking_dead": 1843.199999999255, "N_RNAP": 41, "N_Ribo": 7, "N_ATP": 1000, "seed": 63}