{"t_death": 4174.649999999287, "death_mode": "ribo_collapse", "pnr_type": "ribo_depletion", "t_pnr": 1917.0000000001328, "dt_walking_dead": 2257.649999999154, "N_RNAP": 4, "N_Ribo": 4, "N_ATP": 1000, "seed": 41}