{"t_death": 3610.7999999995145, "death_mode": "ribo_collapse", "pnr_type": "ribo_depletion", "t_pnr": 1007.550000000041, "dt_walking_dead": 2603.2499999994734, "N_RNAP": 41, "N_Ribo": 3, "N_ATP": 1000, "seed": 38}