{"t_death": 4837.049999999019, "death_mode": "cycle_collapse", "pnr_type": "rnap_deadlock", "t_pnr": 4580.5499999991225, "dt_walking_dead": 256.4999999998963, "N_RNAP": 27, "N_Ribo": 27, "N_ATP": 1000, "seed": 88}