{"t_death": 1471.0500000000877, "death_mode": "ribo_collapse", "pnr_type": "ribo_depletion", "t_pnr": 605.7000000000004, "dt_walking_dead": 865.3500000000873, "N_RNAP": 4, "N_Ribo": 2, "N_ATP": 1000, "seed": 54}