{"t_death": 3990.149999999361, "death_mode": "ribo_collapse", "pnr_type": "ribo_depletion", "t_pnr": 3449.6999999995796, "dt_walking_dead": 540.4499999997815, "N_RNAP": 17, "N_Ribo": 27, "N_ATP": 1000, "seed": 94}