{"t_death": 5609.6999999987065, "death_mode": "ribo_collapse", "pnr_type": "ribo_depletion", "t_pnr": 1159.2000000000562, "dt_walking_dead": 4450.49999999865, "N_RNAP": 64, "N_Ribo": 4, "N_ATP": 1000, "seed": 62}