{"t_death": 2498.399999999964, "death_mode": "ribo_collapse", "pnr_type": "ribo_depletion", "t_pnr": 2065.500000000139, "dt_walking_dead": 432.899999999825, "N_RNAP": 11, "N_Ribo": 4, "N_ATP": 1000, "seed": 97}