{"t_death": 4483.349999999162, "death_mode": "ribo_collapse", "pnr_type": "ribo_depletion", "t_pnr": 3248.549999999661, "dt_walking_dead": 1234.7999999995009, "N_RNAP": 27, "N_Ribo": 11, "N_ATP": 1000, "seed": 0}