{"t_death": 3454.199999999578, "death_mode": "ribo_collapse", "pnr_type": "ribo_depletion", "t_pnr": 2910.5999999997975, "dt_walking_dead": 543.5999999997803, "N_RNAP": 17, "N_Ribo": 17, "N_ATP": 1000, "seed": 3}