{"t_death": 3790.349999999442, "death_mode": "ribo_collapse", "pnr_type": "ribo_depletion", "t_pnr": 309.149999999996, "dt_walking_dead": 3481.199999999446, "N_RNAP": 27, "N_Ribo": 4, "N_ATP": 1000, "seed": 6}