{"t_death": 4142.2499999993, "death_mode": "ribo_collapse", "pnr_type": "ribo_depletion", "t_pnr": 993.6000000000396, "dt_walking_dead": 3148.64999999926, "N_RNAP": 64, "N_Ribo": 2, "N_ATP": 1000, "seed": 92}