{"t_death": 3983.399999999364, "death_mode": "ribo_collapse", "pnr_type": "ribo_depletion", "t_pnr": 3600.4499999995187, "dt_walking_dead": 382.9499999998452, "N_RNAP": 17, "N_Ribo": 41, "N_ATP": 1000, "seed": 51}