{"t_death": 4291.1999999992395, "death_mode": "cycle_collapse", "pnr_type": "rnap_deadlock", "t_pnr": 4263.299999999251, "dt_walking_dead": 27.899999999988722, "N_RNAP": 7, "N_Ribo": 7, "N_ATP": 1000, "seed": 77}