{"t_death": 2969.9999999997735, "death_mode": "ribo_collapse", "pnr_type": "ribo_depletion", "t_pnr": 2187.00000000009, "dt_walking_dead": 782.9999999996835, "N_RNAP": 2, "N_Ribo": 11, "N_ATP": 1000, "seed": 37}