{"t_death": 5046.749999998934, "death_mode": "ribo_collapse", "pnr_type": "ribo_depletion", "t_pnr": 1830.600000000124, "dt_walking_dead": 3216.14999999881, "N_RNAP": 4, "N_Ribo": 2, "N_ATP": 1000, "seed": 85}