{"t_death": 4618.349999999107, "death_mode": "cycle_collapse", "pnr_type": "rnap_deadlock", "t_pnr": 4407.749999999192, "dt_walking_dead": 210.59999999991487, "N_RNAP": 11, "N_Ribo": 64, "N_ATP": 1000, "seed": 92}