{"t_death": 1763.5500000001173, "death_mode": "cycle_collapse", "pnr_type": "rnap_deadlock", "t_pnr": 1726.2000000001135, "dt_walking_dead": 37.350000000003774, "N_RNAP": 7, "N_Ribo": 11, "N_ATP": 1000, "seed": 72}