{"t_death": 888.750000000029, "death_mode": "cycle_collapse", "pnr_type": "rnap_deadlock", "t_pnr": 755.1000000000155, "dt_walking_dead": 133.6500000000135, "N_RNAP": 3, "N_Ribo": 64, "N_ATP": 1000, "seed": 4}