{"t_death": 2880.4499999998097, "death_mode": "cycle_collapse", "pnr_type": "rnap_deadlock", "t_pnr": 2880.4499999998097, "dt_walking_dead": 0.0, "N_RNAP": 4, "N_Ribo": 100, "N_ATP": 1000, "seed": 56}