{"t_death": 3966.7499999993706, "death_mode": "cycle_collapse", "pnr_type": "rnap_deadlock", "t_pnr": 3923.0999999993883, "dt_walking_dead": 43.649999999982356, "N_RNAP": 3, "N_Ribo": 100, "N_ATP": 1000, "seed": 60}