{"t_death": 4453.649999999174, "death_mode": "ribo_collapse", "pnr_type": "ribo_depletion", "t_pnr": 4211.9999999992715, "dt_walking_dead": 241.64999999990232, "N_RNAP": 41, "N_Ribo": 7, "N_ATP": 1000, "seed": 97}