{"t_death": 1545.3000000000952, "death_mode": "ribo_collapse", "pnr_type": "ribo_depletion", "t_pnr": 976.5000000000379, "dt_walking_dead": 568.8000000000574, "N_RNAP": 2, "N_Ribo": 7, "N_ATP": 1000, "seed": 0}