{"t_death": 1202.4000000000606, "death_mode": "ribo_collapse", "pnr_type": "ribo_depletion", "t_pnr": 698.8500000000098, "dt_walking_dead": 503.5500000000508, "N_RNAP": 3, "N_Ribo": 3, "N_ATP": 1000, "seed": 12}