{"t_death": 3439.7999999995836, "death_mode": "cycle_collapse", "pnr_type": "rnap_deadlock", "t_pnr": 3439.7999999995836, "dt_walking_dead": 0.0, "N_RNAP": 11, "N_Ribo": 41, "N_ATP": 1000, "seed": 52}