{"t_death": 6344.09999999841, "death_mode": "ribo_collapse", "pnr_type": "ribo_depletion", "t_pnr": 5446.799999998772, "dt_walking_dead": 897.2999999996373, "N_RNAP": 64, "N_Ribo": 41, "N_ATP": 1000, "seed": 28}