{"t_death": 4407.299999999193, "death_mode": "ribo_collapse", "pnr_type": "ribo_depletion", "t_pnr": 4048.1999999993377, "dt_walking_dead": 359.09999999985484, "N_RNAP": 17, "N_Ribo": 17, "N_ATP": 1000, "seed": 37}