{"t_death": 3373.6499999996104, "death_mode": "cycle_collapse", "pnr_type": "rnap_deadlock", "t_pnr": 3318.7499999996326, "dt_walking_dead": 54.89999999997781, "N_RNAP": 17, "N_Ribo": 17, "N_ATP": 1000, "seed": 85}