{"t_death": 1732.9500000001142, "death_mode": "ribo_collapse", "pnr_type": "ribo_depletion", "t_pnr": 1381.0500000000786, "dt_walking_dead": 351.90000000003556, "N_RNAP": 7, "N_Ribo": 7, "N_ATP": 1000, "seed": 16}