{"t_death": 2375.100000000014, "death_mode": "ribo_collapse", "pnr_type": "ribo_depletion", "t_pnr": 1166.850000000057, "dt_walking_dead": 1208.249999999957, "N_RNAP": 17, "N_Ribo": 2, "N_ATP": 1000, "seed": 72}