{"t_death": 3316.0499999996337, "death_mode": "ribo_collapse", "pnr_type": "ribo_depletion", "t_pnr": 897.3000000000299, "dt_walking_dead": 2418.749999999604, "N_RNAP": 11, "N_Ribo": 2, "N_ATP": 1000, "seed": 34}