{"t_death": 2906.549999999799, "death_mode": "ribo_collapse", "pnr_type": "ribo_depletion", "t_pnr": 1548.4500000000955, "dt_walking_dead": 1358.0999999997036, "N_RNAP": 27, "N_Ribo": 2, "N_ATP": 1000, "seed": 7}