{"t_death": 1738.3500000001147, "death_mode": "cycle_collapse", "pnr_type": "rnap_deadlock", "t_pnr": 1729.3500000001138, "dt_walking_dead": 9.00000000000091, "N_RNAP": 2, "N_Ribo": 11, "N_ATP": 1000, "seed": 39}