{"t_death": 3278.6999999996488, "death_mode": "ribo_collapse", "pnr_type": "ribo_depletion", "t_pnr": 1423.800000000083, "dt_walking_dead": 1854.8999999995658, "N_RNAP": 17, "N_Ribo": 4, "N_ATP": 1000, "seed": 49}