{"t_death": 5814.899999998624, "death_mode": "atp_depletion", "pnr_type": "ribo_depletion", "t_pnr": 1906.6500000001317, "dt_walking_dead": 3908.249999998492, "N_RNAP": 100, "N_Ribo": 2, "N_ATP": 1000, "seed": 83}