{"t_death": 1545.3000000000952, "death_mode": "cycle_collapse", "pnr_type": "rnap_deadlock", "t_pnr": 1460.7000000000867, "dt_walking_dead": 84.60000000000855, "N_RNAP": 4, "N_Ribo": 7, "N_ATP": 1000, "seed": 28}