{"t_death": 3602.249999999518, "death_mode": "ribo_collapse", "pnr_type": "ribo_depletion", "t_pnr": 2822.849999999833, "dt_walking_dead": 779.399999999685, "N_RNAP": 11, "N_Ribo": 17, "N_ATP": 1000, "seed": 16}