{"t_death": 4130.999999999304, "death_mode": "ribo_collapse", "pnr_type": "ribo_depletion", "t_pnr": 2425.9499999999935, "dt_walking_dead": 1705.0499999993108, "N_RNAP": 100, "N_Ribo": 3, "N_ATP": 1000, "seed": 3}