{"t_death": 8713.349999998505, "death_mode": "ribo_collapse", "pnr_type": "ribo_depletion", "t_pnr": 637.2000000000036, "dt_walking_dead": 8076.149999998502, "N_RNAP": 17, "N_Ribo": 2, "N_ATP": 1000, "seed": 99}