{"t_death": 3730.499999999466, "death_mode": "cycle_collapse", "pnr_type": "rnap_deadlock", "t_pnr": 3706.6499999994758, "dt_walking_dead": 23.84999999999036, "N_RNAP": 100, "N_Ribo": 11, "N_ATP": 1000, "seed": 49}