{"t_death": 4101.299999999316, "death_mode": "ribo_collapse", "pnr_type": "ribo_depletion", "t_pnr": 4064.849999999331, "dt_walking_dead": 36.449999999985266, "N_RNAP": 17, "N_Ribo": 11, "N_ATP": 1000, "seed": 49}