{"t_death": 3255.749999999658, "death_mode": "ribo_collapse", "pnr_type": "ribo_depletion", "t_pnr": 2948.849999999782, "dt_walking_dead": 306.89999999987594, "N_RNAP": 17, "N_Ribo": 7, "N_ATP": 1000, "seed": 45}