{"t_death": 6380.549999998395, "death_mode": "ribo_collapse", "pnr_type": "ribo_depletion", "t_pnr": 1730.700000000114, "dt_walking_dead": 4649.849999998281, "N_RNAP": 27, "N_Ribo": 11, "N_ATP": 1000, "seed": 91}