{"t_death": 4621.949999999106, "death_mode": "ribo_collapse", "pnr_type": "ribo_depletion", "t_pnr": 3603.5999999995174, "dt_walking_dead": 1018.3499999995884, "N_RNAP": 100, "N_Ribo": 7, "N_ATP": 1000, "seed": 80}