{"t_death": 1344.150000000075, "death_mode": "cycle_collapse", "pnr_type": "rnap_deadlock", "t_pnr": 1336.5000000000741, "dt_walking_dead": 7.650000000000773, "N_RNAP": 2, "N_Ribo": 64, "N_ATP": 1000, "seed": 49}