{"t_death": 2906.999999999799, "death_mode": "ribo_collapse", "pnr_type": "ribo_depletion", "t_pnr": 2640.5999999999067, "dt_walking_dead": 266.3999999998923, "N_RNAP": 7, "N_Ribo": 3, "N_ATP": 1000, "seed": 98}