{"t_death": 2116.8000000001184, "death_mode": "ribo_collapse", "pnr_type": "ribo_depletion", "t_pnr": 474.2999999999918, "dt_walking_dead": 1642.5000000001266, "N_RNAP": 7, "N_Ribo": 2, "N_ATP": 1000, "seed": 46}