{"t_death": 275.39999999999685, "death_mode": "cycle_collapse", "pnr_type": "rnap_deadlock", "t_pnr": 252.44999999999743, "dt_walking_dead": 22.94999999999942, "N_RNAP": 2, "N_Ribo": 64, "N_ATP": 1000, "seed": 83}