{"t_death": 1600.6500000001008, "death_mode": "cycle_collapse", "pnr_type": "rnap_deadlock", "t_pnr": 1543.500000000095, "dt_walking_dead": 57.150000000005775, "N_RNAP": 11, "N_Ribo": 41, "N_ATP": 1000, "seed": 9}