{"t_death": 4396.049999999197, "death_mode": "ribo_collapse", "pnr_type": "ribo_depletion", "t_pnr": 1647.4500000001055, "dt_walking_dead": 2748.599999999092, "N_RNAP": 100, "N_Ribo": 3, "N_ATP": 1000, "seed": 35}