{"t_death": 3559.0499999995354, "death_mode": "ribo_collapse", "pnr_type": "ribo_depletion", "t_pnr": 1074.6000000000477, "dt_walking_dead": 2484.4499999994878, "N_RNAP": 2, "N_Ribo": 4, "N_ATP": 1000, "seed": 41}