{"t_death": 2843.9999999998245, "death_mode": "ribo_collapse", "pnr_type": "ribo_depletion", "t_pnr": 969.7500000000372, "dt_walking_dead": 1874.2499999997872, "N_RNAP": 27, "N_Ribo": 7, "N_ATP": 1000, "seed": 77}