{"t_death": 3586.949999999524, "death_mode": "ribo_collapse", "pnr_type": "ribo_depletion", "t_pnr": 1804.5000000001214, "dt_walking_dead": 1782.4499999994027, "N_RNAP": 4, "N_Ribo": 27, "N_ATP": 1000, "seed": 96}