{"t_death": 7075.799999998114, "death_mode": "ribo_collapse", "pnr_type": "ribo_depletion", "t_pnr": 5747.399999998651, "dt_walking_dead": 1328.399999999463, "N_RNAP": 100, "N_Ribo": 7, "N_ATP": 1000, "seed": 54}