{"t_death": 1125.4500000000528, "death_mode": "cycle_collapse", "pnr_type": "rnap_deadlock", "t_pnr": 1035.4500000000437, "dt_walking_dead": 90.0000000000091, "N_RNAP": 4, "N_Ribo": 17, "N_ATP": 1000, "seed": 15}