{"t_death": 5809.499999998626, "death_mode": "ribo_collapse", "pnr_type": "ribo_depletion", "t_pnr": 2604.5999999999212, "dt_walking_dead": 3204.8999999987045, "N_RNAP": 27, "N_Ribo": 11, "N_ATP": 1000, "seed": 41}