{"t_death": 2972.6999999997724, "death_mode": "cycle_collapse", "pnr_type": "rnap_deadlock", "t_pnr": 2874.1499999998123, "dt_walking_dead": 98.54999999996016, "N_RNAP": 3, "N_Ribo": 41, "N_ATP": 1000, "seed": 68}