{"t_death": 2328.7500000000327, "death_mode": "cycle_collapse", "pnr_type": "rnap_deadlock", "t_pnr": 2271.600000000056, "dt_walking_dead": 57.1499999999769, "N_RNAP": 2, "N_Ribo": 64, "N_ATP": 1000, "seed": 69}