{"t_death": 3573.8999999995294, "death_mode": "ribo_collapse", "pnr_type": "ribo_depletion", "t_pnr": 3212.0999999996757, "dt_walking_dead": 361.79999999985375, "N_RNAP": 64, "N_Ribo": 7, "N_ATP": 1000, "seed": 74}