{"t_death": 1417.9500000000824, "death_mode": "cycle_collapse", "pnr_type": "rnap_deadlock", "t_pnr": 1386.9000000000792, "dt_walking_dead": 31.050000000003138, "N_RNAP": 7, "N_Ribo": 2, "N_ATP": 1000, "seed": 73}