{"t_death": 3019.0499999997537, "death_mode": "ribo_collapse", "pnr_type": "ribo_depletion", "t_pnr": 1908.0000000001319, "dt_walking_dead": 1111.0499999996218, "N_RNAP": 27, "N_Ribo": 3, "N_ATP": 1000, "seed": 0}