{"t_death": 2805.74999999984, "death_mode": "cycle_collapse", "pnr_type": "rnap_deadlock", "t_pnr": 2789.9999999998463, "dt_walking_dead": 15.749999999993634, "N_RNAP": 3, "N_Ribo": 41, "N_ATP": 1000, "seed": 62}