{"t_death": 4059.899999999333, "death_mode": "ribo_collapse", "pnr_type": "ribo_depletion", "t_pnr": 1728.4500000001137, "dt_walking_dead": 2331.4499999992195, "N_RNAP": 27, "N_Ribo": 3, "N_ATP": 1000, "seed": 15}