{"t_death": 4729.949999999062, "death_mode": "ribo_collapse", "pnr_type": "ribo_depletion", "t_pnr": 4339.34999999922, "dt_walking_dead": 390.5999999998421, "N_RNAP": 100, "N_Ribo": 7, "N_ATP": 1000, "seed": 41}