{"t_death": 4673.249999999085, "death_mode": "ribo_collapse", "pnr_type": "ribo_depletion", "t_pnr": 1279.3500000000683, "dt_walking_dead": 3393.8999999990165, "N_RNAP": 27, "N_Ribo": 3, "N_ATP": 1000, "seed": 49}