{"t_death": 4222.349999999267, "death_mode": "ribo_collapse", "pnr_type": "ribo_depletion", "t_pnr": 3979.3499999993655, "dt_walking_dead": 242.99999999990177, "N_RNAP": 2, "N_Ribo": 64, "N_ATP": 1000, "seed": 60}