{"t_death": 1182.1500000000585, "death_mode": "cycle_collapse", "pnr_type": "rnap_deadlock", "t_pnr": 992.2500000000394, "dt_walking_dead": 189.90000000001908, "N_RNAP": 4, "N_Ribo": 17, "N_ATP": 1000, "seed": 28}