{"t_death": 7302.599999998022, "death_mode": "ribo_collapse", "pnr_type": "ribo_depletion", "t_pnr": 4010.399999999353, "dt_walking_dead": 3292.199999998669, "N_RNAP": 100, "N_Ribo": 4, "N_ATP": 1000, "seed": 74}