{"t_death": 5830.199999998617, "death_mode": "ribo_collapse", "pnr_type": "ribo_depletion", "t_pnr": 4439.699999999179, "dt_walking_dead": 1390.499999999438, "N_RNAP": 4, "N_Ribo": 11, "N_ATP": 1000, "seed": 65}