{"t_death": 3254.8499999996584, "death_mode": "ribo_collapse", "pnr_type": "ribo_depletion", "t_pnr": 3096.4499999997224, "dt_walking_dead": 158.39999999993597, "N_RNAP": 11, "N_Ribo": 64, "N_ATP": 1000, "seed": 12}