{"t_death": 7991.9999999977435, "death_mode": "ribo_collapse", "pnr_type": "ribo_depletion", "t_pnr": 604.3500000000003, "dt_walking_dead": 7387.649999997743, "N_RNAP": 64, "N_Ribo": 3, "N_ATP": 1000, "seed": 74}