{"t_death": 1687.9500000001096, "death_mode": "cycle_collapse", "pnr_type": "rnap_deadlock", "t_pnr": 1642.050000000105, "dt_walking_dead": 45.90000000000464, "N_RNAP": 17, "N_Ribo": 27, "N_ATP": 1000, "seed": 11}