{"t_death": 3677.8499999994874, "death_mode": "ribo_collapse", "pnr_type": "ribo_depletion", "t_pnr": 3381.749999999607, "dt_walking_dead": 296.0999999998803, "N_RNAP": 64, "N_Ribo": 3, "N_ATP": 1000, "seed": 68}