{"t_death": 1701.000000000111, "death_mode": "cycle_collapse", "pnr_type": "rnap_deadlock", "t_pnr": 1684.8000000001093, "dt_walking_dead": 16.200000000001637, "N_RNAP": 11, "N_Ribo": 4, "N_ATP": 1000, "seed": 16}