{"t_death": 5815.349999998623, "death_mode": "ribo_collapse", "pnr_type": "ribo_depletion", "t_pnr": 2688.749999999887, "dt_walking_dead": 3126.599999998736, "N_RNAP": 41, "N_Ribo": 4, "N_ATP": 1000, "seed": 88}