{"t_death": 5067.8999999989255, "death_mode": "ribo_collapse", "pnr_type": "ribo_depletion", "t_pnr": 3760.649999999454, "dt_walking_dead": 1307.2499999994716, "N_RNAP": 11, "N_Ribo": 41, "N_ATP": 1000, "seed": 3}