{"t_death": 2754.8999999998605, "death_mode": "ribo_collapse", "pnr_type": "ribo_depletion", "t_pnr": 765.0000000000165, "dt_walking_dead": 1989.899999999844, "N_RNAP": 27, "N_Ribo": 7, "N_ATP": 1000, "seed": 10}