{"t_death": 1155.6000000000558, "death_mode": "ribo_collapse", "pnr_type": "ribo_depletion", "t_pnr": 814.5000000000215, "dt_walking_dead": 341.10000000003436, "N_RNAP": 3, "N_Ribo": 2, "N_ATP": 1000, "seed": 2}