{"t_death": 1760.400000000117, "death_mode": "ribo_collapse", "pnr_type": "ribo_depletion", "t_pnr": 360.4499999999947, "dt_walking_dead": 1399.9500000001221, "N_RNAP": 27, "N_Ribo": 3, "N_ATP": 1000, "seed": 82}