{"t_death": 7869.149999997793, "death_mode": "ribo_collapse", "pnr_type": "ribo_depletion", "t_pnr": 6444.449999998369, "dt_walking_dead": 1424.699999999424, "N_RNAP": 7, "N_Ribo": 100, "N_ATP": 1000, "seed": 3}