{"t_death": 5396.849999998793, "death_mode": "atp_depletion", "pnr_type": "ribo_depletion", "t_pnr": 4894.199999998996, "dt_walking_dead": 502.6499999997968, "N_RNAP": 27, "N_Ribo": 100, "N_ATP": 1000, "seed": 81}