{"t_death": 4876.649999999003, "death_mode": "ribo_collapse", "pnr_type": "ribo_depletion", "t_pnr": 4517.099999999148, "dt_walking_dead": 359.54999999985466, "N_RNAP": 27, "N_Ribo": 64, "N_ATP": 1000, "seed": 25}