{"t_death": 3246.7499999996617, "death_mode": "cycle_collapse", "pnr_type": "rnap_deadlock", "t_pnr": 3136.0499999997064, "dt_walking_dead": 110.69999999995525, "N_RNAP": 4, "N_Ribo": 17, "N_ATP": 1000, "seed": 71}