{"t_death": 2818.7999999998347, "death_mode": "ribo_collapse", "pnr_type": "ribo_depletion", "t_pnr": 412.1999999999934, "dt_walking_dead": 2406.599999999841, "N_RNAP": 100, "N_Ribo": 3, "N_ATP": 1000, "seed": 81}