{"t_death": 4337.999999999221, "death_mode": "ribo_collapse", "pnr_type": "ribo_depletion", "t_pnr": 3712.4999999994734, "dt_walking_dead": 625.4999999997472, "N_RNAP": 17, "N_Ribo": 17, "N_ATP": 1000, "seed": 22}