{"t_death": 3587.399999999524, "death_mode": "ribo_collapse", "pnr_type": "ribo_depletion", "t_pnr": 3266.9999999996535, "dt_walking_dead": 320.3999999998705, "N_RNAP": 7, "N_Ribo": 41, "N_ATP": 1000, "seed": 75}