{"t_death": 3923.0999999993883, "death_mode": "ribo_collapse", "pnr_type": "ribo_depletion", "t_pnr": 1503.900000000091, "dt_walking_dead": 2419.1999999992972, "N_RNAP": 27, "N_Ribo": 2, "N_ATP": 1000, "seed": 28}