{"t_death": 195.74999999999886, "death_mode": "cycle_collapse", "pnr_type": "rnap_deadlock", "t_pnr": 166.0499999999996, "dt_walking_dead": 29.69999999999925, "N_RNAP": 2, "N_Ribo": 100, "N_ATP": 1000, "seed": 3}