{"t_death": 1454.400000000086, "death_mode": "ribo_collapse", "pnr_type": "ribo_depletion", "t_pnr": 1299.6000000000704, "dt_walking_dead": 154.80000000001564, "N_RNAP": 3, "N_Ribo": 3, "N_ATP": 1000, "seed": 9}