{"t_death": 2811.5999999998376, "death_mode": "ribo_collapse", "pnr_type": "ribo_depletion", "t_pnr": 2323.350000000035, "dt_walking_dead": 488.24999999980264, "N_RNAP": 17, "N_Ribo": 4, "N_ATP": 1000, "seed": 87}