{"t_death": 3649.9499999994987, "death_mode": "ribo_collapse", "pnr_type": "ribo_depletion", "t_pnr": 1480.9500000000887, "dt_walking_dead": 2168.9999999994097, "N_RNAP": 27, "N_Ribo": 2, "N_ATP": 1000, "seed": 18}