{"t_death": 10135.350000000804, "death_mode": "ribo_collapse", "pnr_type": "ribo_depletion", "t_pnr": 4054.0499999993353, "dt_walking_dead": 6081.300000001469, "N_RNAP": 17, "N_Ribo": 64, "N_ATP": 1000, "seed": 48}