{"t_death": 4805.099999999032, "death_mode": "ribo_collapse", "pnr_type": "ribo_depletion", "t_pnr": 2501.9999999999627, "dt_walking_dead": 2303.099999999069, "N_RNAP": 64, "N_Ribo": 17, "N_ATP": 1000, "seed": 11}