{"t_death": 4314.14999999923, "death_mode": "ribo_collapse", "pnr_type": "ribo_depletion", "t_pnr": 1462.0500000000868, "dt_walking_dead": 2852.0999999991436, "N_RNAP": 27, "N_Ribo": 4, "N_ATP": 1000, "seed": 38}