{"t_death": 5462.549999998766, "death_mode": "ribo_collapse", "pnr_type": "ribo_depletion", "t_pnr": 1068.750000000047, "dt_walking_dead": 4393.799999998719, "N_RNAP": 11, "N_Ribo": 3, "N_ATP": 1000, "seed": 77}