{"t_death": 2680.6499999998905, "death_mode": "cycle_collapse", "pnr_type": "rnap_deadlock", "t_pnr": 2614.0499999999174, "dt_walking_dead": 66.59999999997308, "N_RNAP": 7, "N_Ribo": 27, "N_ATP": 1000, "seed": 97}