{"t_death": 2112.75000000012, "death_mode": "ribo_collapse", "pnr_type": "ribo_depletion", "t_pnr": 1489.9500000000896, "dt_walking_dead": 622.8000000000304, "N_RNAP": 27, "N_Ribo": 3, "N_ATP": 1000, "seed": 96}