{"t_death": 466.649999999992, "death_mode": "cycle_collapse", "pnr_type": "rnap_deadlock", "t_pnr": 433.79999999999285, "dt_walking_dead": 32.84999999999917, "N_RNAP": 2, "N_Ribo": 11, "N_ATP": 1000, "seed": 55}