{"t_death": 3334.0499999996264, "death_mode": "ribo_collapse", "pnr_type": "ribo_depletion", "t_pnr": 1237.9500000000642, "dt_walking_dead": 2096.099999999562, "N_RNAP": 11, "N_Ribo": 2, "N_ATP": 1000, "seed": 1}