{"t_death": 4108.499999999313, "death_mode": "ribo_collapse", "pnr_type": "ribo_depletion", "t_pnr": 3534.2999999995454, "dt_walking_dead": 574.1999999997679, "N_RNAP": 64, "N_Ribo": 2, "N_ATP": 1000, "seed": 26}