{"t_death": 1998.450000000141, "death_mode": "ribo_collapse", "pnr_type": "ribo_depletion", "t_pnr": 709.6500000000109, "dt_walking_dead": 1288.8000000001302, "N_RNAP": 17, "N_Ribo": 2, "N_ATP": 1000, "seed": 97}