{"t_death": 3092.849999999724, "death_mode": "ribo_collapse", "pnr_type": "ribo_depletion", "t_pnr": 2539.7999999999474, "dt_walking_dead": 553.0499999997764, "N_RNAP": 11, "N_Ribo": 7, "N_ATP": 1000, "seed": 58}