{"t_death": 5969.699999998561, "death_mode": "ribo_collapse", "pnr_type": "ribo_depletion", "t_pnr": 3806.0999999994356, "dt_walking_dead": 2163.5999999991254, "N_RNAP": 100, "N_Ribo": 17, "N_ATP": 1000, "seed": 90}