{"t_death": 1384.650000000079, "death_mode": "ribo_collapse", "pnr_type": "ribo_depletion", "t_pnr": 310.94999999999595, "dt_walking_dead": 1073.700000000083, "N_RNAP": 3, "N_Ribo": 3, "N_ATP": 1000, "seed": 1}