{"t_death": 4737.599999999059, "death_mode": "cycle_collapse", "pnr_type": "rnap_deadlock", "t_pnr": 4714.1999999990685, "dt_walking_dead": 23.39999999999054, "N_RNAP": 3, "N_Ribo": 100, "N_ATP": 1000, "seed": 91}