{"t_death": 4696.199999999076, "death_mode": "ribo_collapse", "pnr_type": "ribo_depletion", "t_pnr": 2665.3499999998967, "dt_walking_dead": 2030.849999999179, "N_RNAP": 64, "N_Ribo": 7, "N_ATP": 1000, "seed": 92}