{"t_death": 4812.749999999029, "death_mode": "ribo_collapse", "pnr_type": "ribo_depletion", "t_pnr": 4566.149999999128, "dt_walking_dead": 246.59999999990032, "N_RNAP": 17, "N_Ribo": 4, "N_ATP": 1000, "seed": 9}