{"t_death": 2506.499999999961, "death_mode": "ribo_collapse", "pnr_type": "ribo_depletion", "t_pnr": 2332.800000000031, "dt_walking_dead": 173.6999999999298, "N_RNAP": 17, "N_Ribo": 3, "N_ATP": 1000, "seed": 51}