{"t_death": 5753.2499999986485, "death_mode": "ribo_collapse", "pnr_type": "ribo_depletion", "t_pnr": 3866.399999999411, "dt_walking_dead": 1886.8499999992373, "N_RNAP": 100, "N_Ribo": 7, "N_ATP": 1000, "seed": 16}