{"t_death": 6344.09999999841, "death_mode": "ribo_collapse", "pnr_type": "ribo_depletion", "t_pnr": 4479.749999999163, "dt_walking_dead": 1864.3499999992464, "N_RNAP": 17, "N_Ribo": 100, "N_ATP": 1000, "seed": 85}