{"t_death": 3449.24999999958, "death_mode": "ribo_collapse", "pnr_type": "ribo_depletion", "t_pnr": 1431.9000000000838, "dt_walking_dead": 2017.349999999496, "N_RNAP": 27, "N_Ribo": 3, "N_ATP": 1000, "seed": 38}