{"t_death": 6299.099999998428, "death_mode": "cycle_collapse", "pnr_type": "rnap_deadlock", "t_pnr": 6290.999999998431, "dt_walking_dead": 8.099999999996726, "N_RNAP": 41, "N_Ribo": 64, "N_ATP": 1000, "seed": 32}