{"t_death": 555.7499999999953, "death_mode": "cycle_collapse", "pnr_type": "rnap_deadlock", "t_pnr": 472.94999999999186, "dt_walking_dead": 82.80000000000348, "N_RNAP": 2, "N_Ribo": 100, "N_ATP": 1000, "seed": 35}