{"t_death": 2313.9000000000387, "death_mode": "cycle_collapse", "pnr_type": "rnap_deadlock", "t_pnr": 1889.55000000013, "dt_walking_dead": 424.34999999990873, "N_RNAP": 4, "N_Ribo": 17, "N_ATP": 1000, "seed": 99}