{"t_death": 5444.999999998773, "death_mode": "ribo_collapse", "pnr_type": "ribo_depletion", "t_pnr": 2931.749999999789, "dt_walking_dead": 2513.249999998984, "N_RNAP": 17, "N_Ribo": 11, "N_ATP": 1000, "seed": 54}