{"t_death": 6346.349999998409, "death_mode": "ribo_collapse", "pnr_type": "ribo_depletion", "t_pnr": 5222.699999998863, "dt_walking_dead": 1123.6499999995458, "N_RNAP": 7, "N_Ribo": 7, "N_ATP": 1000, "seed": 35}