{"t_death": 2436.2999999999893, "death_mode": "cycle_collapse", "pnr_type": "rnap_deadlock", "t_pnr": 2229.300000000073, "dt_walking_dead": 206.99999999991633, "N_RNAP": 4, "N_Ribo": 27, "N_ATP": 1000, "seed": 91}