{"t_death": 2139.750000000109, "death_mode": "ribo_collapse", "pnr_type": "ribo_depletion", "t_pnr": 1349.5500000000754, "dt_walking_dead": 790.2000000000337, "N_RNAP": 3, "N_Ribo": 3, "N_ATP": 1000, "seed": 99}