{"t_death": 5151.149999998892, "death_mode": "ribo_collapse", "pnr_type": "ribo_depletion", "t_pnr": 3841.1999999994214, "dt_walking_dead": 1309.9499999994705, "N_RNAP": 11, "N_Ribo": 41, "N_ATP": 1000, "seed": 78}