{"t_death": 5098.049999998913, "death_mode": "ribo_collapse", "pnr_type": "ribo_depletion", "t_pnr": 2221.650000000076, "dt_walking_dead": 2876.3999999988373, "N_RNAP": 17, "N_Ribo": 3, "N_ATP": 1000, "seed": 66}