{"t_death": 4876.199999999003, "death_mode": "ribo_collapse", "pnr_type": "ribo_depletion", "t_pnr": 2721.149999999874, "dt_walking_dead": 2155.049999999129, "N_RNAP": 41, "N_Ribo": 11, "N_ATP": 1000, "seed": 77}