{"t_death": 3770.54999999945, "death_mode": "ribo_collapse", "pnr_type": "ribo_depletion", "t_pnr": 2622.599999999914, "dt_walking_dead": 1147.949999999536, "N_RNAP": 100, "N_Ribo": 11, "N_ATP": 1000, "seed": 21}