{"t_death": 7597.349999997903, "death_mode": "cycle_collapse", "pnr_type": "rnap_deadlock", "t_pnr": 7402.049999997982, "dt_walking_dead": 195.29999999992106, "N_RNAP": 27, "N_Ribo": 100, "N_ATP": 1000, "seed": 27}