{"t_death": 4410.449999999191, "death_mode": "ribo_collapse", "pnr_type": "ribo_depletion", "t_pnr": 936.9000000000339, "dt_walking_dead": 3473.5499999991575, "N_RNAP": 4, "N_Ribo": 3, "N_ATP": 1000, "seed": 69}