{"t_death": 3961.7999999993726, "death_mode": "ribo_collapse", "pnr_type": "ribo_depletion", "t_pnr": 2211.30000000008, "dt_walking_dead": 1750.4999999992924, "N_RNAP": 41, "N_Ribo": 11, "N_ATP": 1000, "seed": 96}