{"t_death": 7565.399999997916, "death_mode": "ribo_collapse", "pnr_type": "ribo_depletion", "t_pnr": 5164.649999998886, "dt_walking_dead": 2400.7499999990296, "N_RNAP": 17, "N_Ribo": 41, "N_ATP": 1000, "seed": 7}