{"t_death": 2380.500000000012, "death_mode": "ribo_collapse", "pnr_type": "ribo_depletion", "t_pnr": 427.499999999993, "dt_walking_dead": 1953.0000000000189, "N_RNAP": 17, "N_Ribo": 4, "N_ATP": 1000, "seed": 45}