{"t_death": 3620.2499999995107, "death_mode": "ribo_collapse", "pnr_type": "ribo_depletion", "t_pnr": 3359.699999999616, "dt_walking_dead": 260.5499999998947, "N_RNAP": 27, "N_Ribo": 64, "N_ATP": 1000, "seed": 65}