{"t_death": 6867.899999998198, "death_mode": "ribo_collapse", "pnr_type": "ribo_depletion", "t_pnr": 5203.799999998871, "dt_walking_dead": 1664.0999999993273, "N_RNAP": 64, "N_Ribo": 11, "N_ATP": 1000, "seed": 39}