{"t_death": 4498.649999999156, "death_mode": "ribo_collapse", "pnr_type": "ribo_depletion", "t_pnr": 3649.9499999994987, "dt_walking_dead": 848.6999999996569, "N_RNAP": 27, "N_Ribo": 11, "N_ATP": 1000, "seed": 74}