{"t_death": 7004.699999998143, "death_mode": "ribo_collapse", "pnr_type": "ribo_depletion", "t_pnr": 5748.74999999865, "dt_walking_dead": 1255.9499999994923, "N_RNAP": 27, "N_Ribo": 64, "N_ATP": 1000, "seed": 38}