{"t_death": 10568.250000001504, "death_mode": "ribo_collapse", "pnr_type": "ribo_depletion", "t_pnr": 245.2499999999976, "dt_walking_dead": 10323.000000001506, "N_RNAP": 64, "N_Ribo": 2, "N_ATP": 1000, "seed": 3}