{"t_death": 6967.349999998158, "death_mode": "ribo_collapse", "pnr_type": "ribo_depletion", "t_pnr": 3978.449999999366, "dt_walking_dead": 2988.899999998792, "N_RNAP": 17, "N_Ribo": 64, "N_ATP": 1000, "seed": 21}