{"t_death": 2292.7500000000473, "death_mode": "ribo_collapse", "pnr_type": "ribo_depletion", "t_pnr": 1889.10000000013, "dt_walking_dead": 403.6499999999173, "N_RNAP": 3, "N_Ribo": 3, "N_ATP": 1000, "seed": 78}