{"t_death": 1791.9000000001201, "death_mode": "cycle_collapse", "pnr_type": "rnap_deadlock", "t_pnr": 1636.2000000001044, "dt_walking_dead": 155.70000000001573, "N_RNAP": 4, "N_Ribo": 4, "N_ATP": 1000, "seed": 16}