{"t_death": 5574.599999998721, "death_mode": "ribo_collapse", "pnr_type": "ribo_depletion", "t_pnr": 4805.099999999032, "dt_walking_dead": 769.499999999689, "N_RNAP": 64, "N_Ribo": 27, "N_ATP": 1000, "seed": 68}