{"t_death": 6270.2999999984395, "death_mode": "ribo_collapse", "pnr_type": "ribo_depletion", "t_pnr": 4950.899999998973, "dt_walking_dead": 1319.3999999994667, "N_RNAP": 27, "N_Ribo": 41, "N_ATP": 1000, "seed": 42}