{"t_death": 5470.199999998763, "death_mode": "ribo_collapse", "pnr_type": "ribo_depletion", "t_pnr": 4122.8999999993075, "dt_walking_dead": 1347.2999999994554, "N_RNAP": 17, "N_Ribo": 41, "N_ATP": 1000, "seed": 33}