{"t_death": 2415.149999999998, "death_mode": "ribo_collapse", "pnr_type": "ribo_depletion", "t_pnr": 2355.750000000022, "dt_walking_dead": 59.39999999997599, "N_RNAP": 2, "N_Ribo": 4, "N_ATP": 1000, "seed": 72}