{"t_death": 6151.949999998487, "death_mode": "ribo_collapse", "pnr_type": "ribo_depletion", "t_pnr": 2778.299999999851, "dt_walking_dead": 3373.6499999986363, "N_RNAP": 100, "N_Ribo": 7, "N_ATP": 1000, "seed": 32}