{"t_death": 3315.149999999634, "death_mode": "ribo_collapse", "pnr_type": "ribo_depletion", "t_pnr": 1476.4500000000883, "dt_walking_dead": 1838.6999999995458, "N_RNAP": 4, "N_Ribo": 11, "N_ATP": 1000, "seed": 23}