{"t_death": 2980.3499999997694, "death_mode": "ribo_collapse", "pnr_type": "ribo_depletion", "t_pnr": 2702.2499999998818, "dt_walking_dead": 278.0999999998876, "N_RNAP": 27, "N_Ribo": 2, "N_ATP": 1000, "seed": 78}