{"t_death": 2953.79999999978, "death_mode": "ribo_collapse", "pnr_type": "ribo_depletion", "t_pnr": 2258.550000000061, "dt_walking_dead": 695.249999999719, "N_RNAP": 64, "N_Ribo": 4, "N_ATP": 1000, "seed": 21}