{"t_death": 1870.650000000128, "death_mode": "cycle_collapse", "pnr_type": "rnap_deadlock", "t_pnr": 1837.8000000001248, "dt_walking_dead": 32.85000000000332, "N_RNAP": 17, "N_Ribo": 4, "N_ATP": 1000, "seed": 69}