{"t_death": 3982.949999999364, "death_mode": "ribo_collapse", "pnr_type": "ribo_depletion", "t_pnr": 3285.449999999646, "dt_walking_dead": 697.499999999718, "N_RNAP": 41, "N_Ribo": 11, "N_ATP": 1000, "seed": 6}