{"t_death": 1403.1000000000809, "death_mode": "ribo_collapse", "pnr_type": "ribo_depletion", "t_pnr": 504.44999999999106, "dt_walking_dead": 898.6500000000898, "N_RNAP": 11, "N_Ribo": 3, "N_ATP": 1000, "seed": 63}