{"t_death": 1219.0500000000623, "death_mode": "ribo_collapse", "pnr_type": "ribo_depletion", "t_pnr": 1201.5000000000605, "dt_walking_dead": 17.550000000001774, "N_RNAP": 2, "N_Ribo": 3, "N_ATP": 1000, "seed": 86}