{"t_death": 1428.7500000000834, "death_mode": "cycle_collapse", "pnr_type": "rnap_deadlock", "t_pnr": 1168.2000000000571, "dt_walking_dead": 260.55000000002633, "N_RNAP": 3, "N_Ribo": 64, "N_ATP": 1000, "seed": 78}