{"t_death": 3380.8499999996075, "death_mode": "ribo_collapse", "pnr_type": "ribo_depletion", "t_pnr": 2901.599999999801, "dt_walking_dead": 479.2499999998063, "N_RNAP": 64, "N_Ribo": 4, "N_ATP": 1000, "seed": 31}