{"t_death": 6761.249999998241, "death_mode": "ribo_collapse", "pnr_type": "ribo_depletion", "t_pnr": 1684.8000000001093, "dt_walking_dead": 5076.449999998132, "N_RNAP": 4, "N_Ribo": 17, "N_ATP": 1000, "seed": 44}