{"t_death": 3948.749999999378, "death_mode": "ribo_collapse", "pnr_type": "ribo_depletion", "t_pnr": 2032.6500000001445, "dt_walking_dead": 1916.0999999992334, "N_RNAP": 27, "N_Ribo": 4, "N_ATP": 1000, "seed": 96}