{"t_death": 4553.999999999133, "death_mode": "ribo_collapse", "pnr_type": "ribo_depletion", "t_pnr": 3806.0999999994356, "dt_walking_dead": 747.8999999996977, "N_RNAP": 17, "N_Ribo": 41, "N_ATP": 1000, "seed": 45}