{"t_death": 3618.4499999995114, "death_mode": "ribo_collapse", "pnr_type": "ribo_depletion", "t_pnr": 2794.4999999998445, "dt_walking_dead": 823.9499999996669, "N_RNAP": 27, "N_Ribo": 11, "N_ATP": 1000, "seed": 98}