{"t_death": 5203.799999998871, "death_mode": "ribo_collapse", "pnr_type": "ribo_depletion", "t_pnr": 3827.249999999427, "dt_walking_dead": 1376.5499999994436, "N_RNAP": 41, "N_Ribo": 27, "N_ATP": 1000, "seed": 78}