{"t_death": 6629.399999998294, "death_mode": "ribo_collapse", "pnr_type": "ribo_depletion", "t_pnr": 398.24999999999375, "dt_walking_dead": 6231.149999998301, "N_RNAP": 41, "N_Ribo": 2, "N_ATP": 1000, "seed": 47}