{"t_death": 2912.399999999797, "death_mode": "ribo_collapse", "pnr_type": "ribo_depletion", "t_pnr": 2690.9999999998863, "dt_walking_dead": 221.3999999999105, "N_RNAP": 4, "N_Ribo": 3, "N_ATP": 1000, "seed": 75}