{"t_death": 4020.299999999349, "death_mode": "ribo_collapse", "pnr_type": "ribo_depletion", "t_pnr": 1414.800000000082, "dt_walking_dead": 2605.499999999267, "N_RNAP": 27, "N_Ribo": 4, "N_ATP": 1000, "seed": 73}