{"t_death": 1562.850000000097, "death_mode": "ribo_collapse", "pnr_type": "ribo_depletion", "t_pnr": 1161.0000000000564, "dt_walking_dead": 401.8500000000406, "N_RNAP": 3, "N_Ribo": 4, "N_ATP": 1000, "seed": 22}