{"t_death": 3661.649999999494, "death_mode": "ribo_collapse", "pnr_type": "ribo_depletion", "t_pnr": 3512.699999999554, "dt_walking_dead": 148.9499999999398, "N_RNAP": 7, "N_Ribo": 2, "N_ATP": 1000, "seed": 91}