{"t_death": 2254.9500000000626, "death_mode": "ribo_collapse", "pnr_type": "ribo_depletion", "t_pnr": 582.299999999998, "dt_walking_dead": 1672.6500000000647, "N_RNAP": 4, "N_Ribo": 2, "N_ATP": 1000, "seed": 16}