{"t_death": 4051.3499999993364, "death_mode": "ribo_collapse", "pnr_type": "ribo_depletion", "t_pnr": 3468.599999999572, "dt_walking_dead": 582.7499999997644, "N_RNAP": 27, "N_Ribo": 7, "N_ATP": 1000, "seed": 99}