{"t_death": 3858.2999999994145, "death_mode": "cycle_collapse", "pnr_type": "rnap_deadlock", "t_pnr": 3858.2999999994145, "dt_walking_dead": 0.0, "N_RNAP": 11, "N_Ribo": 41, "N_ATP": 1000, "seed": 12}