{"t_death": 3020.399999999753, "death_mode": "ribo_collapse", "pnr_type": "ribo_depletion", "t_pnr": 874.3500000000275, "dt_walking_dead": 2146.0499999997255, "N_RNAP": 27, "N_Ribo": 3, "N_ATP": 1000, "seed": 80}