{"t_death": 1719.0000000001128, "death_mode": "ribo_collapse", "pnr_type": "ribo_depletion", "t_pnr": 641.250000000004, "dt_walking_dead": 1077.7500000001087, "N_RNAP": 11, "N_Ribo": 2, "N_ATP": 1000, "seed": 62}