{"t_death": 1360.3500000000765, "death_mode": "ribo_collapse", "pnr_type": "ribo_depletion", "t_pnr": 1264.950000000067, "dt_walking_dead": 95.40000000000964, "N_RNAP": 11, "N_Ribo": 3, "N_ATP": 1000, "seed": 98}