{"t_death": 3669.7499999994907, "death_mode": "ribo_collapse", "pnr_type": "ribo_depletion", "t_pnr": 3221.9999999996717, "dt_walking_dead": 447.749999999819, "N_RNAP": 27, "N_Ribo": 3, "N_ATP": 1000, "seed": 59}