{"t_death": 1646.1000000001054, "death_mode": "ribo_collapse", "pnr_type": "ribo_depletion", "t_pnr": 380.2499999999942, "dt_walking_dead": 1265.8500000001113, "N_RNAP": 4, "N_Ribo": 2, "N_ATP": 1000, "seed": 88}