{"t_death": 4237.649999999261, "death_mode": "ribo_collapse", "pnr_type": "ribo_depletion", "t_pnr": 2526.7499999999527, "dt_walking_dead": 1710.8999999993084, "N_RNAP": 100, "N_Ribo": 11, "N_ATP": 1000, "seed": 52}