{"t_death": 5034.149999998939, "death_mode": "ribo_collapse", "pnr_type": "ribo_depletion", "t_pnr": 1677.1500000001085, "dt_walking_dead": 3356.9999999988304, "N_RNAP": 100, "N_Ribo": 2, "N_ATP": 1000, "seed": 62}