{"t_death": 7356.599999998, "death_mode": "ribo_collapse", "pnr_type": "ribo_depletion", "t_pnr": 6509.699999998343, "dt_walking_dead": 846.8999999996577, "N_RNAP": 17, "N_Ribo": 100, "N_ATP": 1000, "seed": 86}