{"t_death": 5541.749999998734, "death_mode": "ribo_collapse", "pnr_type": "ribo_depletion", "t_pnr": 5073.749999998923, "dt_walking_dead": 467.9999999998108, "N_RNAP": 11, "N_Ribo": 100, "N_ATP": 1000, "seed": 94}