{"t_death": 4812.299999999029, "death_mode": "ribo_collapse", "pnr_type": "ribo_depletion", "t_pnr": 4022.549999999348, "dt_walking_dead": 789.7499999996808, "N_RNAP": 11, "N_Ribo": 100, "N_ATP": 1000, "seed": 58}