{"t_death": 3577.949999999528, "death_mode": "ribo_collapse", "pnr_type": "ribo_depletion", "t_pnr": 2167.200000000098, "dt_walking_dead": 1410.7499999994297, "N_RNAP": 11, "N_Ribo": 11, "N_ATP": 1000, "seed": 30}