{"t_death": 3554.0999999995374, "death_mode": "ribo_collapse", "pnr_type": "ribo_depletion", "t_pnr": 1552.950000000096, "dt_walking_dead": 2001.1499999994414, "N_RNAP": 27, "N_Ribo": 7, "N_ATP": 1000, "seed": 9}