{"t_death": 3950.549999999377, "death_mode": "cycle_collapse", "pnr_type": "rnap_deadlock", "t_pnr": 3913.649999999392, "dt_walking_dead": 36.899999999985084, "N_RNAP": 2, "N_Ribo": 100, "N_ATP": 1000, "seed": 75}