{"t_death": 1942.6500000001354, "death_mode": "ribo_collapse", "pnr_type": "ribo_depletion", "t_pnr": 1397.7000000000803, "dt_walking_dead": 544.9500000000551, "N_RNAP": 7, "N_Ribo": 11, "N_ATP": 1000, "seed": 27}