{"t_death": 2923.1999999997925, "death_mode": "ribo_collapse", "pnr_type": "ribo_depletion", "t_pnr": 2845.349999999824, "dt_walking_dead": 77.84999999996853, "N_RNAP": 11, "N_Ribo": 7, "N_ATP": 1000, "seed": 84}