{"t_death": 3240.449999999664, "death_mode": "ribo_collapse", "pnr_type": "ribo_depletion", "t_pnr": 660.1500000000059, "dt_walking_dead": 2580.299999999658, "N_RNAP": 3, "N_Ribo": 4, "N_ATP": 1000, "seed": 31}