{"t_death": 6101.549999998508, "death_mode": "ribo_collapse", "pnr_type": "ribo_depletion", "t_pnr": 4334.399999999222, "dt_walking_dead": 1767.1499999992857, "N_RNAP": 11, "N_Ribo": 3, "N_ATP": 1000, "seed": 85}