{"t_death": 4778.099999999043, "death_mode": "ribo_collapse", "pnr_type": "ribo_depletion", "t_pnr": 1426.9500000000833, "dt_walking_dead": 3351.149999998959, "N_RNAP": 100, "N_Ribo": 2, "N_ATP": 1000, "seed": 23}