{"t_death": 5480.549999998759, "death_mode": "ribo_collapse", "pnr_type": "ribo_depletion", "t_pnr": 3693.149999999481, "dt_walking_dead": 1787.3999999992775, "N_RNAP": 100, "N_Ribo": 3, "N_ATP": 1000, "seed": 80}