{"t_death": 7178.399999998072, "death_mode": "ribo_collapse", "pnr_type": "ribo_depletion", "t_pnr": 4376.249999999205, "dt_walking_dead": 2802.1499999988673, "N_RNAP": 64, "N_Ribo": 27, "N_ATP": 1000, "seed": 9}