{"t_death": 6069.149999998521, "death_mode": "ribo_collapse", "pnr_type": "ribo_depletion", "t_pnr": 2962.7999999997764, "dt_walking_dead": 3106.3499999987444, "N_RNAP": 17, "N_Ribo": 11, "N_ATP": 1000, "seed": 0}