{"t_death": 2911.0499999997974, "death_mode": "ribo_collapse", "pnr_type": "ribo_depletion", "t_pnr": 2227.5000000000737, "dt_walking_dead": 683.5499999997237, "N_RNAP": 11, "N_Ribo": 2, "N_ATP": 1000, "seed": 87}