{"t_death": 2999.2499999997617, "death_mode": "ribo_collapse", "pnr_type": "ribo_depletion", "t_pnr": 1237.5000000000641, "dt_walking_dead": 1761.7499999996976, "N_RNAP": 7, "N_Ribo": 7, "N_ATP": 1000, "seed": 54}