{"t_death": 4645.799999999096, "death_mode": "ribo_collapse", "pnr_type": "ribo_depletion", "t_pnr": 4165.19999999929, "dt_walking_dead": 480.59999999980573, "N_RNAP": 3, "N_Ribo": 17, "N_ATP": 1000, "seed": 81}