{"t_death": 8385.749999997975, "death_mode": "ribo_collapse", "pnr_type": "ribo_depletion", "t_pnr": 405.89999999999355, "dt_walking_dead": 7979.849999997982, "N_RNAP": 100, "N_Ribo": 2, "N_ATP": 1000, "seed": 28}