{"t_death": 4684.049999999081, "death_mode": "ribo_collapse", "pnr_type": "ribo_depletion", "t_pnr": 3183.2999999996873, "dt_walking_dead": 1500.7499999993934, "N_RNAP": 27, "N_Ribo": 11, "N_ATP": 1000, "seed": 35}