{"t_death": 4074.749999999327, "death_mode": "ribo_collapse", "pnr_type": "ribo_depletion", "t_pnr": 1715.4000000001124, "dt_walking_dead": 2359.3499999992146, "N_RNAP": 41, "N_Ribo": 3, "N_ATP": 1000, "seed": 5}