{"t_death": 4888.349999998998, "death_mode": "ribo_collapse", "pnr_type": "ribo_depletion", "t_pnr": 1401.7500000000807, "dt_walking_dead": 3486.599999998917, "N_RNAP": 41, "N_Ribo": 7, "N_ATP": 1000, "seed": 50}