{"t_death": 2521.349999999955, "death_mode": "ribo_collapse", "pnr_type": "ribo_depletion", "t_pnr": 945.4500000000347, "dt_walking_dead": 1575.89999999992, "N_RNAP": 7, "N_Ribo": 7, "N_ATP": 1000, "seed": 65}