{"t_death": 1480.5000000000887, "death_mode": "cycle_collapse", "pnr_type": "rnap_deadlock", "t_pnr": 1179.0000000000582, "dt_walking_dead": 301.50000000003047, "N_RNAP": 2, "N_Ribo": 27, "N_ATP": 1000, "seed": 60}