{"t_death": 3823.6499999994285, "death_mode": "ribo_collapse", "pnr_type": "ribo_depletion", "t_pnr": 2699.549999999883, "dt_walking_dead": 1124.0999999995456, "N_RNAP": 11, "N_Ribo": 11, "N_ATP": 1000, "seed": 68}