{"t_death": 3386.2499999996053, "death_mode": "ribo_collapse", "pnr_type": "ribo_depletion", "t_pnr": 2084.8500000001313, "dt_walking_dead": 1301.399999999474, "N_RNAP": 27, "N_Ribo": 4, "N_ATP": 1000, "seed": 84}