{"t_death": 5777.9999999986385, "death_mode": "ribo_collapse", "pnr_type": "ribo_depletion", "t_pnr": 3959.0999999993737, "dt_walking_dead": 1818.8999999992648, "N_RNAP": 17, "N_Ribo": 3, "N_ATP": 1000, "seed": 18}