{"t_death": 1855.8000000001266, "death_mode": "ribo_collapse", "pnr_type": "ribo_depletion", "t_pnr": 1026.9000000000428, "dt_walking_dead": 828.9000000000838, "N_RNAP": 3, "N_Ribo": 2, "N_ATP": 1000, "seed": 84}