{"t_death": 2814.7499999998363, "death_mode": "cycle_collapse", "pnr_type": "rnap_deadlock", "t_pnr": 2810.249999999838, "dt_walking_dead": 4.499999999998181, "N_RNAP": 7, "N_Ribo": 64, "N_ATP": 1000, "seed": 69}