{"t_death": 1030.0500000000432, "death_mode": "cycle_collapse", "pnr_type": "rnap_deadlock", "t_pnr": 950.4000000000352, "dt_walking_dead": 79.65000000000794, "N_RNAP": 4, "N_Ribo": 11, "N_ATP": 1000, "seed": 69}