{"t_death": 3171.149999999692, "death_mode": "cycle_collapse", "pnr_type": "rnap_deadlock", "t_pnr": 3050.099999999741, "dt_walking_dead": 121.04999999995107, "N_RNAP": 41, "N_Ribo": 3, "N_ATP": 1000, "seed": 7}