{"t_death": 4004.5499999993554, "death_mode": "ribo_collapse", "pnr_type": "ribo_depletion", "t_pnr": 3112.649999999716, "dt_walking_dead": 891.8999999996395, "N_RNAP": 7, "N_Ribo": 27, "N_ATP": 1000, "seed": 8}