{"t_death": 4768.199999999047, "death_mode": "ribo_collapse", "pnr_type": "ribo_depletion", "t_pnr": 3707.999999999475, "dt_walking_dead": 1060.1999999995714, "N_RNAP": 64, "N_Ribo": 11, "N_ATP": 1000, "seed": 8}