{"t_death": 472.94999999999186, "death_mode": "cycle_collapse", "pnr_type": "rnap_deadlock", "t_pnr": 367.6499999999945, "dt_walking_dead": 105.29999999999734, "N_RNAP": 2, "N_Ribo": 2, "N_ATP": 1000, "seed": 79}