{"t_death": 6096.14999999851, "death_mode": "ribo_collapse", "pnr_type": "ribo_depletion", "t_pnr": 3685.0499999994845, "dt_walking_dead": 2411.0999999990254, "N_RNAP": 64, "N_Ribo": 17, "N_ATP": 1000, "seed": 95}