{"t_death": 2534.8499999999494, "death_mode": "cycle_collapse", "pnr_type": "rnap_deadlock", "t_pnr": 2403.0000000000027, "dt_walking_dead": 131.8499999999467, "N_RNAP": 7, "N_Ribo": 64, "N_ATP": 1000, "seed": 42}