{"t_death": 1357.2000000000762, "death_mode": "cycle_collapse", "pnr_type": "rnap_deadlock", "t_pnr": 1164.6000000000568, "dt_walking_dead": 192.60000000001946, "N_RNAP": 3, "N_Ribo": 27, "N_ATP": 1000, "seed": 48}