{"t_death": 4611.14999999911, "death_mode": "ribo_collapse", "pnr_type": "ribo_depletion", "t_pnr": 1398.1500000000804, "dt_walking_dead": 3212.9999999990296, "N_RNAP": 27, "N_Ribo": 2, "N_ATP": 1000, "seed": 54}