{"t_death": 2149.2000000001053, "death_mode": "ribo_collapse", "pnr_type": "ribo_depletion", "t_pnr": 1436.4000000000842, "dt_walking_dead": 712.8000000000211, "N_RNAP": 17, "N_Ribo": 4, "N_ATP": 1000, "seed": 37}