{"t_death": 1875.1500000001286, "death_mode": "ribo_collapse", "pnr_type": "ribo_depletion", "t_pnr": 1222.2000000000626, "dt_walking_dead": 652.950000000066, "N_RNAP": 2, "N_Ribo": 3, "N_ATP": 1000, "seed": 82}