{"t_death": 1235.250000000064, "death_mode": "cycle_collapse", "pnr_type": "rnap_deadlock", "t_pnr": 946.8000000000349, "dt_walking_dead": 288.45000000002904, "N_RNAP": 2, "N_Ribo": 2, "N_ATP": 1000, "seed": 6}