{"t_death": 2611.3499999999185, "death_mode": "ribo_collapse", "pnr_type": "ribo_depletion", "t_pnr": 1620.0000000001028, "dt_walking_dead": 991.3499999998157, "N_RNAP": 11, "N_Ribo": 2, "N_ATP": 1000, "seed": 81}