{"t_death": 5395.499999998793, "death_mode": "ribo_collapse", "pnr_type": "ribo_depletion", "t_pnr": 4457.249999999172, "dt_walking_dead": 938.2499999996207, "N_RNAP": 64, "N_Ribo": 17, "N_ATP": 1000, "seed": 93}