{"t_death": 990.9000000000393, "death_mode": "cycle_collapse", "pnr_type": "rnap_deadlock", "t_pnr": 698.8500000000098, "dt_walking_dead": 292.0500000000295, "N_RNAP": 3, "N_Ribo": 2, "N_ATP": 1000, "seed": 63}