{"t_death": 2421.899999999995, "death_mode": "cycle_collapse", "pnr_type": "rnap_deadlock", "t_pnr": 2398.5000000000045, "dt_walking_dead": 23.39999999999054, "N_RNAP": 2, "N_Ribo": 11, "N_ATP": 1000, "seed": 28}