{"t_death": 4509.449999999151, "death_mode": "ribo_collapse", "pnr_type": "ribo_depletion", "t_pnr": 3985.649999999363, "dt_walking_dead": 523.7999999997883, "N_RNAP": 17, "N_Ribo": 27, "N_ATP": 1000, "seed": 62}