{"t_death": 3975.749999999367, "death_mode": "ribo_collapse", "pnr_type": "ribo_depletion", "t_pnr": 3510.899999999555, "dt_walking_dead": 464.8499999998121, "N_RNAP": 17, "N_Ribo": 11, "N_ATP": 1000, "seed": 90}