{"t_death": 6003.899999998547, "death_mode": "ribo_collapse", "pnr_type": "ribo_depletion", "t_pnr": 3387.149999999605, "dt_walking_dead": 2616.7499999989423, "N_RNAP": 100, "N_Ribo": 4, "N_ATP": 1000, "seed": 88}