{"t_death": 4950.449999998973, "death_mode": "ribo_collapse", "pnr_type": "ribo_depletion", "t_pnr": 2267.5500000000575, "dt_walking_dead": 2682.8999999989155, "N_RNAP": 64, "N_Ribo": 4, "N_ATP": 1000, "seed": 22}