{"t_death": 4143.149999999299, "death_mode": "ribo_collapse", "pnr_type": "ribo_depletion", "t_pnr": 2881.3499999998094, "dt_walking_dead": 1261.79999999949, "N_RNAP": 3, "N_Ribo": 41, "N_ATP": 1000, "seed": 86}