{"t_death": 1461.1500000000867, "death_mode": "cycle_collapse", "pnr_type": "rnap_deadlock", "t_pnr": 1395.00000000008, "dt_walking_dead": 66.15000000000668, "N_RNAP": 4, "N_Ribo": 100, "N_ATP": 1000, "seed": 39}