{"t_death": 4567.499999999128, "death_mode": "cycle_collapse", "pnr_type": "rnap_deadlock", "t_pnr": 4535.9999999991405, "dt_walking_dead": 31.499999999987267, "N_RNAP": 64, "N_Ribo": 17, "N_ATP": 1000, "seed": 64}