{"t_death": 1024.2000000000426, "death_mode": "cycle_collapse", "pnr_type": "rnap_deadlock", "t_pnr": 852.3000000000253, "dt_walking_dead": 171.90000000001726, "N_RNAP": 4, "N_Ribo": 41, "N_ATP": 1000, "seed": 96}