{"t_death": 6059.699999998525, "death_mode": "ribo_collapse", "pnr_type": "ribo_depletion", "t_pnr": 5150.699999998892, "dt_walking_dead": 908.9999999996326, "N_RNAP": 64, "N_Ribo": 64, "N_ATP": 1000, "seed": 17}