{"t_death": 4413.59999999919, "death_mode": "cycle_collapse", "pnr_type": "rnap_deadlock", "t_pnr": 4108.949999999313, "dt_walking_dead": 304.64999999987685, "N_RNAP": 7, "N_Ribo": 100, "N_ATP": 1000, "seed": 66}