{"t_death": 2297.2500000000455, "death_mode": "cycle_collapse", "pnr_type": "rnap_deadlock", "t_pnr": 2250.0000000000646, "dt_walking_dead": 47.2499999999809, "N_RNAP": 4, "N_Ribo": 3, "N_ATP": 1000, "seed": 92}