{"t_death": 4436.549999999181, "death_mode": "cycle_collapse", "pnr_type": "rnap_deadlock", "t_pnr": 4371.749999999207, "dt_walking_dead": 64.7999999999738, "N_RNAP": 7, "N_Ribo": 64, "N_ATP": 1000, "seed": 14}