{"t_death": 6498.449999998347, "death_mode": "ribo_collapse", "pnr_type": "ribo_depletion", "t_pnr": 4816.799999999027, "dt_walking_dead": 1681.6499999993202, "N_RNAP": 17, "N_Ribo": 100, "N_ATP": 1000, "seed": 38}