{"t_death": 2713.0499999998774, "death_mode": "ribo_collapse", "pnr_type": "ribo_depletion", "t_pnr": 392.3999999999939, "dt_walking_dead": 2320.6499999998837, "N_RNAP": 7, "N_Ribo": 2, "N_ATP": 1000, "seed": 19}