{"t_death": 3109.0499999997173, "death_mode": "cycle_collapse", "pnr_type": "rnap_deadlock", "t_pnr": 3064.4999999997353, "dt_walking_dead": 44.54999999998199, "N_RNAP": 17, "N_Ribo": 100, "N_ATP": 1000, "seed": 13}