{"t_death": 7045.649999998126, "death_mode": "ribo_collapse", "pnr_type": "ribo_depletion", "t_pnr": 3762.899999999453, "dt_walking_dead": 3282.749999998673, "N_RNAP": 17, "N_Ribo": 64, "N_ATP": 1000, "seed": 83}