{"t_death": 3018.149999999754, "death_mode": "cycle_collapse", "pnr_type": "rnap_deadlock", "t_pnr": 2960.0999999997775, "dt_walking_dead": 58.049999999976535, "N_RNAP": 41, "N_Ribo": 4, "N_ATP": 1000, "seed": 2}