{"t_death": 4762.349999999049, "death_mode": "ribo_collapse", "pnr_type": "ribo_depletion", "t_pnr": 1372.0500000000777, "dt_walking_dead": 3390.2999999989715, "N_RNAP": 64, "N_Ribo": 3, "N_ATP": 1000, "seed": 18}