{"t_death": 3056.3999999997386, "death_mode": "ribo_collapse", "pnr_type": "ribo_depletion", "t_pnr": 1627.2000000001035, "dt_walking_dead": 1429.199999999635, "N_RNAP": 41, "N_Ribo": 7, "N_ATP": 1000, "seed": 58}