{"t_death": 5188.499999998877, "death_mode": "ribo_collapse", "pnr_type": "ribo_depletion", "t_pnr": 4456.7999999991725, "dt_walking_dead": 731.6999999997042, "N_RNAP": 7, "N_Ribo": 27, "N_ATP": 1000, "seed": 49}