{"t_death": 2103.300000000124, "death_mode": "cycle_collapse", "pnr_type": "rnap_deadlock", "t_pnr": 1908.0000000001319, "dt_walking_dead": 195.299999999992, "N_RNAP": 4, "N_Ribo": 100, "N_ATP": 1000, "seed": 71}