{"t_death": 4296.1499999992375, "death_mode": "ribo_collapse", "pnr_type": "ribo_depletion", "t_pnr": 3415.9499999995933, "dt_walking_dead": 880.1999999996442, "N_RNAP": 27, "N_Ribo": 27, "N_ATP": 1000, "seed": 41}