{"t_death": 5717.249999998663, "death_mode": "ribo_collapse", "pnr_type": "ribo_depletion", "t_pnr": 1250.5500000000654, "dt_walking_dead": 4466.699999998597, "N_RNAP": 100, "N_Ribo": 2, "N_ATP": 1000, "seed": 77}