{"t_death": 5086.349999998918, "death_mode": "ribo_collapse", "pnr_type": "ribo_depletion", "t_pnr": 4985.999999998959, "dt_walking_dead": 100.34999999995944, "N_RNAP": 64, "N_Ribo": 41, "N_ATP": 1000, "seed": 35}