{"t_death": 5748.74999999865, "death_mode": "ribo_collapse", "pnr_type": "ribo_depletion", "t_pnr": 1739.7000000001149, "dt_walking_dead": 4009.0499999985354, "N_RNAP": 17, "N_Ribo": 7, "N_ATP": 1000, "seed": 68}