{"t_death": 7631.099999997889, "death_mode": "ribo_collapse", "pnr_type": "ribo_depletion", "t_pnr": 1490.8500000000897, "dt_walking_dead": 6140.2499999978, "N_RNAP": 100, "N_Ribo": 4, "N_ATP": 1000, "seed": 73}