{"t_death": 4767.749999999047, "death_mode": "ribo_collapse", "pnr_type": "ribo_depletion", "t_pnr": 3851.0999999994174, "dt_walking_dead": 916.6499999996295, "N_RNAP": 11, "N_Ribo": 27, "N_ATP": 1000, "seed": 47}