{"t_death": 5900.399999998589, "death_mode": "ribo_collapse", "pnr_type": "ribo_depletion", "t_pnr": 5184.899999998878, "dt_walking_dead": 715.4999999997108, "N_RNAP": 100, "N_Ribo": 4, "N_ATP": 1000, "seed": 17}