{"t_death": 4289.39999999924, "death_mode": "ribo_collapse", "pnr_type": "ribo_depletion", "t_pnr": 338.84999999999525, "dt_walking_dead": 3950.549999999245, "N_RNAP": 27, "N_Ribo": 2, "N_ATP": 1000, "seed": 72}