{"t_death": 1584.9000000000992, "death_mode": "cycle_collapse", "pnr_type": "rnap_deadlock", "t_pnr": 1499.8500000000906, "dt_walking_dead": 85.0500000000086, "N_RNAP": 7, "N_Ribo": 17, "N_ATP": 1000, "seed": 59}