{"t_death": 3043.7999999997437, "death_mode": "ribo_collapse", "pnr_type": "ribo_depletion", "t_pnr": 2591.0999999999267, "dt_walking_dead": 452.699999999817, "N_RNAP": 41, "N_Ribo": 2, "N_ATP": 1000, "seed": 52}