{"t_death": 3832.199999999425, "death_mode": "ribo_collapse", "pnr_type": "ribo_depletion", "t_pnr": 2047.500000000146, "dt_walking_dead": 1784.699999999279, "N_RNAP": 100, "N_Ribo": 7, "N_ATP": 1000, "seed": 23}