{"t_death": 3928.0499999993863, "death_mode": "ribo_collapse", "pnr_type": "ribo_depletion", "t_pnr": 588.5999999999987, "dt_walking_dead": 3339.4499999993877, "N_RNAP": 11, "N_Ribo": 2, "N_ATP": 1000, "seed": 64}