{"t_death": 4135.049999999303, "death_mode": "ribo_collapse", "pnr_type": "ribo_depletion", "t_pnr": 3822.299999999429, "dt_walking_dead": 312.7499999998736, "N_RNAP": 27, "N_Ribo": 64, "N_ATP": 1000, "seed": 66}