{"t_death": 5101.649999998912, "death_mode": "ribo_collapse", "pnr_type": "ribo_depletion", "t_pnr": 1930.9500000001342, "dt_walking_dead": 3170.6999999987775, "N_RNAP": 41, "N_Ribo": 4, "N_ATP": 1000, "seed": 58}