{"t_death": 4434.299999999182, "death_mode": "cycle_collapse", "pnr_type": "rnap_deadlock", "t_pnr": 4392.899999999198, "dt_walking_dead": 41.399999999983265, "N_RNAP": 17, "N_Ribo": 3, "N_ATP": 1000, "seed": 3}