{"t_death": 3970.799999999369, "death_mode": "cycle_collapse", "pnr_type": "rnap_deadlock", "t_pnr": 3757.0499999994554, "dt_walking_dead": 213.7499999999136, "N_RNAP": 27, "N_Ribo": 64, "N_ATP": 1000, "seed": 51}