{"t_death": 4252.049999999255, "death_mode": "ribo_collapse", "pnr_type": "ribo_depletion", "t_pnr": 702.4500000000102, "dt_walking_dead": 3549.599999999245, "N_RNAP": 11, "N_Ribo": 2, "N_ATP": 1000, "seed": 18}