{"t_death": 4075.6499999993266, "death_mode": "ribo_collapse", "pnr_type": "ribo_depletion", "t_pnr": 1094.8500000000497, "dt_walking_dead": 2980.799999999277, "N_RNAP": 2, "N_Ribo": 4, "N_ATP": 1000, "seed": 35}