{"t_death": 4357.799999999213, "death_mode": "atp_depletion", "pnr_type": "ribo_depletion", "t_pnr": 3931.649999999385, "dt_walking_dead": 426.14999999982774, "N_RNAP": 100, "N_Ribo": 3, "N_ATP": 1000, "seed": 48}