{"t_death": 3723.749999999469, "death_mode": "ribo_collapse", "pnr_type": "ribo_depletion", "t_pnr": 2398.9500000000044, "dt_walking_dead": 1324.7999999994645, "N_RNAP": 17, "N_Ribo": 3, "N_ATP": 1000, "seed": 88}