{"t_death": 6211.799999998463, "death_mode": "ribo_collapse", "pnr_type": "ribo_depletion", "t_pnr": 3957.7499999993743, "dt_walking_dead": 2254.049999999089, "N_RNAP": 27, "N_Ribo": 41, "N_ATP": 1000, "seed": 95}