{"t_death": 3264.2999999996546, "death_mode": "ribo_collapse", "pnr_type": "ribo_depletion", "t_pnr": 1861.6500000001272, "dt_walking_dead": 1402.6499999995274, "N_RNAP": 4, "N_Ribo": 11, "N_ATP": 1000, "seed": 8}