{"t_death": 6601.499999998306, "death_mode": "ribo_collapse", "pnr_type": "ribo_depletion", "t_pnr": 2076.7500000001346, "dt_walking_dead": 4524.749999998171, "N_RNAP": 7, "N_Ribo": 11, "N_ATP": 1000, "seed": 6}