{"t_death": 3847.049999999419, "death_mode": "ribo_collapse", "pnr_type": "ribo_depletion", "t_pnr": 2421.899999999995, "dt_walking_dead": 1425.149999999424, "N_RNAP": 17, "N_Ribo": 4, "N_ATP": 1000, "seed": 64}