{"t_death": 1929.600000000134, "death_mode": "ribo_collapse", "pnr_type": "ribo_depletion", "t_pnr": 1623.6000000001031, "dt_walking_dead": 306.0000000000309, "N_RNAP": 3, "N_Ribo": 7, "N_ATP": 1000, "seed": 42}