{"t_death": 6157.799999998485, "death_mode": "ribo_collapse", "pnr_type": "ribo_depletion", "t_pnr": 3857.8499999994146, "dt_walking_dead": 2299.9499999990703, "N_RNAP": 11, "N_Ribo": 7, "N_ATP": 1000, "seed": 83}