{"t_death": 3747.599999999459, "death_mode": "ribo_collapse", "pnr_type": "ribo_depletion", "t_pnr": 3362.8499999996147, "dt_walking_dead": 384.7499999998445, "N_RNAP": 11, "N_Ribo": 17, "N_ATP": 1000, "seed": 50}