{"t_death": 4711.49999999907, "death_mode": "ribo_collapse", "pnr_type": "ribo_depletion", "t_pnr": 1714.9500000001124, "dt_walking_dead": 2996.549999998957, "N_RNAP": 64, "N_Ribo": 11, "N_ATP": 1000, "seed": 82}