{"t_death": 1063.3500000000465, "death_mode": "ribo_collapse", "pnr_type": "ribo_depletion", "t_pnr": 936.0000000000338, "dt_walking_dead": 127.35000000001276, "N_RNAP": 4, "N_Ribo": 7, "N_ATP": 1000, "seed": 67}