{"t_death": 3971.249999999369, "death_mode": "ribo_collapse", "pnr_type": "ribo_depletion", "t_pnr": 1991.7000000001403, "dt_walking_dead": 1979.5499999992285, "N_RNAP": 41, "N_Ribo": 2, "N_ATP": 1000, "seed": 79}