{"t_death": 3384.449999999606, "death_mode": "ribo_collapse", "pnr_type": "ribo_depletion", "t_pnr": 481.04999999999166, "dt_walking_dead": 2903.3999999996145, "N_RNAP": 11, "N_Ribo": 3, "N_ATP": 1000, "seed": 65}