{"t_death": 7968.599999997753, "death_mode": "ribo_collapse", "pnr_type": "ribo_depletion", "t_pnr": 2411.0999999999995, "dt_walking_dead": 5557.499999997754, "N_RNAP": 41, "N_Ribo": 17, "N_ATP": 1000, "seed": 90}