{"t_death": 3977.5499999993663, "death_mode": "ribo_collapse", "pnr_type": "ribo_depletion", "t_pnr": 3502.3499999995583, "dt_walking_dead": 475.1999999998079, "N_RNAP": 27, "N_Ribo": 11, "N_ATP": 1000, "seed": 24}