{"t_death": 2697.2999999998838, "death_mode": "ribo_collapse", "pnr_type": "ribo_depletion", "t_pnr": 938.250000000034, "dt_walking_dead": 1759.0499999998497, "N_RNAP": 4, "N_Ribo": 3, "N_ATP": 1000, "seed": 23}