{"t_death": 7152.299999998083, "death_mode": "ribo_collapse", "pnr_type": "ribo_depletion", "t_pnr": 6501.149999998346, "dt_walking_dead": 651.1499999997368, "N_RNAP": 41, "N_Ribo": 64, "N_ATP": 1000, "seed": 86}