{"t_death": 6569.5499999983185, "death_mode": "ribo_collapse", "pnr_type": "ribo_depletion", "t_pnr": 5613.299999998705, "dt_walking_dead": 956.2499999996135, "N_RNAP": 64, "N_Ribo": 11, "N_ATP": 1000, "seed": 25}