{"t_death": 5299.199999998832, "death_mode": "ribo_collapse", "pnr_type": "ribo_depletion", "t_pnr": 1811.7000000001221, "dt_walking_dead": 3487.49999999871, "N_RNAP": 64, "N_Ribo": 11, "N_ATP": 1000, "seed": 80}