{"t_death": 2382.750000000011, "death_mode": "cycle_collapse", "pnr_type": "rnap_deadlock", "t_pnr": 2380.050000000012, "dt_walking_dead": 2.6999999999989086, "N_RNAP": 4, "N_Ribo": 11, "N_ATP": 1000, "seed": 62}