{"t_death": 6923.699999998175, "death_mode": "ribo_collapse", "pnr_type": "ribo_depletion", "t_pnr": 4054.949999999335, "dt_walking_dead": 2868.7499999988404, "N_RNAP": 100, "N_Ribo": 4, "N_ATP": 1000, "seed": 31}