{"t_death": 4194.899999999278, "death_mode": "ribo_collapse", "pnr_type": "ribo_depletion", "t_pnr": 4019.849999999349, "dt_walking_dead": 175.04999999992924, "N_RNAP": 27, "N_Ribo": 64, "N_ATP": 1000, "seed": 62}