{"t_death": 4463.09999999917, "death_mode": "cycle_collapse", "pnr_type": "rnap_deadlock", "t_pnr": 4355.999999999213, "dt_walking_dead": 107.09999999995671, "N_RNAP": 27, "N_Ribo": 41, "N_ATP": 1000, "seed": 73}