{"t_death": 1611.450000000102, "death_mode": "ribo_collapse", "pnr_type": "ribo_depletion", "t_pnr": 1585.3500000000993, "dt_walking_dead": 26.100000000002638, "N_RNAP": 4, "N_Ribo": 17, "N_ATP": 1000, "seed": 92}