{"t_death": 1576.3500000000984, "death_mode": "ribo_collapse", "pnr_type": "ribo_depletion", "t_pnr": 1332.4500000000737, "dt_walking_dead": 243.90000000002465, "N_RNAP": 2, "N_Ribo": 4, "N_ATP": 1000, "seed": 7}