{"t_death": 4394.249999999198, "death_mode": "ribo_collapse", "pnr_type": "ribo_depletion", "t_pnr": 2989.7999999997655, "dt_walking_dead": 1404.4499999994323, "N_RNAP": 41, "N_Ribo": 7, "N_ATP": 1000, "seed": 76}