{"t_death": 4087.349999999322, "death_mode": "ribo_collapse", "pnr_type": "ribo_depletion", "t_pnr": 4008.149999999354, "dt_walking_dead": 79.19999999996799, "N_RNAP": 4, "N_Ribo": 64, "N_ATP": 1000, "seed": 35}