{"t_death": 3446.549999999581, "death_mode": "ribo_collapse", "pnr_type": "ribo_depletion", "t_pnr": 1318.0500000000723, "dt_walking_dead": 2128.499999999509, "N_RNAP": 41, "N_Ribo": 7, "N_ATP": 1000, "seed": 95}