{"t_death": 3820.9499999994296, "death_mode": "ribo_collapse", "pnr_type": "ribo_depletion", "t_pnr": 2570.849999999935, "dt_walking_dead": 1250.0999999994947, "N_RNAP": 17, "N_Ribo": 4, "N_ATP": 1000, "seed": 86}