{"t_death": 1162.8000000000566, "death_mode": "ribo_collapse", "pnr_type": "ribo_depletion", "t_pnr": 374.84999999999434, "dt_walking_dead": 787.9500000000622, "N_RNAP": 3, "N_Ribo": 3, "N_ATP": 1000, "seed": 97}