{"t_death": 3933.449999999384, "death_mode": "ribo_collapse", "pnr_type": "ribo_depletion", "t_pnr": 3784.0499999994445, "dt_walking_dead": 149.3999999999396, "N_RNAP": 41, "N_Ribo": 27, "N_ATP": 1000, "seed": 28}