{"t_death": 5270.399999998844, "death_mode": "ribo_collapse", "pnr_type": "ribo_depletion", "t_pnr": 3938.399999999382, "dt_walking_dead": 1331.9999999994616, "N_RNAP": 17, "N_Ribo": 64, "N_ATP": 1000, "seed": 11}