{"t_death": 3549.5999999995392, "death_mode": "ribo_collapse", "pnr_type": "ribo_depletion", "t_pnr": 1968.750000000138, "dt_walking_dead": 1580.8499999994012, "N_RNAP": 41, "N_Ribo": 7, "N_ATP": 1000, "seed": 69}