{"t_death": 576.4499999999974, "death_mode": "cycle_collapse", "pnr_type": "rnap_deadlock", "t_pnr": 496.34999999999127, "dt_walking_dead": 80.10000000000616, "N_RNAP": 4, "N_Ribo": 64, "N_ATP": 1000, "seed": 59}