{"t_death": 2539.7999999999474, "death_mode": "ribo_collapse", "pnr_type": "ribo_depletion", "t_pnr": 1921.0500000001332, "dt_walking_dead": 618.7499999998142, "N_RNAP": 4, "N_Ribo": 7, "N_ATP": 1000, "seed": 98}