{"t_death": 3969.4499999993695, "death_mode": "ribo_collapse", "pnr_type": "ribo_depletion", "t_pnr": 3162.5999999996957, "dt_walking_dead": 806.8499999996739, "N_RNAP": 17, "N_Ribo": 17, "N_ATP": 1000, "seed": 2}