{"t_death": 4079.249999999325, "death_mode": "ribo_collapse", "pnr_type": "ribo_depletion", "t_pnr": 2323.350000000035, "dt_walking_dead": 1755.8999999992902, "N_RNAP": 4, "N_Ribo": 7, "N_ATP": 1000, "seed": 50}