{"t_death": 3327.299999999629, "death_mode": "ribo_collapse", "pnr_type": "ribo_depletion", "t_pnr": 760.9500000000161, "dt_walking_dead": 2566.349999999613, "N_RNAP": 11, "N_Ribo": 3, "N_ATP": 1000, "seed": 53}