{"t_death": 4788.899999999038, "death_mode": "ribo_collapse", "pnr_type": "ribo_depletion", "t_pnr": 3236.399999999666, "dt_walking_dead": 1552.4999999993724, "N_RNAP": 11, "N_Ribo": 27, "N_ATP": 1000, "seed": 83}