{"t_death": 2627.999999999912, "death_mode": "cycle_collapse", "pnr_type": "rnap_deadlock", "t_pnr": 2544.2999999999456, "dt_walking_dead": 83.69999999996617, "N_RNAP": 3, "N_Ribo": 7, "N_ATP": 1000, "seed": 83}