{"t_death": 3822.749999999429, "death_mode": "ribo_collapse", "pnr_type": "ribo_depletion", "t_pnr": 3299.84999999964, "dt_walking_dead": 522.8999999997886, "N_RNAP": 41, "N_Ribo": 17, "N_ATP": 1000, "seed": 20}