{"t_death": 2973.1499999997723, "death_mode": "ribo_collapse", "pnr_type": "ribo_depletion", "t_pnr": 1737.9000000001147, "dt_walking_dead": 1235.2499999996576, "N_RNAP": 41, "N_Ribo": 2, "N_ATP": 1000, "seed": 75}