{"t_death": 4371.299999999207, "death_mode": "cycle_collapse", "pnr_type": "rnap_deadlock", "t_pnr": 4365.4499999992095, "dt_walking_dead": 5.849999999997635, "N_RNAP": 41, "N_Ribo": 100, "N_ATP": 1000, "seed": 38}