{"t_death": 8916.749999998834, "death_mode": "ribo_collapse", "pnr_type": "ribo_depletion", "t_pnr": 4794.749999999036, "dt_walking_dead": 4121.999999999798, "N_RNAP": 64, "N_Ribo": 7, "N_ATP": 1000, "seed": 99}