{"t_death": 4761.899999999049, "death_mode": "ribo_collapse", "pnr_type": "ribo_depletion", "t_pnr": 2657.2499999999, "dt_walking_dead": 2104.6499999991493, "N_RNAP": 27, "N_Ribo": 4, "N_ATP": 1000, "seed": 89}