{"t_death": 5606.999999998708, "death_mode": "ribo_collapse", "pnr_type": "ribo_depletion", "t_pnr": 2151.9000000001042, "dt_walking_dead": 3455.0999999986034, "N_RNAP": 100, "N_Ribo": 4, "N_ATP": 1000, "seed": 42}