{"t_death": 1980.9000000001392, "death_mode": "cycle_collapse", "pnr_type": "rnap_deadlock", "t_pnr": 1698.3000000001107, "dt_walking_dead": 282.60000000002856, "N_RNAP": 3, "N_Ribo": 7, "N_ATP": 1000, "seed": 11}