{"t_death": 3583.7999999995254, "death_mode": "cycle_collapse", "pnr_type": "rnap_deadlock", "t_pnr": 3430.7999999995873, "dt_walking_dead": 152.99999999993815, "N_RNAP": 17, "N_Ribo": 27, "N_ATP": 1000, "seed": 34}