{"t_death": 1743.7500000001153, "death_mode": "ribo_collapse", "pnr_type": "ribo_depletion", "t_pnr": 880.2000000000281, "dt_walking_dead": 863.5500000000872, "N_RNAP": 2, "N_Ribo": 2, "N_ATP": 1000, "seed": 97}