{"t_death": 6911.0999999981805, "death_mode": "ribo_collapse", "pnr_type": "ribo_depletion", "t_pnr": 208.34999999999854, "dt_walking_dead": 6702.749999998182, "N_RNAP": 64, "N_Ribo": 2, "N_ATP": 1000, "seed": 52}