{"t_death": 305.5499999999961, "death_mode": "cycle_collapse", "pnr_type": "rnap_deadlock", "t_pnr": 146.7000000000001, "dt_walking_dead": 158.849999999996, "N_RNAP": 2, "N_Ribo": 2, "N_ATP": 1000, "seed": 58}