{"t_death": 2035.8000000001448, "death_mode": "cycle_collapse", "pnr_type": "rnap_deadlock", "t_pnr": 2035.8000000001448, "dt_walking_dead": 0.0, "N_RNAP": 11, "N_Ribo": 41, "N_ATP": 1000, "seed": 27}