{"t_death": 1489.0500000000895, "death_mode": "cycle_collapse", "pnr_type": "rnap_deadlock", "t_pnr": 1463.400000000087, "dt_walking_dead": 25.650000000002592, "N_RNAP": 3, "N_Ribo": 7, "N_ATP": 1000, "seed": 84}