{"t_death": 1055.7000000000457, "death_mode": "cycle_collapse", "pnr_type": "rnap_deadlock", "t_pnr": 894.1500000000295, "dt_walking_dead": 161.5500000000162, "N_RNAP": 3, "N_Ribo": 17, "N_ATP": 1000, "seed": 52}