{"t_death": 1093.5000000000496, "death_mode": "cycle_collapse", "pnr_type": "rnap_deadlock", "t_pnr": 1045.8000000000447, "dt_walking_dead": 47.70000000000482, "N_RNAP": 4, "N_Ribo": 2, "N_ATP": 1000, "seed": 59}