{"t_death": 3739.9499999994623, "death_mode": "ribo_collapse", "pnr_type": "ribo_depletion", "t_pnr": 1763.5500000001173, "dt_walking_dead": 1976.399999999345, "N_RNAP": 17, "N_Ribo": 11, "N_ATP": 1000, "seed": 69}