{"t_death": 6596.999999998307, "death_mode": "ribo_collapse", "pnr_type": "ribo_depletion", "t_pnr": 3279.1499999996486, "dt_walking_dead": 3317.849999998659, "N_RNAP": 17, "N_Ribo": 3, "N_ATP": 1000, "seed": 72}