{"t_death": 6243.29999999845, "death_mode": "ribo_collapse", "pnr_type": "ribo_depletion", "t_pnr": 5381.549999998799, "dt_walking_dead": 861.7499999996517, "N_RNAP": 27, "N_Ribo": 64, "N_ATP": 1000, "seed": 40}