{"t_death": 4168.349999999289, "death_mode": "ribo_collapse", "pnr_type": "ribo_depletion", "t_pnr": 863.5500000000264, "dt_walking_dead": 3304.7999999992626, "N_RNAP": 41, "N_Ribo": 2, "N_ATP": 1000, "seed": 89}