{"t_death": 3219.2999999996728, "death_mode": "cycle_collapse", "pnr_type": "rnap_deadlock", "t_pnr": 3190.949999999684, "dt_walking_dead": 28.34999999998854, "N_RNAP": 17, "N_Ribo": 27, "N_ATP": 1000, "seed": 13}