{"t_death": 3342.599999999623, "death_mode": "cycle_collapse", "pnr_type": "rnap_deadlock", "t_pnr": 3165.7499999996944, "dt_walking_dead": 176.8499999999285, "N_RNAP": 27, "N_Ribo": 17, "N_ATP": 1000, "seed": 63}