{"t_death": 3989.6999999993614, "death_mode": "cycle_collapse", "pnr_type": "rnap_deadlock", "t_pnr": 3889.7999999994017, "dt_walking_dead": 99.89999999995962, "N_RNAP": 27, "N_Ribo": 41, "N_ATP": 1000, "seed": 16}