{"t_death": 6956.549999998162, "death_mode": "ribo_collapse", "pnr_type": "ribo_depletion", "t_pnr": 4597.199999999116, "dt_walking_dead": 2359.3499999990463, "N_RNAP": 64, "N_Ribo": 27, "N_ATP": 1000, "seed": 33}