{"t_death": 4002.749999999356, "death_mode": "ribo_collapse", "pnr_type": "ribo_depletion", "t_pnr": 2030.8500000001443, "dt_walking_dead": 1971.8999999992118, "N_RNAP": 41, "N_Ribo": 2, "N_ATP": 1000, "seed": 49}