{"t_death": 1428.7500000000834, "death_mode": "ribo_collapse", "pnr_type": "ribo_depletion", "t_pnr": 1404.900000000081, "dt_walking_dead": 23.85000000000241, "N_RNAP": 4, "N_Ribo": 4, "N_ATP": 1000, "seed": 9}