{"t_death": 3568.9499999995314, "death_mode": "cycle_collapse", "pnr_type": "rnap_deadlock", "t_pnr": 3523.9499999995496, "dt_walking_dead": 44.99999999998181, "N_RNAP": 7, "N_Ribo": 11, "N_ATP": 1000, "seed": 18}