{"t_death": 2076.300000000135, "death_mode": "ribo_collapse", "pnr_type": "ribo_depletion", "t_pnr": 2060.550000000141, "dt_walking_dead": 15.749999999993634, "N_RNAP": 17, "N_Ribo": 17, "N_ATP": 1000, "seed": 0}