{"t_death": 1689.7500000001098, "death_mode": "ribo_collapse", "pnr_type": "ribo_depletion", "t_pnr": 510.2999999999909, "dt_walking_dead": 1179.450000000119, "N_RNAP": 7, "N_Ribo": 3, "N_ATP": 1000, "seed": 45}