{"t_death": 4244.399999999258, "death_mode": "ribo_collapse", "pnr_type": "ribo_depletion", "t_pnr": 4157.099999999294, "dt_walking_dead": 87.29999999996471, "N_RNAP": 2, "N_Ribo": 27, "N_ATP": 1000, "seed": 51}