{"t_death": 2786.3999999998478, "death_mode": "ribo_collapse", "pnr_type": "ribo_depletion", "t_pnr": 697.5000000000097, "dt_walking_dead": 2088.899999999838, "N_RNAP": 2, "N_Ribo": 4, "N_ATP": 1000, "seed": 98}