{"t_death": 5716.799999998663, "death_mode": "ribo_collapse", "pnr_type": "ribo_depletion", "t_pnr": 458.09999999999224, "dt_walking_dead": 5258.699999998671, "N_RNAP": 100, "N_Ribo": 4, "N_ATP": 1000, "seed": 66}