{"t_death": 4712.399999999069, "death_mode": "ribo_collapse", "pnr_type": "ribo_depletion", "t_pnr": 3835.3499999994237, "dt_walking_dead": 877.0499999996455, "N_RNAP": 64, "N_Ribo": 7, "N_ATP": 1000, "seed": 85}