{"t_death": 2773.799999999853, "death_mode": "ribo_collapse", "pnr_type": "ribo_depletion", "t_pnr": 1129.9500000000533, "dt_walking_dead": 1643.8499999997996, "N_RNAP": 27, "N_Ribo": 3, "N_ATP": 1000, "seed": 3}