{"t_death": 2443.0499999999865, "death_mode": "cycle_collapse", "pnr_type": "rnap_deadlock", "t_pnr": 2326.050000000034, "dt_walking_dead": 116.9999999999527, "N_RNAP": 3, "N_Ribo": 27, "N_ATP": 1000, "seed": 91}