{"t_death": 3952.3499999993765, "death_mode": "ribo_collapse", "pnr_type": "ribo_depletion", "t_pnr": 1308.6000000000713, "dt_walking_dead": 2643.749999999305, "N_RNAP": 41, "N_Ribo": 4, "N_ATP": 1000, "seed": 10}