{"t_death": 5521.049999998742, "death_mode": "ribo_collapse", "pnr_type": "ribo_depletion", "t_pnr": 2017.350000000143, "dt_walking_dead": 3503.699999998599, "N_RNAP": 64, "N_Ribo": 3, "N_ATP": 1000, "seed": 26}