{"t_death": 2020.9500000001433, "death_mode": "ribo_collapse", "pnr_type": "ribo_depletion", "t_pnr": 344.2499999999951, "dt_walking_dead": 1676.700000000148, "N_RNAP": 11, "N_Ribo": 2, "N_ATP": 1000, "seed": 66}