{"t_death": 4131.899999999304, "death_mode": "cycle_collapse", "pnr_type": "rnap_deadlock", "t_pnr": 4012.1999999993523, "dt_walking_dead": 119.69999999995161, "N_RNAP": 64, "N_Ribo": 11, "N_ATP": 1000, "seed": 58}