{"t_death": 4309.199999999232, "death_mode": "ribo_collapse", "pnr_type": "ribo_depletion", "t_pnr": 2434.04999999999, "dt_walking_dead": 1875.149999999242, "N_RNAP": 27, "N_Ribo": 4, "N_ATP": 1000, "seed": 52}