{"t_death": 1181.7000000000585, "death_mode": "cycle_collapse", "pnr_type": "rnap_deadlock", "t_pnr": 913.5000000000315, "dt_walking_dead": 268.200000000027, "N_RNAP": 2, "N_Ribo": 7, "N_ATP": 1000, "seed": 39}