{"t_death": 3167.099999999694, "death_mode": "ribo_collapse", "pnr_type": "ribo_depletion", "t_pnr": 1439.5500000000845, "dt_walking_dead": 1727.5499999996093, "N_RNAP": 7, "N_Ribo": 4, "N_ATP": 1000, "seed": 86}