{"t_death": 1425.6000000000831, "death_mode": "ribo_collapse", "pnr_type": "ribo_depletion", "t_pnr": 1008.9000000000411, "dt_walking_dead": 416.700000000042, "N_RNAP": 3, "N_Ribo": 4, "N_ATP": 1000, "seed": 82}