{"t_death": 5140.799999998896, "death_mode": "ribo_collapse", "pnr_type": "ribo_depletion", "t_pnr": 3574.799999999529, "dt_walking_dead": 1565.999999999367, "N_RNAP": 100, "N_Ribo": 3, "N_ATP": 1000, "seed": 94}