{"t_death": 3645.4499999995005, "death_mode": "ribo_collapse", "pnr_type": "ribo_depletion", "t_pnr": 3602.699999999518, "dt_walking_dead": 42.74999999998272, "N_RNAP": 7, "N_Ribo": 4, "N_ATP": 1000, "seed": 51}