{"t_death": 3076.6499999997304, "death_mode": "ribo_collapse", "pnr_type": "ribo_depletion", "t_pnr": 1630.3500000001038, "dt_walking_dead": 1446.2999999996266, "N_RNAP": 3, "N_Ribo": 2, "N_ATP": 1000, "seed": 27}