{"t_death": 1395.00000000008, "death_mode": "ribo_collapse", "pnr_type": "ribo_depletion", "t_pnr": 1290.6000000000695, "dt_walking_dead": 104.40000000001055, "N_RNAP": 2, "N_Ribo": 4, "N_ATP": 1000, "seed": 39}