{"t_death": 3427.6499999995885, "death_mode": "ribo_collapse", "pnr_type": "ribo_depletion", "t_pnr": 1285.650000000069, "dt_walking_dead": 2141.99999999952, "N_RNAP": 7, "N_Ribo": 7, "N_ATP": 1000, "seed": 7}