{"t_death": 4733.099999999061, "death_mode": "ribo_collapse", "pnr_type": "ribo_depletion", "t_pnr": 3359.249999999616, "dt_walking_dead": 1373.8499999994447, "N_RNAP": 64, "N_Ribo": 4, "N_ATP": 1000, "seed": 94}