{"t_death": 1080.0000000000482, "death_mode": "ribo_collapse", "pnr_type": "ribo_depletion", "t_pnr": 662.4000000000061, "dt_walking_dead": 417.6000000000421, "N_RNAP": 4, "N_Ribo": 2, "N_ATP": 1000, "seed": 79}