{"t_death": 4140.8999999993, "death_mode": "ribo_collapse", "pnr_type": "ribo_depletion", "t_pnr": 3513.149999999554, "dt_walking_dead": 627.7499999997463, "N_RNAP": 64, "N_Ribo": 7, "N_ATP": 1000, "seed": 26}