{"t_death": 4881.149999999001, "death_mode": "cycle_collapse", "pnr_type": "rnap_deadlock", "t_pnr": 4860.449999999009, "dt_walking_dead": 20.699999999991633, "N_RNAP": 27, "N_Ribo": 64, "N_ATP": 1000, "seed": 39}