{"t_death": 1120.0500000000523, "death_mode": "cycle_collapse", "pnr_type": "rnap_deadlock", "t_pnr": 972.4500000000374, "dt_walking_dead": 147.6000000000148, "N_RNAP": 2, "N_Ribo": 4, "N_ATP": 1000, "seed": 11}