{"t_death": 4480.649999999163, "death_mode": "ribo_collapse", "pnr_type": "ribo_depletion", "t_pnr": 3159.899999999697, "dt_walking_dead": 1320.7499999994661, "N_RNAP": 11, "N_Ribo": 27, "N_ATP": 1000, "seed": 46}