{"t_death": 6682.049999998273, "death_mode": "ribo_collapse", "pnr_type": "ribo_depletion", "t_pnr": 1333.8000000000739, "dt_walking_dead": 5348.249999998199, "N_RNAP": 41, "N_Ribo": 7, "N_ATP": 1000, "seed": 71}