{"t_death": 5174.999999998882, "death_mode": "ribo_collapse", "pnr_type": "ribo_depletion", "t_pnr": 4931.099999998981, "dt_walking_dead": 243.8999999999014, "N_RNAP": 41, "N_Ribo": 27, "N_ATP": 1000, "seed": 55}