{"t_death": 3770.9999999994498, "death_mode": "cycle_collapse", "pnr_type": "rnap_deadlock", "t_pnr": 3770.9999999994498, "dt_walking_dead": 0.0, "N_RNAP": 41, "N_Ribo": 41, "N_ATP": 1000, "seed": 39}