{"t_death": 1701.900000000111, "death_mode": "cycle_collapse", "pnr_type": "rnap_deadlock", "t_pnr": 1333.8000000000739, "dt_walking_dead": 368.1000000000372, "N_RNAP": 4, "N_Ribo": 4, "N_ATP": 1000, "seed": 78}