{"t_death": 3920.3999999993894, "death_mode": "cycle_collapse", "pnr_type": "rnap_deadlock", "t_pnr": 3920.3999999993894, "dt_walking_dead": 0.0, "N_RNAP": 41, "N_Ribo": 41, "N_ATP": 1000, "seed": 99}