{"t_death": 5037.749999998938, "death_mode": "ribo_collapse", "pnr_type": "ribo_depletion", "t_pnr": 3629.699999999507, "dt_walking_dead": 1408.0499999994308, "N_RNAP": 64, "N_Ribo": 3, "N_ATP": 1000, "seed": 33}