{"t_death": 4725.449999999064, "death_mode": "ribo_collapse", "pnr_type": "ribo_depletion", "t_pnr": 825.3000000000226, "dt_walking_dead": 3900.1499999990415, "N_RNAP": 100, "N_Ribo": 3, "N_ATP": 1000, "seed": 85}