{"t_death": 2703.599999999881, "death_mode": "ribo_collapse", "pnr_type": "ribo_depletion", "t_pnr": 1331.5500000000736, "dt_walking_dead": 1372.0499999998076, "N_RNAP": 7, "N_Ribo": 2, "N_ATP": 1000, "seed": 55}