{"t_death": 5061.149999998928, "death_mode": "ribo_collapse", "pnr_type": "ribo_depletion", "t_pnr": 355.04999999999484, "dt_walking_dead": 4706.0999999989335, "N_RNAP": 41, "N_Ribo": 2, "N_ATP": 1000, "seed": 7}