{"t_death": 4664.249999999089, "death_mode": "ribo_collapse", "pnr_type": "ribo_depletion", "t_pnr": 1421.1000000000827, "dt_walking_dead": 3243.149999999006, "N_RNAP": 27, "N_Ribo": 11, "N_ATP": 1000, "seed": 26}