{"t_death": 3494.6999999995614, "death_mode": "ribo_collapse", "pnr_type": "ribo_depletion", "t_pnr": 2115.000000000119, "dt_walking_dead": 1379.6999999994423, "N_RNAP": 27, "N_Ribo": 17, "N_ATP": 1000, "seed": 42}