{"t_death": 1574.1000000000981, "death_mode": "ribo_collapse", "pnr_type": "ribo_depletion", "t_pnr": 1551.1500000000958, "dt_walking_dead": 22.95000000000232, "N_RNAP": 3, "N_Ribo": 7, "N_ATP": 1000, "seed": 35}