{"t_death": 4866.299999999007, "death_mode": "ribo_collapse", "pnr_type": "ribo_depletion", "t_pnr": 1876.5000000001287, "dt_walking_dead": 2989.7999999988783, "N_RNAP": 27, "N_Ribo": 4, "N_ATP": 1000, "seed": 67}