{"t_death": 973.8000000000376, "death_mode": "ribo_collapse", "pnr_type": "ribo_depletion", "t_pnr": 797.4000000000198, "dt_walking_dead": 176.40000000001783, "N_RNAP": 4, "N_Ribo": 2, "N_ATP": 1000, "seed": 19}