{"t_death": 1876.9500000001287, "death_mode": "ribo_collapse", "pnr_type": "ribo_depletion", "t_pnr": 1492.2000000000899, "dt_walking_dead": 384.7500000000389, "N_RNAP": 4, "N_Ribo": 7, "N_ATP": 1000, "seed": 17}