{"t_death": 5569.649999998723, "death_mode": "ribo_collapse", "pnr_type": "ribo_depletion", "t_pnr": 1057.0500000000459, "dt_walking_dead": 4512.599999998677, "N_RNAP": 100, "N_Ribo": 3, "N_ATP": 1000, "seed": 58}