{"t_death": 4441.049999999179, "death_mode": "ribo_collapse", "pnr_type": "ribo_depletion", "t_pnr": 2928.5999999997903, "dt_walking_dead": 1512.4499999993886, "N_RNAP": 17, "N_Ribo": 11, "N_ATP": 1000, "seed": 45}