{"t_death": 4144.499999999299, "death_mode": "ribo_collapse", "pnr_type": "ribo_depletion", "t_pnr": 2551.049999999943, "dt_walking_dead": 1593.449999999356, "N_RNAP": 27, "N_Ribo": 17, "N_ATP": 1000, "seed": 35}