{"t_death": 6222.149999998459, "death_mode": "ribo_collapse", "pnr_type": "ribo_depletion", "t_pnr": 4434.299999999182, "dt_walking_dead": 1787.8499999992773, "N_RNAP": 41, "N_Ribo": 4, "N_ATP": 1000, "seed": 84}