{"t_death": 4955.849999998971, "death_mode": "cycle_collapse", "pnr_type": "rnap_deadlock", "t_pnr": 4926.149999998983, "dt_walking_dead": 29.699999999987995, "N_RNAP": 41, "N_Ribo": 41, "N_ATP": 1000, "seed": 59}