{"t_death": 6801.299999998225, "death_mode": "ribo_collapse", "pnr_type": "ribo_depletion", "t_pnr": 5902.649999998588, "dt_walking_dead": 898.6499999996367, "N_RNAP": 100, "N_Ribo": 17, "N_ATP": 1000, "seed": 14}