{"t_death": 4628.249999999103, "death_mode": "ribo_collapse", "pnr_type": "ribo_depletion", "t_pnr": 4384.799999999202, "dt_walking_dead": 243.4499999999016, "N_RNAP": 41, "N_Ribo": 27, "N_ATP": 1000, "seed": 89}