{"t_death": 3666.149999999492, "death_mode": "ribo_collapse", "pnr_type": "ribo_depletion", "t_pnr": 2789.5499999998465, "dt_walking_dead": 876.5999999996457, "N_RNAP": 41, "N_Ribo": 17, "N_ATP": 1000, "seed": 43}