{"t_death": 5042.699999998936, "death_mode": "cycle_collapse", "pnr_type": "rnap_deadlock", "t_pnr": 4943.699999998976, "dt_walking_dead": 98.99999999995998, "N_RNAP": 4, "N_Ribo": 64, "N_ATP": 1000, "seed": 79}