{"t_death": 4063.9499999993313, "death_mode": "ribo_collapse", "pnr_type": "ribo_depletion", "t_pnr": 2379.1500000000124, "dt_walking_dead": 1684.799999999319, "N_RNAP": 27, "N_Ribo": 11, "N_ATP": 1000, "seed": 45}