{"t_death": 2721.599999999874, "death_mode": "ribo_collapse", "pnr_type": "ribo_depletion", "t_pnr": 2667.149999999896, "dt_walking_dead": 54.44999999997799, "N_RNAP": 7, "N_Ribo": 11, "N_ATP": 1000, "seed": 14}