{"t_death": 2772.899999999853, "death_mode": "ribo_collapse", "pnr_type": "ribo_depletion", "t_pnr": 2551.049999999943, "dt_walking_dead": 221.84999999991032, "N_RNAP": 17, "N_Ribo": 3, "N_ATP": 1000, "seed": 25}