{"t_death": 3948.299999999378, "death_mode": "ribo_collapse", "pnr_type": "ribo_depletion", "t_pnr": 2140.650000000109, "dt_walking_dead": 1807.6499999992693, "N_RNAP": 7, "N_Ribo": 27, "N_ATP": 1000, "seed": 80}