{"t_death": 2825.099999999832, "death_mode": "ribo_collapse", "pnr_type": "ribo_depletion", "t_pnr": 1991.7000000001403, "dt_walking_dead": 833.3999999996918, "N_RNAP": 3, "N_Ribo": 27, "N_ATP": 1000, "seed": 54}