{"t_death": 2173.5000000000955, "death_mode": "cycle_collapse", "pnr_type": "rnap_deadlock", "t_pnr": 1858.5000000001269, "dt_walking_dead": 314.9999999999686, "N_RNAP": 3, "N_Ribo": 41, "N_ATP": 1000, "seed": 10}