{"t_death": 3443.399999999582, "death_mode": "ribo_collapse", "pnr_type": "ribo_depletion", "t_pnr": 3350.24999999962, "dt_walking_dead": 93.14999999996235, "N_RNAP": 2, "N_Ribo": 27, "N_ATP": 1000, "seed": 99}