{"t_death": 3322.799999999631, "death_mode": "ribo_collapse", "pnr_type": "ribo_depletion", "t_pnr": 2551.4999999999427, "dt_walking_dead": 771.2999999996882, "N_RNAP": 27, "N_Ribo": 4, "N_ATP": 1000, "seed": 61}