{"t_death": 5698.7999999986705, "death_mode": "ribo_collapse", "pnr_type": "ribo_depletion", "t_pnr": 4423.049999999186, "dt_walking_dead": 1275.7499999994843, "N_RNAP": 64, "N_Ribo": 2, "N_ATP": 1000, "seed": 61}