{"t_death": 2565.899999999937, "death_mode": "cycle_collapse", "pnr_type": "rnap_deadlock", "t_pnr": 2516.8499999999567, "dt_walking_dead": 49.04999999998017, "N_RNAP": 11, "N_Ribo": 64, "N_ATP": 1000, "seed": 43}