{"t_death": 6319.34999999842, "death_mode": "ribo_collapse", "pnr_type": "ribo_depletion", "t_pnr": 3005.0999999997593, "dt_walking_dead": 3314.2499999986603, "N_RNAP": 17, "N_Ribo": 17, "N_ATP": 1000, "seed": 70}