{"t_death": 3202.6499999996795, "death_mode": "ribo_collapse", "pnr_type": "ribo_depletion", "t_pnr": 2482.1999999999707, "dt_walking_dead": 720.4499999997088, "N_RNAP": 17, "N_Ribo": 17, "N_ATP": 1000, "seed": 5}