{"t_death": 2675.6999999998925, "death_mode": "ribo_collapse", "pnr_type": "ribo_depletion", "t_pnr": 1574.5500000000982, "dt_walking_dead": 1101.1499999997943, "N_RNAP": 2, "N_Ribo": 2, "N_ATP": 1000, "seed": 89}