{"t_death": 4962.599999998968, "death_mode": "ribo_collapse", "pnr_type": "ribo_depletion", "t_pnr": 3829.499999999426, "dt_walking_dead": 1133.099999999542, "N_RNAP": 64, "N_Ribo": 41, "N_ATP": 1000, "seed": 98}