{"t_death": 2875.9499999998116, "death_mode": "cycle_collapse", "pnr_type": "rnap_deadlock", "t_pnr": 2875.9499999998116, "dt_walking_dead": 0.0, "N_RNAP": 27, "N_Ribo": 17, "N_ATP": 1000, "seed": 79}