{"t_death": 3659.399999999495, "death_mode": "cycle_collapse", "pnr_type": "rnap_deadlock", "t_pnr": 3250.34999999966, "dt_walking_dead": 409.04999999983465, "N_RNAP": 41, "N_Ribo": 3, "N_ATP": 1000, "seed": 17}