{"t_death": 4989.149999998957, "death_mode": "cycle_collapse", "pnr_type": "rnap_deadlock", "t_pnr": 4955.399999998971, "dt_walking_dead": 33.74999999998636, "N_RNAP": 27, "N_Ribo": 41, "N_ATP": 1000, "seed": 41}