{"t_death": 2244.6000000000668, "death_mode": "ribo_collapse", "pnr_type": "ribo_depletion", "t_pnr": 1495.3500000000902, "dt_walking_dead": 749.2499999999766, "N_RNAP": 11, "N_Ribo": 2, "N_ATP": 1000, "seed": 63}