{"t_death": 5305.949999998829, "death_mode": "ribo_collapse", "pnr_type": "ribo_depletion", "t_pnr": 4371.749999999207, "dt_walking_dead": 934.1999999996224, "N_RNAP": 41, "N_Ribo": 27, "N_ATP": 1000, "seed": 36}