{"t_death": 1688.4000000001097, "death_mode": "ribo_collapse", "pnr_type": "ribo_depletion", "t_pnr": 1112.8500000000515, "dt_walking_dead": 575.5500000000582, "N_RNAP": 7, "N_Ribo": 3, "N_ATP": 1000, "seed": 58}