{"t_death": 3955.0499999993754, "death_mode": "cycle_collapse", "pnr_type": "rnap_deadlock", "t_pnr": 3955.0499999993754, "dt_walking_dead": 0.0, "N_RNAP": 27, "N_Ribo": 64, "N_ATP": 1000, "seed": 61}