{"t_death": 3636.449999999504, "death_mode": "ribo_collapse", "pnr_type": "ribo_depletion", "t_pnr": 779.850000000018, "dt_walking_dead": 2856.599999999486, "N_RNAP": 64, "N_Ribo": 2, "N_ATP": 1000, "seed": 36}