{"t_death": 1805.4000000001215, "death_mode": "ribo_collapse", "pnr_type": "ribo_depletion", "t_pnr": 1405.350000000081, "dt_walking_dead": 400.0500000000404, "N_RNAP": 3, "N_Ribo": 4, "N_ATP": 1000, "seed": 80}