{"t_death": 5518.349999998743, "death_mode": "ribo_collapse", "pnr_type": "ribo_depletion", "t_pnr": 5242.499999998855, "dt_walking_dead": 275.8499999998885, "N_RNAP": 41, "N_Ribo": 27, "N_ATP": 1000, "seed": 99}