{"t_death": 3511.7999999995545, "death_mode": "ribo_collapse", "pnr_type": "ribo_depletion", "t_pnr": 3140.099999999705, "dt_walking_dead": 371.69999999984975, "N_RNAP": 2, "N_Ribo": 17, "N_ATP": 1000, "seed": 67}