{"t_death": 4981.049999998961, "death_mode": "cycle_collapse", "pnr_type": "rnap_deadlock", "t_pnr": 4933.79999999898, "dt_walking_dead": 47.2499999999809, "N_RNAP": 41, "N_Ribo": 64, "N_ATP": 1000, "seed": 12}