{"t_death": 3120.7499999997126, "death_mode": "ribo_collapse", "pnr_type": "ribo_depletion", "t_pnr": 2138.4000000001097, "dt_walking_dead": 982.3499999996029, "N_RNAP": 17, "N_Ribo": 2, "N_ATP": 1000, "seed": 94}