{"t_death": 4268.249999999249, "death_mode": "ribo_collapse", "pnr_type": "ribo_depletion", "t_pnr": 1018.8000000000421, "dt_walking_dead": 3249.4499999992067, "N_RNAP": 7, "N_Ribo": 2, "N_ATP": 1000, "seed": 98}