{"t_death": 6164.999999998482, "death_mode": "ribo_collapse", "pnr_type": "ribo_depletion", "t_pnr": 3341.2499999996235, "dt_walking_dead": 2823.7499999988586, "N_RNAP": 41, "N_Ribo": 17, "N_ATP": 1000, "seed": 14}