{"t_death": 3335.399999999626, "death_mode": "ribo_collapse", "pnr_type": "ribo_depletion", "t_pnr": 1349.5500000000754, "dt_walking_dead": 1985.8499999995504, "N_RNAP": 64, "N_Ribo": 7, "N_ATP": 1000, "seed": 22}