{"t_death": 3876.749999999407, "death_mode": "cycle_collapse", "pnr_type": "rnap_deadlock", "t_pnr": 3814.649999999432, "dt_walking_dead": 62.0999999999749, "N_RNAP": 17, "N_Ribo": 41, "N_ATP": 1000, "seed": 40}