{"t_death": 5489.549999998755, "death_mode": "ribo_collapse", "pnr_type": "ribo_depletion", "t_pnr": 1676.2500000001085, "dt_walking_dead": 3813.299999998647, "N_RNAP": 64, "N_Ribo": 2, "N_ATP": 1000, "seed": 73}