{"t_death": 2759.8499999998585, "death_mode": "ribo_collapse", "pnr_type": "ribo_depletion", "t_pnr": 1077.750000000048, "dt_walking_dead": 1682.0999999998105, "N_RNAP": 11, "N_Ribo": 4, "N_ATP": 1000, "seed": 41}