{"t_death": 4095.8999999993184, "death_mode": "ribo_collapse", "pnr_type": "ribo_depletion", "t_pnr": 2508.74999999996, "dt_walking_dead": 1587.1499999993584, "N_RNAP": 27, "N_Ribo": 4, "N_ATP": 1000, "seed": 33}