{"t_death": 3353.3999999996186, "death_mode": "ribo_collapse", "pnr_type": "ribo_depletion", "t_pnr": 2725.6499999998723, "dt_walking_dead": 627.7499999997463, "N_RNAP": 11, "N_Ribo": 7, "N_ATP": 1000, "seed": 3}