{"t_death": 8151.299999997679, "death_mode": "ribo_collapse", "pnr_type": "ribo_depletion", "t_pnr": 916.6500000000318, "dt_walking_dead": 7234.649999997648, "N_RNAP": 41, "N_Ribo": 4, "N_ATP": 1000, "seed": 63}