{"t_death": 2673.899999999893, "death_mode": "ribo_collapse", "pnr_type": "ribo_depletion", "t_pnr": 1394.10000000008, "dt_walking_dead": 1279.7999999998133, "N_RNAP": 3, "N_Ribo": 7, "N_ATP": 1000, "seed": 80}