{"t_death": 5879.249999998598, "death_mode": "ribo_collapse", "pnr_type": "ribo_depletion", "t_pnr": 1631.250000000104, "dt_walking_dead": 4247.999999998494, "N_RNAP": 11, "N_Ribo": 4, "N_ATP": 1000, "seed": 37}