{"t_death": 4969.349999998965, "death_mode": "ribo_collapse", "pnr_type": "ribo_depletion", "t_pnr": 2868.2999999998146, "dt_walking_dead": 2101.0499999991507, "N_RNAP": 27, "N_Ribo": 11, "N_ATP": 1000, "seed": 92}