{"t_death": 7711.199999997857, "death_mode": "ribo_collapse", "pnr_type": "ribo_depletion", "t_pnr": 4109.849999999313, "dt_walking_dead": 3601.3499999985443, "N_RNAP": 100, "N_Ribo": 17, "N_ATP": 1000, "seed": 2}