{"t_death": 2616.2999999999165, "death_mode": "ribo_collapse", "pnr_type": "ribo_depletion", "t_pnr": 2016.9000000001429, "dt_walking_dead": 599.3999999997736, "N_RNAP": 7, "N_Ribo": 11, "N_ATP": 1000, "seed": 17}