{"t_death": 1318.5000000000723, "death_mode": "ribo_collapse", "pnr_type": "ribo_depletion", "t_pnr": 1213.6500000000617, "dt_walking_dead": 104.8500000000106, "N_RNAP": 3, "N_Ribo": 4, "N_ATP": 1000, "seed": 87}