{"t_death": 4922.549999998984, "death_mode": "ribo_collapse", "pnr_type": "ribo_depletion", "t_pnr": 4621.949999999106, "dt_walking_dead": 300.5999999998785, "N_RNAP": 41, "N_Ribo": 4, "N_ATP": 1000, "seed": 54}