{"t_death": 3760.199999999454, "death_mode": "ribo_collapse", "pnr_type": "ribo_depletion", "t_pnr": 1789.2000000001199, "dt_walking_dead": 1970.9999999993342, "N_RNAP": 64, "N_Ribo": 3, "N_ATP": 1000, "seed": 79}