{"t_death": 1002.1500000000404, "death_mode": "cycle_collapse", "pnr_type": "rnap_deadlock", "t_pnr": 891.4500000000293, "dt_walking_dead": 110.70000000001119, "N_RNAP": 3, "N_Ribo": 4, "N_ATP": 1000, "seed": 64}