{"t_death": 4003.199999999356, "death_mode": "ribo_collapse", "pnr_type": "ribo_depletion", "t_pnr": 1564.6500000000972, "dt_walking_dead": 2438.549999999259, "N_RNAP": 41, "N_Ribo": 3, "N_ATP": 1000, "seed": 30}