{"t_death": 4787.999999999039, "death_mode": "ribo_collapse", "pnr_type": "ribo_depletion", "t_pnr": 4094.999999999319, "dt_walking_dead": 692.9999999997199, "N_RNAP": 41, "N_Ribo": 11, "N_ATP": 1000, "seed": 92}