{"t_death": 7705.349999997859, "death_mode": "ribo_collapse", "pnr_type": "ribo_depletion", "t_pnr": 4218.749999999269, "dt_walking_dead": 3486.5999999985906, "N_RNAP": 100, "N_Ribo": 3, "N_ATP": 1000, "seed": 41}