{"t_death": 4617.899999999107, "death_mode": "cycle_collapse", "pnr_type": "rnap_deadlock", "t_pnr": 4601.699999999114, "dt_walking_dead": 16.19999999999345, "N_RNAP": 41, "N_Ribo": 11, "N_ATP": 1000, "seed": 57}