{"t_death": 4003.6499999993557, "death_mode": "ribo_collapse", "pnr_type": "ribo_depletion", "t_pnr": 3284.0999999996466, "dt_walking_dead": 719.5499999997091, "N_RNAP": 41, "N_Ribo": 3, "N_ATP": 1000, "seed": 90}