{"t_death": 8040.599999997724, "death_mode": "ribo_collapse", "pnr_type": "ribo_depletion", "t_pnr": 2241.900000000068, "dt_walking_dead": 5798.699999997656, "N_RNAP": 64, "N_Ribo": 7, "N_ATP": 1000, "seed": 21}