{"t_death": 3032.999999999748, "death_mode": "ribo_collapse", "pnr_type": "ribo_depletion", "t_pnr": 2496.599999999965, "dt_walking_dead": 536.3999999997832, "N_RNAP": 7, "N_Ribo": 3, "N_ATP": 1000, "seed": 47}