{"t_death": 3357.449999999617, "death_mode": "ribo_collapse", "pnr_type": "ribo_depletion", "t_pnr": 1960.2000000001372, "dt_walking_dead": 1397.2499999994798, "N_RNAP": 41, "N_Ribo": 3, "N_ATP": 1000, "seed": 76}