{"t_death": 1260.0000000000664, "death_mode": "ribo_collapse", "pnr_type": "ribo_depletion", "t_pnr": 819.0000000000219, "dt_walking_dead": 441.00000000004445, "N_RNAP": 11, "N_Ribo": 2, "N_ATP": 1000, "seed": 55}