{"t_death": 4178.699999999285, "death_mode": "ribo_collapse", "pnr_type": "ribo_depletion", "t_pnr": 822.1500000000223, "dt_walking_dead": 3356.5499999992626, "N_RNAP": 27, "N_Ribo": 2, "N_ATP": 1000, "seed": 37}