{"t_death": 5173.649999998883, "death_mode": "ribo_collapse", "pnr_type": "ribo_depletion", "t_pnr": 3816.899999999431, "dt_walking_dead": 1356.7499999994516, "N_RNAP": 27, "N_Ribo": 41, "N_ATP": 1000, "seed": 63}