{"t_death": 5871.149999998601, "death_mode": "ribo_collapse", "pnr_type": "ribo_depletion", "t_pnr": 1006.2000000000409, "dt_walking_dead": 4864.94999999856, "N_RNAP": 64, "N_Ribo": 2, "N_ATP": 1000, "seed": 64}