{"t_death": 3971.6999999993686, "death_mode": "ribo_collapse", "pnr_type": "ribo_depletion", "t_pnr": 3810.149999999434, "dt_walking_dead": 161.5499999999347, "N_RNAP": 4, "N_Ribo": 41, "N_ATP": 1000, "seed": 6}