{"t_death": 8595.449999998315, "death_mode": "ribo_collapse", "pnr_type": "ribo_depletion", "t_pnr": 3025.799999999751, "dt_walking_dead": 5569.6499999985635, "N_RNAP": 41, "N_Ribo": 4, "N_ATP": 1000, "seed": 59}