{"t_death": 4059.899999999333, "death_mode": "ribo_collapse", "pnr_type": "ribo_depletion", "t_pnr": 922.5000000000324, "dt_walking_dead": 3137.3999999993007, "N_RNAP": 11, "N_Ribo": 2, "N_ATP": 1000, "seed": 9}