{"t_death": 5160.599999998888, "death_mode": "cycle_collapse", "pnr_type": "rnap_deadlock", "t_pnr": 5124.599999998903, "dt_walking_dead": 35.99999999998545, "N_RNAP": 11, "N_Ribo": 64, "N_ATP": 1000, "seed": 0}