{"t_death": 5740.649999998654, "death_mode": "ribo_collapse", "pnr_type": "ribo_depletion", "t_pnr": 3384.899999999606, "dt_walking_dead": 2355.7499999990478, "N_RNAP": 64, "N_Ribo": 7, "N_ATP": 1000, "seed": 93}