{"t_death": 5669.0999999986825, "death_mode": "ribo_collapse", "pnr_type": "ribo_depletion", "t_pnr": 4867.199999999007, "dt_walking_dead": 801.8999999996759, "N_RNAP": 27, "N_Ribo": 64, "N_ATP": 1000, "seed": 16}