{"t_death": 5866.649999998603, "death_mode": "ribo_collapse", "pnr_type": "ribo_depletion", "t_pnr": 4905.449999998991, "dt_walking_dead": 961.1999999996115, "N_RNAP": 17, "N_Ribo": 64, "N_ATP": 1000, "seed": 97}