{"t_death": 3067.649999999734, "death_mode": "ribo_collapse", "pnr_type": "ribo_depletion", "t_pnr": 1189.3500000000593, "dt_walking_dead": 1878.2999999996748, "N_RNAP": 7, "N_Ribo": 3, "N_ATP": 1000, "seed": 25}