{"t_death": 4510.799999999151, "death_mode": "ribo_collapse", "pnr_type": "ribo_depletion", "t_pnr": 1934.5500000001346, "dt_walking_dead": 2576.249999999016, "N_RNAP": 7, "N_Ribo": 2, "N_ATP": 1000, "seed": 16}