{"t_death": 3395.6999999996015, "death_mode": "ribo_collapse", "pnr_type": "ribo_depletion", "t_pnr": 1641.150000000105, "dt_walking_dead": 1754.5499999994965, "N_RNAP": 11, "N_Ribo": 4, "N_ATP": 1000, "seed": 2}