{"t_death": 3169.799999999693, "death_mode": "ribo_collapse", "pnr_type": "ribo_depletion", "t_pnr": 2776.049999999852, "dt_walking_dead": 393.74999999984084, "N_RNAP": 11, "N_Ribo": 64, "N_ATP": 1000, "seed": 94}