{"t_death": 6342.74999999841, "death_mode": "ribo_collapse", "pnr_type": "ribo_depletion", "t_pnr": 1917.9000000001329, "dt_walking_dead": 4424.849999998278, "N_RNAP": 41, "N_Ribo": 7, "N_ATP": 1000, "seed": 14}