{"t_death": 2277.4500000000535, "death_mode": "cycle_collapse", "pnr_type": "rnap_deadlock", "t_pnr": 2118.150000000118, "dt_walking_dead": 159.2999999999356, "N_RNAP": 11, "N_Ribo": 7, "N_ATP": 1000, "seed": 98}