{"t_death": 5998.949999998549, "death_mode": "ribo_collapse", "pnr_type": "ribo_depletion", "t_pnr": 1105.6500000000508, "dt_walking_dead": 4893.299999998499, "N_RNAP": 64, "N_Ribo": 2, "N_ATP": 1000, "seed": 19}