{"t_death": 7032.1499999981315, "death_mode": "ribo_collapse", "pnr_type": "ribo_depletion", "t_pnr": 3600.4499999995187, "dt_walking_dead": 3431.699999998613, "N_RNAP": 64, "N_Ribo": 17, "N_ATP": 1000, "seed": 83}