{"t_death": 784.8000000000185, "death_mode": "cycle_collapse", "pnr_type": "rnap_deadlock", "t_pnr": 667.8000000000067, "dt_walking_dead": 117.00000000001182, "N_RNAP": 3, "N_Ribo": 7, "N_ATP": 1000, "seed": 49}