{"t_death": 1913.8500000001325, "death_mode": "cycle_collapse", "pnr_type": "rnap_deadlock", "t_pnr": 1771.200000000118, "dt_walking_dead": 142.65000000001442, "N_RNAP": 2, "N_Ribo": 41, "N_ATP": 1000, "seed": 95}