{"t_death": 8048.249999997721, "death_mode": "ribo_collapse", "pnr_type": "ribo_depletion", "t_pnr": 4702.949999999073, "dt_walking_dead": 3345.2999999986478, "N_RNAP": 41, "N_Ribo": 27, "N_ATP": 1000, "seed": 13}