{"t_death": 3153.5999999996993, "death_mode": "cycle_collapse", "pnr_type": "rnap_deadlock", "t_pnr": 3002.3999999997604, "dt_walking_dead": 151.19999999993888, "N_RNAP": 7, "N_Ribo": 100, "N_ATP": 1000, "seed": 22}