{"t_death": 5502.59999999875, "death_mode": "ribo_collapse", "pnr_type": "ribo_depletion", "t_pnr": 2956.049999999779, "dt_walking_dead": 2546.5499999989706, "N_RNAP": 4, "N_Ribo": 4, "N_ATP": 1000, "seed": 40}