{"t_death": 2617.199999999916, "death_mode": "cycle_collapse", "pnr_type": "rnap_deadlock", "t_pnr": 2582.54999999993, "dt_walking_dead": 34.649999999985994, "N_RNAP": 7, "N_Ribo": 11, "N_ATP": 1000, "seed": 97}