{"t_death": 4505.849999999153, "death_mode": "ribo_collapse", "pnr_type": "ribo_depletion", "t_pnr": 4255.649999999254, "dt_walking_dead": 250.19999999989886, "N_RNAP": 7, "N_Ribo": 41, "N_ATP": 1000, "seed": 89}