{"t_death": 2616.7499999999163, "death_mode": "ribo_collapse", "pnr_type": "ribo_depletion", "t_pnr": 287.99999999999653, "dt_walking_dead": 2328.74999999992, "N_RNAP": 27, "N_Ribo": 2, "N_ATP": 1000, "seed": 76}