{"t_death": 2251.350000000064, "death_mode": "ribo_collapse", "pnr_type": "ribo_depletion", "t_pnr": 1720.800000000113, "dt_walking_dead": 530.5499999999511, "N_RNAP": 3, "N_Ribo": 4, "N_ATP": 1000, "seed": 58}