{"t_death": 4268.699999999249, "death_mode": "ribo_collapse", "pnr_type": "ribo_depletion", "t_pnr": 2956.949999999779, "dt_walking_dead": 1311.7499999994698, "N_RNAP": 2, "N_Ribo": 3, "N_ATP": 1000, "seed": 84}