{"t_death": 3834.899999999424, "death_mode": "ribo_collapse", "pnr_type": "ribo_depletion", "t_pnr": 2647.799999999904, "dt_walking_dead": 1187.0999999995202, "N_RNAP": 41, "N_Ribo": 4, "N_ATP": 1000, "seed": 45}