{"t_death": 3861.899999999413, "death_mode": "cycle_collapse", "pnr_type": "rnap_deadlock", "t_pnr": 3538.349999999544, "dt_walking_dead": 323.5499999998692, "N_RNAP": 3, "N_Ribo": 64, "N_ATP": 1000, "seed": 81}