{"t_death": 4405.949999999193, "death_mode": "ribo_collapse", "pnr_type": "ribo_depletion", "t_pnr": 2576.2499999999327, "dt_walking_dead": 1829.6999999992604, "N_RNAP": 100, "N_Ribo": 3, "N_ATP": 1000, "seed": 76}