{"t_death": 7105.049999998102, "death_mode": "ribo_collapse", "pnr_type": "ribo_depletion", "t_pnr": 6676.199999998275, "dt_walking_dead": 428.84999999982665, "N_RNAP": 64, "N_Ribo": 41, "N_ATP": 1000, "seed": 97}