{"t_death": 3388.4999999996044, "death_mode": "ribo_collapse", "pnr_type": "ribo_depletion", "t_pnr": 2848.9499999998225, "dt_walking_dead": 539.5499999997819, "N_RNAP": 3, "N_Ribo": 4, "N_ATP": 1000, "seed": 54}