{"t_death": 2244.150000000067, "death_mode": "cycle_collapse", "pnr_type": "rnap_deadlock", "t_pnr": 1796.4000000001206, "dt_walking_dead": 447.74999999994634, "N_RNAP": 3, "N_Ribo": 27, "N_ATP": 1000, "seed": 82}