{"t_death": 5256.449999998849, "death_mode": "ribo_collapse", "pnr_type": "ribo_depletion", "t_pnr": 4670.549999999086, "dt_walking_dead": 585.8999999997632, "N_RNAP": 41, "N_Ribo": 11, "N_ATP": 1000, "seed": 11}