{"t_death": 2728.799999999871, "death_mode": "ribo_collapse", "pnr_type": "ribo_depletion", "t_pnr": 281.6999999999967, "dt_walking_dead": 2447.0999999998744, "N_RNAP": 4, "N_Ribo": 3, "N_ATP": 1000, "seed": 31}