{"t_death": 3124.349999999711, "death_mode": "ribo_collapse", "pnr_type": "ribo_depletion", "t_pnr": 2008.800000000142, "dt_walking_dead": 1115.549999999569, "N_RNAP": 11, "N_Ribo": 2, "N_ATP": 1000, "seed": 60}