{"t_death": 3785.8499999994438, "death_mode": "ribo_collapse", "pnr_type": "ribo_depletion", "t_pnr": 3131.999999999708, "dt_walking_dead": 653.8499999997357, "N_RNAP": 64, "N_Ribo": 11, "N_ATP": 1000, "seed": 32}