{"t_death": 2826.4499999998316, "death_mode": "ribo_collapse", "pnr_type": "ribo_depletion", "t_pnr": 1719.4500000001128, "dt_walking_dead": 1106.9999999997187, "N_RNAP": 2, "N_Ribo": 11, "N_ATP": 1000, "seed": 94}