{"t_death": 6015.149999998543, "death_mode": "ribo_collapse", "pnr_type": "ribo_depletion", "t_pnr": 763.6500000000163, "dt_walking_dead": 5251.499999998527, "N_RNAP": 27, "N_Ribo": 3, "N_ATP": 1000, "seed": 67}