{"t_death": 1073.7000000000476, "death_mode": "cycle_collapse", "pnr_type": "rnap_deadlock", "t_pnr": 1053.4500000000455, "dt_walking_dead": 20.250000000002046, "N_RNAP": 3, "N_Ribo": 2, "N_ATP": 1000, "seed": 54}