{"t_death": 5463.899999998765, "death_mode": "cycle_collapse", "pnr_type": "rnap_deadlock", "t_pnr": 5422.049999998782, "dt_walking_dead": 41.84999999998308, "N_RNAP": 11, "N_Ribo": 100, "N_ATP": 1000, "seed": 84}