{"t_death": 6522.299999998338, "death_mode": "ribo_collapse", "pnr_type": "ribo_depletion", "t_pnr": 4458.599999999172, "dt_walking_dead": 2063.699999999166, "N_RNAP": 64, "N_Ribo": 64, "N_ATP": 1000, "seed": 43}