{"t_death": 3537.899999999544, "death_mode": "ribo_collapse", "pnr_type": "ribo_depletion", "t_pnr": 3202.1999999996797, "dt_walking_dead": 335.6999999998643, "N_RNAP": 17, "N_Ribo": 27, "N_ATP": 1000, "seed": 3}