{"t_death": 4101.749999999316, "death_mode": "ribo_collapse", "pnr_type": "ribo_depletion", "t_pnr": 967.0500000000369, "dt_walking_dead": 3134.699999999279, "N_RNAP": 64, "N_Ribo": 2, "N_ATP": 1000, "seed": 45}