{"t_death": 2695.9499999998843, "death_mode": "ribo_collapse", "pnr_type": "ribo_depletion", "t_pnr": 2024.1000000001436, "dt_walking_dead": 671.8499999997407, "N_RNAP": 2, "N_Ribo": 7, "N_ATP": 1000, "seed": 79}