{"t_death": 2992.9499999997643, "death_mode": "ribo_collapse", "pnr_type": "ribo_depletion", "t_pnr": 2288.700000000049, "dt_walking_dead": 704.2499999997153, "N_RNAP": 7, "N_Ribo": 7, "N_ATP": 1000, "seed": 31}