{"t_death": 4336.649999999221, "death_mode": "ribo_collapse", "pnr_type": "ribo_depletion", "t_pnr": 1953.4500000001365, "dt_walking_dead": 2383.199999999085, "N_RNAP": 64, "N_Ribo": 3, "N_ATP": 1000, "seed": 38}