{"t_death": 5935.049999998575, "death_mode": "ribo_collapse", "pnr_type": "ribo_depletion", "t_pnr": 3009.1499999997577, "dt_walking_dead": 2925.8999999988173, "N_RNAP": 64, "N_Ribo": 11, "N_ATP": 1000, "seed": 73}