{"t_death": 4071.1499999993284, "death_mode": "ribo_collapse", "pnr_type": "ribo_depletion", "t_pnr": 427.499999999993, "dt_walking_dead": 3643.6499999993353, "N_RNAP": 100, "N_Ribo": 2, "N_ATP": 1000, "seed": 8}