{"t_death": 3288.149999999645, "death_mode": "ribo_collapse", "pnr_type": "ribo_depletion", "t_pnr": 2584.7999999999292, "dt_walking_dead": 703.3499999997157, "N_RNAP": 64, "N_Ribo": 2, "N_ATP": 1000, "seed": 27}