{"t_death": 1502.1000000000909, "death_mode": "ribo_collapse", "pnr_type": "ribo_depletion", "t_pnr": 1331.5500000000736, "dt_walking_dead": 170.55000000001723, "N_RNAP": 2, "N_Ribo": 3, "N_ATP": 1000, "seed": 34}