{"t_death": 2074.9500000001353, "death_mode": "ribo_collapse", "pnr_type": "ribo_depletion", "t_pnr": 1072.3500000000474, "dt_walking_dead": 1002.6000000000879, "N_RNAP": 7, "N_Ribo": 7, "N_ATP": 1000, "seed": 78}