{"t_death": 4656.149999999092, "death_mode": "cycle_collapse", "pnr_type": "rnap_deadlock", "t_pnr": 4464.899999999169, "dt_walking_dead": 191.2499999999227, "N_RNAP": 64, "N_Ribo": 3, "N_ATP": 1000, "seed": 20}