{"t_death": 4084.649999999323, "death_mode": "ribo_collapse", "pnr_type": "ribo_depletion", "t_pnr": 1777.0500000001186, "dt_walking_dead": 2307.5999999992046, "N_RNAP": 41, "N_Ribo": 3, "N_ATP": 1000, "seed": 19}