{"t_death": 4941.449999998977, "death_mode": "ribo_collapse", "pnr_type": "ribo_depletion", "t_pnr": 719.5500000000119, "dt_walking_dead": 4221.899999998965, "N_RNAP": 17, "N_Ribo": 3, "N_ATP": 1000, "seed": 69}