{"t_death": 4255.649999999254, "death_mode": "ribo_collapse", "pnr_type": "ribo_depletion", "t_pnr": 3185.999999999686, "dt_walking_dead": 1069.6499999995676, "N_RNAP": 4, "N_Ribo": 17, "N_ATP": 1000, "seed": 32}