{"t_death": 3196.349999999682, "death_mode": "ribo_collapse", "pnr_type": "ribo_depletion", "t_pnr": 2816.5499999998356, "dt_walking_dead": 379.7999999998465, "N_RNAP": 17, "N_Ribo": 17, "N_ATP": 1000, "seed": 54}