{"t_death": 6370.649999998399, "death_mode": "ribo_collapse", "pnr_type": "ribo_depletion", "t_pnr": 6041.249999998532, "dt_walking_dead": 329.39999999986685, "N_RNAP": 11, "N_Ribo": 27, "N_ATP": 1000, "seed": 79}