{"t_death": 3237.7499999996653, "death_mode": "ribo_collapse", "pnr_type": "ribo_depletion", "t_pnr": 2614.4999999999172, "dt_walking_dead": 623.2499999997481, "N_RNAP": 41, "N_Ribo": 11, "N_ATP": 1000, "seed": 70}