{"t_death": 2641.949999999906, "death_mode": "cycle_collapse", "pnr_type": "rnap_deadlock", "t_pnr": 2582.54999999993, "dt_walking_dead": 59.39999999997599, "N_RNAP": 17, "N_Ribo": 11, "N_ATP": 1000, "seed": 24}