{"t_death": 3962.6999999993723, "death_mode": "ribo_collapse", "pnr_type": "ribo_depletion", "t_pnr": 3290.849999999644, "dt_walking_dead": 671.8499999997284, "N_RNAP": 27, "N_Ribo": 11, "N_ATP": 1000, "seed": 97}