{"t_death": 2504.249999999962, "death_mode": "cycle_collapse", "pnr_type": "rnap_deadlock", "t_pnr": 2393.5500000000065, "dt_walking_dead": 110.69999999995525, "N_RNAP": 11, "N_Ribo": 27, "N_ATP": 1000, "seed": 96}