{"t_death": 3149.999999999701, "death_mode": "ribo_collapse", "pnr_type": "ribo_depletion", "t_pnr": 1766.7000000001176, "dt_walking_dead": 1383.2999999995832, "N_RNAP": 41, "N_Ribo": 2, "N_ATP": 1000, "seed": 65}