{"t_death": 3730.0499999994663, "death_mode": "ribo_collapse", "pnr_type": "ribo_depletion", "t_pnr": 1536.3000000000943, "dt_walking_dead": 2193.749999999372, "N_RNAP": 17, "N_Ribo": 7, "N_ATP": 1000, "seed": 9}