{"t_death": 3872.6999999994086, "death_mode": "ribo_collapse", "pnr_type": "ribo_depletion", "t_pnr": 3794.3999999994403, "dt_walking_dead": 78.29999999996835, "N_RNAP": 17, "N_Ribo": 11, "N_ATP": 1000, "seed": 57}