{"t_death": 6258.599999998444, "death_mode": "ribo_collapse", "pnr_type": "ribo_depletion", "t_pnr": 5960.699999998565, "dt_walking_dead": 297.8999999998796, "N_RNAP": 17, "N_Ribo": 100, "N_ATP": 1000, "seed": 80}