{"t_death": 4466.249999999169, "death_mode": "ribo_collapse", "pnr_type": "ribo_depletion", "t_pnr": 2705.8499999998803, "dt_walking_dead": 1760.3999999992884, "N_RNAP": 64, "N_Ribo": 4, "N_ATP": 1000, "seed": 85}