{"t_death": 5214.599999998866, "death_mode": "ribo_collapse", "pnr_type": "ribo_depletion", "t_pnr": 3410.9999999995953, "dt_walking_dead": 1803.599999999271, "N_RNAP": 41, "N_Ribo": 17, "N_ATP": 1000, "seed": 54}