{"t_death": 4864.499999999008, "death_mode": "ribo_collapse", "pnr_type": "ribo_depletion", "t_pnr": 3816.4499999994314, "dt_walking_dead": 1048.0499999995764, "N_RNAP": 41, "N_Ribo": 11, "N_ATP": 1000, "seed": 73}