{"t_death": 2508.74999999996, "death_mode": "ribo_collapse", "pnr_type": "ribo_depletion", "t_pnr": 798.7500000000199, "dt_walking_dead": 1709.99999999994, "N_RNAP": 27, "N_Ribo": 7, "N_ATP": 1000, "seed": 11}