{"t_death": 2295.450000000046, "death_mode": "cycle_collapse", "pnr_type": "rnap_deadlock", "t_pnr": 2124.0000000001155, "dt_walking_dead": 171.4499999999307, "N_RNAP": 7, "N_Ribo": 7, "N_ATP": 1000, "seed": 51}