{"t_death": 4553.099999999134, "death_mode": "ribo_collapse", "pnr_type": "ribo_depletion", "t_pnr": 1040.4000000000442, "dt_walking_dead": 3512.6999999990894, "N_RNAP": 11, "N_Ribo": 2, "N_ATP": 1000, "seed": 52}