{"t_death": 7706.249999997859, "death_mode": "ribo_collapse", "pnr_type": "ribo_depletion", "t_pnr": 3374.09999999961, "dt_walking_dead": 4332.149999998249, "N_RNAP": 100, "N_Ribo": 7, "N_ATP": 1000, "seed": 83}