{"t_death": 3880.7999999994054, "death_mode": "ribo_collapse", "pnr_type": "ribo_depletion", "t_pnr": 1601.550000000101, "dt_walking_dead": 2279.2499999993042, "N_RNAP": 41, "N_Ribo": 3, "N_ATP": 1000, "seed": 6}