{"t_death": 2776.4999999998518, "death_mode": "cycle_collapse", "pnr_type": "rnap_deadlock", "t_pnr": 2696.849999999884, "dt_walking_dead": 79.6499999999678, "N_RNAP": 17, "N_Ribo": 2, "N_ATP": 1000, "seed": 35}