{"t_death": 2088.00000000013, "death_mode": "cycle_collapse", "pnr_type": "rnap_deadlock", "t_pnr": 2082.6000000001322, "dt_walking_dead": 5.399999999997817, "N_RNAP": 11, "N_Ribo": 27, "N_ATP": 1000, "seed": 35}