{"t_death": 1560.1500000000967, "death_mode": "ribo_collapse", "pnr_type": "ribo_depletion", "t_pnr": 1537.2000000000944, "dt_walking_dead": 22.95000000000232, "N_RNAP": 7, "N_Ribo": 3, "N_ATP": 1000, "seed": 6}