{"t_death": 3892.9499999994005, "death_mode": "cycle_collapse", "pnr_type": "rnap_deadlock", "t_pnr": 3874.9499999994077, "dt_walking_dead": 17.999999999992724, "N_RNAP": 7, "N_Ribo": 27, "N_ATP": 1000, "seed": 85}