{"t_death": 1201.5000000000605, "death_mode": "cycle_collapse", "pnr_type": "rnap_deadlock", "t_pnr": 1105.2000000000507, "dt_walking_dead": 96.30000000000973, "N_RNAP": 7, "N_Ribo": 7, "N_ATP": 1000, "seed": 66}