{"t_death": 3878.0999999994065, "death_mode": "ribo_collapse", "pnr_type": "ribo_depletion", "t_pnr": 2794.4999999998445, "dt_walking_dead": 1083.599999999562, "N_RNAP": 17, "N_Ribo": 41, "N_ATP": 1000, "seed": 99}