{"t_death": 3361.949999999615, "death_mode": "ribo_collapse", "pnr_type": "ribo_depletion", "t_pnr": 2832.299999999829, "dt_walking_dead": 529.6499999997859, "N_RNAP": 27, "N_Ribo": 27, "N_ATP": 1000, "seed": 76}