{"t_death": 3019.9499999997533, "death_mode": "ribo_collapse", "pnr_type": "ribo_depletion", "t_pnr": 1103.8500000000506, "dt_walking_dead": 1916.0999999997027, "N_RNAP": 3, "N_Ribo": 7, "N_ATP": 1000, "seed": 76}