{"t_death": 4155.749999999294, "death_mode": "ribo_collapse", "pnr_type": "ribo_depletion", "t_pnr": 90.90000000000033, "dt_walking_dead": 4064.8499999992937, "N_RNAP": 17, "N_Ribo": 2, "N_ATP": 1000, "seed": 60}