{"t_death": 1948.050000000136, "death_mode": "cycle_collapse", "pnr_type": "rnap_deadlock", "t_pnr": 1816.6500000001226, "dt_walking_dead": 131.40000000001328, "N_RNAP": 11, "N_Ribo": 41, "N_ATP": 1000, "seed": 39}