{"t_death": 6366.599999998401, "death_mode": "ribo_collapse", "pnr_type": "ribo_depletion", "t_pnr": 5017.499999998946, "dt_walking_dead": 1349.0999999994547, "N_RNAP": 100, "N_Ribo": 4, "N_ATP": 1000, "seed": 80}