{"t_death": 9454.949999999704, "death_mode": "ribo_collapse", "pnr_type": "ribo_depletion", "t_pnr": 4837.499999999019, "dt_walking_dead": 4617.450000000686, "N_RNAP": 17, "N_Ribo": 17, "N_ATP": 1000, "seed": 4}