{"t_death": 4976.099999998963, "death_mode": "ribo_collapse", "pnr_type": "ribo_depletion", "t_pnr": 3279.1499999996486, "dt_walking_dead": 1696.949999999314, "N_RNAP": 64, "N_Ribo": 7, "N_ATP": 1000, "seed": 8}