{"t_death": 688.0500000000087, "death_mode": "cycle_collapse", "pnr_type": "rnap_deadlock", "t_pnr": 603.0000000000001, "dt_walking_dead": 85.0500000000086, "N_RNAP": 3, "N_Ribo": 4, "N_ATP": 1000, "seed": 96}