{"t_death": 1070.5500000000472, "death_mode": "cycle_collapse", "pnr_type": "rnap_deadlock", "t_pnr": 761.4000000000161, "dt_walking_dead": 309.1500000000311, "N_RNAP": 2, "N_Ribo": 2, "N_ATP": 1000, "seed": 84}