{"t_death": 3795.29999999944, "death_mode": "ribo_collapse", "pnr_type": "ribo_depletion", "t_pnr": 2027.250000000144, "dt_walking_dead": 1768.049999999296, "N_RNAP": 100, "N_Ribo": 4, "N_ATP": 1000, "seed": 63}