{"t_death": 869.400000000027, "death_mode": "cycle_collapse", "pnr_type": "rnap_deadlock", "t_pnr": 769.950000000017, "dt_walking_dead": 99.45000000001005, "N_RNAP": 2, "N_Ribo": 41, "N_ATP": 1000, "seed": 26}