{"t_death": 5293.799999998834, "death_mode": "ribo_collapse", "pnr_type": "ribo_depletion", "t_pnr": 2181.1500000000924, "dt_walking_dead": 3112.649999998742, "N_RNAP": 27, "N_Ribo": 17, "N_ATP": 1000, "seed": 81}