{"t_death": 2016.0000000001428, "death_mode": "ribo_collapse", "pnr_type": "ribo_depletion", "t_pnr": 1598.8500000001006, "dt_walking_dead": 417.15000000004216, "N_RNAP": 17, "N_Ribo": 11, "N_ATP": 1000, "seed": 89}