{"t_death": 2597.399999999924, "death_mode": "ribo_collapse", "pnr_type": "ribo_depletion", "t_pnr": 1809.900000000122, "dt_walking_dead": 787.4999999998022, "N_RNAP": 27, "N_Ribo": 4, "N_ATP": 1000, "seed": 66}