{"t_death": 859.9500000000261, "death_mode": "cycle_collapse", "pnr_type": "rnap_deadlock", "t_pnr": 637.6500000000036, "dt_walking_dead": 222.30000000002246, "N_RNAP": 4, "N_Ribo": 4, "N_ATP": 1000, "seed": 4}