{"t_death": 5191.199999998876, "death_mode": "ribo_collapse", "pnr_type": "ribo_depletion", "t_pnr": 4086.4499999993222, "dt_walking_dead": 1104.7499999995534, "N_RNAP": 11, "N_Ribo": 41, "N_ATP": 1000, "seed": 28}