{"t_death": 3559.4999999995352, "death_mode": "ribo_collapse", "pnr_type": "ribo_depletion", "t_pnr": 1870.200000000128, "dt_walking_dead": 1689.2999999994072, "N_RNAP": 17, "N_Ribo": 7, "N_ATP": 1000, "seed": 64}