{"t_death": 6507.449999998344, "death_mode": "ribo_collapse", "pnr_type": "ribo_depletion", "t_pnr": 4843.349999999016, "dt_walking_dead": 1664.0999999993273, "N_RNAP": 41, "N_Ribo": 27, "N_ATP": 1000, "seed": 85}