{"t_death": 2968.1999999997743, "death_mode": "cycle_collapse", "pnr_type": "rnap_deadlock", "t_pnr": 2758.499999999859, "dt_walking_dead": 209.69999999991524, "N_RNAP": 7, "N_Ribo": 100, "N_ATP": 1000, "seed": 86}