{"t_death": 2313.9000000000387, "death_mode": "ribo_collapse", "pnr_type": "ribo_depletion", "t_pnr": 540.4499999999938, "dt_walking_dead": 1773.4500000000448, "N_RNAP": 27, "N_Ribo": 2, "N_ATP": 1000, "seed": 65}