{"t_death": 6367.0499999984, "death_mode": "ribo_collapse", "pnr_type": "ribo_depletion", "t_pnr": 2227.9500000000735, "dt_walking_dead": 4139.099999998327, "N_RNAP": 27, "N_Ribo": 4, "N_ATP": 1000, "seed": 20}