{"t_death": 8647.649999998399, "death_mode": "ribo_collapse", "pnr_type": "ribo_depletion", "t_pnr": 6065.999999998522, "dt_walking_dead": 2581.649999999877, "N_RNAP": 64, "N_Ribo": 64, "N_ATP": 1000, "seed": 84}