{"t_death": 4730.399999999062, "death_mode": "ribo_collapse", "pnr_type": "ribo_depletion", "t_pnr": 3156.2999999996982, "dt_walking_dead": 1574.0999999993637, "N_RNAP": 41, "N_Ribo": 27, "N_ATP": 1000, "seed": 94}