{"t_death": 7105.949999998102, "death_mode": "ribo_collapse", "pnr_type": "ribo_depletion", "t_pnr": 4183.649999999283, "dt_walking_dead": 2922.2999999988187, "N_RNAP": 27, "N_Ribo": 100, "N_ATP": 1000, "seed": 42}