{"t_death": 4711.04999999907, "death_mode": "ribo_collapse", "pnr_type": "ribo_depletion", "t_pnr": 3226.9499999996697, "dt_walking_dead": 1484.0999999994, "N_RNAP": 7, "N_Ribo": 41, "N_ATP": 1000, "seed": 96}