{"t_death": 2642.399999999906, "death_mode": "ribo_collapse", "pnr_type": "ribo_depletion", "t_pnr": 2562.2999999999383, "dt_walking_dead": 80.09999999996762, "N_RNAP": 11, "N_Ribo": 7, "N_ATP": 1000, "seed": 53}