{"t_death": 2917.349999999795, "death_mode": "cycle_collapse", "pnr_type": "rnap_deadlock", "t_pnr": 2903.8499999998003, "dt_walking_dead": 13.499999999994543, "N_RNAP": 41, "N_Ribo": 17, "N_ATP": 1000, "seed": 76}