{"t_death": 3682.7999999994854, "death_mode": "ribo_collapse", "pnr_type": "ribo_depletion", "t_pnr": 2691.449999999886, "dt_walking_dead": 991.3499999995993, "N_RNAP": 17, "N_Ribo": 27, "N_ATP": 1000, "seed": 42}