{"t_death": 2567.2499999999363, "death_mode": "ribo_collapse", "pnr_type": "ribo_depletion", "t_pnr": 463.0499999999921, "dt_walking_dead": 2104.1999999999443, "N_RNAP": 64, "N_Ribo": 3, "N_ATP": 1000, "seed": 60}