{"t_death": 3834.449999999424, "death_mode": "cycle_collapse", "pnr_type": "rnap_deadlock", "t_pnr": 3801.5999999994374, "dt_walking_dead": 32.84999999998672, "N_RNAP": 64, "N_Ribo": 7, "N_ATP": 1000, "seed": 66}