{"t_death": 4848.749999999014, "death_mode": "ribo_collapse", "pnr_type": "ribo_depletion", "t_pnr": 3462.7499999995744, "dt_walking_dead": 1385.9999999994398, "N_RNAP": 41, "N_Ribo": 17, "N_ATP": 1000, "seed": 72}