{"t_death": 560.6999999999958, "death_mode": "cycle_collapse", "pnr_type": "rnap_deadlock", "t_pnr": 396.4499999999938, "dt_walking_dead": 164.25000000000205, "N_RNAP": 4, "N_Ribo": 7, "N_ATP": 1000, "seed": 71}