{"t_death": 3581.999999999526, "death_mode": "ribo_collapse", "pnr_type": "ribo_depletion", "t_pnr": 1298.7000000000703, "dt_walking_dead": 2283.299999999456, "N_RNAP": 27, "N_Ribo": 3, "N_ATP": 1000, "seed": 13}