{"t_death": 8626.499999998365, "death_mode": "ribo_collapse", "pnr_type": "ribo_depletion", "t_pnr": 2425.049999999994, "dt_walking_dead": 6201.449999998371, "N_RNAP": 100, "N_Ribo": 7, "N_ATP": 1000, "seed": 14}