{"t_death": 8846.54999999872, "death_mode": "ribo_collapse", "pnr_type": "ribo_depletion", "t_pnr": 4919.849999998985, "dt_walking_dead": 3926.699999999735, "N_RNAP": 100, "N_Ribo": 11, "N_ATP": 1000, "seed": 86}