{"t_death": 4723.649999999065, "death_mode": "cycle_collapse", "pnr_type": "rnap_deadlock", "t_pnr": 4700.699999999074, "dt_walking_dead": 22.949999999990723, "N_RNAP": 27, "N_Ribo": 64, "N_ATP": 1000, "seed": 47}