{"t_death": 6468.299999998359, "death_mode": "cycle_collapse", "pnr_type": "rnap_deadlock", "t_pnr": 6443.5499999983695, "dt_walking_dead": 24.749999999989996, "N_RNAP": 27, "N_Ribo": 100, "N_ATP": 1000, "seed": 22}