{"t_death": 4321.349999999227, "death_mode": "ribo_collapse", "pnr_type": "ribo_depletion", "t_pnr": 3802.049999999437, "dt_walking_dead": 519.2999999997901, "N_RNAP": 27, "N_Ribo": 17, "N_ATP": 1000, "seed": 71}