{"t_death": 4511.2499999991505, "death_mode": "ribo_collapse", "pnr_type": "ribo_depletion", "t_pnr": 2822.849999999833, "dt_walking_dead": 1688.3999999993175, "N_RNAP": 11, "N_Ribo": 27, "N_ATP": 1000, "seed": 61}