{"t_death": 2227.9500000000735, "death_mode": "ribo_collapse", "pnr_type": "ribo_depletion", "t_pnr": 2145.150000000107, "dt_walking_dead": 82.79999999996653, "N_RNAP": 17, "N_Ribo": 17, "N_ATP": 1000, "seed": 10}