{"t_death": 3541.4999999995425, "death_mode": "ribo_collapse", "pnr_type": "ribo_depletion", "t_pnr": 889.200000000029, "dt_walking_dead": 2652.2999999995136, "N_RNAP": 17, "N_Ribo": 4, "N_ATP": 1000, "seed": 8}