{"t_death": 5337.899999998816, "death_mode": "ribo_collapse", "pnr_type": "ribo_depletion", "t_pnr": 3284.0999999996466, "dt_walking_dead": 2053.79999999917, "N_RNAP": 11, "N_Ribo": 7, "N_ATP": 1000, "seed": 60}