{"t_death": 5192.099999998875, "death_mode": "ribo_collapse", "pnr_type": "ribo_depletion", "t_pnr": 3891.149999999401, "dt_walking_dead": 1300.9499999994741, "N_RNAP": 41, "N_Ribo": 41, "N_ATP": 1000, "seed": 30}