{"t_death": 533.6999999999931, "death_mode": "cycle_collapse", "pnr_type": "rnap_deadlock", "t_pnr": 473.39999999999185, "dt_walking_dead": 60.30000000000126, "N_RNAP": 2, "N_Ribo": 2, "N_ATP": 1000, "seed": 55}