{"t_death": 5334.299999998818, "death_mode": "ribo_collapse", "pnr_type": "ribo_depletion", "t_pnr": 4659.7499999990905, "dt_walking_dead": 674.5499999997273, "N_RNAP": 64, "N_Ribo": 17, "N_ATP": 1000, "seed": 99}