{"t_death": 4874.849999999004, "death_mode": "cycle_collapse", "pnr_type": "rnap_deadlock", "t_pnr": 4832.099999999021, "dt_walking_dead": 42.74999999998272, "N_RNAP": 3, "N_Ribo": 100, "N_ATP": 1000, "seed": 93}