{"t_death": 2920.4999999997935, "death_mode": "ribo_collapse", "pnr_type": "ribo_depletion", "t_pnr": 2303.550000000043, "dt_walking_dead": 616.9499999997506, "N_RNAP": 27, "N_Ribo": 3, "N_ATP": 1000, "seed": 26}