{"t_death": 3904.6499999993957, "death_mode": "ribo_collapse", "pnr_type": "ribo_depletion", "t_pnr": 3514.9499999995533, "dt_walking_dead": 389.6999999998425, "N_RNAP": 11, "N_Ribo": 17, "N_ATP": 1000, "seed": 27}