{"t_death": 3360.5999999996156, "death_mode": "ribo_collapse", "pnr_type": "ribo_depletion", "t_pnr": 1865.7000000001276, "dt_walking_dead": 1494.899999999488, "N_RNAP": 7, "N_Ribo": 17, "N_ATP": 1000, "seed": 51}