{"t_death": 4342.949999999219, "death_mode": "cycle_collapse", "pnr_type": "rnap_deadlock", "t_pnr": 4195.799999999278, "dt_walking_dead": 147.14999999994052, "N_RNAP": 11, "N_Ribo": 27, "N_ATP": 1000, "seed": 67}