{"t_death": 5393.699999998794, "death_mode": "ribo_collapse", "pnr_type": "ribo_depletion", "t_pnr": 3654.449999999497, "dt_walking_dead": 1739.249999999297, "N_RNAP": 64, "N_Ribo": 3, "N_ATP": 1000, "seed": 47}