{"t_death": 3750.299999999458, "death_mode": "cycle_collapse", "pnr_type": "rnap_deadlock", "t_pnr": 3676.499999999488, "dt_walking_dead": 73.79999999997017, "N_RNAP": 2, "N_Ribo": 64, "N_ATP": 1000, "seed": 40}