{"t_death": 4785.29999999904, "death_mode": "ribo_collapse", "pnr_type": "ribo_depletion", "t_pnr": 3865.4999999994116, "dt_walking_dead": 919.7999999996282, "N_RNAP": 17, "N_Ribo": 17, "N_ATP": 1000, "seed": 25}