{"t_death": 5102.999999998911, "death_mode": "ribo_collapse", "pnr_type": "ribo_depletion", "t_pnr": 4927.0499999989825, "dt_walking_dead": 175.94999999992888, "N_RNAP": 27, "N_Ribo": 41, "N_ATP": 1000, "seed": 35}