{"t_death": 586.3499999999984, "death_mode": "cycle_collapse", "pnr_type": "rnap_deadlock", "t_pnr": 413.54999999999336, "dt_walking_dead": 172.80000000000507, "N_RNAP": 2, "N_Ribo": 4, "N_ATP": 1000, "seed": 17}