{"t_death": 2533.49999999995, "death_mode": "ribo_collapse", "pnr_type": "ribo_depletion", "t_pnr": 2474.9999999999736, "dt_walking_dead": 58.49999999997635, "N_RNAP": 11, "N_Ribo": 41, "N_ATP": 1000, "seed": 65}