{"t_death": 1940.8500000001352, "death_mode": "ribo_collapse", "pnr_type": "ribo_depletion", "t_pnr": 439.1999999999927, "dt_walking_dead": 1501.6500000001424, "N_RNAP": 11, "N_Ribo": 3, "N_ATP": 1000, "seed": 48}