{"t_death": 4778.099999999043, "death_mode": "ribo_collapse", "pnr_type": "ribo_depletion", "t_pnr": 3964.0499999993717, "dt_walking_dead": 814.049999999671, "N_RNAP": 11, "N_Ribo": 41, "N_ATP": 1000, "seed": 22}