{"t_death": 3598.6499999995194, "death_mode": "ribo_collapse", "pnr_type": "ribo_depletion", "t_pnr": 2553.299999999942, "dt_walking_dead": 1045.3499999995774, "N_RNAP": 11, "N_Ribo": 4, "N_ATP": 1000, "seed": 19}