{"t_death": 3503.699999999558, "death_mode": "ribo_collapse", "pnr_type": "ribo_depletion", "t_pnr": 3235.0499999996664, "dt_walking_dead": 268.6499999998914, "N_RNAP": 2, "N_Ribo": 64, "N_ATP": 1000, "seed": 95}