{"t_death": 4199.399999999277, "death_mode": "ribo_collapse", "pnr_type": "ribo_depletion", "t_pnr": 2007.0000000001419, "dt_walking_dead": 2192.3999999991347, "N_RNAP": 17, "N_Ribo": 7, "N_ATP": 1000, "seed": 23}