{"t_death": 3536.5499999995445, "death_mode": "ribo_collapse", "pnr_type": "ribo_depletion", "t_pnr": 1479.6000000000886, "dt_walking_dead": 2056.949999999456, "N_RNAP": 41, "N_Ribo": 2, "N_ATP": 1000, "seed": 56}