{"t_death": 4559.399999999131, "death_mode": "ribo_collapse", "pnr_type": "ribo_depletion", "t_pnr": 3322.799999999631, "dt_walking_dead": 1236.5999999995001, "N_RNAP": 11, "N_Ribo": 41, "N_ATP": 1000, "seed": 42}