{"t_death": 6117.299999998501, "death_mode": "ribo_collapse", "pnr_type": "ribo_depletion", "t_pnr": 1662.750000000107, "dt_walking_dead": 4454.549999998394, "N_RNAP": 27, "N_Ribo": 3, "N_ATP": 1000, "seed": 56}