{"t_death": 5353.19999999881, "death_mode": "ribo_collapse", "pnr_type": "ribo_depletion", "t_pnr": 2035.3500000001447, "dt_walking_dead": 3317.849999998665, "N_RNAP": 64, "N_Ribo": 3, "N_ATP": 1000, "seed": 32}