{"t_death": 4082.399999999324, "death_mode": "ribo_collapse", "pnr_type": "ribo_depletion", "t_pnr": 740.250000000014, "dt_walking_dead": 3342.14999999931, "N_RNAP": 64, "N_Ribo": 4, "N_ATP": 1000, "seed": 92}