{"t_death": 1184.4000000000588, "death_mode": "cycle_collapse", "pnr_type": "rnap_deadlock", "t_pnr": 1168.2000000000571, "dt_walking_dead": 16.200000000001637, "N_RNAP": 3, "N_Ribo": 100, "N_ATP": 1000, "seed": 50}