{"t_death": 2193.7500000000873, "death_mode": "ribo_collapse", "pnr_type": "ribo_depletion", "t_pnr": 1194.7500000000598, "dt_walking_dead": 999.0000000000275, "N_RNAP": 17, "N_Ribo": 7, "N_ATP": 1000, "seed": 24}