{"t_death": 2233.3500000000713, "death_mode": "cycle_collapse", "pnr_type": "rnap_deadlock", "t_pnr": 2222.100000000076, "dt_walking_dead": 11.249999999995453, "N_RNAP": 11, "N_Ribo": 7, "N_ATP": 1000, "seed": 1}