{"t_death": 3590.5499999995227, "death_mode": "cycle_collapse", "pnr_type": "rnap_deadlock", "t_pnr": 3570.299999999531, "dt_walking_dead": 20.249999999991815, "N_RNAP": 2, "N_Ribo": 100, "N_ATP": 1000, "seed": 78}