{"t_death": 6330.149999998415, "death_mode": "ribo_collapse", "pnr_type": "ribo_depletion", "t_pnr": 5818.949999998622, "dt_walking_dead": 511.19999999979336, "N_RNAP": 64, "N_Ribo": 41, "N_ATP": 1000, "seed": 79}