{"t_death": 2465.9999999999773, "death_mode": "cycle_collapse", "pnr_type": "rnap_deadlock", "t_pnr": 2465.9999999999773, "dt_walking_dead": 0.0, "N_RNAP": 17, "N_Ribo": 11, "N_ATP": 1000, "seed": 26}