{"t_death": 3169.799999999693, "death_mode": "ribo_collapse", "pnr_type": "ribo_depletion", "t_pnr": 1267.2000000000671, "dt_walking_dead": 1902.5999999996257, "N_RNAP": 17, "N_Ribo": 4, "N_ATP": 1000, "seed": 79}