{"t_death": 5155.19999999889, "death_mode": "ribo_collapse", "pnr_type": "ribo_depletion", "t_pnr": 1340.1000000000745, "dt_walking_dead": 3815.0999999988157, "N_RNAP": 41, "N_Ribo": 2, "N_ATP": 1000, "seed": 88}