{"t_death": 4370.849999999207, "death_mode": "ribo_collapse", "pnr_type": "ribo_depletion", "t_pnr": 3840.2999999994217, "dt_walking_dead": 530.5499999997855, "N_RNAP": 3, "N_Ribo": 64, "N_ATP": 1000, "seed": 59}