{"t_death": 4307.399999999233, "death_mode": "ribo_collapse", "pnr_type": "ribo_depletion", "t_pnr": 3081.5999999997284, "dt_walking_dead": 1225.7999999995045, "N_RNAP": 64, "N_Ribo": 11, "N_ATP": 1000, "seed": 42}