{"t_death": 4972.499999998964, "death_mode": "ribo_collapse", "pnr_type": "ribo_depletion", "t_pnr": 3039.7499999997453, "dt_walking_dead": 1932.7499999992187, "N_RNAP": 17, "N_Ribo": 27, "N_ATP": 1000, "seed": 16}