{"t_death": 4040.099999999341, "death_mode": "ribo_collapse", "pnr_type": "ribo_depletion", "t_pnr": 3896.099999999399, "dt_walking_dead": 143.9999999999418, "N_RNAP": 7, "N_Ribo": 27, "N_ATP": 1000, "seed": 24}