{"t_death": 3825.8999999994276, "death_mode": "ribo_collapse", "pnr_type": "ribo_depletion", "t_pnr": 2378.2500000000127, "dt_walking_dead": 1447.6499999994148, "N_RNAP": 27, "N_Ribo": 11, "N_ATP": 1000, "seed": 58}