{"t_death": 4498.199999999156, "death_mode": "cycle_collapse", "pnr_type": "rnap_deadlock", "t_pnr": 4445.099999999177, "dt_walking_dead": 53.099999999978536, "N_RNAP": 7, "N_Ribo": 17, "N_ATP": 1000, "seed": 50}