{"t_death": 2892.599999999805, "death_mode": "ribo_collapse", "pnr_type": "ribo_depletion", "t_pnr": 2076.7500000001346, "dt_walking_dead": 815.8499999996702, "N_RNAP": 11, "N_Ribo": 3, "N_ATP": 1000, "seed": 13}