{"t_death": 3400.1999999995996, "death_mode": "ribo_collapse", "pnr_type": "ribo_depletion", "t_pnr": 2290.500000000048, "dt_walking_dead": 1109.6999999995514, "N_RNAP": 17, "N_Ribo": 7, "N_ATP": 1000, "seed": 67}