{"t_death": 4981.049999998961, "death_mode": "cycle_collapse", "pnr_type": "rnap_deadlock", "t_pnr": 4927.0499999989825, "dt_walking_dead": 53.99999999997817, "N_RNAP": 64, "N_Ribo": 41, "N_ATP": 1000, "seed": 41}