{"t_death": 4485.599999999161, "death_mode": "ribo_collapse", "pnr_type": "ribo_depletion", "t_pnr": 1966.9500000001378, "dt_walking_dead": 2518.649999999023, "N_RNAP": 4, "N_Ribo": 11, "N_ATP": 1000, "seed": 47}