{"t_death": 4378.499999999204, "death_mode": "ribo_collapse", "pnr_type": "ribo_depletion", "t_pnr": 2789.5499999998465, "dt_walking_dead": 1588.9499999993577, "N_RNAP": 64, "N_Ribo": 7, "N_ATP": 1000, "seed": 81}