{"t_death": 5733.899999998656, "death_mode": "ribo_collapse", "pnr_type": "ribo_depletion", "t_pnr": 4244.399999999258, "dt_walking_dead": 1489.499999999398, "N_RNAP": 27, "N_Ribo": 41, "N_ATP": 1000, "seed": 28}