{"t_death": 1777.0500000001186, "death_mode": "ribo_collapse", "pnr_type": "ribo_depletion", "t_pnr": 922.9500000000324, "dt_walking_dead": 854.1000000000862, "N_RNAP": 3, "N_Ribo": 2, "N_ATP": 1000, "seed": 70}