{"t_death": 3464.5499999995736, "death_mode": "ribo_collapse", "pnr_type": "ribo_depletion", "t_pnr": 1359.9000000000765, "dt_walking_dead": 2104.649999999497, "N_RNAP": 11, "N_Ribo": 3, "N_ATP": 1000, "seed": 97}