{"t_death": 4055.8499999993346, "death_mode": "ribo_collapse", "pnr_type": "ribo_depletion", "t_pnr": 1669.5000000001078, "dt_walking_dead": 2386.349999999227, "N_RNAP": 64, "N_Ribo": 4, "N_ATP": 1000, "seed": 7}