{"t_death": 4526.549999999144, "death_mode": "ribo_collapse", "pnr_type": "ribo_depletion", "t_pnr": 3248.9999999996608, "dt_walking_dead": 1277.5499999994836, "N_RNAP": 17, "N_Ribo": 4, "N_ATP": 1000, "seed": 42}