{"t_death": 4665.149999999088, "death_mode": "ribo_collapse", "pnr_type": "ribo_depletion", "t_pnr": 4126.949999999306, "dt_walking_dead": 538.1999999997824, "N_RNAP": 41, "N_Ribo": 41, "N_ATP": 1000, "seed": 25}