{"t_death": 4453.649999999174, "death_mode": "ribo_collapse", "pnr_type": "ribo_depletion", "t_pnr": 2878.1999999998106, "dt_walking_dead": 1575.4499999993632, "N_RNAP": 41, "N_Ribo": 41, "N_ATP": 1000, "seed": 33}