{"t_death": 3011.8499999997566, "death_mode": "ribo_collapse", "pnr_type": "ribo_depletion", "t_pnr": 2594.2499999999254, "dt_walking_dead": 417.5999999998312, "N_RNAP": 27, "N_Ribo": 3, "N_ATP": 1000, "seed": 45}