{"t_death": 4718.249999999067, "death_mode": "ribo_collapse", "pnr_type": "ribo_depletion", "t_pnr": 4527.899999999144, "dt_walking_dead": 190.34999999992306, "N_RNAP": 17, "N_Ribo": 41, "N_ATP": 1000, "seed": 20}