{"t_death": 4313.249999999231, "death_mode": "ribo_collapse", "pnr_type": "ribo_depletion", "t_pnr": 1676.2500000001085, "dt_walking_dead": 2636.9999999991223, "N_RNAP": 100, "N_Ribo": 3, "N_ATP": 1000, "seed": 29}