{"t_death": 2184.300000000091, "death_mode": "ribo_collapse", "pnr_type": "ribo_depletion", "t_pnr": 361.3499999999947, "dt_walking_dead": 1822.9500000000965, "N_RNAP": 3, "N_Ribo": 3, "N_ATP": 1000, "seed": 5}