{"t_death": 1706.8500000001115, "death_mode": "ribo_collapse", "pnr_type": "ribo_depletion", "t_pnr": 1179.9000000000583, "dt_walking_dead": 526.9500000000533, "N_RNAP": 2, "N_Ribo": 2, "N_ATP": 1000, "seed": 61}