{"t_death": 3211.649999999676, "death_mode": "ribo_collapse", "pnr_type": "ribo_depletion", "t_pnr": 1722.6000000001131, "dt_walking_dead": 1489.0499999995627, "N_RNAP": 4, "N_Ribo": 3, "N_ATP": 1000, "seed": 28}