{"t_death": 3893.8499999994, "death_mode": "ribo_collapse", "pnr_type": "ribo_depletion", "t_pnr": 1309.5000000000714, "dt_walking_dead": 2584.3499999993287, "N_RNAP": 27, "N_Ribo": 2, "N_ATP": 1000, "seed": 25}