{"t_death": 4168.799999999289, "death_mode": "atp_depletion", "pnr_type": "ribo_depletion", "t_pnr": 3218.399999999673, "dt_walking_dead": 950.3999999996158, "N_RNAP": 100, "N_Ribo": 3, "N_ATP": 1000, "seed": 63}