{"t_death": 3441.149999999583, "death_mode": "ribo_collapse", "pnr_type": "ribo_depletion", "t_pnr": 2308.050000000041, "dt_walking_dead": 1133.099999999542, "N_RNAP": 2, "N_Ribo": 17, "N_ATP": 1000, "seed": 23}