{"t_death": 1969.200000000138, "death_mode": "cycle_collapse", "pnr_type": "rnap_deadlock", "t_pnr": 1890.9000000001301, "dt_walking_dead": 78.30000000000791, "N_RNAP": 2, "N_Ribo": 17, "N_ATP": 1000, "seed": 69}