{"t_death": 3167.5499999996937, "death_mode": "cycle_collapse", "pnr_type": "rnap_deadlock", "t_pnr": 3023.099999999752, "dt_walking_dead": 144.4499999999416, "N_RNAP": 17, "N_Ribo": 41, "N_ATP": 1000, "seed": 71}