{"t_death": 2806.6499999998396, "death_mode": "ribo_collapse", "pnr_type": "ribo_depletion", "t_pnr": 2190.1500000000888, "dt_walking_dead": 616.4999999997508, "N_RNAP": 17, "N_Ribo": 11, "N_ATP": 1000, "seed": 48}