{"t_death": 3922.1999999993886, "death_mode": "ribo_collapse", "pnr_type": "ribo_depletion", "t_pnr": 1550.7000000000958, "dt_walking_dead": 2371.499999999293, "N_RNAP": 2, "N_Ribo": 2, "N_ATP": 1000, "seed": 93}