{"t_death": 5580.899999998718, "death_mode": "ribo_collapse", "pnr_type": "ribo_depletion", "t_pnr": 4079.249999999325, "dt_walking_dead": 1501.649999999393, "N_RNAP": 4, "N_Ribo": 4, "N_ATP": 1000, "seed": 69}