{"t_death": 4220.549999999268, "death_mode": "ribo_collapse", "pnr_type": "ribo_depletion", "t_pnr": 363.14999999999463, "dt_walking_dead": 3857.3999999992734, "N_RNAP": 64, "N_Ribo": 2, "N_ATP": 1000, "seed": 62}