{"t_death": 4655.249999999092, "death_mode": "ribo_collapse", "pnr_type": "ribo_depletion", "t_pnr": 2771.099999999854, "dt_walking_dead": 1884.1499999992384, "N_RNAP": 27, "N_Ribo": 27, "N_ATP": 1000, "seed": 25}