{"t_death": 7821.4499999978125, "death_mode": "ribo_collapse", "pnr_type": "ribo_depletion", "t_pnr": 378.44999999999425, "dt_walking_dead": 7442.999999997818, "N_RNAP": 41, "N_Ribo": 2, "N_ATP": 1000, "seed": 72}