{"t_death": 1843.2000000001253, "death_mode": "ribo_collapse", "pnr_type": "ribo_depletion", "t_pnr": 1151.1000000000554, "dt_walking_dead": 692.1000000000699, "N_RNAP": 3, "N_Ribo": 2, "N_ATP": 1000, "seed": 41}