{"t_death": 4440.149999999179, "death_mode": "ribo_collapse", "pnr_type": "ribo_depletion", "t_pnr": 1483.650000000089, "dt_walking_dead": 2956.4999999990905, "N_RNAP": 3, "N_Ribo": 2, "N_ATP": 1000, "seed": 17}