{"t_death": 2356.6500000000215, "death_mode": "ribo_collapse", "pnr_type": "ribo_depletion", "t_pnr": 1602.900000000101, "dt_walking_dead": 753.7499999999204, "N_RNAP": 4, "N_Ribo": 3, "N_ATP": 1000, "seed": 81}