{"t_death": 4260.599999999252, "death_mode": "ribo_collapse", "pnr_type": "ribo_depletion", "t_pnr": 810.4500000000211, "dt_walking_dead": 3450.1499999992307, "N_RNAP": 100, "N_Ribo": 3, "N_ATP": 1000, "seed": 16}