{"t_death": 5086.349999998918, "death_mode": "ribo_collapse", "pnr_type": "ribo_depletion", "t_pnr": 3018.149999999754, "dt_walking_dead": 2068.199999999164, "N_RNAP": 64, "N_Ribo": 2, "N_ATP": 1000, "seed": 97}