{"t_death": 4467.149999999168, "death_mode": "ribo_collapse", "pnr_type": "ribo_depletion", "t_pnr": 1414.350000000082, "dt_walking_dead": 3052.799999999086, "N_RNAP": 11, "N_Ribo": 11, "N_ATP": 1000, "seed": 1}