{"t_death": 6265.799999998441, "death_mode": "ribo_collapse", "pnr_type": "ribo_depletion", "t_pnr": 305.5499999999961, "dt_walking_dead": 5960.249999998445, "N_RNAP": 64, "N_Ribo": 2, "N_ATP": 1000, "seed": 79}