{"t_death": 2820.599999999834, "death_mode": "ribo_collapse", "pnr_type": "ribo_depletion", "t_pnr": 2608.6499999999196, "dt_walking_dead": 211.94999999991433, "N_RNAP": 7, "N_Ribo": 11, "N_ATP": 1000, "seed": 58}