{"t_death": 5046.299999998934, "death_mode": "ribo_collapse", "pnr_type": "ribo_depletion", "t_pnr": 3915.4499999993914, "dt_walking_dead": 1130.849999999543, "N_RNAP": 17, "N_Ribo": 17, "N_ATP": 1000, "seed": 6}