{"t_death": 5192.549999998875, "death_mode": "ribo_collapse", "pnr_type": "ribo_depletion", "t_pnr": 2925.4499999997915, "dt_walking_dead": 2267.0999999990836, "N_RNAP": 17, "N_Ribo": 7, "N_ATP": 1000, "seed": 91}