{"t_death": 3851.999999999417, "death_mode": "ribo_collapse", "pnr_type": "ribo_depletion", "t_pnr": 3363.7499999996144, "dt_walking_dead": 488.24999999980264, "N_RNAP": 41, "N_Ribo": 4, "N_ATP": 1000, "seed": 24}