{"t_death": 6185.699999998474, "death_mode": "ribo_collapse", "pnr_type": "ribo_depletion", "t_pnr": 4860.449999999009, "dt_walking_dead": 1325.2499999994643, "N_RNAP": 41, "N_Ribo": 41, "N_ATP": 1000, "seed": 70}