{"t_death": 4906.349999998991, "death_mode": "ribo_collapse", "pnr_type": "ribo_depletion", "t_pnr": 1088.100000000049, "dt_walking_dead": 3818.249999998942, "N_RNAP": 41, "N_Ribo": 7, "N_ATP": 1000, "seed": 12}