{"t_death": 4801.949999999033, "death_mode": "ribo_collapse", "pnr_type": "ribo_depletion", "t_pnr": 2043.4500000001456, "dt_walking_dead": 2758.4999999988877, "N_RNAP": 64, "N_Ribo": 4, "N_ATP": 1000, "seed": 78}