{"t_death": 6689.24999999827, "death_mode": "ribo_collapse", "pnr_type": "ribo_depletion", "t_pnr": 3712.949999999473, "dt_walking_dead": 2976.299999998797, "N_RNAP": 100, "N_Ribo": 3, "N_ATP": 1000, "seed": 49}