{"t_death": 3265.199999999654, "death_mode": "ribo_collapse", "pnr_type": "ribo_depletion", "t_pnr": 311.39999999999594, "dt_walking_dead": 2953.799999999658, "N_RNAP": 7, "N_Ribo": 2, "N_ATP": 1000, "seed": 84}