{"t_death": 1560.1500000000967, "death_mode": "cycle_collapse", "pnr_type": "rnap_deadlock", "t_pnr": 1556.1000000000963, "dt_walking_dead": 4.050000000000409, "N_RNAP": 7, "N_Ribo": 41, "N_ATP": 1000, "seed": 0}