{"t_death": 3599.0999999995192, "death_mode": "ribo_collapse", "pnr_type": "ribo_depletion", "t_pnr": 2369.2500000000164, "dt_walking_dead": 1229.8499999995029, "N_RNAP": 17, "N_Ribo": 41, "N_ATP": 1000, "seed": 81}