{"t_death": 2560.499999999939, "death_mode": "ribo_collapse", "pnr_type": "ribo_depletion", "t_pnr": 1176.750000000058, "dt_walking_dead": 1383.749999999881, "N_RNAP": 4, "N_Ribo": 4, "N_ATP": 1000, "seed": 67}