{"t_death": 1918.800000000133, "death_mode": "ribo_collapse", "pnr_type": "ribo_depletion", "t_pnr": 1386.0000000000791, "dt_walking_dead": 532.8000000000538, "N_RNAP": 17, "N_Ribo": 2, "N_ATP": 1000, "seed": 10}