{"t_death": 3400.1999999995996, "death_mode": "ribo_collapse", "pnr_type": "ribo_depletion", "t_pnr": 3038.8499999997457, "dt_walking_dead": 361.34999999985394, "N_RNAP": 27, "N_Ribo": 27, "N_ATP": 1000, "seed": 62}