{"t_death": 3870.4499999994096, "death_mode": "ribo_collapse", "pnr_type": "ribo_depletion", "t_pnr": 383.8499999999941, "dt_walking_dead": 3486.5999999994156, "N_RNAP": 41, "N_Ribo": 2, "N_ATP": 1000, "seed": 77}