{"t_death": 4769.549999999046, "death_mode": "ribo_collapse", "pnr_type": "ribo_depletion", "t_pnr": 3448.34999999958, "dt_walking_dead": 1321.199999999466, "N_RNAP": 7, "N_Ribo": 41, "N_ATP": 1000, "seed": 78}