{"t_death": 1632.600000000104, "death_mode": "cycle_collapse", "pnr_type": "rnap_deadlock", "t_pnr": 1527.7500000000935, "dt_walking_dead": 104.8500000000106, "N_RNAP": 4, "N_Ribo": 64, "N_ATP": 1000, "seed": 87}