{"t_death": 3409.649999999596, "death_mode": "ribo_collapse", "pnr_type": "ribo_depletion", "t_pnr": 2159.1000000001013, "dt_walking_dead": 1250.5499999994945, "N_RNAP": 27, "N_Ribo": 7, "N_ATP": 1000, "seed": 95}