{"t_death": 5309.999999998828, "death_mode": "ribo_collapse", "pnr_type": "ribo_depletion", "t_pnr": 2965.949999999775, "dt_walking_dead": 2344.0499999990525, "N_RNAP": 27, "N_Ribo": 3, "N_ATP": 1000, "seed": 81}