{"t_death": 5228.99999999886, "death_mode": "ribo_collapse", "pnr_type": "ribo_depletion", "t_pnr": 892.8000000000294, "dt_walking_dead": 4336.199999998831, "N_RNAP": 17, "N_Ribo": 2, "N_ATP": 1000, "seed": 6}