{"t_death": 2917.349999999795, "death_mode": "ribo_collapse", "pnr_type": "ribo_depletion", "t_pnr": 1200.6000000000604, "dt_walking_dead": 1716.7499999997344, "N_RNAP": 17, "N_Ribo": 4, "N_ATP": 1000, "seed": 96}