{"t_death": 5536.349999998736, "death_mode": "ribo_collapse", "pnr_type": "ribo_depletion", "t_pnr": 723.1500000000123, "dt_walking_dead": 4813.199999998724, "N_RNAP": 100, "N_Ribo": 4, "N_ATP": 1000, "seed": 50}