{"t_death": 6610.949999998302, "death_mode": "ribo_collapse", "pnr_type": "ribo_depletion", "t_pnr": 5425.649999998781, "dt_walking_dead": 1185.2999999995209, "N_RNAP": 17, "N_Ribo": 11, "N_ATP": 1000, "seed": 79}