{"t_death": 4004.0999999993555, "death_mode": "ribo_collapse", "pnr_type": "ribo_depletion", "t_pnr": 1655.5500000001064, "dt_walking_dead": 2348.549999999249, "N_RNAP": 11, "N_Ribo": 2, "N_ATP": 1000, "seed": 67}