{"t_death": 3669.299999999491, "death_mode": "ribo_collapse", "pnr_type": "ribo_depletion", "t_pnr": 1373.4000000000779, "dt_walking_dead": 2295.899999999413, "N_RNAP": 27, "N_Ribo": 3, "N_ATP": 1000, "seed": 71}