{"t_death": 3864.599999999412, "death_mode": "ribo_collapse", "pnr_type": "ribo_depletion", "t_pnr": 327.59999999999553, "dt_walking_dead": 3536.9999999994166, "N_RNAP": 27, "N_Ribo": 2, "N_ATP": 1000, "seed": 17}