{"t_death": 2710.7999999998783, "death_mode": "ribo_collapse", "pnr_type": "ribo_depletion", "t_pnr": 1964.2500000001376, "dt_walking_dead": 746.5499999997407, "N_RNAP": 11, "N_Ribo": 11, "N_ATP": 1000, "seed": 25}