{"t_death": 5260.9499999988475, "death_mode": "ribo_collapse", "pnr_type": "ribo_depletion", "t_pnr": 3104.999999999719, "dt_walking_dead": 2155.9499999991285, "N_RNAP": 64, "N_Ribo": 11, "N_ATP": 1000, "seed": 36}