{"t_death": 7598.6999999979025, "death_mode": "ribo_collapse", "pnr_type": "ribo_depletion", "t_pnr": 2519.5499999999556, "dt_walking_dead": 5079.149999997947, "N_RNAP": 100, "N_Ribo": 4, "N_ATP": 1000, "seed": 60}