{"t_death": 2155.500000000103, "death_mode": "ribo_collapse", "pnr_type": "ribo_depletion", "t_pnr": 1571.850000000098, "dt_walking_dead": 583.6500000000049, "N_RNAP": 4, "N_Ribo": 2, "N_ATP": 1000, "seed": 56}