{"t_death": 8635.94999999838, "death_mode": "ribo_collapse", "pnr_type": "ribo_depletion", "t_pnr": 1769.850000000118, "dt_walking_dead": 6866.099999998262, "N_RNAP": 100, "N_Ribo": 7, "N_ATP": 1000, "seed": 95}