{"t_death": 5279.39999999884, "death_mode": "ribo_collapse", "pnr_type": "ribo_depletion", "t_pnr": 2092.0500000001284, "dt_walking_dead": 3187.3499999987116, "N_RNAP": 3, "N_Ribo": 2, "N_ATP": 1000, "seed": 4}