{"t_death": 512.549999999991, "death_mode": "cycle_collapse", "pnr_type": "rnap_deadlock", "t_pnr": 456.2999999999923, "dt_walking_dead": 56.24999999999869, "N_RNAP": 2, "N_Ribo": 7, "N_ATP": 1000, "seed": 12}