{"t_death": 5962.499999998564, "death_mode": "ribo_collapse", "pnr_type": "ribo_depletion", "t_pnr": 3991.9499999993604, "dt_walking_dead": 1970.5499999992035, "N_RNAP": 64, "N_Ribo": 17, "N_ATP": 1000, "seed": 53}