{"t_death": 2844.899999999824, "death_mode": "ribo_collapse", "pnr_type": "ribo_depletion", "t_pnr": 2792.699999999845, "dt_walking_dead": 52.1999999999789, "N_RNAP": 7, "N_Ribo": 41, "N_ATP": 1000, "seed": 11}