{"t_death": 1814.8500000001225, "death_mode": "cycle_collapse", "pnr_type": "rnap_deadlock", "t_pnr": 1814.8500000001225, "dt_walking_dead": 0.0, "N_RNAP": 2, "N_Ribo": 100, "N_ATP": 1000, "seed": 66}