{"t_death": 3934.3499999993837, "death_mode": "ribo_collapse", "pnr_type": "ribo_depletion", "t_pnr": 3646.3499999995, "dt_walking_dead": 287.9999999998836, "N_RNAP": 11, "N_Ribo": 41, "N_ATP": 1000, "seed": 10}