{"t_death": 2540.699999999947, "death_mode": "ribo_collapse", "pnr_type": "ribo_depletion", "t_pnr": 330.29999999999546, "dt_walking_dead": 2210.3999999999514, "N_RNAP": 4, "N_Ribo": 2, "N_ATP": 1000, "seed": 81}