{"t_death": 2869.649999999814, "death_mode": "ribo_collapse", "pnr_type": "ribo_depletion", "t_pnr": 2580.749999999931, "dt_walking_dead": 288.8999999998832, "N_RNAP": 4, "N_Ribo": 7, "N_ATP": 1000, "seed": 93}