{"t_death": 2794.9499999998443, "death_mode": "ribo_collapse", "pnr_type": "ribo_depletion", "t_pnr": 776.2500000000176, "dt_walking_dead": 2018.6999999998266, "N_RNAP": 27, "N_Ribo": 2, "N_ATP": 1000, "seed": 15}