{"t_death": 2070.450000000137, "death_mode": "cycle_collapse", "pnr_type": "rnap_deadlock", "t_pnr": 2013.3000000001425, "dt_walking_dead": 57.149999999994634, "N_RNAP": 11, "N_Ribo": 64, "N_ATP": 1000, "seed": 27}