{"t_death": 5538.599999998735, "death_mode": "ribo_collapse", "pnr_type": "ribo_depletion", "t_pnr": 1446.3000000000852, "dt_walking_dead": 4092.29999999865, "N_RNAP": 27, "N_Ribo": 2, "N_ATP": 1000, "seed": 47}