{"t_death": 1984.0500000001396, "death_mode": "ribo_collapse", "pnr_type": "ribo_depletion", "t_pnr": 464.84999999999206, "dt_walking_dead": 1519.2000000001476, "N_RNAP": 7, "N_Ribo": 3, "N_ATP": 1000, "seed": 62}