{"t_death": 4244.399999999258, "death_mode": "ribo_collapse", "pnr_type": "ribo_depletion", "t_pnr": 230.399999999998, "dt_walking_dead": 4013.9999999992606, "N_RNAP": 17, "N_Ribo": 2, "N_ATP": 1000, "seed": 76}