{"t_death": 1172.2500000000575, "death_mode": "cycle_collapse", "pnr_type": "rnap_deadlock", "t_pnr": 1105.2000000000507, "dt_walking_dead": 67.05000000000678, "N_RNAP": 4, "N_Ribo": 7, "N_ATP": 1000, "seed": 77}