{"t_death": 2842.199999999825, "death_mode": "cycle_collapse", "pnr_type": "rnap_deadlock", "t_pnr": 2808.449999999839, "dt_walking_dead": 33.74999999998636, "N_RNAP": 7, "N_Ribo": 64, "N_ATP": 1000, "seed": 2}