{"t_death": 3799.799999999438, "death_mode": "ribo_collapse", "pnr_type": "ribo_depletion", "t_pnr": 2617.649999999916, "dt_walking_dead": 1182.1499999995222, "N_RNAP": 17, "N_Ribo": 11, "N_ATP": 1000, "seed": 32}