{"t_death": 4132.7999999993035, "death_mode": "cycle_collapse", "pnr_type": "rnap_deadlock", "t_pnr": 4132.7999999993035, "dt_walking_dead": 0.0, "N_RNAP": 17, "N_Ribo": 27, "N_ATP": 1000, "seed": 48}