{"t_death": 1947.6000000001359, "death_mode": "cycle_collapse", "pnr_type": "rnap_deadlock", "t_pnr": 1671.300000000108, "dt_walking_dead": 276.3000000000279, "N_RNAP": 7, "N_Ribo": 11, "N_ATP": 1000, "seed": 16}