{"t_death": 4552.199999999134, "death_mode": "ribo_collapse", "pnr_type": "ribo_depletion", "t_pnr": 3355.199999999618, "dt_walking_dead": 1196.9999999995161, "N_RNAP": 100, "N_Ribo": 3, "N_ATP": 1000, "seed": 42}