{"t_death": 3987.899999999362, "death_mode": "ribo_collapse", "pnr_type": "ribo_depletion", "t_pnr": 3214.3499999996748, "dt_walking_dead": 773.5499999996873, "N_RNAP": 11, "N_Ribo": 7, "N_ATP": 1000, "seed": 69}