{"t_death": 5415.749999998785, "death_mode": "atp_depletion", "pnr_type": "ribo_depletion", "t_pnr": 4156.199999999294, "dt_walking_dead": 1259.5499999994909, "N_RNAP": 100, "N_Ribo": 11, "N_ATP": 1000, "seed": 44}