{"t_death": 2991.149999999765, "death_mode": "ribo_collapse", "pnr_type": "ribo_depletion", "t_pnr": 1496.7000000000903, "dt_walking_dead": 1494.4499999996747, "N_RNAP": 41, "N_Ribo": 7, "N_ATP": 1000, "seed": 31}