{"t_death": 5609.6999999987065, "death_mode": "ribo_collapse", "pnr_type": "ribo_depletion", "t_pnr": 5072.399999998924, "dt_walking_dead": 537.2999999997828, "N_RNAP": 100, "N_Ribo": 11, "N_ATP": 1000, "seed": 89}