{"t_death": 2767.4999999998554, "death_mode": "ribo_collapse", "pnr_type": "ribo_depletion", "t_pnr": 639.0000000000038, "dt_walking_dead": 2128.4999999998518, "N_RNAP": 11, "N_Ribo": 2, "N_ATP": 1000, "seed": 47}