{"t_death": 4254.299999999254, "death_mode": "ribo_collapse", "pnr_type": "ribo_depletion", "t_pnr": 3067.649999999734, "dt_walking_dead": 1186.6499999995203, "N_RNAP": 41, "N_Ribo": 11, "N_ATP": 1000, "seed": 80}