{"t_death": 4848.299999999014, "death_mode": "ribo_collapse", "pnr_type": "ribo_depletion", "t_pnr": 2460.1499999999796, "dt_walking_dead": 2388.1499999990347, "N_RNAP": 17, "N_Ribo": 11, "N_ATP": 1000, "seed": 6}