{"t_death": 5040.899999998936, "death_mode": "ribo_collapse", "pnr_type": "ribo_depletion", "t_pnr": 859.500000000026, "dt_walking_dead": 4181.39999999891, "N_RNAP": 100, "N_Ribo": 2, "N_ATP": 1000, "seed": 97}