{"t_death": 2518.649999999956, "death_mode": "ribo_collapse", "pnr_type": "ribo_depletion", "t_pnr": 1404.450000000081, "dt_walking_dead": 1114.199999999875, "N_RNAP": 3, "N_Ribo": 4, "N_ATP": 1000, "seed": 81}