{"t_death": 2045.2500000001457, "death_mode": "ribo_collapse", "pnr_type": "ribo_depletion", "t_pnr": 1038.150000000044, "dt_walking_dead": 1007.1000000001018, "N_RNAP": 4, "N_Ribo": 2, "N_ATP": 1000, "seed": 44}