{"t_death": 5287.049999998837, "death_mode": "ribo_collapse", "pnr_type": "ribo_depletion", "t_pnr": 3095.9999999997226, "dt_walking_dead": 2191.0499999991143, "N_RNAP": 100, "N_Ribo": 7, "N_ATP": 1000, "seed": 43}