{"t_death": 5534.099999998737, "death_mode": "ribo_collapse", "pnr_type": "ribo_depletion", "t_pnr": 4444.199999999178, "dt_walking_dead": 1089.8999999995594, "N_RNAP": 41, "N_Ribo": 27, "N_ATP": 1000, "seed": 3}