{"t_death": 3740.849999999462, "death_mode": "ribo_collapse", "pnr_type": "ribo_depletion", "t_pnr": 1073.2500000000475, "dt_walking_dead": 2667.5999999994146, "N_RNAP": 4, "N_Ribo": 3, "N_ATP": 1000, "seed": 0}