{"t_death": 6717.149999998259, "death_mode": "ribo_collapse", "pnr_type": "ribo_depletion", "t_pnr": 4732.649999999061, "dt_walking_dead": 1984.4999999991978, "N_RNAP": 41, "N_Ribo": 27, "N_ATP": 1000, "seed": 80}