{"t_death": 3771.4499999994496, "death_mode": "cycle_collapse", "pnr_type": "rnap_deadlock", "t_pnr": 3771.4499999994496, "dt_walking_dead": 0.0, "N_RNAP": 41, "N_Ribo": 11, "N_ATP": 1000, "seed": 83}