{"t_death": 3265.649999999654, "death_mode": "ribo_collapse", "pnr_type": "ribo_depletion", "t_pnr": 2882.249999999809, "dt_walking_dead": 383.399999999845, "N_RNAP": 11, "N_Ribo": 27, "N_ATP": 1000, "seed": 21}