{"t_death": 2925.4499999997915, "death_mode": "cycle_collapse", "pnr_type": "rnap_deadlock", "t_pnr": 2809.7999999998383, "dt_walking_dead": 115.64999999995325, "N_RNAP": 17, "N_Ribo": 27, "N_ATP": 1000, "seed": 44}