{"t_death": 2783.699999999849, "death_mode": "ribo_collapse", "pnr_type": "ribo_depletion", "t_pnr": 2355.750000000022, "dt_walking_dead": 427.949999999827, "N_RNAP": 11, "N_Ribo": 7, "N_ATP": 1000, "seed": 27}