{"t_death": 3925.799999999387, "death_mode": "ribo_collapse", "pnr_type": "ribo_depletion", "t_pnr": 3550.499999999539, "dt_walking_dead": 375.2999999998483, "N_RNAP": 41, "N_Ribo": 27, "N_ATP": 1000, "seed": 60}