{"t_death": 2284.2000000000507, "death_mode": "ribo_collapse", "pnr_type": "ribo_depletion", "t_pnr": 2101.5000000001246, "dt_walking_dead": 182.69999999992615, "N_RNAP": 7, "N_Ribo": 4, "N_ATP": 1000, "seed": 97}