{"t_death": 1279.8000000000684, "death_mode": "cycle_collapse", "pnr_type": "rnap_deadlock", "t_pnr": 1182.6000000000586, "dt_walking_dead": 97.20000000000982, "N_RNAP": 2, "N_Ribo": 11, "N_ATP": 1000, "seed": 66}