{"t_death": 3725.549999999468, "death_mode": "ribo_collapse", "pnr_type": "ribo_depletion", "t_pnr": 1602.900000000101, "dt_walking_dead": 2122.649999999367, "N_RNAP": 4, "N_Ribo": 4, "N_ATP": 1000, "seed": 21}