{"t_death": 2822.399999999833, "death_mode": "ribo_collapse", "pnr_type": "ribo_depletion", "t_pnr": 1645.6500000001054, "dt_walking_dead": 1176.7499999997278, "N_RNAP": 7, "N_Ribo": 7, "N_ATP": 1000, "seed": 99}