{"t_death": 1980.0000000001392, "death_mode": "ribo_collapse", "pnr_type": "ribo_depletion", "t_pnr": 725.4000000000125, "dt_walking_dead": 1254.6000000001268, "N_RNAP": 11, "N_Ribo": 7, "N_ATP": 1000, "seed": 24}