{"t_death": 2610.8999999999187, "death_mode": "cycle_collapse", "pnr_type": "rnap_deadlock", "t_pnr": 2561.8499999999385, "dt_walking_dead": 49.04999999998017, "N_RNAP": 11, "N_Ribo": 27, "N_ATP": 1000, "seed": 5}