{"t_death": 4833.44999999902, "death_mode": "cycle_collapse", "pnr_type": "rnap_deadlock", "t_pnr": 4794.299999999036, "dt_walking_dead": 39.149999999984175, "N_RNAP": 41, "N_Ribo": 64, "N_ATP": 1000, "seed": 25}