{"t_death": 5152.0499999988915, "death_mode": "cycle_collapse", "pnr_type": "rnap_deadlock", "t_pnr": 4894.199999998996, "dt_walking_dead": 257.8499999998958, "N_RNAP": 41, "N_Ribo": 41, "N_ATP": 1000, "seed": 75}