{"t_death": 6477.749999998356, "death_mode": "atp_depletion", "pnr_type": "ribo_depletion", "t_pnr": 5366.249999998805, "dt_walking_dead": 1111.4999999995507, "N_RNAP": 100, "N_Ribo": 17, "N_ATP": 1000, "seed": 24}