{"t_death": 8267.399999997784, "death_mode": "ribo_collapse", "pnr_type": "ribo_depletion", "t_pnr": 6497.999999998347, "dt_walking_dead": 1769.3999999994367, "N_RNAP": 17, "N_Ribo": 64, "N_ATP": 1000, "seed": 15}