{"t_death": 3791.6999999994414, "death_mode": "ribo_collapse", "pnr_type": "ribo_depletion", "t_pnr": 3183.749999999687, "dt_walking_dead": 607.9499999997543, "N_RNAP": 11, "N_Ribo": 4, "N_ATP": 1000, "seed": 9}