{"t_death": 5216.3999999988655, "death_mode": "ribo_collapse", "pnr_type": "ribo_depletion", "t_pnr": 3665.6999999994923, "dt_walking_dead": 1550.6999999993732, "N_RNAP": 64, "N_Ribo": 17, "N_ATP": 1000, "seed": 96}