{"t_death": 10784.700000001854, "death_mode": "ribo_collapse", "pnr_type": "ribo_depletion", "t_pnr": 2347.2000000000253, "dt_walking_dead": 8437.50000000183, "N_RNAP": 64, "N_Ribo": 11, "N_ATP": 1000, "seed": 6}