{"t_death": 2890.7999999998056, "death_mode": "ribo_collapse", "pnr_type": "ribo_depletion", "t_pnr": 1760.850000000117, "dt_walking_dead": 1129.9499999996885, "N_RNAP": 11, "N_Ribo": 7, "N_ATP": 1000, "seed": 71}