{"t_death": 3010.949999999757, "death_mode": "cycle_collapse", "pnr_type": "rnap_deadlock", "t_pnr": 2908.3499999997985, "dt_walking_dead": 102.59999999995853, "N_RNAP": 4, "N_Ribo": 64, "N_ATP": 1000, "seed": 51}