{"t_death": 4479.299999999163, "death_mode": "ribo_collapse", "pnr_type": "ribo_depletion", "t_pnr": 3832.199999999425, "dt_walking_dead": 647.0999999997384, "N_RNAP": 100, "N_Ribo": 4, "N_ATP": 1000, "seed": 10}