{"t_death": 3250.34999999966, "death_mode": "ribo_collapse", "pnr_type": "ribo_depletion", "t_pnr": 1441.8000000000848, "dt_walking_dead": 1808.5499999995754, "N_RNAP": 41, "N_Ribo": 7, "N_ATP": 1000, "seed": 5}