{"t_death": 5487.749999998756, "death_mode": "ribo_collapse", "pnr_type": "ribo_depletion", "t_pnr": 4018.04999999935, "dt_walking_dead": 1469.699999999406, "N_RNAP": 100, "N_Ribo": 17, "N_ATP": 1000, "seed": 71}