{"t_death": 4362.749999999211, "death_mode": "ribo_collapse", "pnr_type": "ribo_depletion", "t_pnr": 2806.1999999998397, "dt_walking_dead": 1556.5499999993708, "N_RNAP": 64, "N_Ribo": 3, "N_ATP": 1000, "seed": 57}