{"t_death": 4059.449999999333, "death_mode": "ribo_collapse", "pnr_type": "ribo_depletion", "t_pnr": 3347.9999999996207, "dt_walking_dead": 711.4499999997124, "N_RNAP": 100, "N_Ribo": 11, "N_ATP": 1000, "seed": 12}