{"t_death": 3092.399999999724, "death_mode": "ribo_collapse", "pnr_type": "ribo_depletion", "t_pnr": 398.69999999999374, "dt_walking_dead": 2693.69999999973, "N_RNAP": 17, "N_Ribo": 2, "N_ATP": 1000, "seed": 91}