{"t_death": 5081.39999999892, "death_mode": "ribo_collapse", "pnr_type": "ribo_depletion", "t_pnr": 4005.449999999355, "dt_walking_dead": 1075.949999999565, "N_RNAP": 64, "N_Ribo": 17, "N_ATP": 1000, "seed": 1}