{"t_death": 4749.749999999054, "death_mode": "ribo_collapse", "pnr_type": "ribo_depletion", "t_pnr": 2470.0499999999756, "dt_walking_dead": 2279.6999999990785, "N_RNAP": 4, "N_Ribo": 17, "N_ATP": 1000, "seed": 81}