{"t_death": 2520.899999999955, "death_mode": "ribo_collapse", "pnr_type": "ribo_depletion", "t_pnr": 1939.950000000135, "dt_walking_dead": 580.94999999982, "N_RNAP": 3, "N_Ribo": 11, "N_ATP": 1000, "seed": 62}