{"t_death": 5692.949999998673, "death_mode": "ribo_collapse", "pnr_type": "ribo_depletion", "t_pnr": 4567.499999999128, "dt_walking_dead": 1125.449999999545, "N_RNAP": 64, "N_Ribo": 7, "N_ATP": 1000, "seed": 71}