{"t_death": 2052.9000000001442, "death_mode": "cycle_collapse", "pnr_type": "rnap_deadlock", "t_pnr": 1850.850000000126, "dt_walking_dead": 202.05000000001814, "N_RNAP": 3, "N_Ribo": 27, "N_ATP": 1000, "seed": 40}