{"t_death": 1090.8000000000493, "death_mode": "cycle_collapse", "pnr_type": "rnap_deadlock", "t_pnr": 995.8500000000398, "dt_walking_dead": 94.95000000000948, "N_RNAP": 4, "N_Ribo": 100, "N_ATP": 1000, "seed": 92}