{"t_death": 9572.399999999894, "death_mode": "ribo_collapse", "pnr_type": "ribo_depletion", "t_pnr": 3436.199999999585, "dt_walking_dead": 6136.200000000309, "N_RNAP": 11, "N_Ribo": 7, "N_ATP": 1000, "seed": 67}