{"t_death": 3253.499999999659, "death_mode": "ribo_collapse", "pnr_type": "ribo_depletion", "t_pnr": 3191.849999999684, "dt_walking_dead": 61.64999999997508, "N_RNAP": 11, "N_Ribo": 41, "N_ATP": 1000, "seed": 95}