{"t_death": 4783.049999999041, "death_mode": "ribo_collapse", "pnr_type": "ribo_depletion", "t_pnr": 2923.6499999997923, "dt_walking_dead": 1859.3999999992484, "N_RNAP": 41, "N_Ribo": 27, "N_ATP": 1000, "seed": 2}