{"t_death": 4931.9999999989805, "death_mode": "ribo_collapse", "pnr_type": "ribo_depletion", "t_pnr": 3821.3999999994294, "dt_walking_dead": 1110.599999999551, "N_RNAP": 2, "N_Ribo": 100, "N_ATP": 1000, "seed": 72}