{"t_death": 3881.249999999405, "death_mode": "ribo_collapse", "pnr_type": "ribo_depletion", "t_pnr": 2283.300000000051, "dt_walking_dead": 1597.949999999354, "N_RNAP": 41, "N_Ribo": 11, "N_ATP": 1000, "seed": 46}