{"t_death": 6649.199999998286, "death_mode": "ribo_collapse", "pnr_type": "ribo_depletion", "t_pnr": 2171.700000000096, "dt_walking_dead": 4477.49999999819, "N_RNAP": 17, "N_Ribo": 4, "N_ATP": 1000, "seed": 65}