{"t_death": 5704.649999998668, "death_mode": "ribo_collapse", "pnr_type": "ribo_depletion", "t_pnr": 3914.5499999993917, "dt_walking_dead": 1790.0999999992764, "N_RNAP": 41, "N_Ribo": 17, "N_ATP": 1000, "seed": 64}