{"t_death": 5460.299999998767, "death_mode": "ribo_collapse", "pnr_type": "ribo_depletion", "t_pnr": 3578.3999999995276, "dt_walking_dead": 1881.8999999992393, "N_RNAP": 7, "N_Ribo": 64, "N_ATP": 1000, "seed": 30}