{"t_death": 5561.099999998726, "death_mode": "ribo_collapse", "pnr_type": "ribo_depletion", "t_pnr": 4133.249999999303, "dt_walking_dead": 1427.8499999994228, "N_RNAP": 100, "N_Ribo": 7, "N_ATP": 1000, "seed": 94}