{"t_death": 1002.6000000000405, "death_mode": "cycle_collapse", "pnr_type": "rnap_deadlock", "t_pnr": 916.2000000000318, "dt_walking_dead": 86.40000000000873, "N_RNAP": 2, "N_Ribo": 7, "N_ATP": 1000, "seed": 56}