{"t_death": 4949.549999998973, "death_mode": "ribo_collapse", "pnr_type": "ribo_depletion", "t_pnr": 4342.049999999219, "dt_walking_dead": 607.4999999997544, "N_RNAP": 27, "N_Ribo": 41, "N_ATP": 1000, "seed": 49}