{"t_death": 4794.299999999036, "death_mode": "ribo_collapse", "pnr_type": "ribo_depletion", "t_pnr": 633.1500000000032, "dt_walking_dead": 4161.149999999033, "N_RNAP": 27, "N_Ribo": 4, "N_ATP": 1000, "seed": 30}