{"t_death": 3307.949999999637, "death_mode": "ribo_collapse", "pnr_type": "ribo_depletion", "t_pnr": 1946.7000000001358, "dt_walking_dead": 1361.2499999995011, "N_RNAP": 4, "N_Ribo": 3, "N_ATP": 1000, "seed": 77}