{"t_death": 5437.349999998776, "death_mode": "cycle_collapse", "pnr_type": "rnap_deadlock", "t_pnr": 5332.499999998819, "dt_walking_dead": 104.84999999995762, "N_RNAP": 27, "N_Ribo": 64, "N_ATP": 1000, "seed": 26}