{"t_death": 1054.8000000000457, "death_mode": "cycle_collapse", "pnr_type": "rnap_deadlock", "t_pnr": 863.5500000000264, "dt_walking_dead": 191.2500000000192, "N_RNAP": 4, "N_Ribo": 3, "N_ATP": 1000, "seed": 34}