{"t_death": 5145.299999998894, "death_mode": "ribo_collapse", "pnr_type": "ribo_depletion", "t_pnr": 580.4999999999978, "dt_walking_dead": 4564.799999998896, "N_RNAP": 27, "N_Ribo": 2, "N_ATP": 1000, "seed": 33}