{"t_death": 7550.999999997922, "death_mode": "ribo_collapse", "pnr_type": "ribo_depletion", "t_pnr": 1948.950000000136, "dt_walking_dead": 5602.049999997786, "N_RNAP": 64, "N_Ribo": 3, "N_ATP": 1000, "seed": 1}