{"t_death": 6785.099999998231, "death_mode": "ribo_collapse", "pnr_type": "ribo_depletion", "t_pnr": 3716.9999999994716, "dt_walking_dead": 3068.09999999876, "N_RNAP": 27, "N_Ribo": 17, "N_ATP": 1000, "seed": 89}