{"t_death": 3167.9999999996935, "death_mode": "ribo_collapse", "pnr_type": "ribo_depletion", "t_pnr": 1903.0500000001314, "dt_walking_dead": 1264.9499999995621, "N_RNAP": 17, "N_Ribo": 17, "N_ATP": 1000, "seed": 52}