{"t_death": 790.6500000000191, "death_mode": "ribo_collapse", "pnr_type": "ribo_depletion", "t_pnr": 502.1999999999911, "dt_walking_dead": 288.45000000002796, "N_RNAP": 2, "N_Ribo": 2, "N_ATP": 1000, "seed": 65}