{"t_death": 3787.199999999443, "death_mode": "ribo_collapse", "pnr_type": "ribo_depletion", "t_pnr": 2205.9000000000824, "dt_walking_dead": 1581.2999999993608, "N_RNAP": 27, "N_Ribo": 11, "N_ATP": 1000, "seed": 29}