{"t_death": 3599.549999999519, "death_mode": "ribo_collapse", "pnr_type": "ribo_depletion", "t_pnr": 3581.0999999995265, "dt_walking_dead": 18.449999999992542, "N_RNAP": 3, "N_Ribo": 7, "N_ATP": 1000, "seed": 47}