{"t_death": 3189.5999999996848, "death_mode": "ribo_collapse", "pnr_type": "ribo_depletion", "t_pnr": 2911.0499999997974, "dt_walking_dead": 278.5499999998874, "N_RNAP": 17, "N_Ribo": 11, "N_ATP": 1000, "seed": 55}