{"t_death": 988.6500000000391, "death_mode": "ribo_collapse", "pnr_type": "ribo_depletion", "t_pnr": 979.6500000000382, "dt_walking_dead": 9.00000000000091, "N_RNAP": 3, "N_Ribo": 3, "N_ATP": 1000, "seed": 48}