{"t_death": 4786.199999999039, "death_mode": "ribo_collapse", "pnr_type": "ribo_depletion", "t_pnr": 1999.350000000141, "dt_walking_dead": 2786.849999998898, "N_RNAP": 17, "N_Ribo": 2, "N_ATP": 1000, "seed": 75}