{"t_death": 3513.149999999554, "death_mode": "ribo_collapse", "pnr_type": "ribo_depletion", "t_pnr": 955.3500000000357, "dt_walking_dead": 2557.799999999518, "N_RNAP": 7, "N_Ribo": 2, "N_ATP": 1000, "seed": 15}