{"t_death": 5547.599999998732, "death_mode": "ribo_collapse", "pnr_type": "ribo_depletion", "t_pnr": 1120.5000000000523, "dt_walking_dead": 4427.09999999868, "N_RNAP": 41, "N_Ribo": 3, "N_ATP": 1000, "seed": 85}