{"t_death": 8227.79999999772, "death_mode": "ribo_collapse", "pnr_type": "ribo_depletion", "t_pnr": 3611.2499999995143, "dt_walking_dead": 4616.549999998206, "N_RNAP": 41, "N_Ribo": 3, "N_ATP": 1000, "seed": 72}