{"t_death": 7013.699999998139, "death_mode": "ribo_collapse", "pnr_type": "ribo_depletion", "t_pnr": 4327.199999999225, "dt_walking_dead": 2686.499999998914, "N_RNAP": 41, "N_Ribo": 41, "N_ATP": 1000, "seed": 9}