{"t_death": 3809.699999999434, "death_mode": "ribo_collapse", "pnr_type": "ribo_depletion", "t_pnr": 3508.199999999556, "dt_walking_dead": 301.4999999998781, "N_RNAP": 11, "N_Ribo": 41, "N_ATP": 1000, "seed": 14}