{"t_death": 6879.149999998193, "death_mode": "ribo_collapse", "pnr_type": "ribo_depletion", "t_pnr": 2811.1499999998377, "dt_walking_dead": 4067.9999999983556, "N_RNAP": 64, "N_Ribo": 11, "N_ATP": 1000, "seed": 14}