{"t_death": 2460.1499999999796, "death_mode": "ribo_collapse", "pnr_type": "ribo_depletion", "t_pnr": 2205.0000000000828, "dt_walking_dead": 255.14999999989686, "N_RNAP": 4, "N_Ribo": 11, "N_ATP": 1000, "seed": 32}