{"t_death": 3873.5999999994083, "death_mode": "ribo_collapse", "pnr_type": "ribo_depletion", "t_pnr": 1393.65000000008, "dt_walking_dead": 2479.9499999993286, "N_RNAP": 27, "N_Ribo": 4, "N_ATP": 1000, "seed": 82}