{"t_death": 3160.7999999996964, "death_mode": "ribo_collapse", "pnr_type": "ribo_depletion", "t_pnr": 1995.7500000001407, "dt_walking_dead": 1165.0499999995557, "N_RNAP": 17, "N_Ribo": 7, "N_ATP": 1000, "seed": 0}