{"t_death": 2858.3999999998186, "death_mode": "ribo_collapse", "pnr_type": "ribo_depletion", "t_pnr": 2652.749999999902, "dt_walking_dead": 205.64999999991687, "N_RNAP": 4, "N_Ribo": 17, "N_ATP": 1000, "seed": 76}