{"t_death": 3469.9499999995714, "death_mode": "cycle_collapse", "pnr_type": "rnap_deadlock", "t_pnr": 3410.0999999995956, "dt_walking_dead": 59.84999999997581, "N_RNAP": 27, "N_Ribo": 17, "N_ATP": 1000, "seed": 6}