{"t_death": 2603.6999999999216, "death_mode": "cycle_collapse", "pnr_type": "rnap_deadlock", "t_pnr": 2459.24999999998, "dt_walking_dead": 144.4499999999416, "N_RNAP": 3, "N_Ribo": 27, "N_ATP": 1000, "seed": 29}