{"t_death": 2649.599999999903, "death_mode": "cycle_collapse", "pnr_type": "rnap_deadlock", "t_pnr": 2516.399999999957, "dt_walking_dead": 133.19999999994616, "N_RNAP": 11, "N_Ribo": 11, "N_ATP": 1000, "seed": 75}