{"t_death": 3265.199999999654, "death_mode": "ribo_collapse", "pnr_type": "ribo_depletion", "t_pnr": 2958.749999999778, "dt_walking_dead": 306.4499999998761, "N_RNAP": 17, "N_Ribo": 2, "N_ATP": 1000, "seed": 56}