{"t_death": 2796.2999999998437, "death_mode": "ribo_collapse", "pnr_type": "ribo_depletion", "t_pnr": 2452.4999999999827, "dt_walking_dead": 343.79999999986103, "N_RNAP": 4, "N_Ribo": 7, "N_ATP": 1000, "seed": 51}