{"t_death": 5417.549999998784, "death_mode": "ribo_collapse", "pnr_type": "ribo_depletion", "t_pnr": 2611.7999999999183, "dt_walking_dead": 2805.749999998866, "N_RNAP": 27, "N_Ribo": 4, "N_ATP": 1000, "seed": 14}