{"t_death": 5503.949999998749, "death_mode": "ribo_collapse", "pnr_type": "ribo_depletion", "t_pnr": 4099.499999999317, "dt_walking_dead": 1404.4499999994323, "N_RNAP": 64, "N_Ribo": 27, "N_ATP": 1000, "seed": 74}