{"t_death": 4838.849999999018, "death_mode": "atp_depletion", "pnr_type": "ribo_depletion", "t_pnr": 4559.849999999131, "dt_walking_dead": 278.9999999998872, "N_RNAP": 100, "N_Ribo": 17, "N_ATP": 1000, "seed": 50}