{"t_death": 6007.9499999985455, "death_mode": "ribo_collapse", "pnr_type": "ribo_depletion", "t_pnr": 4133.699999999303, "dt_walking_dead": 1874.2499999992424, "N_RNAP": 17, "N_Ribo": 64, "N_ATP": 1000, "seed": 12}