{"t_death": 3944.2499999993797, "death_mode": "ribo_collapse", "pnr_type": "ribo_depletion", "t_pnr": 998.10000000004, "dt_walking_dead": 2946.14999999934, "N_RNAP": 11, "N_Ribo": 3, "N_ATP": 1000, "seed": 22}