{"t_death": 3708.899999999475, "death_mode": "cycle_collapse", "pnr_type": "rnap_deadlock", "t_pnr": 3540.149999999543, "dt_walking_dead": 168.7499999999318, "N_RNAP": 41, "N_Ribo": 27, "N_ATP": 1000, "seed": 15}