{"t_death": 2506.9499999999607, "death_mode": "ribo_collapse", "pnr_type": "ribo_depletion", "t_pnr": 1914.3000000001325, "dt_walking_dead": 592.6499999998282, "N_RNAP": 11, "N_Ribo": 4, "N_ATP": 1000, "seed": 13}