{"t_death": 4243.949999999259, "death_mode": "ribo_collapse", "pnr_type": "ribo_depletion", "t_pnr": 2887.199999999807, "dt_walking_dead": 1356.7499999994516, "N_RNAP": 27, "N_Ribo": 64, "N_ATP": 1000, "seed": 4}