{"t_death": 4124.699999999307, "death_mode": "cycle_collapse", "pnr_type": "rnap_deadlock", "t_pnr": 3863.6999999994123, "dt_walking_dead": 260.9999999998945, "N_RNAP": 7, "N_Ribo": 100, "N_ATP": 1000, "seed": 49}