{"t_death": 6699.599999998266, "death_mode": "ribo_collapse", "pnr_type": "ribo_depletion", "t_pnr": 2008.350000000142, "dt_walking_dead": 4691.249999998124, "N_RNAP": 64, "N_Ribo": 2, "N_ATP": 1000, "seed": 63}