{"t_death": 3554.5499999995372, "death_mode": "ribo_collapse", "pnr_type": "ribo_depletion", "t_pnr": 2553.749999999942, "dt_walking_dead": 1000.7999999995955, "N_RNAP": 3, "N_Ribo": 27, "N_ATP": 1000, "seed": 35}