{"t_death": 1417.9500000000824, "death_mode": "cycle_collapse", "pnr_type": "rnap_deadlock", "t_pnr": 1370.2500000000775, "dt_walking_dead": 47.70000000000482, "N_RNAP": 11, "N_Ribo": 27, "N_ATP": 1000, "seed": 70}