{"t_death": 7359.749999997999, "death_mode": "ribo_collapse", "pnr_type": "ribo_depletion", "t_pnr": 5927.849999998578, "dt_walking_dead": 1431.8999999994212, "N_RNAP": 27, "N_Ribo": 100, "N_ATP": 1000, "seed": 40}