{"t_death": 3964.9499999993714, "death_mode": "ribo_collapse", "pnr_type": "ribo_depletion", "t_pnr": 1820.700000000123, "dt_walking_dead": 2144.2499999992483, "N_RNAP": 100, "N_Ribo": 3, "N_ATP": 1000, "seed": 74}