{"t_death": 4956.74999999897, "death_mode": "ribo_collapse", "pnr_type": "ribo_depletion", "t_pnr": 2571.7499999999345, "dt_walking_dead": 2384.999999999036, "N_RNAP": 3, "N_Ribo": 11, "N_ATP": 1000, "seed": 13}