{"t_death": 5530.949999998738, "death_mode": "ribo_collapse", "pnr_type": "ribo_depletion", "t_pnr": 2811.1499999998377, "dt_walking_dead": 2719.7999999989006, "N_RNAP": 41, "N_Ribo": 17, "N_ATP": 1000, "seed": 10}