{"t_death": 5316.749999998825, "death_mode": "ribo_collapse", "pnr_type": "ribo_depletion", "t_pnr": 4115.249999999311, "dt_walking_dead": 1201.4999999995143, "N_RNAP": 27, "N_Ribo": 100, "N_ATP": 1000, "seed": 5}