{"t_death": 5595.749999998712, "death_mode": "ribo_collapse", "pnr_type": "ribo_depletion", "t_pnr": 274.4999999999969, "dt_walking_dead": 5321.249999998715, "N_RNAP": 7, "N_Ribo": 2, "N_ATP": 1000, "seed": 1}