{"t_death": 2527.1999999999525, "death_mode": "ribo_collapse", "pnr_type": "ribo_depletion", "t_pnr": 423.4499999999931, "dt_walking_dead": 2103.7499999999595, "N_RNAP": 11, "N_Ribo": 4, "N_ATP": 1000, "seed": 52}