{"t_death": 4291.1999999992395, "death_mode": "cycle_collapse", "pnr_type": "rnap_deadlock", "t_pnr": 4234.049999999263, "dt_walking_dead": 57.1499999999769, "N_RNAP": 11, "N_Ribo": 7, "N_ATP": 1000, "seed": 51}