{"t_death": 9624.149999999978, "death_mode": "ribo_collapse", "pnr_type": "ribo_depletion", "t_pnr": 1018.3500000000421, "dt_walking_dead": 8605.799999999936, "N_RNAP": 17, "N_Ribo": 2, "N_ATP": 1000, "seed": 18}