{"t_death": 5012.999999998948, "death_mode": "ribo_collapse", "pnr_type": "ribo_depletion", "t_pnr": 4712.399999999069, "dt_walking_dead": 300.5999999998785, "N_RNAP": 11, "N_Ribo": 100, "N_ATP": 1000, "seed": 42}