{"t_death": 2817.899999999835, "death_mode": "ribo_collapse", "pnr_type": "ribo_depletion", "t_pnr": 2697.2999999998838, "dt_walking_dead": 120.59999999995125, "N_RNAP": 7, "N_Ribo": 17, "N_ATP": 1000, "seed": 90}