{"t_death": 4492.799999999158, "death_mode": "ribo_collapse", "pnr_type": "ribo_depletion", "t_pnr": 4192.1999999992795, "dt_walking_dead": 300.5999999998785, "N_RNAP": 11, "N_Ribo": 64, "N_ATP": 1000, "seed": 61}