{"t_death": 3491.5499999995627, "death_mode": "cycle_collapse", "pnr_type": "rnap_deadlock", "t_pnr": 3419.549999999592, "dt_walking_dead": 71.9999999999709, "N_RNAP": 41, "N_Ribo": 27, "N_ATP": 1000, "seed": 61}