{"t_death": 3491.9999999995625, "death_mode": "ribo_collapse", "pnr_type": "ribo_depletion", "t_pnr": 2208.6000000000813, "dt_walking_dead": 1283.3999999994812, "N_RNAP": 17, "N_Ribo": 7, "N_ATP": 1000, "seed": 70}