{"t_death": 4516.649999999148, "death_mode": "ribo_collapse", "pnr_type": "ribo_depletion", "t_pnr": 3847.9499999994187, "dt_walking_dead": 668.6999999997297, "N_RNAP": 27, "N_Ribo": 27, "N_ATP": 1000, "seed": 82}