{"t_death": 1494.9000000000901, "death_mode": "cycle_collapse", "pnr_type": "rnap_deadlock", "t_pnr": 1486.8000000000893, "dt_walking_dead": 8.100000000000819, "N_RNAP": 4, "N_Ribo": 100, "N_ATP": 1000, "seed": 47}