{"t_death": 2654.549999999901, "death_mode": "ribo_collapse", "pnr_type": "ribo_depletion", "t_pnr": 1258.2000000000662, "dt_walking_dead": 1396.3499999998348, "N_RNAP": 11, "N_Ribo": 2, "N_ATP": 1000, "seed": 42}