{"t_death": 828.9000000000229, "death_mode": "cycle_collapse", "pnr_type": "rnap_deadlock", "t_pnr": 802.3500000000203, "dt_walking_dead": 26.550000000002683, "N_RNAP": 2, "N_Ribo": 11, "N_ATP": 1000, "seed": 72}