{"t_death": 3802.499999999437, "death_mode": "ribo_collapse", "pnr_type": "ribo_depletion", "t_pnr": 1291.5000000000696, "dt_walking_dead": 2510.9999999993674, "N_RNAP": 27, "N_Ribo": 3, "N_ATP": 1000, "seed": 50}