{"t_death": 5903.549999998588, "death_mode": "ribo_collapse", "pnr_type": "ribo_depletion", "t_pnr": 1593.0000000001, "dt_walking_dead": 4310.549999998488, "N_RNAP": 17, "N_Ribo": 4, "N_ATP": 1000, "seed": 95}