{"t_death": 1382.4000000000788, "death_mode": "cycle_collapse", "pnr_type": "rnap_deadlock", "t_pnr": 1165.5000000000568, "dt_walking_dead": 216.90000000002192, "N_RNAP": 7, "N_Ribo": 3, "N_ATP": 1000, "seed": 96}