{"t_death": 4213.799999999271, "death_mode": "ribo_collapse", "pnr_type": "ribo_depletion", "t_pnr": 4048.6499999993375, "dt_walking_dead": 165.14999999993324, "N_RNAP": 2, "N_Ribo": 7, "N_ATP": 1000, "seed": 14}