{"t_death": 2012.8500000001425, "death_mode": "ribo_collapse", "pnr_type": "ribo_depletion", "t_pnr": 1780.650000000119, "dt_walking_dead": 232.20000000002346, "N_RNAP": 4, "N_Ribo": 7, "N_ATP": 1000, "seed": 53}