{"t_death": 2411.5499999999993, "death_mode": "ribo_collapse", "pnr_type": "ribo_depletion", "t_pnr": 2216.700000000078, "dt_walking_dead": 194.84999999992124, "N_RNAP": 3, "N_Ribo": 7, "N_ATP": 1000, "seed": 86}