{"t_death": 4218.749999999269, "death_mode": "ribo_collapse", "pnr_type": "ribo_depletion", "t_pnr": 4087.7999999993217, "dt_walking_dead": 130.94999999994707, "N_RNAP": 2, "N_Ribo": 3, "N_ATP": 1000, "seed": 32}