{"t_death": 5138.099999998897, "death_mode": "ribo_collapse", "pnr_type": "ribo_depletion", "t_pnr": 1973.2500000001385, "dt_walking_dead": 3164.849999998759, "N_RNAP": 27, "N_Ribo": 11, "N_ATP": 1000, "seed": 51}