{"t_death": 7285.949999998029, "death_mode": "ribo_collapse", "pnr_type": "ribo_depletion", "t_pnr": 1340.5500000000745, "dt_walking_dead": 5945.399999997954, "N_RNAP": 27, "N_Ribo": 2, "N_ATP": 1000, "seed": 35}