{"t_death": 3010.949999999757, "death_mode": "ribo_collapse", "pnr_type": "ribo_depletion", "t_pnr": 2188.8000000000893, "dt_walking_dead": 822.1499999996677, "N_RNAP": 7, "N_Ribo": 27, "N_ATP": 1000, "seed": 87}