{"t_death": 4947.299999998974, "death_mode": "ribo_collapse", "pnr_type": "ribo_depletion", "t_pnr": 3386.2499999996053, "dt_walking_dead": 1561.049999999369, "N_RNAP": 17, "N_Ribo": 27, "N_ATP": 1000, "seed": 82}