{"t_death": 6795.449999998227, "death_mode": "ribo_collapse", "pnr_type": "ribo_depletion", "t_pnr": 1299.6000000000704, "dt_walking_dead": 5495.849999998157, "N_RNAP": 41, "N_Ribo": 7, "N_ATP": 1000, "seed": 10}