{"t_death": 799.65000000002, "death_mode": "cycle_collapse", "pnr_type": "rnap_deadlock", "t_pnr": 796.5000000000197, "dt_walking_dead": 3.1500000000003183, "N_RNAP": 4, "N_Ribo": 7, "N_ATP": 1000, "seed": 61}