{"t_death": 3453.299999999578, "death_mode": "ribo_collapse", "pnr_type": "ribo_depletion", "t_pnr": 1041.3000000000443, "dt_walking_dead": 2411.999999999534, "N_RNAP": 4, "N_Ribo": 3, "N_ATP": 1000, "seed": 11}