{"t_death": 1667.7000000001076, "death_mode": "cycle_collapse", "pnr_type": "rnap_deadlock", "t_pnr": 1662.300000000107, "dt_walking_dead": 5.400000000000546, "N_RNAP": 3, "N_Ribo": 27, "N_ATP": 1000, "seed": 1}