{"t_death": 2131.2000000001126, "death_mode": "ribo_collapse", "pnr_type": "ribo_depletion", "t_pnr": 1198.8000000000602, "dt_walking_dead": 932.4000000000524, "N_RNAP": 4, "N_Ribo": 3, "N_ATP": 1000, "seed": 1}