{"t_death": 3854.249999999416, "death_mode": "ribo_collapse", "pnr_type": "ribo_depletion", "t_pnr": 2088.45000000013, "dt_walking_dead": 1765.7999999992862, "N_RNAP": 41, "N_Ribo": 7, "N_ATP": 1000, "seed": 87}