{"t_death": 3536.0999999995447, "death_mode": "ribo_collapse", "pnr_type": "ribo_depletion", "t_pnr": 2258.550000000061, "dt_walking_dead": 1277.5499999994836, "N_RNAP": 27, "N_Ribo": 2, "N_ATP": 1000, "seed": 86}