{"t_death": 2065.0500000001393, "death_mode": "cycle_collapse", "pnr_type": "rnap_deadlock", "t_pnr": 2065.0500000001393, "dt_walking_dead": 0.0, "N_RNAP": 11, "N_Ribo": 27, "N_ATP": 1000, "seed": 29}