{"t_death": 990.4500000000393, "death_mode": "cycle_collapse", "pnr_type": "rnap_deadlock", "t_pnr": 945.0000000000347, "dt_walking_dead": 45.45000000000459, "N_RNAP": 4, "N_Ribo": 7, "N_ATP": 1000, "seed": 33}