{"t_death": 3244.4999999996626, "death_mode": "ribo_collapse", "pnr_type": "ribo_depletion", "t_pnr": 1855.8000000001266, "dt_walking_dead": 1388.699999999536, "N_RNAP": 41, "N_Ribo": 11, "N_ATP": 1000, "seed": 10}