{"t_death": 4212.449999999271, "death_mode": "ribo_collapse", "pnr_type": "ribo_depletion", "t_pnr": 3200.84999999968, "dt_walking_dead": 1011.5999999995911, "N_RNAP": 4, "N_Ribo": 2, "N_ATP": 1000, "seed": 4}