{"t_death": 6528.149999998335, "death_mode": "ribo_collapse", "pnr_type": "ribo_depletion", "t_pnr": 3093.2999999997237, "dt_walking_dead": 3434.8499999986116, "N_RNAP": 11, "N_Ribo": 41, "N_ATP": 1000, "seed": 79}