{"t_death": 8136.899999997685, "death_mode": "ribo_collapse", "pnr_type": "ribo_depletion", "t_pnr": 3519.8999999995513, "dt_walking_dead": 4616.999999998134, "N_RNAP": 41, "N_Ribo": 17, "N_ATP": 1000, "seed": 82}