{"t_death": 4982.39999999896, "death_mode": "ribo_collapse", "pnr_type": "ribo_depletion", "t_pnr": 1422.0000000000828, "dt_walking_dead": 3560.3999999988773, "N_RNAP": 2, "N_Ribo": 7, "N_ATP": 1000, "seed": 92}