{"t_death": 2622.599999999914, "death_mode": "cycle_collapse", "pnr_type": "rnap_deadlock", "t_pnr": 2567.2499999999363, "dt_walking_dead": 55.349999999977626, "N_RNAP": 11, "N_Ribo": 41, "N_ATP": 1000, "seed": 35}