{"t_death": 2713.0499999998774, "death_mode": "cycle_collapse", "pnr_type": "rnap_deadlock", "t_pnr": 2713.0499999998774, "dt_walking_dead": 0.0, "N_RNAP": 27, "N_Ribo": 11, "N_ATP": 1000, "seed": 73}