{"t_death": 7952.849999997759, "death_mode": "ribo_collapse", "pnr_type": "ribo_depletion", "t_pnr": 5339.249999998816, "dt_walking_dead": 2613.5999999989435, "N_RNAP": 11, "N_Ribo": 100, "N_ATP": 1000, "seed": 67}