{"t_death": 1233.0000000000637, "death_mode": "ribo_collapse", "pnr_type": "ribo_depletion", "t_pnr": 480.1499999999917, "dt_walking_dead": 752.850000000072, "N_RNAP": 3, "N_Ribo": 3, "N_ATP": 1000, "seed": 21}