{"t_death": 5100.299999998912, "death_mode": "ribo_collapse", "pnr_type": "ribo_depletion", "t_pnr": 4481.5499999991625, "dt_walking_dead": 618.7499999997499, "N_RNAP": 64, "N_Ribo": 4, "N_ATP": 1000, "seed": 43}