{"t_death": 3829.0499999994263, "death_mode": "ribo_collapse", "pnr_type": "ribo_depletion", "t_pnr": 1552.500000000096, "dt_walking_dead": 2276.5499999993303, "N_RNAP": 3, "N_Ribo": 11, "N_ATP": 1000, "seed": 88}