{"t_death": 2688.749999999887, "death_mode": "cycle_collapse", "pnr_type": "rnap_deadlock", "t_pnr": 2616.7499999999163, "dt_walking_dead": 71.9999999999709, "N_RNAP": 7, "N_Ribo": 27, "N_ATP": 1000, "seed": 13}