{"t_death": 4081.949999999324, "death_mode": "cycle_collapse", "pnr_type": "rnap_deadlock", "t_pnr": 3863.2499999994125, "dt_walking_dead": 218.6999999999116, "N_RNAP": 17, "N_Ribo": 7, "N_ATP": 1000, "seed": 3}