{"t_death": 4274.099999999246, "death_mode": "ribo_collapse", "pnr_type": "ribo_depletion", "t_pnr": 1884.6000000001295, "dt_walking_dead": 2389.499999999117, "N_RNAP": 27, "N_Ribo": 11, "N_ATP": 1000, "seed": 71}