{"t_death": 4352.399999999215, "death_mode": "ribo_collapse", "pnr_type": "ribo_depletion", "t_pnr": 2214.9000000000788, "dt_walking_dead": 2137.499999999136, "N_RNAP": 64, "N_Ribo": 4, "N_ATP": 1000, "seed": 39}