{"t_death": 611.550000000001, "death_mode": "cycle_collapse", "pnr_type": "rnap_deadlock", "t_pnr": 597.5999999999996, "dt_walking_dead": 13.95000000000141, "N_RNAP": 3, "N_Ribo": 7, "N_ATP": 1000, "seed": 95}