{"t_death": 5524.649999998741, "death_mode": "ribo_collapse", "pnr_type": "ribo_depletion", "t_pnr": 400.9499999999937, "dt_walking_dead": 5123.699999998747, "N_RNAP": 64, "N_Ribo": 4, "N_ATP": 1000, "seed": 35}