{"t_death": 1969.650000000138, "death_mode": "cycle_collapse", "pnr_type": "rnap_deadlock", "t_pnr": 1918.800000000133, "dt_walking_dead": 50.85000000000514, "N_RNAP": 3, "N_Ribo": 27, "N_ATP": 1000, "seed": 68}