{"t_death": 2755.3499999998603, "death_mode": "ribo_collapse", "pnr_type": "ribo_depletion", "t_pnr": 903.1500000000304, "dt_walking_dead": 1852.1999999998297, "N_RNAP": 7, "N_Ribo": 4, "N_ATP": 1000, "seed": 83}