{"t_death": 5942.699999998572, "death_mode": "ribo_collapse", "pnr_type": "ribo_depletion", "t_pnr": 5568.749999998723, "dt_walking_dead": 373.94999999984884, "N_RNAP": 27, "N_Ribo": 17, "N_ATP": 1000, "seed": 3}