{"t_death": 4290.74999999924, "death_mode": "ribo_collapse", "pnr_type": "ribo_depletion", "t_pnr": 1298.7000000000703, "dt_walking_dead": 2992.0499999991694, "N_RNAP": 17, "N_Ribo": 3, "N_ATP": 1000, "seed": 97}