{"t_death": 4731.299999999062, "death_mode": "ribo_collapse", "pnr_type": "ribo_depletion", "t_pnr": 2612.699999999918, "dt_walking_dead": 2118.5999999991436, "N_RNAP": 64, "N_Ribo": 2, "N_ATP": 1000, "seed": 24}