{"t_death": 5315.849999998825, "death_mode": "ribo_collapse", "pnr_type": "ribo_depletion", "t_pnr": 3772.799999999449, "dt_walking_dead": 1543.0499999993763, "N_RNAP": 100, "N_Ribo": 2, "N_ATP": 1000, "seed": 18}