{"t_death": 2108.250000000122, "death_mode": "cycle_collapse", "pnr_type": "rnap_deadlock", "t_pnr": 1962.9000000001374, "dt_walking_dead": 145.34999999998445, "N_RNAP": 3, "N_Ribo": 4, "N_ATP": 1000, "seed": 12}