{"t_death": 3568.4999999995316, "death_mode": "cycle_collapse", "pnr_type": "rnap_deadlock", "t_pnr": 3385.3499999996056, "dt_walking_dead": 183.14999999992597, "N_RNAP": 7, "N_Ribo": 41, "N_ATP": 1000, "seed": 49}