{"t_death": 4767.299999999047, "death_mode": "ribo_collapse", "pnr_type": "ribo_depletion", "t_pnr": 3076.6499999997304, "dt_walking_dead": 1690.6499999993166, "N_RNAP": 64, "N_Ribo": 27, "N_ATP": 1000, "seed": 63}