{"t_death": 4202.0999999992755, "death_mode": "cycle_collapse", "pnr_type": "rnap_deadlock", "t_pnr": 4188.149999999281, "dt_walking_dead": 13.949999999994361, "N_RNAP": 4, "N_Ribo": 17, "N_ATP": 1000, "seed": 4}