{"t_death": 3519.4499999995514, "death_mode": "cycle_collapse", "pnr_type": "rnap_deadlock", "t_pnr": 3281.8499999996475, "dt_walking_dead": 237.59999999990396, "N_RNAP": 7, "N_Ribo": 27, "N_ATP": 1000, "seed": 99}