{"t_death": 1244.7000000000648, "death_mode": "ribo_collapse", "pnr_type": "ribo_depletion", "t_pnr": 290.69999999999646, "dt_walking_dead": 954.0000000000684, "N_RNAP": 7, "N_Ribo": 2, "N_ATP": 1000, "seed": 47}