{"t_death": 4592.249999999118, "death_mode": "ribo_collapse", "pnr_type": "ribo_depletion", "t_pnr": 3327.299999999629, "dt_walking_dead": 1264.9499999994887, "N_RNAP": 11, "N_Ribo": 41, "N_ATP": 1000, "seed": 23}