{"t_death": 3983.8499999993637, "death_mode": "ribo_collapse", "pnr_type": "ribo_depletion", "t_pnr": 1610.5500000001018, "dt_walking_dead": 2373.2999999992617, "N_RNAP": 7, "N_Ribo": 2, "N_ATP": 1000, "seed": 2}