{"t_death": 6958.349999998161, "death_mode": "ribo_collapse", "pnr_type": "ribo_depletion", "t_pnr": 6822.449999998216, "dt_walking_dead": 135.89999999994507, "N_RNAP": 27, "N_Ribo": 100, "N_ATP": 1000, "seed": 97}