{"t_death": 2728.799999999871, "death_mode": "ribo_collapse", "pnr_type": "ribo_depletion", "t_pnr": 2093.400000000128, "dt_walking_dead": 635.3999999997432, "N_RNAP": 3, "N_Ribo": 17, "N_ATP": 1000, "seed": 77}