{"t_death": 3124.349999999711, "death_mode": "ribo_collapse", "pnr_type": "ribo_depletion", "t_pnr": 2268.900000000057, "dt_walking_dead": 855.4499999996542, "N_RNAP": 11, "N_Ribo": 17, "N_ATP": 1000, "seed": 59}