{"t_death": 5519.249999998743, "death_mode": "ribo_collapse", "pnr_type": "ribo_depletion", "t_pnr": 3153.1499999996995, "dt_walking_dead": 2366.0999999990436, "N_RNAP": 41, "N_Ribo": 7, "N_ATP": 1000, "seed": 27}