{"t_death": 2829.1499999998305, "death_mode": "ribo_collapse", "pnr_type": "ribo_depletion", "t_pnr": 2599.1999999999234, "dt_walking_dead": 229.94999999990705, "N_RNAP": 17, "N_Ribo": 17, "N_ATP": 1000, "seed": 59}