{"t_death": 2699.9999999998827, "death_mode": "cycle_collapse", "pnr_type": "rnap_deadlock", "t_pnr": 2699.9999999998827, "dt_walking_dead": 0.0, "N_RNAP": 17, "N_Ribo": 27, "N_ATP": 1000, "seed": 27}