{"t_death": 7216.649999998057, "death_mode": "ribo_collapse", "pnr_type": "ribo_depletion", "t_pnr": 3747.1499999994594, "dt_walking_dead": 3469.4999999985976, "N_RNAP": 64, "N_Ribo": 17, "N_ATP": 1000, "seed": 46}