{"t_death": 5107.949999998909, "death_mode": "ribo_collapse", "pnr_type": "ribo_depletion", "t_pnr": 1422.0000000000828, "dt_walking_dead": 3685.9499999988266, "N_RNAP": 11, "N_Ribo": 3, "N_ATP": 1000, "seed": 19}