{"t_death": 540.8999999999938, "death_mode": "cycle_collapse", "pnr_type": "rnap_deadlock", "t_pnr": 438.29999999999274, "dt_walking_dead": 102.6000000000011, "N_RNAP": 3, "N_Ribo": 41, "N_ATP": 1000, "seed": 15}