{"t_death": 4809.14999999903, "death_mode": "ribo_collapse", "pnr_type": "ribo_depletion", "t_pnr": 4278.599999999245, "dt_walking_dead": 530.5499999997855, "N_RNAP": 41, "N_Ribo": 41, "N_ATP": 1000, "seed": 77}