{"t_death": 3152.6999999996997, "death_mode": "ribo_collapse", "pnr_type": "ribo_depletion", "t_pnr": 2128.9500000001135, "dt_walking_dead": 1023.7499999995862, "N_RNAP": 11, "N_Ribo": 4, "N_ATP": 1000, "seed": 67}