{"t_death": 2555.549999999941, "death_mode": "ribo_collapse", "pnr_type": "ribo_depletion", "t_pnr": 1135.3500000000538, "dt_walking_dead": 1420.1999999998873, "N_RNAP": 17, "N_Ribo": 2, "N_ATP": 1000, "seed": 15}