{"t_death": 4048.1999999993377, "death_mode": "ribo_collapse", "pnr_type": "ribo_depletion", "t_pnr": 1682.550000000109, "dt_walking_dead": 2365.6499999992284, "N_RNAP": 27, "N_Ribo": 3, "N_ATP": 1000, "seed": 57}