{"t_death": 4305.149999999234, "death_mode": "ribo_collapse", "pnr_type": "ribo_depletion", "t_pnr": 3529.7999999995473, "dt_walking_dead": 775.3499999996866, "N_RNAP": 27, "N_Ribo": 17, "N_ATP": 1000, "seed": 88}