{"t_death": 8707.949999998496, "death_mode": "ribo_collapse", "pnr_type": "ribo_depletion", "t_pnr": 5359.049999998808, "dt_walking_dead": 3348.8999999996886, "N_RNAP": 41, "N_Ribo": 41, "N_ATP": 1000, "seed": 5}