{"t_death": 3064.4999999997353, "death_mode": "cycle_collapse", "pnr_type": "rnap_deadlock", "t_pnr": 2982.5999999997684, "dt_walking_dead": 81.8999999999669, "N_RNAP": 17, "N_Ribo": 7, "N_ATP": 1000, "seed": 81}