{"t_death": 6232.499999998455, "death_mode": "atp_depletion", "pnr_type": "ribo_depletion", "t_pnr": 5113.799999998907, "dt_walking_dead": 1118.6999999995478, "N_RNAP": 100, "N_Ribo": 4, "N_ATP": 1000, "seed": 75}