{"t_death": 5080.049999998921, "death_mode": "ribo_collapse", "pnr_type": "ribo_depletion", "t_pnr": 3084.2999999997273, "dt_walking_dead": 1995.7499999991933, "N_RNAP": 64, "N_Ribo": 3, "N_ATP": 1000, "seed": 3}