{"t_death": 4409.9999999991915, "death_mode": "ribo_collapse", "pnr_type": "ribo_depletion", "t_pnr": 3458.699999999576, "dt_walking_dead": 951.2999999996155, "N_RNAP": 27, "N_Ribo": 27, "N_ATP": 1000, "seed": 21}