{"t_death": 4849.199999999014, "death_mode": "ribo_collapse", "pnr_type": "ribo_depletion", "t_pnr": 3963.149999999372, "dt_walking_dead": 886.0499999996418, "N_RNAP": 11, "N_Ribo": 100, "N_ATP": 1000, "seed": 81}