{"t_death": 4352.399999999215, "death_mode": "ribo_collapse", "pnr_type": "ribo_depletion", "t_pnr": 3397.4999999996007, "dt_walking_dead": 954.899999999614, "N_RNAP": 100, "N_Ribo": 3, "N_ATP": 1000, "seed": 61}