{"t_death": 773.1000000000173, "death_mode": "cycle_collapse", "pnr_type": "rnap_deadlock", "t_pnr": 531.4499999999929, "dt_walking_dead": 241.65000000002442, "N_RNAP": 2, "N_Ribo": 17, "N_ATP": 1000, "seed": 97}