{"t_death": 3200.3999999996804, "death_mode": "ribo_collapse", "pnr_type": "ribo_depletion", "t_pnr": 1425.150000000083, "dt_walking_dead": 1775.2499999995973, "N_RNAP": 41, "N_Ribo": 3, "N_ATP": 1000, "seed": 32}