{"t_death": 3711.149999999474, "death_mode": "ribo_collapse", "pnr_type": "ribo_depletion", "t_pnr": 831.6000000000232, "dt_walking_dead": 2879.549999999451, "N_RNAP": 100, "N_Ribo": 4, "N_ATP": 1000, "seed": 39}