{"t_death": 3911.849999999393, "death_mode": "ribo_collapse", "pnr_type": "ribo_depletion", "t_pnr": 2941.649999999785, "dt_walking_dead": 970.1999999996078, "N_RNAP": 7, "N_Ribo": 4, "N_ATP": 1000, "seed": 62}