{"t_death": 5894.099999998592, "death_mode": "ribo_collapse", "pnr_type": "ribo_depletion", "t_pnr": 4035.149999999343, "dt_walking_dead": 1858.9499999992486, "N_RNAP": 7, "N_Ribo": 41, "N_ATP": 1000, "seed": 81}