{"t_death": 4212.899999999271, "death_mode": "ribo_collapse", "pnr_type": "ribo_depletion", "t_pnr": 3352.499999999619, "dt_walking_dead": 860.3999999996522, "N_RNAP": 17, "N_Ribo": 11, "N_ATP": 1000, "seed": 21}