{"t_death": 6033.599999998535, "death_mode": "ribo_collapse", "pnr_type": "ribo_depletion", "t_pnr": 3951.8999999993766, "dt_walking_dead": 2081.6999999991585, "N_RNAP": 27, "N_Ribo": 27, "N_ATP": 1000, "seed": 32}