{"t_death": 6890.399999998189, "death_mode": "ribo_collapse", "pnr_type": "ribo_depletion", "t_pnr": 3495.1499999995613, "dt_walking_dead": 3395.2499999986276, "N_RNAP": 100, "N_Ribo": 17, "N_ATP": 1000, "seed": 27}