{"t_death": 5351.849999998811, "death_mode": "ribo_collapse", "pnr_type": "ribo_depletion", "t_pnr": 1590.3000000000998, "dt_walking_dead": 3761.549999998711, "N_RNAP": 3, "N_Ribo": 3, "N_ATP": 1000, "seed": 89}