{"t_death": 2855.6999999998197, "death_mode": "ribo_collapse", "pnr_type": "ribo_depletion", "t_pnr": 1237.050000000064, "dt_walking_dead": 1618.6499999997557, "N_RNAP": 11, "N_Ribo": 3, "N_ATP": 1000, "seed": 90}