{"t_death": 4319.999999999228, "death_mode": "cycle_collapse", "pnr_type": "rnap_deadlock", "t_pnr": 4125.149999999307, "dt_walking_dead": 194.84999999992124, "N_RNAP": 41, "N_Ribo": 7, "N_ATP": 1000, "seed": 61}