{"t_death": 852.7500000000254, "death_mode": "cycle_collapse", "pnr_type": "rnap_deadlock", "t_pnr": 765.0000000000165, "dt_walking_dead": 87.75000000000887, "N_RNAP": 2, "N_Ribo": 4, "N_ATP": 1000, "seed": 18}