{"t_death": 3774.1499999994485, "death_mode": "ribo_collapse", "pnr_type": "ribo_depletion", "t_pnr": 2185.6500000000906, "dt_walking_dead": 1588.499999999358, "N_RNAP": 2, "N_Ribo": 17, "N_ATP": 1000, "seed": 36}