{"t_death": 5642.549999998693, "death_mode": "ribo_collapse", "pnr_type": "ribo_depletion", "t_pnr": 4566.599999999128, "dt_walking_dead": 1075.949999999565, "N_RNAP": 11, "N_Ribo": 100, "N_ATP": 1000, "seed": 89}