{"t_death": 2881.799999999809, "death_mode": "ribo_collapse", "pnr_type": "ribo_depletion", "t_pnr": 2251.800000000064, "dt_walking_dead": 629.9999999997453, "N_RNAP": 2, "N_Ribo": 3, "N_ATP": 1000, "seed": 80}