{"t_death": 4924.349999998984, "death_mode": "cycle_collapse", "pnr_type": "rnap_deadlock", "t_pnr": 4923.899999998984, "dt_walking_dead": 0.4499999999998181, "N_RNAP": 64, "N_Ribo": 41, "N_ATP": 1000, "seed": 52}