{"t_death": 5781.149999998637, "death_mode": "ribo_collapse", "pnr_type": "ribo_depletion", "t_pnr": 2516.8499999999567, "dt_walking_dead": 3264.2999999986805, "N_RNAP": 64, "N_Ribo": 4, "N_ATP": 1000, "seed": 45}