{"t_death": 4306.0499999992335, "death_mode": "cycle_collapse", "pnr_type": "rnap_deadlock", "t_pnr": 4306.0499999992335, "dt_walking_dead": 0.0, "N_RNAP": 17, "N_Ribo": 100, "N_ATP": 1000, "seed": 61}