{"t_death": 4291.1999999992395, "death_mode": "ribo_collapse", "pnr_type": "ribo_depletion", "t_pnr": 2594.6999999999252, "dt_walking_dead": 1696.4999999993142, "N_RNAP": 27, "N_Ribo": 7, "N_ATP": 1000, "seed": 89}