{"t_death": 4355.999999999213, "death_mode": "ribo_collapse", "pnr_type": "ribo_depletion", "t_pnr": 3644.099999999501, "dt_walking_dead": 711.8999999997122, "N_RNAP": 7, "N_Ribo": 11, "N_ATP": 1000, "seed": 1}