{"t_death": 630.0000000000028, "death_mode": "cycle_collapse", "pnr_type": "rnap_deadlock", "t_pnr": 590.8499999999989, "dt_walking_dead": 39.150000000003956, "N_RNAP": 3, "N_Ribo": 3, "N_ATP": 1000, "seed": 88}