{"t_death": 3744.8999999994603, "death_mode": "ribo_collapse", "pnr_type": "ribo_depletion", "t_pnr": 732.6000000000132, "dt_walking_dead": 3012.299999999447, "N_RNAP": 11, "N_Ribo": 4, "N_ATP": 1000, "seed": 46}