{"t_death": 4555.349999999133, "death_mode": "ribo_collapse", "pnr_type": "ribo_depletion", "t_pnr": 3554.999999999537, "dt_walking_dead": 1000.3499999995956, "N_RNAP": 17, "N_Ribo": 11, "N_ATP": 1000, "seed": 20}