{"t_death": 2833.199999999829, "death_mode": "cycle_collapse", "pnr_type": "rnap_deadlock", "t_pnr": 2738.699999999867, "dt_walking_dead": 94.4999999999618, "N_RNAP": 2, "N_Ribo": 17, "N_ATP": 1000, "seed": 47}