{"t_death": 4470.749999999167, "death_mode": "ribo_collapse", "pnr_type": "ribo_depletion", "t_pnr": 1197.00000000006, "dt_walking_dead": 3273.749999999107, "N_RNAP": 64, "N_Ribo": 4, "N_ATP": 1000, "seed": 72}