{"t_death": 9347.849999999531, "death_mode": "ribo_collapse", "pnr_type": "ribo_depletion", "t_pnr": 4730.849999999062, "dt_walking_dead": 4617.000000000469, "N_RNAP": 27, "N_Ribo": 41, "N_ATP": 1000, "seed": 78}