{"t_death": 7129.349999998092, "death_mode": "ribo_collapse", "pnr_type": "ribo_depletion", "t_pnr": 2875.4999999998117, "dt_walking_dead": 4253.8499999982805, "N_RNAP": 100, "N_Ribo": 3, "N_ATP": 1000, "seed": 5}