{"t_death": 3314.2499999996344, "death_mode": "cycle_collapse", "pnr_type": "rnap_deadlock", "t_pnr": 3251.24999999966, "dt_walking_dead": 62.999999999974534, "N_RNAP": 7, "N_Ribo": 41, "N_ATP": 1000, "seed": 77}