{"t_death": 2647.799999999904, "death_mode": "ribo_collapse", "pnr_type": "ribo_depletion", "t_pnr": 1787.8500000001197, "dt_walking_dead": 859.949999999784, "N_RNAP": 27, "N_Ribo": 7, "N_ATP": 1000, "seed": 76}