{"t_death": 4781.249999999041, "death_mode": "ribo_collapse", "pnr_type": "ribo_depletion", "t_pnr": 832.0500000000233, "dt_walking_dead": 3949.199999999018, "N_RNAP": 27, "N_Ribo": 3, "N_ATP": 1000, "seed": 9}