{"t_death": 2566.7999999999365, "death_mode": "ribo_collapse", "pnr_type": "ribo_depletion", "t_pnr": 892.3500000000294, "dt_walking_dead": 1674.449999999907, "N_RNAP": 17, "N_Ribo": 4, "N_ATP": 1000, "seed": 91}