{"t_death": 3693.599999999481, "death_mode": "ribo_collapse", "pnr_type": "ribo_depletion", "t_pnr": 3160.3499999996966, "dt_walking_dead": 533.2499999997844, "N_RNAP": 100, "N_Ribo": 2, "N_ATP": 1000, "seed": 48}