{"t_death": 3661.199999999494, "death_mode": "ribo_collapse", "pnr_type": "ribo_depletion", "t_pnr": 3007.3499999997584, "dt_walking_dead": 653.8499999997357, "N_RNAP": 4, "N_Ribo": 41, "N_ATP": 1000, "seed": 61}