{"t_death": 2866.949999999815, "death_mode": "cycle_collapse", "pnr_type": "rnap_deadlock", "t_pnr": 2492.0999999999667, "dt_walking_dead": 374.8499999998485, "N_RNAP": 4, "N_Ribo": 4, "N_ATP": 1000, "seed": 31}