{"t_death": 2326.050000000034, "death_mode": "cycle_collapse", "pnr_type": "rnap_deadlock", "t_pnr": 2185.2000000000908, "dt_walking_dead": 140.84999999994307, "N_RNAP": 11, "N_Ribo": 64, "N_ATP": 1000, "seed": 85}