{"t_death": 521.5499999999919, "death_mode": "cycle_collapse", "pnr_type": "rnap_deadlock", "t_pnr": 454.04999999999234, "dt_walking_dead": 67.49999999999955, "N_RNAP": 2, "N_Ribo": 2, "N_ATP": 1000, "seed": 44}