{"t_death": 2882.699999999809, "death_mode": "cycle_collapse", "pnr_type": "rnap_deadlock", "t_pnr": 2732.8499999998694, "dt_walking_dead": 149.84999999993943, "N_RNAP": 17, "N_Ribo": 17, "N_ATP": 1000, "seed": 20}