{"t_death": 3986.099999999363, "death_mode": "ribo_collapse", "pnr_type": "ribo_depletion", "t_pnr": 2987.9999999997663, "dt_walking_dead": 998.0999999995965, "N_RNAP": 41, "N_Ribo": 17, "N_ATP": 1000, "seed": 99}