{"t_death": 1996.6500000001408, "death_mode": "cycle_collapse", "pnr_type": "rnap_deadlock", "t_pnr": 1925.5500000001337, "dt_walking_dead": 71.10000000000719, "N_RNAP": 3, "N_Ribo": 11, "N_ATP": 1000, "seed": 49}