{"t_death": 3136.4999999997062, "death_mode": "ribo_collapse", "pnr_type": "ribo_depletion", "t_pnr": 913.5000000000315, "dt_walking_dead": 2222.999999999675, "N_RNAP": 27, "N_Ribo": 3, "N_ATP": 1000, "seed": 86}