{"t_death": 4652.099999999094, "death_mode": "ribo_collapse", "pnr_type": "ribo_depletion", "t_pnr": 3902.3999999993966, "dt_walking_dead": 749.699999999697, "N_RNAP": 27, "N_Ribo": 41, "N_ATP": 1000, "seed": 65}