{"t_death": 3000.1499999997613, "death_mode": "ribo_collapse", "pnr_type": "ribo_depletion", "t_pnr": 2446.1999999999853, "dt_walking_dead": 553.9499999997761, "N_RNAP": 11, "N_Ribo": 4, "N_ATP": 1000, "seed": 50}