{"t_death": 1210.0500000000613, "death_mode": "cycle_collapse", "pnr_type": "rnap_deadlock", "t_pnr": 1117.350000000052, "dt_walking_dead": 92.70000000000937, "N_RNAP": 3, "N_Ribo": 27, "N_ATP": 1000, "seed": 58}