{"t_death": 3933.899999999384, "death_mode": "ribo_collapse", "pnr_type": "ribo_depletion", "t_pnr": 3495.599999999561, "dt_walking_dead": 438.29999999982283, "N_RNAP": 27, "N_Ribo": 2, "N_ATP": 1000, "seed": 84}