{"t_death": 5367.149999998805, "death_mode": "ribo_collapse", "pnr_type": "ribo_depletion", "t_pnr": 658.3500000000057, "dt_walking_dead": 4708.799999998799, "N_RNAP": 3, "N_Ribo": 4, "N_ATP": 1000, "seed": 99}