{"t_death": 2891.2499999998054, "death_mode": "ribo_collapse", "pnr_type": "ribo_depletion", "t_pnr": 923.4000000000325, "dt_walking_dead": 1967.849999999773, "N_RNAP": 11, "N_Ribo": 2, "N_ATP": 1000, "seed": 75}