{"t_death": 3588.7499999995234, "death_mode": "ribo_collapse", "pnr_type": "ribo_depletion", "t_pnr": 3043.349999999744, "dt_walking_dead": 545.3999999997795, "N_RNAP": 17, "N_Ribo": 2, "N_ATP": 1000, "seed": 2}