{"t_death": 3679.6499999994867, "death_mode": "cycle_collapse", "pnr_type": "rnap_deadlock", "t_pnr": 3493.349999999562, "dt_walking_dead": 186.2999999999247, "N_RNAP": 3, "N_Ribo": 17, "N_ATP": 1000, "seed": 25}