{"t_death": 6002.549999998548, "death_mode": "ribo_collapse", "pnr_type": "ribo_depletion", "t_pnr": 3784.4999999994443, "dt_walking_dead": 2218.0499999991034, "N_RNAP": 41, "N_Ribo": 17, "N_ATP": 1000, "seed": 17}