{"t_death": 4690.799999999078, "death_mode": "ribo_collapse", "pnr_type": "ribo_depletion", "t_pnr": 3588.2999999995236, "dt_walking_dead": 1102.4999999995543, "N_RNAP": 17, "N_Ribo": 64, "N_ATP": 1000, "seed": 85}