{"t_death": 4943.699999998976, "death_mode": "ribo_collapse", "pnr_type": "ribo_depletion", "t_pnr": 4307.849999999233, "dt_walking_dead": 635.849999999743, "N_RNAP": 11, "N_Ribo": 41, "N_ATP": 1000, "seed": 77}