{"t_death": 4225.949999999266, "death_mode": "ribo_collapse", "pnr_type": "ribo_depletion", "t_pnr": 3498.29999999956, "dt_walking_dead": 727.6499999997059, "N_RNAP": 3, "N_Ribo": 64, "N_ATP": 1000, "seed": 46}