{"t_death": 928.350000000033, "death_mode": "cycle_collapse", "pnr_type": "rnap_deadlock", "t_pnr": 799.2000000000199, "dt_walking_dead": 129.15000000001305, "N_RNAP": 2, "N_Ribo": 7, "N_ATP": 1000, "seed": 29}