{"t_death": 2666.2499999998963, "death_mode": "ribo_collapse", "pnr_type": "ribo_depletion", "t_pnr": 897.7500000000299, "dt_walking_dead": 1768.4999999998663, "N_RNAP": 7, "N_Ribo": 4, "N_ATP": 1000, "seed": 53}