{"t_death": 2460.5999999999794, "death_mode": "ribo_collapse", "pnr_type": "ribo_depletion", "t_pnr": 288.8999999999965, "dt_walking_dead": 2171.699999999983, "N_RNAP": 17, "N_Ribo": 3, "N_ATP": 1000, "seed": 54}