{"t_death": 5397.749999998792, "death_mode": "ribo_collapse", "pnr_type": "ribo_depletion", "t_pnr": 3563.9999999995334, "dt_walking_dead": 1833.7499999992588, "N_RNAP": 100, "N_Ribo": 4, "N_ATP": 1000, "seed": 97}