{"t_death": 2870.5499999998137, "death_mode": "ribo_collapse", "pnr_type": "ribo_depletion", "t_pnr": 2043.4500000001456, "dt_walking_dead": 827.0999999996682, "N_RNAP": 11, "N_Ribo": 11, "N_ATP": 1000, "seed": 55}