{"t_death": 2670.2999999998947, "death_mode": "cycle_collapse", "pnr_type": "rnap_deadlock", "t_pnr": 2542.949999999946, "dt_walking_dead": 127.34999999994852, "N_RNAP": 7, "N_Ribo": 27, "N_ATP": 1000, "seed": 42}