{"t_death": 7352.099999998002, "death_mode": "ribo_collapse", "pnr_type": "ribo_depletion", "t_pnr": 4178.249999999285, "dt_walking_dead": 3173.849999998717, "N_RNAP": 27, "N_Ribo": 7, "N_ATP": 1000, "seed": 1}