{"t_death": 2277.9000000000533, "death_mode": "ribo_collapse", "pnr_type": "ribo_depletion", "t_pnr": 1758.1500000001167, "dt_walking_dead": 519.7499999999366, "N_RNAP": 7, "N_Ribo": 17, "N_ATP": 1000, "seed": 49}