{"t_death": 2706.74999999988, "death_mode": "ribo_collapse", "pnr_type": "ribo_depletion", "t_pnr": 1852.2000000001262, "dt_walking_dead": 854.5499999997537, "N_RNAP": 17, "N_Ribo": 7, "N_ATP": 1000, "seed": 52}