{"t_death": 4724.999999999064, "death_mode": "ribo_collapse", "pnr_type": "ribo_depletion", "t_pnr": 2726.099999999872, "dt_walking_dead": 1998.899999999192, "N_RNAP": 7, "N_Ribo": 7, "N_ATP": 1000, "seed": 97}