{"t_death": 6560.549999998322, "death_mode": "ribo_collapse", "pnr_type": "ribo_depletion", "t_pnr": 3187.3499999996857, "dt_walking_dead": 3373.1999999986365, "N_RNAP": 64, "N_Ribo": 4, "N_ATP": 1000, "seed": 34}