{"t_death": 7310.699999998019, "death_mode": "ribo_collapse", "pnr_type": "ribo_depletion", "t_pnr": 1878.3000000001289, "dt_walking_dead": 5432.39999999789, "N_RNAP": 7, "N_Ribo": 11, "N_ATP": 1000, "seed": 67}