{"t_death": 3982.4999999993643, "death_mode": "cycle_collapse", "pnr_type": "rnap_deadlock", "t_pnr": 3982.4999999993643, "dt_walking_dead": 0.0, "N_RNAP": 27, "N_Ribo": 41, "N_ATP": 1000, "seed": 19}