{"t_death": 4708.349999999071, "death_mode": "cycle_collapse", "pnr_type": "rnap_deadlock", "t_pnr": 4657.049999999092, "dt_walking_dead": 51.29999999997926, "N_RNAP": 41, "N_Ribo": 100, "N_ATP": 1000, "seed": 5}