{"t_death": 2933.5499999997883, "death_mode": "ribo_collapse", "pnr_type": "ribo_depletion", "t_pnr": 2766.5999999998558, "dt_walking_dead": 166.94999999993252, "N_RNAP": 27, "N_Ribo": 17, "N_ATP": 1000, "seed": 87}