{"t_death": 4199.849999999276, "death_mode": "ribo_collapse", "pnr_type": "ribo_depletion", "t_pnr": 474.7499999999918, "dt_walking_dead": 3725.0999999992846, "N_RNAP": 17, "N_Ribo": 2, "N_ATP": 1000, "seed": 55}