{"t_death": 4664.249999999089, "death_mode": "ribo_collapse", "pnr_type": "ribo_depletion", "t_pnr": 2318.400000000037, "dt_walking_dead": 2345.8499999990518, "N_RNAP": 27, "N_Ribo": 7, "N_ATP": 1000, "seed": 73}