{"t_death": 1312.6500000000717, "death_mode": "cycle_collapse", "pnr_type": "rnap_deadlock", "t_pnr": 1270.3500000000674, "dt_walking_dead": 42.300000000004275, "N_RNAP": 2, "N_Ribo": 41, "N_ATP": 1000, "seed": 6}