{"t_death": 2461.949999999979, "death_mode": "ribo_collapse", "pnr_type": "ribo_depletion", "t_pnr": 1404.450000000081, "dt_walking_dead": 1057.499999999898, "N_RNAP": 17, "N_Ribo": 2, "N_ATP": 1000, "seed": 96}