{"t_death": 5305.4999999988295, "death_mode": "ribo_collapse", "pnr_type": "ribo_depletion", "t_pnr": 3493.799999999562, "dt_walking_dead": 1811.6999999992677, "N_RNAP": 64, "N_Ribo": 11, "N_ATP": 1000, "seed": 3}