{"t_death": 1815.7500000001226, "death_mode": "ribo_collapse", "pnr_type": "ribo_depletion", "t_pnr": 1455.7500000000862, "dt_walking_dead": 360.0000000000364, "N_RNAP": 4, "N_Ribo": 4, "N_ATP": 1000, "seed": 72}