{"t_death": 3855.1499999994157, "death_mode": "ribo_collapse", "pnr_type": "ribo_depletion", "t_pnr": 2652.299999999902, "dt_walking_dead": 1202.8499999995138, "N_RNAP": 2, "N_Ribo": 27, "N_ATP": 1000, "seed": 97}