{"t_death": 2798.549999999843, "death_mode": "ribo_collapse", "pnr_type": "ribo_depletion", "t_pnr": 1760.850000000117, "dt_walking_dead": 1037.6999999997258, "N_RNAP": 11, "N_Ribo": 3, "N_ATP": 1000, "seed": 34}