{"t_death": 4240.34999999926, "death_mode": "ribo_collapse", "pnr_type": "ribo_depletion", "t_pnr": 3710.2499999994743, "dt_walking_dead": 530.0999999997857, "N_RNAP": 4, "N_Ribo": 2, "N_ATP": 1000, "seed": 38}