{"t_death": 3012.2999999997564, "death_mode": "ribo_collapse", "pnr_type": "ribo_depletion", "t_pnr": 1188.9000000000592, "dt_walking_dead": 1823.3999999996972, "N_RNAP": 41, "N_Ribo": 3, "N_ATP": 1000, "seed": 65}