{"t_death": 3558.5999999995356, "death_mode": "ribo_collapse", "pnr_type": "ribo_depletion", "t_pnr": 2403.4500000000025, "dt_walking_dead": 1155.149999999533, "N_RNAP": 7, "N_Ribo": 11, "N_ATP": 1000, "seed": 75}