{"t_death": 8349.299999997917, "death_mode": "ribo_collapse", "pnr_type": "ribo_depletion", "t_pnr": 4485.149999999161, "dt_walking_dead": 3864.1499999987554, "N_RNAP": 41, "N_Ribo": 27, "N_ATP": 1000, "seed": 96}