{"t_death": 4436.999999999181, "death_mode": "ribo_collapse", "pnr_type": "ribo_depletion", "t_pnr": 1311.3000000000716, "dt_walking_dead": 3125.699999999109, "N_RNAP": 7, "N_Ribo": 2, "N_ATP": 1000, "seed": 54}