{"t_death": 3648.5999999994992, "death_mode": "ribo_collapse", "pnr_type": "ribo_depletion", "t_pnr": 3471.7499999995707, "dt_walking_dead": 176.8499999999285, "N_RNAP": 3, "N_Ribo": 17, "N_ATP": 1000, "seed": 21}