{"t_death": 3813.7499999994325, "death_mode": "ribo_collapse", "pnr_type": "ribo_depletion", "t_pnr": 3414.599999999594, "dt_walking_dead": 399.14999999983866, "N_RNAP": 100, "N_Ribo": 4, "N_ATP": 1000, "seed": 65}