{"t_death": 6046.64999999853, "death_mode": "ribo_collapse", "pnr_type": "ribo_depletion", "t_pnr": 3439.349999999584, "dt_walking_dead": 2607.299999998946, "N_RNAP": 100, "N_Ribo": 11, "N_ATP": 1000, "seed": 50}