{"t_death": 1407.6000000000813, "death_mode": "cycle_collapse", "pnr_type": "rnap_deadlock", "t_pnr": 1201.5000000000605, "dt_walking_dead": 206.10000000002083, "N_RNAP": 2, "N_Ribo": 17, "N_ATP": 1000, "seed": 80}