{"t_death": 6127.199999998497, "death_mode": "ribo_collapse", "pnr_type": "ribo_depletion", "t_pnr": 3283.199999999647, "dt_walking_dead": 2843.9999999988504, "N_RNAP": 100, "N_Ribo": 2, "N_ATP": 1000, "seed": 64}