{"t_death": 4235.399999999262, "death_mode": "ribo_collapse", "pnr_type": "ribo_depletion", "t_pnr": 3925.3499999993874, "dt_walking_dead": 310.0499999998747, "N_RNAP": 41, "N_Ribo": 41, "N_ATP": 1000, "seed": 20}