{"t_death": 4471.199999999167, "death_mode": "ribo_collapse", "pnr_type": "ribo_depletion", "t_pnr": 415.7999999999933, "dt_walking_dead": 4055.3999999991734, "N_RNAP": 41, "N_Ribo": 2, "N_ATP": 1000, "seed": 3}