{"t_death": 1181.2500000000584, "death_mode": "ribo_collapse", "pnr_type": "ribo_depletion", "t_pnr": 1104.3000000000507, "dt_walking_dead": 76.95000000000778, "N_RNAP": 4, "N_Ribo": 4, "N_ATP": 1000, "seed": 52}