{"t_death": 5489.099999998755, "death_mode": "ribo_collapse", "pnr_type": "ribo_depletion", "t_pnr": 1165.950000000057, "dt_walking_dead": 4323.149999998698, "N_RNAP": 41, "N_Ribo": 4, "N_ATP": 1000, "seed": 61}