{"t_death": 7859.249999997797, "death_mode": "ribo_collapse", "pnr_type": "ribo_depletion", "t_pnr": 5166.449999998886, "dt_walking_dead": 2692.7999999989115, "N_RNAP": 64, "N_Ribo": 11, "N_ATP": 1000, "seed": 94}