{"t_death": 4004.5499999993554, "death_mode": "ribo_collapse", "pnr_type": "ribo_depletion", "t_pnr": 938.700000000034, "dt_walking_dead": 3065.8499999993214, "N_RNAP": 17, "N_Ribo": 3, "N_ATP": 1000, "seed": 71}