{"t_death": 4168.349999999289, "death_mode": "ribo_collapse", "pnr_type": "ribo_depletion", "t_pnr": 4160.249999999292, "dt_walking_dead": 8.099999999996726, "N_RNAP": 7, "N_Ribo": 41, "N_ATP": 1000, "seed": 4}