{"t_death": 3662.5499999994936, "death_mode": "cycle_collapse", "pnr_type": "rnap_deadlock", "t_pnr": 3633.7499999995052, "dt_walking_dead": 28.79999999998836, "N_RNAP": 11, "N_Ribo": 100, "N_ATP": 1000, "seed": 31}