{"t_death": 2272.5000000000555, "death_mode": "cycle_collapse", "pnr_type": "rnap_deadlock", "t_pnr": 1954.3500000001366, "dt_walking_dead": 318.1499999999189, "N_RNAP": 3, "N_Ribo": 64, "N_ATP": 1000, "seed": 76}