{"t_death": 5699.24999999867, "death_mode": "ribo_collapse", "pnr_type": "ribo_depletion", "t_pnr": 5258.249999998849, "dt_walking_dead": 440.99999999982174, "N_RNAP": 41, "N_Ribo": 41, "N_ATP": 1000, "seed": 54}