{"t_death": 3588.2999999995236, "death_mode": "cycle_collapse", "pnr_type": "rnap_deadlock", "t_pnr": 3588.2999999995236, "dt_walking_dead": 0.0, "N_RNAP": 64, "N_Ribo": 17, "N_ATP": 1000, "seed": 63}