{"t_death": 3582.899999999526, "death_mode": "ribo_collapse", "pnr_type": "ribo_depletion", "t_pnr": 1988.55000000014, "dt_walking_dead": 1594.3499999993858, "N_RNAP": 41, "N_Ribo": 4, "N_ATP": 1000, "seed": 20}