{"t_death": 4028.8499999993455, "death_mode": "ribo_collapse", "pnr_type": "ribo_depletion", "t_pnr": 2820.599999999834, "dt_walking_dead": 1208.2499999995116, "N_RNAP": 27, "N_Ribo": 4, "N_ATP": 1000, "seed": 71}