{"t_death": 3401.999999999599, "death_mode": "ribo_collapse", "pnr_type": "ribo_depletion", "t_pnr": 905.4000000000307, "dt_walking_dead": 2496.5999999995684, "N_RNAP": 11, "N_Ribo": 3, "N_ATP": 1000, "seed": 21}