{"t_death": 4548.149999999136, "death_mode": "ribo_collapse", "pnr_type": "ribo_depletion", "t_pnr": 2766.5999999998558, "dt_walking_dead": 1781.5499999992799, "N_RNAP": 41, "N_Ribo": 41, "N_ATP": 1000, "seed": 94}