{"t_death": 7310.699999998019, "death_mode": "ribo_collapse", "pnr_type": "ribo_depletion", "t_pnr": 2931.299999999789, "dt_walking_dead": 4379.39999999823, "N_RNAP": 100, "N_Ribo": 3, "N_ATP": 1000, "seed": 9}