{"t_death": 2081.250000000133, "death_mode": "ribo_collapse", "pnr_type": "ribo_depletion", "t_pnr": 1626.3000000001034, "dt_walking_dead": 454.9500000000294, "N_RNAP": 2, "N_Ribo": 11, "N_ATP": 1000, "seed": 32}