{"t_death": 8413.64999999802, "death_mode": "ribo_collapse", "pnr_type": "ribo_depletion", "t_pnr": 4314.14999999923, "dt_walking_dead": 4099.49999999879, "N_RNAP": 100, "N_Ribo": 7, "N_ATP": 1000, "seed": 40}