{"t_death": 2872.799999999813, "death_mode": "cycle_collapse", "pnr_type": "rnap_deadlock", "t_pnr": 2767.949999999855, "dt_walking_dead": 104.84999999995762, "N_RNAP": 11, "N_Ribo": 64, "N_ATP": 1000, "seed": 96}