{"t_death": 3341.6999999996233, "death_mode": "cycle_collapse", "pnr_type": "rnap_deadlock", "t_pnr": 3186.449999999686, "dt_walking_dead": 155.24999999993724, "N_RNAP": 11, "N_Ribo": 100, "N_ATP": 1000, "seed": 56}