{"t_death": 2170.8000000000966, "death_mode": "cycle_collapse", "pnr_type": "rnap_deadlock", "t_pnr": 2027.700000000144, "dt_walking_dead": 143.09999999995262, "N_RNAP": 3, "N_Ribo": 2, "N_ATP": 1000, "seed": 33}