{"t_death": 6133.049999998495, "death_mode": "ribo_collapse", "pnr_type": "ribo_depletion", "t_pnr": 454.4999999999923, "dt_walking_dead": 5678.549999998502, "N_RNAP": 100, "N_Ribo": 3, "N_ATP": 1000, "seed": 47}