{"t_death": 3805.199999999436, "death_mode": "ribo_collapse", "pnr_type": "ribo_depletion", "t_pnr": 2157.750000000102, "dt_walking_dead": 1647.449999999334, "N_RNAP": 64, "N_Ribo": 4, "N_ATP": 1000, "seed": 8}