{"t_death": 1294.2000000000698, "death_mode": "cycle_collapse", "pnr_type": "rnap_deadlock", "t_pnr": 1165.0500000000568, "dt_walking_dead": 129.15000000001305, "N_RNAP": 2, "N_Ribo": 11, "N_ATP": 1000, "seed": 23}