{"t_death": 6175.799999998478, "death_mode": "ribo_collapse", "pnr_type": "ribo_depletion", "t_pnr": 4232.249999999263, "dt_walking_dead": 1943.5499999992144, "N_RNAP": 100, "N_Ribo": 4, "N_ATP": 1000, "seed": 11}