{"t_death": 7291.349999998027, "death_mode": "ribo_collapse", "pnr_type": "ribo_depletion", "t_pnr": 3282.749999999647, "dt_walking_dead": 4008.5999999983796, "N_RNAP": 64, "N_Ribo": 3, "N_ATP": 1000, "seed": 98}