{"t_death": 4765.949999999048, "death_mode": "ribo_collapse", "pnr_type": "ribo_depletion", "t_pnr": 4720.949999999066, "dt_walking_dead": 44.99999999998181, "N_RNAP": 7, "N_Ribo": 100, "N_ATP": 1000, "seed": 80}