{"t_death": 4702.049999999073, "death_mode": "ribo_collapse", "pnr_type": "ribo_depletion", "t_pnr": 4247.099999999257, "dt_walking_dead": 454.9499999998161, "N_RNAP": 17, "N_Ribo": 100, "N_ATP": 1000, "seed": 39}