{"t_death": 2165.8500000000986, "death_mode": "cycle_collapse", "pnr_type": "rnap_deadlock", "t_pnr": 2018.250000000143, "dt_walking_dead": 147.59999999995557, "N_RNAP": 3, "N_Ribo": 17, "N_ATP": 1000, "seed": 78}