{"t_death": 1490.8500000000897, "death_mode": "cycle_collapse", "pnr_type": "rnap_deadlock", "t_pnr": 1490.8500000000897, "dt_walking_dead": 0.0, "N_RNAP": 2, "N_Ribo": 100, "N_ATP": 1000, "seed": 99}