{"t_death": 4061.2499999993324, "death_mode": "ribo_collapse", "pnr_type": "ribo_depletion", "t_pnr": 3934.3499999993837, "dt_walking_dead": 126.8999999999487, "N_RNAP": 17, "N_Ribo": 11, "N_ATP": 1000, "seed": 35}