{"t_death": 3108.1499999997177, "death_mode": "cycle_collapse", "pnr_type": "rnap_deadlock", "t_pnr": 3077.99999999973, "dt_walking_dead": 30.149999999987813, "N_RNAP": 64, "N_Ribo": 17, "N_ATP": 1000, "seed": 32}