{"t_death": 7173.899999998074, "death_mode": "ribo_collapse", "pnr_type": "ribo_depletion", "t_pnr": 2166.3000000000984, "dt_walking_dead": 5007.599999997976, "N_RNAP": 27, "N_Ribo": 3, "N_ATP": 1000, "seed": 75}