{"t_death": 1962.0000000001373, "death_mode": "ribo_collapse", "pnr_type": "ribo_depletion", "t_pnr": 905.4000000000307, "dt_walking_dead": 1056.6000000001068, "N_RNAP": 2, "N_Ribo": 3, "N_ATP": 1000, "seed": 2}