{"t_death": 2328.7500000000327, "death_mode": "ribo_collapse", "pnr_type": "ribo_depletion", "t_pnr": 1728.9000000001138, "dt_walking_dead": 599.849999999919, "N_RNAP": 41, "N_Ribo": 17, "N_ATP": 1000, "seed": 16}