{"t_death": 5421.599999998783, "death_mode": "ribo_collapse", "pnr_type": "ribo_depletion", "t_pnr": 2956.049999999779, "dt_walking_dead": 2465.5499999990034, "N_RNAP": 64, "N_Ribo": 3, "N_ATP": 1000, "seed": 41}