{"t_death": 3326.3999999996295, "death_mode": "ribo_collapse", "pnr_type": "ribo_depletion", "t_pnr": 1230.7500000000634, "dt_walking_dead": 2095.649999999566, "N_RNAP": 27, "N_Ribo": 3, "N_ATP": 1000, "seed": 91}