{"t_death": 3604.949999999517, "death_mode": "ribo_collapse", "pnr_type": "ribo_depletion", "t_pnr": 2390.400000000008, "dt_walking_dead": 1214.549999999509, "N_RNAP": 17, "N_Ribo": 17, "N_ATP": 1000, "seed": 46}