{"t_death": 9265.499999999398, "death_mode": "ribo_collapse", "pnr_type": "ribo_depletion", "t_pnr": 7742.699999997844, "dt_walking_dead": 1522.8000000015536, "N_RNAP": 17, "N_Ribo": 100, "N_ATP": 1000, "seed": 74}