{"t_death": 5010.299999998949, "death_mode": "ribo_collapse", "pnr_type": "ribo_depletion", "t_pnr": 2523.599999999954, "dt_walking_dead": 2486.699999998995, "N_RNAP": 41, "N_Ribo": 3, "N_ATP": 1000, "seed": 53}