{"t_death": 3378.1499999996086, "death_mode": "ribo_collapse", "pnr_type": "ribo_depletion", "t_pnr": 1061.1000000000463, "dt_walking_dead": 2317.0499999995623, "N_RNAP": 11, "N_Ribo": 7, "N_ATP": 1000, "seed": 93}