{"t_death": 2154.600000000103, "death_mode": "ribo_collapse", "pnr_type": "ribo_depletion", "t_pnr": 420.2999999999932, "dt_walking_dead": 1734.30000000011, "N_RNAP": 11, "N_Ribo": 2, "N_ATP": 1000, "seed": 53}