{"t_death": 4513.949999999149, "death_mode": "ribo_collapse", "pnr_type": "ribo_depletion", "t_pnr": 2821.4999999998336, "dt_walking_dead": 1692.4499999993159, "N_RNAP": 100, "N_Ribo": 4, "N_ATP": 1000, "seed": 87}