{"t_death": 1112.8500000000515, "death_mode": "cycle_collapse", "pnr_type": "rnap_deadlock", "t_pnr": 729.9000000000129, "dt_walking_dead": 382.9500000000386, "N_RNAP": 2, "N_Ribo": 27, "N_ATP": 1000, "seed": 86}