{"t_death": 8711.999999998503, "death_mode": "ribo_collapse", "pnr_type": "ribo_depletion", "t_pnr": 978.7500000000381, "dt_walking_dead": 7733.249999998465, "N_RNAP": 100, "N_Ribo": 3, "N_ATP": 1000, "seed": 91}