{"t_death": 1641.150000000105, "death_mode": "ribo_collapse", "pnr_type": "ribo_depletion", "t_pnr": 1425.150000000083, "dt_walking_dead": 216.00000000002183, "N_RNAP": 11, "N_Ribo": 3, "N_ATP": 1000, "seed": 73}