{"t_death": 3105.8999999997186, "death_mode": "ribo_collapse", "pnr_type": "ribo_depletion", "t_pnr": 2413.7999999999984, "dt_walking_dead": 692.0999999997202, "N_RNAP": 17, "N_Ribo": 17, "N_ATP": 1000, "seed": 13}