{"t_death": 3477.1499999995685, "death_mode": "ribo_collapse", "pnr_type": "ribo_depletion", "t_pnr": 1351.8000000000757, "dt_walking_dead": 2125.349999999493, "N_RNAP": 41, "N_Ribo": 7, "N_ATP": 1000, "seed": 70}