{"t_death": 8384.849999997974, "death_mode": "ribo_collapse", "pnr_type": "ribo_depletion", "t_pnr": 6259.949999998444, "dt_walking_dead": 2124.8999999995303, "N_RNAP": 11, "N_Ribo": 100, "N_ATP": 1000, "seed": 5}