{"t_death": 2132.550000000112, "death_mode": "cycle_collapse", "pnr_type": "rnap_deadlock", "t_pnr": 2068.200000000138, "dt_walking_dead": 64.34999999997399, "N_RNAP": 2, "N_Ribo": 27, "N_ATP": 1000, "seed": 62}