{"t_death": 3929.8499999993855, "death_mode": "ribo_collapse", "pnr_type": "ribo_depletion", "t_pnr": 3070.799999999733, "dt_walking_dead": 859.0499999996528, "N_RNAP": 7, "N_Ribo": 3, "N_ATP": 1000, "seed": 84}