{"t_death": 5813.999999998624, "death_mode": "ribo_collapse", "pnr_type": "ribo_depletion", "t_pnr": 4432.499999999182, "dt_walking_dead": 1381.4999999994416, "N_RNAP": 41, "N_Ribo": 41, "N_ATP": 1000, "seed": 93}