{"t_death": 4781.249999999041, "death_mode": "ribo_collapse", "pnr_type": "ribo_depletion", "t_pnr": 4510.349999999151, "dt_walking_dead": 270.8999999998905, "N_RNAP": 2, "N_Ribo": 100, "N_ATP": 1000, "seed": 63}