{"t_death": 834.3000000000235, "death_mode": "cycle_collapse", "pnr_type": "rnap_deadlock", "t_pnr": 559.3499999999957, "dt_walking_dead": 274.9500000000278, "N_RNAP": 2, "N_Ribo": 64, "N_ATP": 1000, "seed": 8}