{"t_death": 3584.699999999525, "death_mode": "ribo_collapse", "pnr_type": "ribo_depletion", "t_pnr": 3085.649999999727, "dt_walking_dead": 499.0499999997983, "N_RNAP": 17, "N_Ribo": 27, "N_ATP": 1000, "seed": 79}