{"t_death": 2693.699999999885, "death_mode": "cycle_collapse", "pnr_type": "rnap_deadlock", "t_pnr": 2687.3999999998878, "dt_walking_dead": 6.299999999997453, "N_RNAP": 2, "N_Ribo": 2, "N_ATP": 1000, "seed": 11}