{"t_death": 3227.3999999996695, "death_mode": "cycle_collapse", "pnr_type": "rnap_deadlock", "t_pnr": 3227.3999999996695, "dt_walking_dead": 0.0, "N_RNAP": 11, "N_Ribo": 11, "N_ATP": 1000, "seed": 44}