{"t_death": 4806.899999999031, "death_mode": "ribo_collapse", "pnr_type": "ribo_depletion", "t_pnr": 2124.900000000115, "dt_walking_dead": 2681.999999998916, "N_RNAP": 41, "N_Ribo": 11, "N_ATP": 1000, "seed": 76}