{"t_death": 5549.399999998731, "death_mode": "ribo_collapse", "pnr_type": "ribo_depletion", "t_pnr": 4585.049999999121, "dt_walking_dead": 964.3499999996102, "N_RNAP": 41, "N_Ribo": 41, "N_ATP": 1000, "seed": 85}