{"t_death": 2518.649999999956, "death_mode": "ribo_collapse", "pnr_type": "ribo_depletion", "t_pnr": 788.8500000000189, "dt_walking_dead": 1729.799999999937, "N_RNAP": 3, "N_Ribo": 3, "N_ATP": 1000, "seed": 94}