{"t_death": 2638.3499999999076, "death_mode": "cycle_collapse", "pnr_type": "rnap_deadlock", "t_pnr": 2437.199999999989, "dt_walking_dead": 201.1499999999187, "N_RNAP": 17, "N_Ribo": 11, "N_ATP": 1000, "seed": 60}