{"t_death": 396.8999999999938, "death_mode": "ribo_collapse", "pnr_type": "ribo_depletion", "t_pnr": 323.9999999999956, "dt_walking_dead": 72.89999999999816, "N_RNAP": 3, "N_Ribo": 2, "N_ATP": 1000, "seed": 98}