{"t_death": 5498.549999998751, "death_mode": "ribo_collapse", "pnr_type": "ribo_depletion", "t_pnr": 2271.600000000056, "dt_walking_dead": 3226.9499999986956, "N_RNAP": 7, "N_Ribo": 4, "N_ATP": 1000, "seed": 12}