{"t_death": 2781.4499999998498, "death_mode": "ribo_collapse", "pnr_type": "ribo_depletion", "t_pnr": 2758.049999999859, "dt_walking_dead": 23.39999999999054, "N_RNAP": 64, "N_Ribo": 2, "N_ATP": 1000, "seed": 22}