{"t_death": 2524.049999999954, "death_mode": "ribo_collapse", "pnr_type": "ribo_depletion", "t_pnr": 955.8000000000358, "dt_walking_dead": 1568.2499999999181, "N_RNAP": 4, "N_Ribo": 2, "N_ATP": 1000, "seed": 96}