{"t_death": 1063.8000000000466, "death_mode": "ribo_collapse", "pnr_type": "ribo_depletion", "t_pnr": 753.7500000000153, "dt_walking_dead": 310.0500000000312, "N_RNAP": 2, "N_Ribo": 4, "N_ATP": 1000, "seed": 50}