{"t_death": 7564.499999997916, "death_mode": "ribo_collapse", "pnr_type": "ribo_depletion", "t_pnr": 4078.7999999993253, "dt_walking_dead": 3485.699999998591, "N_RNAP": 64, "N_Ribo": 27, "N_ATP": 1000, "seed": 92}