{"t_death": 1112.4000000000515, "death_mode": "cycle_collapse", "pnr_type": "rnap_deadlock", "t_pnr": 1099.8000000000502, "dt_walking_dead": 12.600000000001273, "N_RNAP": 4, "N_Ribo": 27, "N_ATP": 1000, "seed": 86}