{"t_death": 2585.249999999929, "death_mode": "cycle_collapse", "pnr_type": "rnap_deadlock", "t_pnr": 2577.1499999999323, "dt_walking_dead": 8.099999999996726, "N_RNAP": 7, "N_Ribo": 27, "N_ATP": 1000, "seed": 83}