{"t_death": 1624.9500000001033, "death_mode": "cycle_collapse", "pnr_type": "rnap_deadlock", "t_pnr": 1567.3500000000975, "dt_walking_dead": 57.60000000000582, "N_RNAP": 4, "N_Ribo": 64, "N_ATP": 1000, "seed": 72}