{"t_death": 1913.4000000001324, "death_mode": "ribo_collapse", "pnr_type": "ribo_depletion", "t_pnr": 1296.45000000007, "dt_walking_dead": 616.9500000000623, "N_RNAP": 17, "N_Ribo": 3, "N_ATP": 1000, "seed": 14}