{"t_death": 3057.749999999738, "death_mode": "ribo_collapse", "pnr_type": "ribo_depletion", "t_pnr": 1181.2500000000584, "dt_walking_dead": 1876.4999999996796, "N_RNAP": 27, "N_Ribo": 7, "N_ATP": 1000, "seed": 26}