{"t_death": 4313.249999999231, "death_mode": "ribo_collapse", "pnr_type": "ribo_depletion", "t_pnr": 4118.399999999309, "dt_walking_dead": 194.84999999992124, "N_RNAP": 11, "N_Ribo": 11, "N_ATP": 1000, "seed": 87}