{"t_death": 4102.649999999316, "death_mode": "ribo_collapse", "pnr_type": "ribo_depletion", "t_pnr": 1817.5500000001227, "dt_walking_dead": 2285.0999999991927, "N_RNAP": 27, "N_Ribo": 7, "N_ATP": 1000, "seed": 75}