{"t_death": 3281.3999999996477, "death_mode": "ribo_collapse", "pnr_type": "ribo_depletion", "t_pnr": 1926.9000000001338, "dt_walking_dead": 1354.4999999995139, "N_RNAP": 17, "N_Ribo": 2, "N_ATP": 1000, "seed": 78}