{"t_death": 2118.150000000118, "death_mode": "ribo_collapse", "pnr_type": "ribo_depletion", "t_pnr": 1019.7000000000422, "dt_walking_dead": 1098.4500000000758, "N_RNAP": 7, "N_Ribo": 2, "N_ATP": 1000, "seed": 95}