{"t_death": 1957.950000000137, "death_mode": "ribo_collapse", "pnr_type": "ribo_depletion", "t_pnr": 883.3500000000284, "dt_walking_dead": 1074.6000000001086, "N_RNAP": 4, "N_Ribo": 2, "N_ATP": 1000, "seed": 67}