{"t_death": 7317.899999998016, "death_mode": "ribo_collapse", "pnr_type": "ribo_depletion", "t_pnr": 3672.8999999994894, "dt_walking_dead": 3644.9999999985266, "N_RNAP": 41, "N_Ribo": 41, "N_ATP": 1000, "seed": 88}