{"t_death": 4696.199999999076, "death_mode": "ribo_collapse", "pnr_type": "ribo_depletion", "t_pnr": 4546.349999999136, "dt_walking_dead": 149.84999999993943, "N_RNAP": 17, "N_Ribo": 41, "N_ATP": 1000, "seed": 19}