{"t_death": 4571.999999999126, "death_mode": "ribo_collapse", "pnr_type": "ribo_depletion", "t_pnr": 2321.100000000036, "dt_walking_dead": 2250.89999999909, "N_RNAP": 41, "N_Ribo": 7, "N_ATP": 1000, "seed": 36}