{"t_death": 2624.849999999913, "death_mode": "ribo_collapse", "pnr_type": "ribo_depletion", "t_pnr": 2117.700000000118, "dt_walking_dead": 507.149999999795, "N_RNAP": 2, "N_Ribo": 7, "N_ATP": 1000, "seed": 38}