{"t_death": 5159.249999998889, "death_mode": "ribo_collapse", "pnr_type": "ribo_depletion", "t_pnr": 3893.8499999994, "dt_walking_dead": 1265.3999999994885, "N_RNAP": 41, "N_Ribo": 4, "N_ATP": 1000, "seed": 87}