{"t_death": 2742.2999999998656, "death_mode": "cycle_collapse", "pnr_type": "rnap_deadlock", "t_pnr": 2672.9999999998936, "dt_walking_dead": 69.29999999997199, "N_RNAP": 27, "N_Ribo": 27, "N_ATP": 1000, "seed": 4}