{"t_death": 1395.45000000008, "death_mode": "cycle_collapse", "pnr_type": "rnap_deadlock", "t_pnr": 1258.6500000000663, "dt_walking_dead": 136.80000000001382, "N_RNAP": 3, "N_Ribo": 27, "N_ATP": 1000, "seed": 89}