{"t_death": 4801.499999999033, "death_mode": "ribo_collapse", "pnr_type": "ribo_depletion", "t_pnr": 1152.0000000000555, "dt_walking_dead": 3649.4999999989777, "N_RNAP": 17, "N_Ribo": 3, "N_ATP": 1000, "seed": 84}