{"t_death": 3446.099999999581, "death_mode": "ribo_collapse", "pnr_type": "ribo_depletion", "t_pnr": 2298.600000000045, "dt_walking_dead": 1147.4999999995362, "N_RNAP": 27, "N_Ribo": 41, "N_ATP": 1000, "seed": 14}