{"t_death": 1732.050000000114, "death_mode": "cycle_collapse", "pnr_type": "rnap_deadlock", "t_pnr": 1632.150000000104, "dt_walking_dead": 99.9000000000101, "N_RNAP": 2, "N_Ribo": 27, "N_ATP": 1000, "seed": 50}