{"t_death": 2211.30000000008, "death_mode": "cycle_collapse", "pnr_type": "rnap_deadlock", "t_pnr": 2182.9500000000917, "dt_walking_dead": 28.34999999998854, "N_RNAP": 3, "N_Ribo": 100, "N_ATP": 1000, "seed": 11}