{"t_death": 3482.999999999566, "death_mode": "ribo_collapse", "pnr_type": "ribo_depletion", "t_pnr": 3391.649999999603, "dt_walking_dead": 91.34999999996307, "N_RNAP": 100, "N_Ribo": 7, "N_ATP": 1000, "seed": 85}