{"t_death": 1408.9500000000814, "death_mode": "ribo_collapse", "pnr_type": "ribo_depletion", "t_pnr": 207.44999999999857, "dt_walking_dead": 1201.5000000000828, "N_RNAP": 7, "N_Ribo": 2, "N_ATP": 1000, "seed": 63}