{"t_death": 2472.2999999999747, "death_mode": "ribo_collapse", "pnr_type": "ribo_depletion", "t_pnr": 1740.150000000115, "dt_walking_dead": 732.1499999998598, "N_RNAP": 3, "N_Ribo": 4, "N_ATP": 1000, "seed": 11}