{"t_death": 1573.650000000098, "death_mode": "cycle_collapse", "pnr_type": "rnap_deadlock", "t_pnr": 1515.6000000000922, "dt_walking_dead": 58.050000000005866, "N_RNAP": 2, "N_Ribo": 7, "N_ATP": 1000, "seed": 4}