{"t_death": 2295.900000000046, "death_mode": "ribo_collapse", "pnr_type": "ribo_depletion", "t_pnr": 668.2500000000067, "dt_walking_dead": 1627.6500000000392, "N_RNAP": 27, "N_Ribo": 2, "N_ATP": 1000, "seed": 22}