{"t_death": 1998.900000000141, "death_mode": "ribo_collapse", "pnr_type": "ribo_depletion", "t_pnr": 1798.2000000001208, "dt_walking_dead": 200.70000000002028, "N_RNAP": 7, "N_Ribo": 7, "N_ATP": 1000, "seed": 49}