{"t_death": 2117.2500000001182, "death_mode": "ribo_collapse", "pnr_type": "ribo_depletion", "t_pnr": 752.8500000000153, "dt_walking_dead": 1364.4000000001029, "N_RNAP": 2, "N_Ribo": 2, "N_ATP": 1000, "seed": 20}