{"t_death": 7472.6999999979535, "death_mode": "ribo_collapse", "pnr_type": "ribo_depletion", "t_pnr": 528.7499999999926, "dt_walking_dead": 6943.949999997961, "N_RNAP": 17, "N_Ribo": 3, "N_ATP": 1000, "seed": 30}