{"t_death": 1659.1500000001067, "death_mode": "cycle_collapse", "pnr_type": "rnap_deadlock", "t_pnr": 1570.9500000000978, "dt_walking_dead": 88.20000000000891, "N_RNAP": 2, "N_Ribo": 41, "N_ATP": 1000, "seed": 22}