{"t_death": 4695.299999999076, "death_mode": "ribo_collapse", "pnr_type": "ribo_depletion", "t_pnr": 2438.999999999988, "dt_walking_dead": 2256.299999999088, "N_RNAP": 64, "N_Ribo": 11, "N_ATP": 1000, "seed": 52}