{"t_death": 2504.249999999962, "death_mode": "ribo_collapse", "pnr_type": "ribo_depletion", "t_pnr": 1972.3500000001384, "dt_walking_dead": 531.8999999998234, "N_RNAP": 17, "N_Ribo": 2, "N_ATP": 1000, "seed": 80}