{"t_death": 2722.4999999998736, "death_mode": "cycle_collapse", "pnr_type": "rnap_deadlock", "t_pnr": 2677.4999999998918, "dt_walking_dead": 44.99999999998181, "N_RNAP": 7, "N_Ribo": 2, "N_ATP": 1000, "seed": 59}