{"t_death": 4157.5499999992935, "death_mode": "ribo_collapse", "pnr_type": "ribo_depletion", "t_pnr": 3484.3499999995656, "dt_walking_dead": 673.1999999997279, "N_RNAP": 64, "N_Ribo": 17, "N_ATP": 1000, "seed": 15}