{"t_death": 3486.5999999995647, "death_mode": "ribo_collapse", "pnr_type": "ribo_depletion", "t_pnr": 1789.65000000012, "dt_walking_dead": 1696.9499999994448, "N_RNAP": 17, "N_Ribo": 2, "N_ATP": 1000, "seed": 54}