{"t_death": 5142.599999998895, "death_mode": "ribo_collapse", "pnr_type": "ribo_depletion", "t_pnr": 4719.1499999990665, "dt_walking_dead": 423.44999999982883, "N_RNAP": 27, "N_Ribo": 64, "N_ATP": 1000, "seed": 1}