{"t_death": 4084.649999999323, "death_mode": "ribo_collapse", "pnr_type": "ribo_depletion", "t_pnr": 722.2500000000122, "dt_walking_dead": 3362.3999999993107, "N_RNAP": 41, "N_Ribo": 2, "N_ATP": 1000, "seed": 81}