{"t_death": 3738.149999999463, "death_mode": "ribo_collapse", "pnr_type": "ribo_depletion", "t_pnr": 833.4000000000234, "dt_walking_dead": 2904.7499999994398, "N_RNAP": 41, "N_Ribo": 2, "N_ATP": 1000, "seed": 83}