{"t_death": 4038.2999999993417, "death_mode": "ribo_collapse", "pnr_type": "ribo_depletion", "t_pnr": 3487.4999999995644, "dt_walking_dead": 550.7999999997774, "N_RNAP": 100, "N_Ribo": 27, "N_ATP": 1000, "seed": 10}