{"t_death": 1394.55000000008, "death_mode": "ribo_collapse", "pnr_type": "ribo_depletion", "t_pnr": 1351.3500000000756, "dt_walking_dead": 43.200000000004366, "N_RNAP": 3, "N_Ribo": 3, "N_ATP": 1000, "seed": 87}