{"t_death": 1032.3000000000434, "death_mode": "cycle_collapse", "pnr_type": "rnap_deadlock", "t_pnr": 1029.150000000043, "dt_walking_dead": 3.1500000000003183, "N_RNAP": 3, "N_Ribo": 2, "N_ATP": 1000, "seed": 13}