{"t_death": 2491.199999999967, "death_mode": "ribo_collapse", "pnr_type": "ribo_depletion", "t_pnr": 2368.8000000000166, "dt_walking_dead": 122.39999999995052, "N_RNAP": 3, "N_Ribo": 3, "N_ATP": 1000, "seed": 3}