{"t_death": 2075.850000000135, "death_mode": "ribo_collapse", "pnr_type": "ribo_depletion", "t_pnr": 705.1500000000104, "dt_walking_dead": 1370.7000000001244, "N_RNAP": 4, "N_Ribo": 4, "N_ATP": 1000, "seed": 20}