{"t_death": 6490.3499999983505, "death_mode": "ribo_collapse", "pnr_type": "ribo_depletion", "t_pnr": 3318.7499999996326, "dt_walking_dead": 3171.599999998718, "N_RNAP": 41, "N_Ribo": 17, "N_ATP": 1000, "seed": 25}