{"t_death": 5804.999999998628, "death_mode": "ribo_collapse", "pnr_type": "ribo_depletion", "t_pnr": 4031.5499999993444, "dt_walking_dead": 1773.4499999992831, "N_RNAP": 64, "N_Ribo": 41, "N_ATP": 1000, "seed": 21}