{"t_death": 3398.3999999996004, "death_mode": "ribo_collapse", "pnr_type": "ribo_depletion", "t_pnr": 999.0000000000401, "dt_walking_dead": 2399.3999999995604, "N_RNAP": 27, "N_Ribo": 3, "N_ATP": 1000, "seed": 60}