{"t_death": 3363.7499999996144, "death_mode": "ribo_collapse", "pnr_type": "ribo_depletion", "t_pnr": 676.3500000000075, "dt_walking_dead": 2687.3999999996067, "N_RNAP": 64, "N_Ribo": 3, "N_ATP": 1000, "seed": 92}