{"t_death": 6047.5499999985295, "death_mode": "ribo_collapse", "pnr_type": "ribo_depletion", "t_pnr": 3649.049999999499, "dt_walking_dead": 2398.4999999990305, "N_RNAP": 64, "N_Ribo": 4, "N_ATP": 1000, "seed": 64}