{"t_death": 3844.79999999942, "death_mode": "ribo_collapse", "pnr_type": "ribo_depletion", "t_pnr": 2620.349999999915, "dt_walking_dead": 1224.449999999505, "N_RNAP": 27, "N_Ribo": 4, "N_ATP": 1000, "seed": 55}