{"t_death": 8171.999999997671, "death_mode": "ribo_collapse", "pnr_type": "ribo_depletion", "t_pnr": 6461.549999998362, "dt_walking_dead": 1710.4499999993086, "N_RNAP": 41, "N_Ribo": 27, "N_ATP": 1000, "seed": 69}