{"t_death": 4292.099999999239, "death_mode": "cycle_collapse", "pnr_type": "rnap_deadlock", "t_pnr": 4188.599999999281, "dt_walking_dead": 103.49999999995816, "N_RNAP": 27, "N_Ribo": 41, "N_ATP": 1000, "seed": 25}