{"t_death": 5932.349999998576, "death_mode": "ribo_collapse", "pnr_type": "ribo_depletion", "t_pnr": 3948.749999999378, "dt_walking_dead": 1983.5999999991982, "N_RNAP": 64, "N_Ribo": 17, "N_ATP": 1000, "seed": 12}