{"t_death": 3042.4499999997443, "death_mode": "cycle_collapse", "pnr_type": "rnap_deadlock", "t_pnr": 2825.099999999832, "dt_walking_dead": 217.34999999991214, "N_RNAP": 17, "N_Ribo": 17, "N_ATP": 1000, "seed": 9}