{"t_death": 6105.149999998506, "death_mode": "ribo_collapse", "pnr_type": "ribo_depletion", "t_pnr": 4228.649999999265, "dt_walking_dead": 1876.4999999992415, "N_RNAP": 41, "N_Ribo": 17, "N_ATP": 1000, "seed": 15}