{"t_death": 1863.4500000001274, "death_mode": "ribo_collapse", "pnr_type": "ribo_depletion", "t_pnr": 1638.0000000001046, "dt_walking_dead": 225.45000000002278, "N_RNAP": 11, "N_Ribo": 3, "N_ATP": 1000, "seed": 5}