{"t_death": 5131.7999999989, "death_mode": "ribo_collapse", "pnr_type": "ribo_depletion", "t_pnr": 5103.449999998911, "dt_walking_dead": 28.34999999998854, "N_RNAP": 64, "N_Ribo": 7, "N_ATP": 1000, "seed": 20}