{"t_death": 3795.7499999994398, "death_mode": "ribo_collapse", "pnr_type": "ribo_depletion", "t_pnr": 2719.7999999998747, "dt_walking_dead": 1075.949999999565, "N_RNAP": 27, "N_Ribo": 11, "N_ATP": 1000, "seed": 86}