{"t_death": 1750.950000000116, "death_mode": "cycle_collapse", "pnr_type": "rnap_deadlock", "t_pnr": 1747.8000000001157, "dt_walking_dead": 3.1500000000003183, "N_RNAP": 4, "N_Ribo": 41, "N_ATP": 1000, "seed": 79}