{"t_death": 3209.8499999996766, "death_mode": "ribo_collapse", "pnr_type": "ribo_depletion", "t_pnr": 3120.7499999997126, "dt_walking_dead": 89.09999999996398, "N_RNAP": 17, "N_Ribo": 27, "N_ATP": 1000, "seed": 76}