{"t_death": 1696.5000000001105, "death_mode": "cycle_collapse", "pnr_type": "rnap_deadlock", "t_pnr": 1444.500000000085, "dt_walking_dead": 252.00000000002547, "N_RNAP": 11, "N_Ribo": 11, "N_ATP": 1000, "seed": 45}