{"t_death": 7009.649999998141, "death_mode": "ribo_collapse", "pnr_type": "ribo_depletion", "t_pnr": 6965.999999998158, "dt_walking_dead": 43.649999999982356, "N_RNAP": 27, "N_Ribo": 100, "N_ATP": 1000, "seed": 35}