{"t_death": 2972.6999999997724, "death_mode": "ribo_collapse", "pnr_type": "ribo_depletion", "t_pnr": 270.89999999999696, "dt_walking_dead": 2701.7999999997755, "N_RNAP": 7, "N_Ribo": 2, "N_ATP": 1000, "seed": 39}