{"t_death": 2228.4000000000733, "death_mode": "cycle_collapse", "pnr_type": "rnap_deadlock", "t_pnr": 2086.200000000131, "dt_walking_dead": 142.19999999994252, "N_RNAP": 4, "N_Ribo": 27, "N_ATP": 1000, "seed": 54}