{"t_death": 341.99999999999517, "death_mode": "cycle_collapse", "pnr_type": "rnap_deadlock", "t_pnr": 321.7499999999957, "dt_walking_dead": 20.24999999999949, "N_RNAP": 2, "N_Ribo": 2, "N_ATP": 1000, "seed": 60}