{"t_death": 1895.8500000001306, "death_mode": "ribo_collapse", "pnr_type": "ribo_depletion", "t_pnr": 639.4500000000038, "dt_walking_dead": 1256.400000000127, "N_RNAP": 17, "N_Ribo": 2, "N_ATP": 1000, "seed": 70}