{"t_death": 4576.499999999124, "death_mode": "cycle_collapse", "pnr_type": "rnap_deadlock", "t_pnr": 4565.6999999991285, "dt_walking_dead": 10.799999999995634, "N_RNAP": 17, "N_Ribo": 27, "N_ATP": 1000, "seed": 93}