{"t_death": 6435.899999998373, "death_mode": "ribo_collapse", "pnr_type": "ribo_depletion", "t_pnr": 2796.7499999998436, "dt_walking_dead": 3639.149999998529, "N_RNAP": 7, "N_Ribo": 17, "N_ATP": 1000, "seed": 31}