{"t_death": 2997.8999999997623, "death_mode": "ribo_collapse", "pnr_type": "ribo_depletion", "t_pnr": 1210.9500000000614, "dt_walking_dead": 1786.9499999997008, "N_RNAP": 17, "N_Ribo": 3, "N_ATP": 1000, "seed": 55}