{"t_death": 1466.1000000000872, "death_mode": "cycle_collapse", "pnr_type": "rnap_deadlock", "t_pnr": 1374.300000000078, "dt_walking_dead": 91.80000000000928, "N_RNAP": 7, "N_Ribo": 17, "N_ATP": 1000, "seed": 46}