{"t_death": 5978.699999998557, "death_mode": "ribo_collapse", "pnr_type": "ribo_depletion", "t_pnr": 4461.7499999991705, "dt_walking_dead": 1516.9499999993868, "N_RNAP": 27, "N_Ribo": 64, "N_ATP": 1000, "seed": 84}