{"t_death": 3626.0999999995083, "death_mode": "ribo_collapse", "pnr_type": "ribo_depletion", "t_pnr": 2410.6499999999996, "dt_walking_dead": 1215.4499999995087, "N_RNAP": 41, "N_Ribo": 3, "N_ATP": 1000, "seed": 69}