{"t_death": 2423.6999999999944, "death_mode": "cycle_collapse", "pnr_type": "rnap_deadlock", "t_pnr": 2423.6999999999944, "dt_walking_dead": 0.0, "N_RNAP": 11, "N_Ribo": 27, "N_ATP": 1000, "seed": 49}