{"t_death": 2630.249999999911, "death_mode": "cycle_collapse", "pnr_type": "rnap_deadlock", "t_pnr": 2591.5499999999265, "dt_walking_dead": 38.69999999998436, "N_RNAP": 7, "N_Ribo": 11, "N_ATP": 1000, "seed": 31}