{"t_death": 3149.549999999701, "death_mode": "ribo_collapse", "pnr_type": "ribo_depletion", "t_pnr": 2706.74999999988, "dt_walking_dead": 442.799999999821, "N_RNAP": 11, "N_Ribo": 4, "N_ATP": 1000, "seed": 92}