{"t_death": 8187.299999997665, "death_mode": "ribo_collapse", "pnr_type": "ribo_depletion", "t_pnr": 1953.4500000001365, "dt_walking_dead": 6233.849999997528, "N_RNAP": 64, "N_Ribo": 7, "N_ATP": 1000, "seed": 29}