{"t_death": 2879.0999999998103, "death_mode": "ribo_collapse", "pnr_type": "ribo_depletion", "t_pnr": 1654.2000000001062, "dt_walking_dead": 1224.899999999704, "N_RNAP": 11, "N_Ribo": 11, "N_ATP": 1000, "seed": 33}