{"t_death": 5538.149999998735, "death_mode": "cycle_collapse", "pnr_type": "rnap_deadlock", "t_pnr": 5442.749999998774, "dt_walking_dead": 95.39999999996144, "N_RNAP": 4, "N_Ribo": 41, "N_ATP": 1000, "seed": 89}