{"t_death": 948.150000000035, "death_mode": "cycle_collapse", "pnr_type": "rnap_deadlock", "t_pnr": 935.5500000000337, "dt_walking_dead": 12.600000000001273, "N_RNAP": 3, "N_Ribo": 11, "N_ATP": 1000, "seed": 81}