{"t_death": 1915.2000000001326, "death_mode": "ribo_collapse", "pnr_type": "ribo_depletion", "t_pnr": 1814.4000000001224, "dt_walking_dead": 100.80000000001019, "N_RNAP": 4, "N_Ribo": 11, "N_ATP": 1000, "seed": 50}