{"t_death": 4862.6999999990085, "death_mode": "ribo_collapse", "pnr_type": "ribo_depletion", "t_pnr": 3994.6499999993594, "dt_walking_dead": 868.0499999996491, "N_RNAP": 41, "N_Ribo": 17, "N_ATP": 1000, "seed": 46}