{"t_death": 6889.049999998189, "death_mode": "ribo_collapse", "pnr_type": "ribo_depletion", "t_pnr": 5856.749999998607, "dt_walking_dead": 1032.2999999995827, "N_RNAP": 64, "N_Ribo": 17, "N_ATP": 1000, "seed": 33}