{"t_death": 4213.799999999271, "death_mode": "cycle_collapse", "pnr_type": "rnap_deadlock", "t_pnr": 4094.999999999319, "dt_walking_dead": 118.79999999995198, "N_RNAP": 27, "N_Ribo": 41, "N_ATP": 1000, "seed": 85}