{"t_death": 4742.549999999057, "death_mode": "cycle_collapse", "pnr_type": "rnap_deadlock", "t_pnr": 4582.799999999122, "dt_walking_dead": 159.74999999993543, "N_RNAP": 41, "N_Ribo": 27, "N_ATP": 1000, "seed": 26}