{"t_death": 3361.949999999615, "death_mode": "ribo_collapse", "pnr_type": "ribo_depletion", "t_pnr": 1798.6500000001208, "dt_walking_dead": 1563.2999999994943, "N_RNAP": 27, "N_Ribo": 3, "N_ATP": 1000, "seed": 46}