{"t_death": 6126.7499999984975, "death_mode": "cycle_collapse", "pnr_type": "rnap_deadlock", "t_pnr": 6039.899999998533, "dt_walking_dead": 86.8499999999649, "N_RNAP": 100, "N_Ribo": 7, "N_ATP": 1000, "seed": 44}