{"t_death": 3178.799999999689, "death_mode": "ribo_collapse", "pnr_type": "ribo_depletion", "t_pnr": 3089.699999999725, "dt_walking_dead": 89.09999999996398, "N_RNAP": 3, "N_Ribo": 3, "N_ATP": 1000, "seed": 13}