{"t_death": 6354.4499999984055, "death_mode": "ribo_collapse", "pnr_type": "ribo_depletion", "t_pnr": 1893.6000000001304, "dt_walking_dead": 4460.849999998275, "N_RNAP": 17, "N_Ribo": 7, "N_ATP": 1000, "seed": 34}