{"t_death": 2025.0000000001437, "death_mode": "ribo_collapse", "pnr_type": "ribo_depletion", "t_pnr": 371.24999999999443, "dt_walking_dead": 1653.7500000001492, "N_RNAP": 3, "N_Ribo": 3, "N_ATP": 1000, "seed": 20}