{"t_death": 2798.099999999843, "death_mode": "cycle_collapse", "pnr_type": "rnap_deadlock", "t_pnr": 2623.9499999999134, "dt_walking_dead": 174.1499999999296, "N_RNAP": 4, "N_Ribo": 100, "N_ATP": 1000, "seed": 94}