{"t_death": 4442.849999999178, "death_mode": "ribo_collapse", "pnr_type": "ribo_depletion", "t_pnr": 3486.149999999565, "dt_walking_dead": 956.6999999996133, "N_RNAP": 4, "N_Ribo": 2, "N_ATP": 1000, "seed": 36}