{"t_death": 2754.4499999998607, "death_mode": "ribo_collapse", "pnr_type": "ribo_depletion", "t_pnr": 2018.250000000143, "dt_walking_dead": 736.1999999997176, "N_RNAP": 2, "N_Ribo": 7, "N_ATP": 1000, "seed": 72}