{"t_death": 5609.249999998707, "death_mode": "cycle_collapse", "pnr_type": "rnap_deadlock", "t_pnr": 5516.099999998744, "dt_walking_dead": 93.14999999996235, "N_RNAP": 41, "N_Ribo": 64, "N_ATP": 1000, "seed": 95}