{"t_death": 5327.549999998821, "death_mode": "cycle_collapse", "pnr_type": "rnap_deadlock", "t_pnr": 4784.84999999904, "dt_walking_dead": 542.6999999997806, "N_RNAP": 41, "N_Ribo": 41, "N_ATP": 1000, "seed": 26}