{"t_death": 3307.949999999637, "death_mode": "ribo_collapse", "pnr_type": "ribo_depletion", "t_pnr": 2228.850000000073, "dt_walking_dead": 1079.0999999995638, "N_RNAP": 7, "N_Ribo": 4, "N_ATP": 1000, "seed": 22}