{"t_death": 1806.7500000001216, "death_mode": "cycle_collapse", "pnr_type": "rnap_deadlock", "t_pnr": 1569.6000000000977, "dt_walking_dead": 237.15000000002397, "N_RNAP": 7, "N_Ribo": 4, "N_ATP": 1000, "seed": 14}