{"t_death": 3987.899999999362, "death_mode": "ribo_collapse", "pnr_type": "ribo_depletion", "t_pnr": 2467.7999999999765, "dt_walking_dead": 1520.0999999993855, "N_RNAP": 17, "N_Ribo": 2, "N_ATP": 1000, "seed": 0}