{"t_death": 4225.949999999266, "death_mode": "ribo_collapse", "pnr_type": "ribo_depletion", "t_pnr": 1135.3500000000538, "dt_walking_dead": 3090.599999999212, "N_RNAP": 17, "N_Ribo": 4, "N_ATP": 1000, "seed": 94}