{"t_death": 4855.949999999011, "death_mode": "ribo_collapse", "pnr_type": "ribo_depletion", "t_pnr": 4052.249999999336, "dt_walking_dead": 803.6999999996751, "N_RNAP": 41, "N_Ribo": 64, "N_ATP": 1000, "seed": 70}