{"t_death": 3277.799999999649, "death_mode": "ribo_collapse", "pnr_type": "ribo_depletion", "t_pnr": 1708.6500000001117, "dt_walking_dead": 1569.1499999995374, "N_RNAP": 7, "N_Ribo": 4, "N_ATP": 1000, "seed": 17}