{"t_death": 2854.3499999998203, "death_mode": "cycle_collapse", "pnr_type": "rnap_deadlock", "t_pnr": 2787.2999999998474, "dt_walking_dead": 67.0499999999729, "N_RNAP": 27, "N_Ribo": 17, "N_ATP": 1000, "seed": 17}