{"t_death": 956.2500000000358, "death_mode": "cycle_collapse", "pnr_type": "rnap_deadlock", "t_pnr": 796.9500000000197, "dt_walking_dead": 159.3000000000161, "N_RNAP": 3, "N_Ribo": 64, "N_ATP": 1000, "seed": 99}