{"t_death": 4340.6999999992195, "death_mode": "ribo_collapse", "pnr_type": "ribo_depletion", "t_pnr": 186.2999999999991, "dt_walking_dead": 4154.39999999922, "N_RNAP": 3, "N_Ribo": 2, "N_ATP": 1000, "seed": 62}