{"t_death": 3607.649999999516, "death_mode": "ribo_collapse", "pnr_type": "ribo_depletion", "t_pnr": 1088.100000000049, "dt_walking_dead": 2519.5499999994668, "N_RNAP": 17, "N_Ribo": 4, "N_ATP": 1000, "seed": 62}