{"t_death": 2155.050000000103, "death_mode": "ribo_collapse", "pnr_type": "ribo_depletion", "t_pnr": 499.4999999999912, "dt_walking_dead": 1655.5500000001118, "N_RNAP": 3, "N_Ribo": 2, "N_ATP": 1000, "seed": 81}