{"t_death": 4819.949999999026, "death_mode": "ribo_collapse", "pnr_type": "ribo_depletion", "t_pnr": 4147.6499999992975, "dt_walking_dead": 672.2999999997282, "N_RNAP": 64, "N_Ribo": 17, "N_ATP": 1000, "seed": 67}