{"t_death": 2821.9499999998334, "death_mode": "ribo_collapse", "pnr_type": "ribo_depletion", "t_pnr": 2369.700000000016, "dt_walking_dead": 452.2499999998172, "N_RNAP": 2, "N_Ribo": 17, "N_ATP": 1000, "seed": 53}