{"t_death": 5913.449999998584, "death_mode": "atp_depletion", "pnr_type": "ribo_depletion", "t_pnr": 5729.849999998658, "dt_walking_dead": 183.59999999992579, "N_RNAP": 100, "N_Ribo": 11, "N_ATP": 1000, "seed": 76}