{"t_death": 1143.0000000000546, "death_mode": "ribo_collapse", "pnr_type": "ribo_depletion", "t_pnr": 464.84999999999206, "dt_walking_dead": 678.1500000000625, "N_RNAP": 3, "N_Ribo": 3, "N_ATP": 1000, "seed": 6}