{"t_death": 4702.049999999073, "death_mode": "atp_depletion", "pnr_type": "ribo_depletion", "t_pnr": 3772.349999999449, "dt_walking_dead": 929.6999999996242, "N_RNAP": 100, "N_Ribo": 11, "N_ATP": 1000, "seed": 9}