{"t_death": 3260.699999999656, "death_mode": "ribo_collapse", "pnr_type": "ribo_depletion", "t_pnr": 2146.0500000001066, "dt_walking_dead": 1114.6499999995494, "N_RNAP": 11, "N_Ribo": 17, "N_ATP": 1000, "seed": 76}