{"t_death": 2567.2499999999363, "death_mode": "ribo_collapse", "pnr_type": "ribo_depletion", "t_pnr": 2475.8999999999733, "dt_walking_dead": 91.34999999996307, "N_RNAP": 11, "N_Ribo": 11, "N_ATP": 1000, "seed": 72}