{"t_death": 3517.1999999995523, "death_mode": "cycle_collapse", "pnr_type": "rnap_deadlock", "t_pnr": 3372.7499999996107, "dt_walking_dead": 144.4499999999416, "N_RNAP": 27, "N_Ribo": 3, "N_ATP": 1000, "seed": 58}