{"t_death": 4401.899999999195, "death_mode": "ribo_collapse", "pnr_type": "ribo_depletion", "t_pnr": 3175.1999999996906, "dt_walking_dead": 1226.6999999995041, "N_RNAP": 64, "N_Ribo": 2, "N_ATP": 1000, "seed": 88}