{"t_death": 3609.899999999515, "death_mode": "ribo_collapse", "pnr_type": "ribo_depletion", "t_pnr": 1188.9000000000592, "dt_walking_dead": 2420.9999999994557, "N_RNAP": 64, "N_Ribo": 3, "N_ATP": 1000, "seed": 5}