{"t_death": 1828.8000000001239, "death_mode": "ribo_collapse", "pnr_type": "ribo_depletion", "t_pnr": 1390.5000000000796, "dt_walking_dead": 438.3000000000443, "N_RNAP": 4, "N_Ribo": 2, "N_ATP": 1000, "seed": 49}