{"t_death": 6766.649999998239, "death_mode": "ribo_collapse", "pnr_type": "ribo_depletion", "t_pnr": 4694.3999999990765, "dt_walking_dead": 2072.2499999991624, "N_RNAP": 64, "N_Ribo": 27, "N_ATP": 1000, "seed": 81}