{"t_death": 1634.8500000001043, "death_mode": "cycle_collapse", "pnr_type": "rnap_deadlock", "t_pnr": 1560.6000000000968, "dt_walking_dead": 74.2500000000075, "N_RNAP": 4, "N_Ribo": 41, "N_ATP": 1000, "seed": 36}