{"t_death": 5713.6499999986645, "death_mode": "ribo_collapse", "pnr_type": "ribo_depletion", "t_pnr": 724.5000000000124, "dt_walking_dead": 4989.149999998652, "N_RNAP": 64, "N_Ribo": 2, "N_ATP": 1000, "seed": 55}