{"t_death": 5192.099999998875, "death_mode": "ribo_collapse", "pnr_type": "ribo_depletion", "t_pnr": 3748.499999999459, "dt_walking_dead": 1443.5999999994165, "N_RNAP": 2, "N_Ribo": 41, "N_ATP": 1000, "seed": 10}