{"t_death": 5251.499999998851, "death_mode": "cycle_collapse", "pnr_type": "rnap_deadlock", "t_pnr": 5188.049999998877, "dt_walking_dead": 63.44999999997435, "N_RNAP": 100, "N_Ribo": 7, "N_ATP": 1000, "seed": 98}