{"t_death": 1994.8500000001407, "death_mode": "ribo_collapse", "pnr_type": "ribo_depletion", "t_pnr": 1345.950000000075, "dt_walking_dead": 648.9000000000656, "N_RNAP": 11, "N_Ribo": 4, "N_ATP": 1000, "seed": 76}