{"t_death": 1348.2000000000753, "death_mode": "ribo_collapse", "pnr_type": "ribo_depletion", "t_pnr": 1243.3500000000647, "dt_walking_dead": 104.8500000000106, "N_RNAP": 3, "N_Ribo": 7, "N_ATP": 1000, "seed": 87}