{"t_death": 7687.7999999978665, "death_mode": "ribo_collapse", "pnr_type": "ribo_depletion", "t_pnr": 2813.8499999998367, "dt_walking_dead": 4873.94999999803, "N_RNAP": 3, "N_Ribo": 3, "N_ATP": 1000, "seed": 54}