{"t_death": 1489.5000000000896, "death_mode": "ribo_collapse", "pnr_type": "ribo_depletion", "t_pnr": 485.09999999999155, "dt_walking_dead": 1004.4000000000981, "N_RNAP": 3, "N_Ribo": 3, "N_ATP": 1000, "seed": 85}