{"t_death": 4592.249999999118, "death_mode": "ribo_collapse", "pnr_type": "ribo_depletion", "t_pnr": 1776.6000000001186, "dt_walking_dead": 2815.649999998999, "N_RNAP": 11, "N_Ribo": 17, "N_ATP": 1000, "seed": 14}