{"t_death": 2053.350000000144, "death_mode": "cycle_collapse", "pnr_type": "rnap_deadlock", "t_pnr": 1626.3000000001034, "dt_walking_dead": 427.05000000004065, "N_RNAP": 3, "N_Ribo": 3, "N_ATP": 1000, "seed": 46}