{"t_death": 6073.649999998519, "death_mode": "ribo_collapse", "pnr_type": "ribo_depletion", "t_pnr": 4756.049999999052, "dt_walking_dead": 1317.5999999994674, "N_RNAP": 64, "N_Ribo": 27, "N_ATP": 1000, "seed": 22}