{"t_death": 4036.0499999993426, "death_mode": "ribo_collapse", "pnr_type": "ribo_depletion", "t_pnr": 3748.9499999994587, "dt_walking_dead": 287.09999999988395, "N_RNAP": 7, "N_Ribo": 4, "N_ATP": 1000, "seed": 36}