{"t_death": 4364.99999999921, "death_mode": "ribo_collapse", "pnr_type": "ribo_depletion", "t_pnr": 3347.549999999621, "dt_walking_dead": 1017.4499999995887, "N_RNAP": 17, "N_Ribo": 41, "N_ATP": 1000, "seed": 47}