{"t_death": 2916.449999999795, "death_mode": "cycle_collapse", "pnr_type": "rnap_deadlock", "t_pnr": 2910.1499999997977, "dt_walking_dead": 6.299999999997453, "N_RNAP": 17, "N_Ribo": 41, "N_ATP": 1000, "seed": 98}