{"t_death": 5002.649999998952, "death_mode": "ribo_collapse", "pnr_type": "ribo_depletion", "t_pnr": 2001.1500000001413, "dt_walking_dead": 3001.4999999988104, "N_RNAP": 41, "N_Ribo": 3, "N_ATP": 1000, "seed": 11}