{"t_death": 3973.499999999368, "death_mode": "ribo_collapse", "pnr_type": "ribo_depletion", "t_pnr": 799.2000000000199, "dt_walking_dead": 3174.299999999348, "N_RNAP": 17, "N_Ribo": 4, "N_ATP": 1000, "seed": 66}