{"t_death": 3407.8499999995965, "death_mode": "ribo_collapse", "pnr_type": "ribo_depletion", "t_pnr": 2916.899999999795, "dt_walking_dead": 490.94999999980155, "N_RNAP": 27, "N_Ribo": 11, "N_ATP": 1000, "seed": 7}