{"t_death": 6756.749999998243, "death_mode": "ribo_collapse", "pnr_type": "ribo_depletion", "t_pnr": 4984.649999998959, "dt_walking_dead": 1772.0999999992837, "N_RNAP": 64, "N_Ribo": 27, "N_ATP": 1000, "seed": 54}