{"t_death": 5391.449999998795, "death_mode": "ribo_collapse", "pnr_type": "ribo_depletion", "t_pnr": 3541.4999999995425, "dt_walking_dead": 1849.9499999992522, "N_RNAP": 41, "N_Ribo": 4, "N_ATP": 1000, "seed": 22}