{"t_death": 1738.8000000001148, "death_mode": "ribo_collapse", "pnr_type": "ribo_depletion", "t_pnr": 1219.0500000000623, "dt_walking_dead": 519.7500000000525, "N_RNAP": 4, "N_Ribo": 3, "N_ATP": 1000, "seed": 30}