{"t_death": 4739.849999999058, "death_mode": "ribo_collapse", "pnr_type": "ribo_depletion", "t_pnr": 1077.300000000048, "dt_walking_dead": 3662.54999999901, "N_RNAP": 4, "N_Ribo": 7, "N_ATP": 1000, "seed": 97}