{"t_death": 4730.399999999062, "death_mode": "ribo_collapse", "pnr_type": "ribo_depletion", "t_pnr": 1060.2000000000462, "dt_walking_dead": 3670.1999999990157, "N_RNAP": 41, "N_Ribo": 4, "N_ATP": 1000, "seed": 8}