{"t_death": 4260.599999999252, "death_mode": "ribo_collapse", "pnr_type": "ribo_depletion", "t_pnr": 1548.0000000000955, "dt_walking_dead": 2712.5999999991564, "N_RNAP": 11, "N_Ribo": 2, "N_ATP": 1000, "seed": 78}