{"t_death": 3724.1999999994687, "death_mode": "ribo_collapse", "pnr_type": "ribo_depletion", "t_pnr": 758.2500000000158, "dt_walking_dead": 2965.9499999994528, "N_RNAP": 27, "N_Ribo": 2, "N_ATP": 1000, "seed": 90}