{"t_death": 5405.849999998789, "death_mode": "ribo_collapse", "pnr_type": "ribo_depletion", "t_pnr": 3805.199999999436, "dt_walking_dead": 1600.649999999353, "N_RNAP": 3, "N_Ribo": 100, "N_ATP": 1000, "seed": 29}