{"t_death": 1137.150000000054, "death_mode": "cycle_collapse", "pnr_type": "rnap_deadlock", "t_pnr": 1120.0500000000523, "dt_walking_dead": 17.100000000001728, "N_RNAP": 3, "N_Ribo": 7, "N_ATP": 1000, "seed": 43}