{"t_death": 181.34999999999923, "death_mode": "cycle_collapse", "pnr_type": "rnap_deadlock", "t_pnr": 159.29999999999978, "dt_walking_dead": 22.049999999999443, "N_RNAP": 2, "N_Ribo": 11, "N_ATP": 1000, "seed": 83}