{"t_death": 3505.499999999557, "death_mode": "cycle_collapse", "pnr_type": "rnap_deadlock", "t_pnr": 3421.349999999591, "dt_walking_dead": 84.14999999996598, "N_RNAP": 64, "N_Ribo": 7, "N_ATP": 1000, "seed": 2}