{"t_death": 5970.149999998561, "death_mode": "ribo_collapse", "pnr_type": "ribo_depletion", "t_pnr": 1566.9000000000974, "dt_walking_dead": 4403.249999998463, "N_RNAP": 41, "N_Ribo": 3, "N_ATP": 1000, "seed": 8}