{"t_death": 2555.999999999941, "death_mode": "ribo_collapse", "pnr_type": "ribo_depletion", "t_pnr": 2522.2499999999545, "dt_walking_dead": 33.74999999998636, "N_RNAP": 11, "N_Ribo": 27, "N_ATP": 1000, "seed": 57}