{"t_death": 3709.7999999994745, "death_mode": "ribo_collapse", "pnr_type": "ribo_depletion", "t_pnr": 3538.349999999544, "dt_walking_dead": 171.4499999999307, "N_RNAP": 7, "N_Ribo": 27, "N_ATP": 1000, "seed": 0}