{"t_death": 5129.9999999989, "death_mode": "ribo_collapse", "pnr_type": "ribo_depletion", "t_pnr": 3946.499999999379, "dt_walking_dead": 1183.4999999995216, "N_RNAP": 17, "N_Ribo": 27, "N_ATP": 1000, "seed": 74}