{"t_death": 4259.699999999252, "death_mode": "ribo_collapse", "pnr_type": "ribo_depletion", "t_pnr": 2634.749999999909, "dt_walking_dead": 1624.9499999993432, "N_RNAP": 11, "N_Ribo": 4, "N_ATP": 1000, "seed": 89}