{"t_death": 7550.099999997922, "death_mode": "ribo_collapse", "pnr_type": "ribo_depletion", "t_pnr": 2612.699999999918, "dt_walking_dead": 4937.399999998004, "N_RNAP": 41, "N_Ribo": 11, "N_ATP": 1000, "seed": 27}