{"t_death": 4730.399999999062, "death_mode": "cycle_collapse", "pnr_type": "rnap_deadlock", "t_pnr": 4726.349999999064, "dt_walking_dead": 4.049999999998363, "N_RNAP": 41, "N_Ribo": 27, "N_ATP": 1000, "seed": 5}