{"t_death": 5058.449999998929, "death_mode": "ribo_collapse", "pnr_type": "ribo_depletion", "t_pnr": 5044.949999998935, "dt_walking_dead": 13.499999999994543, "N_RNAP": 7, "N_Ribo": 100, "N_ATP": 1000, "seed": 11}