{"t_death": 1777.0500000001186, "death_mode": "cycle_collapse", "pnr_type": "rnap_deadlock", "t_pnr": 1624.9500000001033, "dt_walking_dead": 152.10000000001537, "N_RNAP": 4, "N_Ribo": 2, "N_ATP": 1000, "seed": 2}