{"t_death": 2627.999999999912, "death_mode": "cycle_collapse", "pnr_type": "rnap_deadlock", "t_pnr": 2528.999999999952, "dt_walking_dead": 98.99999999995998, "N_RNAP": 2, "N_Ribo": 64, "N_ATP": 1000, "seed": 87}