{"t_death": 4517.549999999148, "death_mode": "cycle_collapse", "pnr_type": "rnap_deadlock", "t_pnr": 4445.549999999177, "dt_walking_dead": 71.9999999999709, "N_RNAP": 64, "N_Ribo": 27, "N_ATP": 1000, "seed": 43}