{"t_death": 3870.4499999994096, "death_mode": "cycle_collapse", "pnr_type": "rnap_deadlock", "t_pnr": 3860.0999999994137, "dt_walking_dead": 10.349999999995816, "N_RNAP": 41, "N_Ribo": 64, "N_ATP": 1000, "seed": 56}