{"t_death": 2443.4999999999864, "death_mode": "cycle_collapse", "pnr_type": "rnap_deadlock", "t_pnr": 2237.8500000000695, "dt_walking_dead": 205.64999999991687, "N_RNAP": 7, "N_Ribo": 41, "N_ATP": 1000, "seed": 41}