{"t_death": 6653.249999998285, "death_mode": "ribo_collapse", "pnr_type": "ribo_depletion", "t_pnr": 1980.4500000001392, "dt_walking_dead": 4672.799999998146, "N_RNAP": 41, "N_Ribo": 7, "N_ATP": 1000, "seed": 45}