{"t_death": 2629.799999999911, "death_mode": "ribo_collapse", "pnr_type": "ribo_depletion", "t_pnr": 877.5000000000279, "dt_walking_dead": 1752.2999999998833, "N_RNAP": 27, "N_Ribo": 2, "N_ATP": 1000, "seed": 74}