{"t_death": 4979.699999998961, "death_mode": "ribo_collapse", "pnr_type": "ribo_depletion", "t_pnr": 4919.849999998985, "dt_walking_dead": 59.84999999997581, "N_RNAP": 7, "N_Ribo": 100, "N_ATP": 1000, "seed": 15}