{"t_death": 4758.299999999051, "death_mode": "ribo_collapse", "pnr_type": "ribo_depletion", "t_pnr": 2240.5500000000684, "dt_walking_dead": 2517.7499999989823, "N_RNAP": 17, "N_Ribo": 3, "N_ATP": 1000, "seed": 89}