{"t_death": 3271.9499999996515, "death_mode": "cycle_collapse", "pnr_type": "rnap_deadlock", "t_pnr": 2513.249999999958, "dt_walking_dead": 758.6999999996933, "N_RNAP": 2, "N_Ribo": 41, "N_ATP": 1000, "seed": 44}