{"t_death": 3788.5499999994427, "death_mode": "cycle_collapse", "pnr_type": "rnap_deadlock", "t_pnr": 3770.54999999945, "dt_walking_dead": 17.999999999992724, "N_RNAP": 11, "N_Ribo": 27, "N_ATP": 1000, "seed": 94}