{"t_death": 5259.599999998848, "death_mode": "ribo_collapse", "pnr_type": "ribo_depletion", "t_pnr": 2533.94999999995, "dt_walking_dead": 2725.6499999988982, "N_RNAP": 100, "N_Ribo": 2, "N_ATP": 1000, "seed": 86}