{"t_death": 2280.600000000052, "death_mode": "ribo_collapse", "pnr_type": "ribo_depletion", "t_pnr": 1848.6000000001259, "dt_walking_dead": 431.99999999992633, "N_RNAP": 2, "N_Ribo": 41, "N_ATP": 1000, "seed": 88}