{"t_death": 5418.449999998784, "death_mode": "ribo_collapse", "pnr_type": "ribo_depletion", "t_pnr": 1050.3000000000452, "dt_walking_dead": 4368.149999998739, "N_RNAP": 41, "N_Ribo": 4, "N_ATP": 1000, "seed": 37}