{"t_death": 4493.249999999158, "death_mode": "ribo_collapse", "pnr_type": "ribo_depletion", "t_pnr": 2323.8000000000347, "dt_walking_dead": 2169.449999999123, "N_RNAP": 41, "N_Ribo": 4, "N_ATP": 1000, "seed": 32}