{"t_death": 4119.749999999309, "death_mode": "ribo_collapse", "pnr_type": "ribo_depletion", "t_pnr": 1123.6500000000526, "dt_walking_dead": 2996.0999999992564, "N_RNAP": 64, "N_Ribo": 2, "N_ATP": 1000, "seed": 70}