{"t_death": 3536.9999999995443, "death_mode": "cycle_collapse", "pnr_type": "rnap_deadlock", "t_pnr": 3536.9999999995443, "dt_walking_dead": 0.0, "N_RNAP": 41, "N_Ribo": 27, "N_ATP": 1000, "seed": 12}