{"t_death": 1957.950000000137, "death_mode": "ribo_collapse", "pnr_type": "ribo_depletion", "t_pnr": 1094.8500000000497, "dt_walking_dead": 863.1000000000872, "N_RNAP": 3, "N_Ribo": 7, "N_ATP": 1000, "seed": 22}