{"t_death": 4769.999999999046, "death_mode": "ribo_collapse", "pnr_type": "ribo_depletion", "t_pnr": 3413.2499999995944, "dt_walking_dead": 1356.7499999994516, "N_RNAP": 41, "N_Ribo": 2, "N_ATP": 1000, "seed": 46}