{"t_death": 6708.1499999982625, "death_mode": "ribo_collapse", "pnr_type": "ribo_depletion", "t_pnr": 2974.9499999997715, "dt_walking_dead": 3733.199999998491, "N_RNAP": 7, "N_Ribo": 11, "N_ATP": 1000, "seed": 85}