{"t_death": 3773.249999999449, "death_mode": "cycle_collapse", "pnr_type": "rnap_deadlock", "t_pnr": 3592.799999999522, "dt_walking_dead": 180.44999999992706, "N_RNAP": 41, "N_Ribo": 17, "N_ATP": 1000, "seed": 57}