{"t_death": 5236.1999999988575, "death_mode": "ribo_collapse", "pnr_type": "ribo_depletion", "t_pnr": 2909.249999999798, "dt_walking_dead": 2326.9499999990594, "N_RNAP": 27, "N_Ribo": 11, "N_ATP": 1000, "seed": 88}