{"t_death": 5319.899999998824, "death_mode": "ribo_collapse", "pnr_type": "ribo_depletion", "t_pnr": 1974.6000000001386, "dt_walking_dead": 3345.299999998685, "N_RNAP": 27, "N_Ribo": 11, "N_ATP": 1000, "seed": 61}