{"t_death": 8439.299999998062, "death_mode": "ribo_collapse", "pnr_type": "ribo_depletion", "t_pnr": 5088.599999998917, "dt_walking_dead": 3350.699999999145, "N_RNAP": 41, "N_Ribo": 27, "N_ATP": 1000, "seed": 18}