{"t_death": 4731.749999999061, "death_mode": "ribo_collapse", "pnr_type": "ribo_depletion", "t_pnr": 2585.249999999929, "dt_walking_dead": 2146.4999999991323, "N_RNAP": 11, "N_Ribo": 27, "N_ATP": 1000, "seed": 12}