{"t_death": 1678.0500000001086, "death_mode": "ribo_collapse", "pnr_type": "ribo_depletion", "t_pnr": 1623.150000000103, "dt_walking_dead": 54.90000000000555, "N_RNAP": 17, "N_Ribo": 3, "N_ATP": 1000, "seed": 70}