{"t_death": 5282.999999998839, "death_mode": "ribo_collapse", "pnr_type": "ribo_depletion", "t_pnr": 1674.0000000001082, "dt_walking_dead": 3608.9999999987303, "N_RNAP": 27, "N_Ribo": 11, "N_ATP": 1000, "seed": 47}