{"t_death": 3569.3999999995312, "death_mode": "ribo_collapse", "pnr_type": "ribo_depletion", "t_pnr": 1140.3000000000543, "dt_walking_dead": 2429.099999999477, "N_RNAP": 64, "N_Ribo": 3, "N_ATP": 1000, "seed": 10}