{"t_death": 5170.499999998884, "death_mode": "ribo_collapse", "pnr_type": "ribo_depletion", "t_pnr": 3996.4499999993586, "dt_walking_dead": 1174.0499999995254, "N_RNAP": 17, "N_Ribo": 64, "N_ATP": 1000, "seed": 13}