{"t_death": 7368.7499999979955, "death_mode": "ribo_collapse", "pnr_type": "ribo_depletion", "t_pnr": 3199.9499999996806, "dt_walking_dead": 4168.799999998315, "N_RNAP": 64, "N_Ribo": 11, "N_ATP": 1000, "seed": 85}