{"t_death": 5154.74999999889, "death_mode": "ribo_collapse", "pnr_type": "ribo_depletion", "t_pnr": 1173.1500000000576, "dt_walking_dead": 3981.5999999988326, "N_RNAP": 27, "N_Ribo": 2, "N_ATP": 1000, "seed": 63}