{"t_death": 3647.6999999994996, "death_mode": "cycle_collapse", "pnr_type": "rnap_deadlock", "t_pnr": 3627.8999999995076, "dt_walking_dead": 19.799999999991996, "N_RNAP": 27, "N_Ribo": 41, "N_ATP": 1000, "seed": 37}