{"t_death": 3498.74999999956, "death_mode": "ribo_collapse", "pnr_type": "ribo_depletion", "t_pnr": 2956.949999999779, "dt_walking_dead": 541.799999999781, "N_RNAP": 11, "N_Ribo": 4, "N_ATP": 1000, "seed": 29}