{"t_death": 2049.3000000001457, "death_mode": "ribo_collapse", "pnr_type": "ribo_depletion", "t_pnr": 953.1000000000355, "dt_walking_dead": 1096.2000000001103, "N_RNAP": 17, "N_Ribo": 3, "N_ATP": 1000, "seed": 36}