{"t_death": 5421.149999998783, "death_mode": "ribo_collapse", "pnr_type": "ribo_depletion", "t_pnr": 3461.8499999995747, "dt_walking_dead": 1959.299999999208, "N_RNAP": 64, "N_Ribo": 11, "N_ATP": 1000, "seed": 40}