{"t_death": 3266.9999999996535, "death_mode": "ribo_collapse", "pnr_type": "ribo_depletion", "t_pnr": 2070.900000000137, "dt_walking_dead": 1196.0999999995165, "N_RNAP": 41, "N_Ribo": 4, "N_ATP": 1000, "seed": 1}