{"t_death": 6745.049999998248, "death_mode": "ribo_collapse", "pnr_type": "ribo_depletion", "t_pnr": 4838.849999999018, "dt_walking_dead": 1906.1999999992295, "N_RNAP": 100, "N_Ribo": 7, "N_ATP": 1000, "seed": 73}