{"t_death": 6642.449999998289, "death_mode": "ribo_collapse", "pnr_type": "ribo_depletion", "t_pnr": 2963.2499999997763, "dt_walking_dead": 3679.199999998513, "N_RNAP": 11, "N_Ribo": 27, "N_ATP": 1000, "seed": 77}