{"t_death": 4593.599999999117, "death_mode": "ribo_collapse", "pnr_type": "ribo_depletion", "t_pnr": 1021.0500000000424, "dt_walking_dead": 3572.5499999990748, "N_RNAP": 64, "N_Ribo": 7, "N_ATP": 1000, "seed": 38}