{"t_death": 7865.099999997795, "death_mode": "ribo_collapse", "pnr_type": "ribo_depletion", "t_pnr": 4426.199999999185, "dt_walking_dead": 3438.89999999861, "N_RNAP": 41, "N_Ribo": 41, "N_ATP": 1000, "seed": 62}