{"t_death": 4498.649999999156, "death_mode": "ribo_collapse", "pnr_type": "ribo_depletion", "t_pnr": 2406.6000000000013, "dt_walking_dead": 2092.0499999991544, "N_RNAP": 11, "N_Ribo": 2, "N_ATP": 1000, "seed": 8}