{"t_death": 2395.350000000006, "death_mode": "cycle_collapse", "pnr_type": "rnap_deadlock", "t_pnr": 2388.1500000000087, "dt_walking_dead": 7.19999999999709, "N_RNAP": 4, "N_Ribo": 41, "N_ATP": 1000, "seed": 20}