{"t_death": 3453.749999999578, "death_mode": "ribo_collapse", "pnr_type": "ribo_depletion", "t_pnr": 413.54999999999336, "dt_walking_dead": 3040.1999999995846, "N_RNAP": 11, "N_Ribo": 2, "N_ATP": 1000, "seed": 48}