{"t_death": 4246.199999999258, "death_mode": "cycle_collapse", "pnr_type": "rnap_deadlock", "t_pnr": 4174.199999999287, "dt_walking_dead": 71.9999999999709, "N_RNAP": 27, "N_Ribo": 41, "N_ATP": 1000, "seed": 99}