{"t_death": 3842.099999999421, "death_mode": "cycle_collapse", "pnr_type": "rnap_deadlock", "t_pnr": 3786.2999999994436, "dt_walking_dead": 55.799999999977445, "N_RNAP": 7, "N_Ribo": 100, "N_ATP": 1000, "seed": 38}