{"t_death": 3377.249999999609, "death_mode": "ribo_collapse", "pnr_type": "ribo_depletion", "t_pnr": 741.6000000000141, "dt_walking_dead": 2635.649999999595, "N_RNAP": 64, "N_Ribo": 4, "N_ATP": 1000, "seed": 27}