{"t_death": 2236.95000000007, "death_mode": "cycle_collapse", "pnr_type": "rnap_deadlock", "t_pnr": 2052.0000000001446, "dt_walking_dead": 184.94999999992524, "N_RNAP": 2, "N_Ribo": 7, "N_ATP": 1000, "seed": 3}