{"t_death": 5096.699999998914, "death_mode": "ribo_collapse", "pnr_type": "ribo_depletion", "t_pnr": 3766.9499999994514, "dt_walking_dead": 1329.7499999994625, "N_RNAP": 41, "N_Ribo": 4, "N_ATP": 1000, "seed": 27}