{"t_death": 3614.399999999513, "death_mode": "ribo_collapse", "pnr_type": "ribo_depletion", "t_pnr": 3446.099999999581, "dt_walking_dead": 168.29999999993197, "N_RNAP": 64, "N_Ribo": 17, "N_ATP": 1000, "seed": 54}