{"t_death": 2641.0499999999065, "death_mode": "ribo_collapse", "pnr_type": "ribo_depletion", "t_pnr": 1254.6000000000658, "dt_walking_dead": 1386.4499999998407, "N_RNAP": 2, "N_Ribo": 2, "N_ATP": 1000, "seed": 46}