{"t_death": 6364.799999998401, "death_mode": "ribo_collapse", "pnr_type": "ribo_depletion", "t_pnr": 3271.9499999996515, "dt_walking_dead": 3092.84999999875, "N_RNAP": 11, "N_Ribo": 7, "N_ATP": 1000, "seed": 2}