{"t_death": 3986.5499999993626, "death_mode": "ribo_collapse", "pnr_type": "ribo_depletion", "t_pnr": 2811.1499999998377, "dt_walking_dead": 1175.3999999995249, "N_RNAP": 3, "N_Ribo": 41, "N_ATP": 1000, "seed": 18}