{"t_death": 1743.3000000001152, "death_mode": "cycle_collapse", "pnr_type": "rnap_deadlock", "t_pnr": 1719.9000000001129, "dt_walking_dead": 23.400000000002365, "N_RNAP": 2, "N_Ribo": 64, "N_ATP": 1000, "seed": 61}