{"t_death": 1055.7000000000457, "death_mode": "ribo_collapse", "pnr_type": "ribo_depletion", "t_pnr": 584.5499999999982, "dt_walking_dead": 471.1500000000475, "N_RNAP": 7, "N_Ribo": 2, "N_ATP": 1000, "seed": 22}