{"t_death": 3500.549999999559, "death_mode": "ribo_collapse", "pnr_type": "ribo_depletion", "t_pnr": 2596.9499999999243, "dt_walking_dead": 903.5999999996347, "N_RNAP": 2, "N_Ribo": 7, "N_ATP": 1000, "seed": 69}