{"t_death": 2302.2000000000435, "death_mode": "ribo_collapse", "pnr_type": "ribo_depletion", "t_pnr": 1144.8000000000548, "dt_walking_dead": 1157.3999999999887, "N_RNAP": 7, "N_Ribo": 4, "N_ATP": 1000, "seed": 25}