{"t_death": 5597.099999998712, "death_mode": "ribo_collapse", "pnr_type": "ribo_depletion", "t_pnr": 2875.049999999812, "dt_walking_dead": 2722.0499999988997, "N_RNAP": 64, "N_Ribo": 17, "N_ATP": 1000, "seed": 81}