{"t_death": 7689.149999997866, "death_mode": "ribo_collapse", "pnr_type": "ribo_depletion", "t_pnr": 3450.1499999995794, "dt_walking_dead": 4238.9999999982865, "N_RNAP": 64, "N_Ribo": 11, "N_ATP": 1000, "seed": 37}