{"t_death": 3183.2999999996873, "death_mode": "ribo_collapse", "pnr_type": "ribo_depletion", "t_pnr": 1540.3500000000947, "dt_walking_dead": 1642.9499999995926, "N_RNAP": 3, "N_Ribo": 4, "N_ATP": 1000, "seed": 62}