{"t_death": 6414.299999998381, "death_mode": "cycle_collapse", "pnr_type": "rnap_deadlock", "t_pnr": 6346.799999998409, "dt_walking_dead": 67.49999999997272, "N_RNAP": 64, "N_Ribo": 41, "N_ATP": 1000, "seed": 66}