{"t_death": 4744.799999999056, "death_mode": "ribo_collapse", "pnr_type": "ribo_depletion", "t_pnr": 1409.4000000000815, "dt_walking_dead": 3335.3999999989746, "N_RNAP": 2, "N_Ribo": 3, "N_ATP": 1000, "seed": 28}