{"t_death": 920.7000000000322, "death_mode": "cycle_collapse", "pnr_type": "rnap_deadlock", "t_pnr": 711.9000000000111, "dt_walking_dead": 208.8000000000211, "N_RNAP": 3, "N_Ribo": 7, "N_ATP": 1000, "seed": 63}