{"t_death": 1540.8000000000948, "death_mode": "ribo_collapse", "pnr_type": "ribo_depletion", "t_pnr": 261.8999999999972, "dt_walking_dead": 1278.9000000000976, "N_RNAP": 11, "N_Ribo": 2, "N_ATP": 1000, "seed": 7}