{"t_death": 2070.0000000001373, "death_mode": "cycle_collapse", "pnr_type": "rnap_deadlock", "t_pnr": 1997.550000000141, "dt_walking_dead": 72.44999999999641, "N_RNAP": 11, "N_Ribo": 17, "N_ATP": 1000, "seed": 86}