{"t_death": 4466.249999999169, "death_mode": "ribo_collapse", "pnr_type": "ribo_depletion", "t_pnr": 2982.5999999997684, "dt_walking_dead": 1483.6499999994003, "N_RNAP": 7, "N_Ribo": 27, "N_ATP": 1000, "seed": 66}