{"t_death": 1415.250000000082, "death_mode": "cycle_collapse", "pnr_type": "rnap_deadlock", "t_pnr": 909.000000000031, "dt_walking_dead": 506.25000000005105, "N_RNAP": 7, "N_Ribo": 3, "N_ATP": 1000, "seed": 46}