{"t_death": 1111.0500000000513, "death_mode": "ribo_collapse", "pnr_type": "ribo_depletion", "t_pnr": 930.1500000000332, "dt_walking_dead": 180.90000000001817, "N_RNAP": 3, "N_Ribo": 7, "N_ATP": 1000, "seed": 67}