{"t_death": 3565.7999999995327, "death_mode": "cycle_collapse", "pnr_type": "rnap_deadlock", "t_pnr": 3373.6499999996104, "dt_walking_dead": 192.14999999992233, "N_RNAP": 7, "N_Ribo": 100, "N_ATP": 1000, "seed": 72}