{"t_death": 1240.6500000000644, "death_mode": "ribo_collapse", "pnr_type": "ribo_depletion", "t_pnr": 778.9500000000179, "dt_walking_dead": 461.70000000004654, "N_RNAP": 4, "N_Ribo": 4, "N_ATP": 1000, "seed": 64}