{"t_death": 3505.949999999557, "death_mode": "ribo_collapse", "pnr_type": "ribo_depletion", "t_pnr": 1418.4000000000824, "dt_walking_dead": 2087.5499999994745, "N_RNAP": 100, "N_Ribo": 4, "N_ATP": 1000, "seed": 95}