{"t_death": 7406.99999999798, "death_mode": "ribo_collapse", "pnr_type": "ribo_depletion", "t_pnr": 5008.949999998949, "dt_walking_dead": 2398.0499999990307, "N_RNAP": 17, "N_Ribo": 17, "N_ATP": 1000, "seed": 71}