{"t_death": 5811.749999998625, "death_mode": "ribo_collapse", "pnr_type": "ribo_depletion", "t_pnr": 3511.7999999995545, "dt_walking_dead": 2299.9499999990703, "N_RNAP": 100, "N_Ribo": 2, "N_ATP": 1000, "seed": 30}