{"t_death": 5890.949999998593, "death_mode": "ribo_collapse", "pnr_type": "ribo_depletion", "t_pnr": 3547.79999999954, "dt_walking_dead": 2343.149999999053, "N_RNAP": 100, "N_Ribo": 17, "N_ATP": 1000, "seed": 84}