{"t_death": 5193.449999998875, "death_mode": "ribo_collapse", "pnr_type": "ribo_depletion", "t_pnr": 4216.9499999992695, "dt_walking_dead": 976.4999999996053, "N_RNAP": 17, "N_Ribo": 41, "N_ATP": 1000, "seed": 2}