{"t_death": 3266.5499999996537, "death_mode": "ribo_collapse", "pnr_type": "ribo_depletion", "t_pnr": 2190.6000000000886, "dt_walking_dead": 1075.949999999565, "N_RNAP": 3, "N_Ribo": 17, "N_ATP": 1000, "seed": 90}