{"t_death": 4244.849999999258, "death_mode": "cycle_collapse", "pnr_type": "rnap_deadlock", "t_pnr": 4234.049999999263, "dt_walking_dead": 10.799999999995634, "N_RNAP": 11, "N_Ribo": 27, "N_ATP": 1000, "seed": 86}