{"t_death": 6426.449999998376, "death_mode": "ribo_collapse", "pnr_type": "ribo_depletion", "t_pnr": 3375.8999999996095, "dt_walking_dead": 3050.549999998767, "N_RNAP": 100, "N_Ribo": 3, "N_ATP": 1000, "seed": 60}