{"t_death": 1744.2000000001153, "death_mode": "ribo_collapse", "pnr_type": "ribo_depletion", "t_pnr": 749.2500000000149, "dt_walking_dead": 994.9500000001004, "N_RNAP": 27, "N_Ribo": 2, "N_ATP": 1000, "seed": 45}