{"t_death": 5169.149999998885, "death_mode": "ribo_collapse", "pnr_type": "ribo_depletion", "t_pnr": 2878.1999999998106, "dt_walking_dead": 2290.949999999074, "N_RNAP": 100, "N_Ribo": 3, "N_ATP": 1000, "seed": 90}