{"t_death": 3625.6499999995085, "death_mode": "ribo_collapse", "pnr_type": "ribo_depletion", "t_pnr": 2725.1999999998725, "dt_walking_dead": 900.449999999636, "N_RNAP": 11, "N_Ribo": 17, "N_ATP": 1000, "seed": 58}