{"t_death": 4097.699999999318, "death_mode": "cycle_collapse", "pnr_type": "rnap_deadlock", "t_pnr": 3716.099999999472, "dt_walking_dead": 381.59999999984575, "N_RNAP": 64, "N_Ribo": 27, "N_ATP": 1000, "seed": 14}