{"t_death": 2420.9999999999955, "death_mode": "cycle_collapse", "pnr_type": "rnap_deadlock", "t_pnr": 2332.800000000031, "dt_walking_dead": 88.19999999996435, "N_RNAP": 7, "N_Ribo": 17, "N_ATP": 1000, "seed": 44}