{"t_death": 6671.249999998277, "death_mode": "ribo_collapse", "pnr_type": "ribo_depletion", "t_pnr": 3230.999999999668, "dt_walking_dead": 3440.2499999986094, "N_RNAP": 7, "N_Ribo": 11, "N_ATP": 1000, "seed": 92}