{"t_death": 1275.300000000068, "death_mode": "cycle_collapse", "pnr_type": "rnap_deadlock", "t_pnr": 1116.0000000000518, "dt_walking_dead": 159.3000000000161, "N_RNAP": 7, "N_Ribo": 41, "N_ATP": 1000, "seed": 99}