{"t_death": 7209.44999999806, "death_mode": "ribo_collapse", "pnr_type": "ribo_depletion", "t_pnr": 3901.049999999397, "dt_walking_dead": 3308.3999999986627, "N_RNAP": 64, "N_Ribo": 11, "N_ATP": 1000, "seed": 63}