{"t_death": 3637.7999999995036, "death_mode": "ribo_collapse", "pnr_type": "ribo_depletion", "t_pnr": 3531.1499999995467, "dt_walking_dead": 106.64999999995689, "N_RNAP": 11, "N_Ribo": 100, "N_ATP": 1000, "seed": 48}