{"t_death": 1397.7000000000803, "death_mode": "ribo_collapse", "pnr_type": "ribo_depletion", "t_pnr": 1337.4000000000742, "dt_walking_dead": 60.300000000006094, "N_RNAP": 3, "N_Ribo": 2, "N_ATP": 1000, "seed": 92}