{"t_death": 7207.649999998061, "death_mode": "ribo_collapse", "pnr_type": "ribo_depletion", "t_pnr": 3595.049999999521, "dt_walking_dead": 3612.5999999985397, "N_RNAP": 17, "N_Ribo": 41, "N_ATP": 1000, "seed": 80}