{"t_death": 4260.149999999252, "death_mode": "ribo_collapse", "pnr_type": "ribo_depletion", "t_pnr": 2951.999999999781, "dt_walking_dead": 1308.1499999994712, "N_RNAP": 100, "N_Ribo": 7, "N_ATP": 1000, "seed": 8}