{"t_death": 3969.4499999993695, "death_mode": "ribo_collapse", "pnr_type": "ribo_depletion", "t_pnr": 3814.1999999994323, "dt_walking_dead": 155.24999999993724, "N_RNAP": 27, "N_Ribo": 7, "N_ATP": 1000, "seed": 40}