{"t_death": 5895.449999998591, "death_mode": "ribo_collapse", "pnr_type": "ribo_depletion", "t_pnr": 3735.899999999464, "dt_walking_dead": 2159.549999999127, "N_RNAP": 64, "N_Ribo": 4, "N_ATP": 1000, "seed": 59}