{"t_death": 3554.999999999537, "death_mode": "ribo_collapse", "pnr_type": "ribo_depletion", "t_pnr": 1823.4000000001233, "dt_walking_dead": 1731.5999999994137, "N_RNAP": 11, "N_Ribo": 2, "N_ATP": 1000, "seed": 19}