{"t_death": 5751.449999998649, "death_mode": "ribo_collapse", "pnr_type": "ribo_depletion", "t_pnr": 3727.3499999994674, "dt_walking_dead": 2024.0999999991818, "N_RNAP": 27, "N_Ribo": 27, "N_ATP": 1000, "seed": 70}