{"t_death": 3409.649999999596, "death_mode": "ribo_collapse", "pnr_type": "ribo_depletion", "t_pnr": 949.0500000000351, "dt_walking_dead": 2460.5999999995606, "N_RNAP": 11, "N_Ribo": 2, "N_ATP": 1000, "seed": 13}