{"t_death": 1880.550000000129, "death_mode": "cycle_collapse", "pnr_type": "rnap_deadlock", "t_pnr": 1860.300000000127, "dt_walking_dead": 20.250000000002046, "N_RNAP": 4, "N_Ribo": 7, "N_ATP": 1000, "seed": 85}