{"t_death": 2100.150000000125, "death_mode": "cycle_collapse", "pnr_type": "rnap_deadlock", "t_pnr": 1878.750000000129, "dt_walking_dead": 221.39999999999623, "N_RNAP": 4, "N_Ribo": 64, "N_ATP": 1000, "seed": 97}