{"t_death": 2521.7999999999547, "death_mode": "ribo_collapse", "pnr_type": "ribo_depletion", "t_pnr": 1075.5000000000477, "dt_walking_dead": 1446.299999999907, "N_RNAP": 7, "N_Ribo": 4, "N_ATP": 1000, "seed": 45}