{"t_death": 4471.199999999167, "death_mode": "ribo_collapse", "pnr_type": "ribo_depletion", "t_pnr": 4172.3999999992875, "dt_walking_dead": 298.7999999998792, "N_RNAP": 27, "N_Ribo": 27, "N_ATP": 1000, "seed": 47}