{"t_death": 4915.349999998987, "death_mode": "ribo_collapse", "pnr_type": "ribo_depletion", "t_pnr": 3047.849999999742, "dt_walking_dead": 1867.4999999992451, "N_RNAP": 11, "N_Ribo": 17, "N_ATP": 1000, "seed": 21}