{"t_death": 2965.4999999997754, "death_mode": "ribo_collapse", "pnr_type": "ribo_depletion", "t_pnr": 2215.8000000000784, "dt_walking_dead": 749.699999999697, "N_RNAP": 4, "N_Ribo": 41, "N_ATP": 1000, "seed": 52}