{"t_death": 6547.949999998327, "death_mode": "ribo_collapse", "pnr_type": "ribo_depletion", "t_pnr": 2740.0499999998665, "dt_walking_dead": 3807.8999999984608, "N_RNAP": 100, "N_Ribo": 3, "N_ATP": 1000, "seed": 14}