{"t_death": 3053.6999999997397, "death_mode": "cycle_collapse", "pnr_type": "rnap_deadlock", "t_pnr": 2977.1999999997706, "dt_walking_dead": 76.49999999996908, "N_RNAP": 3, "N_Ribo": 41, "N_ATP": 1000, "seed": 35}