{"t_death": 4126.499999999306, "death_mode": "ribo_collapse", "pnr_type": "ribo_depletion", "t_pnr": 3770.09999999945, "dt_walking_dead": 356.39999999985594, "N_RNAP": 41, "N_Ribo": 17, "N_ATP": 1000, "seed": 66}