{"t_death": 5622.749999998701, "death_mode": "ribo_collapse", "pnr_type": "ribo_depletion", "t_pnr": 5267.699999998845, "dt_walking_dead": 355.0499999998565, "N_RNAP": 11, "N_Ribo": 100, "N_ATP": 1000, "seed": 72}