{"t_death": 4933.34999999898, "death_mode": "ribo_collapse", "pnr_type": "ribo_depletion", "t_pnr": 4309.649999999232, "dt_walking_dead": 623.6999999997479, "N_RNAP": 64, "N_Ribo": 4, "N_ATP": 1000, "seed": 9}