{"t_death": 2179.350000000093, "death_mode": "ribo_collapse", "pnr_type": "ribo_depletion", "t_pnr": 1598.4000000001006, "dt_walking_dead": 580.9499999999925, "N_RNAP": 4, "N_Ribo": 2, "N_ATP": 1000, "seed": 92}