{"t_death": 4828.0499999990225, "death_mode": "ribo_collapse", "pnr_type": "ribo_depletion", "t_pnr": 3689.099999999483, "dt_walking_dead": 1138.9499999995396, "N_RNAP": 17, "N_Ribo": 11, "N_ATP": 1000, "seed": 67}