{"t_death": 4092.29999999932, "death_mode": "ribo_collapse", "pnr_type": "ribo_depletion", "t_pnr": 3172.4999999996917, "dt_walking_dead": 919.7999999996282, "N_RNAP": 17, "N_Ribo": 3, "N_ATP": 1000, "seed": 90}