{"t_death": 9548.099999999855, "death_mode": "ribo_collapse", "pnr_type": "ribo_depletion", "t_pnr": 5827.049999998619, "dt_walking_dead": 3721.050000001236, "N_RNAP": 64, "N_Ribo": 64, "N_ATP": 1000, "seed": 44}