{"t_death": 5890.049999998593, "death_mode": "ribo_collapse", "pnr_type": "ribo_depletion", "t_pnr": 841.9500000000243, "dt_walking_dead": 5048.099999998569, "N_RNAP": 11, "N_Ribo": 3, "N_ATP": 1000, "seed": 9}