{"t_death": 5196.149999998874, "death_mode": "ribo_collapse", "pnr_type": "ribo_depletion", "t_pnr": 3753.449999999457, "dt_walking_dead": 1442.6999999994168, "N_RNAP": 100, "N_Ribo": 11, "N_ATP": 1000, "seed": 57}