{"t_death": 2913.2999999997965, "death_mode": "ribo_collapse", "pnr_type": "ribo_depletion", "t_pnr": 2632.94999999991, "dt_walking_dead": 280.3499999998867, "N_RNAP": 17, "N_Ribo": 27, "N_ATP": 1000, "seed": 36}