{"t_death": 6097.949999998509, "death_mode": "ribo_collapse", "pnr_type": "ribo_depletion", "t_pnr": 5120.999999998904, "dt_walking_dead": 976.9499999996051, "N_RNAP": 100, "N_Ribo": 17, "N_ATP": 1000, "seed": 51}