{"t_death": 3597.74999999952, "death_mode": "cycle_collapse", "pnr_type": "rnap_deadlock", "t_pnr": 3595.049999999521, "dt_walking_dead": 2.6999999999989086, "N_RNAP": 27, "N_Ribo": 41, "N_ATP": 1000, "seed": 66}