{"t_death": 5161.499999998888, "death_mode": "ribo_collapse", "pnr_type": "ribo_depletion", "t_pnr": 4897.3499999989945, "dt_walking_dead": 264.1499999998932, "N_RNAP": 11, "N_Ribo": 41, "N_ATP": 1000, "seed": 67}