{"t_death": 4864.499999999008, "death_mode": "ribo_collapse", "pnr_type": "ribo_depletion", "t_pnr": 4848.299999999014, "dt_walking_dead": 16.19999999999345, "N_RNAP": 4, "N_Ribo": 100, "N_ATP": 1000, "seed": 29}