{"t_death": 4054.499999999335, "death_mode": "cycle_collapse", "pnr_type": "rnap_deadlock", "t_pnr": 4043.2499999993397, "dt_walking_dead": 11.249999999995453, "N_RNAP": 64, "N_Ribo": 41, "N_ATP": 1000, "seed": 4}