{"t_death": 8405.549999998007, "death_mode": "ribo_collapse", "pnr_type": "ribo_depletion", "t_pnr": 2328.300000000033, "dt_walking_dead": 6077.249999997975, "N_RNAP": 64, "N_Ribo": 17, "N_ATP": 1000, "seed": 29}