{"t_death": 5170.499999998884, "death_mode": "ribo_collapse", "pnr_type": "ribo_depletion", "t_pnr": 3194.5499999996828, "dt_walking_dead": 1975.9499999992013, "N_RNAP": 11, "N_Ribo": 17, "N_ATP": 1000, "seed": 37}