{"t_death": 3883.4999999994043, "death_mode": "ribo_collapse", "pnr_type": "ribo_depletion", "t_pnr": 3652.6499999994976, "dt_walking_dead": 230.8499999999067, "N_RNAP": 64, "N_Ribo": 27, "N_ATP": 1000, "seed": 77}