{"t_death": 5620.049999998702, "death_mode": "ribo_collapse", "pnr_type": "ribo_depletion", "t_pnr": 5139.899999998896, "dt_walking_dead": 480.1499999998059, "N_RNAP": 27, "N_Ribo": 27, "N_ATP": 1000, "seed": 67}