{"t_death": 1839.150000000125, "death_mode": "cycle_collapse", "pnr_type": "rnap_deadlock", "t_pnr": 1799.550000000121, "dt_walking_dead": 39.600000000004, "N_RNAP": 11, "N_Ribo": 11, "N_ATP": 1000, "seed": 93}