{"t_death": 3392.5499999996027, "death_mode": "ribo_collapse", "pnr_type": "ribo_depletion", "t_pnr": 2834.999999999828, "dt_walking_dead": 557.5499999997746, "N_RNAP": 64, "N_Ribo": 3, "N_ATP": 1000, "seed": 35}