{"t_death": 3992.3999999993603, "death_mode": "cycle_collapse", "pnr_type": "rnap_deadlock", "t_pnr": 3945.1499999993794, "dt_walking_dead": 47.2499999999809, "N_RNAP": 100, "N_Ribo": 7, "N_ATP": 1000, "seed": 61}