{"t_death": 5486.399999998756, "death_mode": "ribo_collapse", "pnr_type": "ribo_depletion", "t_pnr": 4480.199999999163, "dt_walking_dead": 1006.1999999995933, "N_RNAP": 2, "N_Ribo": 41, "N_ATP": 1000, "seed": 38}