{"t_death": 2675.2499999998927, "death_mode": "ribo_collapse", "pnr_type": "ribo_depletion", "t_pnr": 648.4500000000047, "dt_walking_dead": 2026.7999999998879, "N_RNAP": 4, "N_Ribo": 3, "N_ATP": 1000, "seed": 18}