{"t_death": 5928.749999998578, "death_mode": "ribo_collapse", "pnr_type": "ribo_depletion", "t_pnr": 4156.649999999294, "dt_walking_dead": 1772.0999999992837, "N_RNAP": 64, "N_Ribo": 11, "N_ATP": 1000, "seed": 53}