{"t_death": 3213.449999999675, "death_mode": "cycle_collapse", "pnr_type": "rnap_deadlock", "t_pnr": 3122.9999999997117, "dt_walking_dead": 90.44999999996344, "N_RNAP": 41, "N_Ribo": 17, "N_ATP": 1000, "seed": 7}