{"t_death": 3544.6499999995413, "death_mode": "ribo_collapse", "pnr_type": "ribo_depletion", "t_pnr": 3179.249999999689, "dt_walking_dead": 365.3999999998523, "N_RNAP": 11, "N_Ribo": 64, "N_ATP": 1000, "seed": 17}