{"t_death": 5130.4499999989, "death_mode": "ribo_collapse", "pnr_type": "ribo_depletion", "t_pnr": 4079.699999999325, "dt_walking_dead": 1050.7499999995753, "N_RNAP": 3, "N_Ribo": 41, "N_ATP": 1000, "seed": 22}