{"t_death": 1083.6000000000486, "death_mode": "cycle_collapse", "pnr_type": "rnap_deadlock", "t_pnr": 989.5500000000392, "dt_walking_dead": 94.05000000000939, "N_RNAP": 2, "N_Ribo": 7, "N_ATP": 1000, "seed": 84}