{"t_death": 5338.349999998816, "death_mode": "ribo_collapse", "pnr_type": "ribo_depletion", "t_pnr": 4679.099999999083, "dt_walking_dead": 659.2499999997335, "N_RNAP": 100, "N_Ribo": 3, "N_ATP": 1000, "seed": 33}