{"t_death": 3790.349999999442, "death_mode": "ribo_collapse", "pnr_type": "ribo_depletion", "t_pnr": 2202.300000000084, "dt_walking_dead": 1588.049999999358, "N_RNAP": 11, "N_Ribo": 7, "N_ATP": 1000, "seed": 8}