{"t_death": 4628.249999999103, "death_mode": "ribo_collapse", "pnr_type": "ribo_depletion", "t_pnr": 3589.1999999995232, "dt_walking_dead": 1039.04999999958, "N_RNAP": 100, "N_Ribo": 3, "N_ATP": 1000, "seed": 59}