{"t_death": 7424.099999997973, "death_mode": "ribo_collapse", "pnr_type": "ribo_depletion", "t_pnr": 3281.3999999996477, "dt_walking_dead": 4142.699999998325, "N_RNAP": 41, "N_Ribo": 41, "N_ATP": 1000, "seed": 95}