{"t_death": 4459.499999999171, "death_mode": "ribo_collapse", "pnr_type": "ribo_depletion", "t_pnr": 4283.099999999243, "dt_walking_dead": 176.3999999999287, "N_RNAP": 17, "N_Ribo": 41, "N_ATP": 1000, "seed": 24}