{"t_death": 7612.649999997897, "death_mode": "ribo_collapse", "pnr_type": "ribo_depletion", "t_pnr": 2290.500000000048, "dt_walking_dead": 5322.149999997849, "N_RNAP": 41, "N_Ribo": 4, "N_ATP": 1000, "seed": 29}