{"t_death": 5602.04999999871, "death_mode": "ribo_collapse", "pnr_type": "ribo_depletion", "t_pnr": 5585.399999998716, "dt_walking_dead": 16.64999999999327, "N_RNAP": 11, "N_Ribo": 100, "N_ATP": 1000, "seed": 95}