{"t_death": 4468.949999999168, "death_mode": "ribo_collapse", "pnr_type": "ribo_depletion", "t_pnr": 2161.3500000001004, "dt_walking_dead": 2307.599999999067, "N_RNAP": 100, "N_Ribo": 4, "N_ATP": 1000, "seed": 55}