{"t_death": 3838.0499999994227, "death_mode": "ribo_collapse", "pnr_type": "ribo_depletion", "t_pnr": 2979.4499999997697, "dt_walking_dead": 858.5999999996529, "N_RNAP": 64, "N_Ribo": 3, "N_ATP": 1000, "seed": 85}