{"t_death": 2749.9499999998625, "death_mode": "ribo_collapse", "pnr_type": "ribo_depletion", "t_pnr": 2238.750000000069, "dt_walking_dead": 511.19999999979336, "N_RNAP": 17, "N_Ribo": 3, "N_ATP": 1000, "seed": 22}