{"t_death": 2138.8500000001095, "death_mode": "ribo_collapse", "pnr_type": "ribo_depletion", "t_pnr": 1070.1000000000472, "dt_walking_dead": 1068.7500000000623, "N_RNAP": 11, "N_Ribo": 7, "N_ATP": 1000, "seed": 9}