{"t_death": 4036.0499999993426, "death_mode": "ribo_collapse", "pnr_type": "ribo_depletion", "t_pnr": 2375.100000000014, "dt_walking_dead": 1660.9499999993286, "N_RNAP": 64, "N_Ribo": 3, "N_ATP": 1000, "seed": 63}