{"t_death": 2658.1499999998996, "death_mode": "ribo_collapse", "pnr_type": "ribo_depletion", "t_pnr": 1930.050000000134, "dt_walking_dead": 728.0999999997655, "N_RNAP": 3, "N_Ribo": 7, "N_ATP": 1000, "seed": 94}