{"t_death": 7733.699999997848, "death_mode": "ribo_collapse", "pnr_type": "ribo_depletion", "t_pnr": 3186.449999999686, "dt_walking_dead": 4547.249999998162, "N_RNAP": 64, "N_Ribo": 7, "N_ATP": 1000, "seed": 78}