{"t_death": 2138.8500000001095, "death_mode": "ribo_collapse", "pnr_type": "ribo_depletion", "t_pnr": 433.79999999999285, "dt_walking_dead": 1705.0500000001166, "N_RNAP": 7, "N_Ribo": 4, "N_ATP": 1000, "seed": 65}