{"t_death": 2797.1999999998434, "death_mode": "ribo_collapse", "pnr_type": "ribo_depletion", "t_pnr": 2686.949999999888, "dt_walking_dead": 110.24999999995543, "N_RNAP": 27, "N_Ribo": 27, "N_ATP": 1000, "seed": 54}