{"t_death": 3251.24999999966, "death_mode": "cycle_collapse", "pnr_type": "rnap_deadlock", "t_pnr": 3165.7499999996944, "dt_walking_dead": 85.49999999996544, "N_RNAP": 11, "N_Ribo": 100, "N_ATP": 1000, "seed": 10}