{"t_death": 2038.500000000145, "death_mode": "ribo_collapse", "pnr_type": "ribo_depletion", "t_pnr": 601.1999999999999, "dt_walking_dead": 1437.3000000001452, "N_RNAP": 2, "N_Ribo": 3, "N_ATP": 1000, "seed": 18}