{"t_death": 5397.299999998792, "death_mode": "ribo_collapse", "pnr_type": "ribo_depletion", "t_pnr": 2903.8499999998003, "dt_walking_dead": 2493.449999998992, "N_RNAP": 41, "N_Ribo": 17, "N_ATP": 1000, "seed": 81}