{"t_death": 3976.6499999993666, "death_mode": "ribo_collapse", "pnr_type": "ribo_depletion", "t_pnr": 946.8000000000349, "dt_walking_dead": 3029.849999999332, "N_RNAP": 17, "N_Ribo": 3, "N_ATP": 1000, "seed": 94}