{"t_death": 2966.849999999775, "death_mode": "ribo_collapse", "pnr_type": "ribo_depletion", "t_pnr": 2653.6499999999014, "dt_walking_dead": 313.1999999998734, "N_RNAP": 11, "N_Ribo": 11, "N_ATP": 1000, "seed": 42}