{"t_death": 5950.799999998569, "death_mode": "ribo_collapse", "pnr_type": "ribo_depletion", "t_pnr": 1758.1500000001167, "dt_walking_dead": 4192.649999998452, "N_RNAP": 27, "N_Ribo": 7, "N_ATP": 1000, "seed": 54}