{"t_death": 2105.100000000123, "death_mode": "ribo_collapse", "pnr_type": "ribo_depletion", "t_pnr": 1870.200000000128, "dt_walking_dead": 234.8999999999951, "N_RNAP": 11, "N_Ribo": 4, "N_ATP": 1000, "seed": 45}