{"t_death": 4814.099999999028, "death_mode": "ribo_collapse", "pnr_type": "ribo_depletion", "t_pnr": 2835.8999999998277, "dt_walking_dead": 1978.1999999992004, "N_RNAP": 4, "N_Ribo": 27, "N_ATP": 1000, "seed": 45}