{"t_death": 3848.3999999994185, "death_mode": "cycle_collapse", "pnr_type": "rnap_deadlock", "t_pnr": 3776.8499999994474, "dt_walking_dead": 71.54999999997108, "N_RNAP": 3, "N_Ribo": 100, "N_ATP": 1000, "seed": 51}