{"t_death": 6213.149999998463, "death_mode": "ribo_collapse", "pnr_type": "ribo_depletion", "t_pnr": 4521.599999999146, "dt_walking_dead": 1691.5499999993162, "N_RNAP": 64, "N_Ribo": 41, "N_ATP": 1000, "seed": 17}