{"t_death": 4857.299999999011, "death_mode": "ribo_collapse", "pnr_type": "ribo_depletion", "t_pnr": 4436.999999999181, "dt_walking_dead": 420.2999999998301, "N_RNAP": 27, "N_Ribo": 41, "N_ATP": 1000, "seed": 59}