{"t_death": 3200.3999999996804, "death_mode": "cycle_collapse", "pnr_type": "rnap_deadlock", "t_pnr": 3200.3999999996804, "dt_walking_dead": 0.0, "N_RNAP": 11, "N_Ribo": 41, "N_ATP": 1000, "seed": 96}