{"t_death": 3885.7499999994034, "death_mode": "ribo_collapse", "pnr_type": "ribo_depletion", "t_pnr": 3621.1499999995103, "dt_walking_dead": 264.59999999989304, "N_RNAP": 64, "N_Ribo": 3, "N_ATP": 1000, "seed": 70}