{"t_death": 4055.8499999993346, "death_mode": "ribo_collapse", "pnr_type": "ribo_depletion", "t_pnr": 966.1500000000368, "dt_walking_dead": 3089.6999999992977, "N_RNAP": 17, "N_Ribo": 4, "N_ATP": 1000, "seed": 21}