{"t_death": 3634.199999999505, "death_mode": "ribo_collapse", "pnr_type": "ribo_depletion", "t_pnr": 3518.9999999995516, "dt_walking_dead": 115.19999999995343, "N_RNAP": 27, "N_Ribo": 7, "N_ATP": 1000, "seed": 71}