{"t_death": 8416.349999998025, "death_mode": "ribo_collapse", "pnr_type": "ribo_depletion", "t_pnr": 4507.649999999152, "dt_walking_dead": 3908.699999998873, "N_RNAP": 27, "N_Ribo": 41, "N_ATP": 1000, "seed": 24}