{"t_death": 5062.499999998928, "death_mode": "ribo_collapse", "pnr_type": "ribo_depletion", "t_pnr": 3176.99999999969, "dt_walking_dead": 1885.4999999992378, "N_RNAP": 64, "N_Ribo": 4, "N_ATP": 1000, "seed": 90}