{"t_death": 2268.450000000057, "death_mode": "cycle_collapse", "pnr_type": "rnap_deadlock", "t_pnr": 2255.4000000000624, "dt_walking_dead": 13.049999999994725, "N_RNAP": 2, "N_Ribo": 27, "N_ATP": 1000, "seed": 81}