{"t_death": 3060.899999999737, "death_mode": "ribo_collapse", "pnr_type": "ribo_depletion", "t_pnr": 1543.950000000095, "dt_walking_dead": 1516.9499999996417, "N_RNAP": 17, "N_Ribo": 3, "N_ATP": 1000, "seed": 78}