{"t_death": 2152.800000000104, "death_mode": "ribo_collapse", "pnr_type": "ribo_depletion", "t_pnr": 1464.750000000087, "dt_walking_dead": 688.0500000000168, "N_RNAP": 27, "N_Ribo": 2, "N_ATP": 1000, "seed": 75}