{"t_death": 3655.3499999994965, "death_mode": "ribo_collapse", "pnr_type": "ribo_depletion", "t_pnr": 3655.3499999994965, "dt_walking_dead": 0.0, "N_RNAP": 11, "N_Ribo": 11, "N_ATP": 1000, "seed": 79}