{"t_death": 1991.7000000001403, "death_mode": "ribo_collapse", "pnr_type": "ribo_depletion", "t_pnr": 652.9500000000052, "dt_walking_dead": 1338.750000000135, "N_RNAP": 4, "N_Ribo": 3, "N_ATP": 1000, "seed": 57}