{"t_death": 3015.449999999755, "death_mode": "ribo_collapse", "pnr_type": "ribo_depletion", "t_pnr": 1266.750000000067, "dt_walking_dead": 1748.699999999688, "N_RNAP": 3, "N_Ribo": 7, "N_ATP": 1000, "seed": 99}