{"t_death": 2746.7999999998638, "death_mode": "cycle_collapse", "pnr_type": "rnap_deadlock", "t_pnr": 2578.049999999932, "dt_walking_dead": 168.7499999999318, "N_RNAP": 11, "N_Ribo": 7, "N_ATP": 1000, "seed": 33}