{"t_death": 1432.3500000000838, "death_mode": "cycle_collapse", "pnr_type": "rnap_deadlock", "t_pnr": 1359.4500000000764, "dt_walking_dead": 72.90000000000737, "N_RNAP": 2, "N_Ribo": 17, "N_ATP": 1000, "seed": 63}