{"t_death": 2076.7500000001346, "death_mode": "cycle_collapse", "pnr_type": "rnap_deadlock", "t_pnr": 2001.6000000001413, "dt_walking_dead": 75.14999999999327, "N_RNAP": 3, "N_Ribo": 7, "N_ATP": 1000, "seed": 54}