{"t_death": 3842.9999999994207, "death_mode": "ribo_collapse", "pnr_type": "ribo_depletion", "t_pnr": 1429.2000000000835, "dt_walking_dead": 2413.799999999337, "N_RNAP": 41, "N_Ribo": 2, "N_ATP": 1000, "seed": 16}