{"t_death": 7618.049999997895, "death_mode": "ribo_collapse", "pnr_type": "ribo_depletion", "t_pnr": 3094.1999999997233, "dt_walking_dead": 4523.849999998171, "N_RNAP": 11, "N_Ribo": 64, "N_ATP": 1000, "seed": 63}