{"t_death": 4137.7499999993015, "death_mode": "ribo_collapse", "pnr_type": "ribo_depletion", "t_pnr": 728.5500000000128, "dt_walking_dead": 3409.1999999992886, "N_RNAP": 27, "N_Ribo": 3, "N_ATP": 1000, "seed": 34}