{"t_death": 754.6500000000154, "death_mode": "cycle_collapse", "pnr_type": "rnap_deadlock", "t_pnr": 613.8000000000012, "dt_walking_dead": 140.85000000001423, "N_RNAP": 2, "N_Ribo": 17, "N_ATP": 1000, "seed": 73}