{"t_death": 3962.6999999993723, "death_mode": "ribo_collapse", "pnr_type": "ribo_depletion", "t_pnr": 2579.8499999999312, "dt_walking_dead": 1382.849999999441, "N_RNAP": 3, "N_Ribo": 7, "N_ATP": 1000, "seed": 78}