{"t_death": 5205.14999999887, "death_mode": "ribo_collapse", "pnr_type": "ribo_depletion", "t_pnr": 4312.349999999231, "dt_walking_dead": 892.7999999996391, "N_RNAP": 100, "N_Ribo": 17, "N_ATP": 1000, "seed": 3}