{"t_death": 4837.9499999990185, "death_mode": "ribo_collapse", "pnr_type": "ribo_depletion", "t_pnr": 3488.399999999564, "dt_walking_dead": 1349.5499999994545, "N_RNAP": 27, "N_Ribo": 27, "N_ATP": 1000, "seed": 26}