{"t_death": 5165.549999998886, "death_mode": "ribo_collapse", "pnr_type": "ribo_depletion", "t_pnr": 5124.149999998903, "dt_walking_dead": 41.399999999983265, "N_RNAP": 7, "N_Ribo": 41, "N_ATP": 1000, "seed": 91}