{"t_death": 5779.349999998638, "death_mode": "ribo_collapse", "pnr_type": "ribo_depletion", "t_pnr": 3222.8999999996713, "dt_walking_dead": 2556.4499999989666, "N_RNAP": 41, "N_Ribo": 7, "N_ATP": 1000, "seed": 79}