{"t_death": 4189.94999999928, "death_mode": "cycle_collapse", "pnr_type": "rnap_deadlock", "t_pnr": 4040.099999999341, "dt_walking_dead": 149.84999999993943, "N_RNAP": 64, "N_Ribo": 11, "N_ATP": 1000, "seed": 2}