{"t_death": 3170.6999999996924, "death_mode": "cycle_collapse", "pnr_type": "rnap_deadlock", "t_pnr": 3139.199999999705, "dt_walking_dead": 31.499999999987267, "N_RNAP": 3, "N_Ribo": 17, "N_ATP": 1000, "seed": 31}