{"t_death": 2915.9999999997954, "death_mode": "ribo_collapse", "pnr_type": "ribo_depletion", "t_pnr": 2048.400000000146, "dt_walking_dead": 867.5999999996493, "N_RNAP": 11, "N_Ribo": 2, "N_ATP": 1000, "seed": 10}