{"t_death": 4694.849999999076, "death_mode": "atp_depletion", "pnr_type": "ribo_depletion", "t_pnr": 2142.900000000108, "dt_walking_dead": 2551.9499999989685, "N_RNAP": 100, "N_Ribo": 3, "N_ATP": 1000, "seed": 75}