{"t_death": 4704.749999999072, "death_mode": "ribo_collapse", "pnr_type": "ribo_depletion", "t_pnr": 1171.3500000000574, "dt_walking_dead": 3533.3999999990147, "N_RNAP": 41, "N_Ribo": 2, "N_ATP": 1000, "seed": 8}