{"t_death": 3871.349999999409, "death_mode": "cycle_collapse", "pnr_type": "rnap_deadlock", "t_pnr": 3750.749999999458, "dt_walking_dead": 120.59999999995125, "N_RNAP": 7, "N_Ribo": 64, "N_ATP": 1000, "seed": 90}