{"t_death": 4703.399999999073, "death_mode": "ribo_collapse", "pnr_type": "ribo_depletion", "t_pnr": 593.5499999999992, "dt_walking_dead": 4109.849999999074, "N_RNAP": 100, "N_Ribo": 2, "N_ATP": 1000, "seed": 81}