{"t_death": 6523.199999998337, "death_mode": "ribo_collapse", "pnr_type": "ribo_depletion", "t_pnr": 22.04999999999998, "dt_walking_dead": 6501.149999998337, "N_RNAP": 41, "N_Ribo": 2, "N_ATP": 1000, "seed": 43}