{"t_death": 5035.049999998939, "death_mode": "ribo_collapse", "pnr_type": "ribo_depletion", "t_pnr": 1587.1500000000995, "dt_walking_dead": 3447.899999998839, "N_RNAP": 7, "N_Ribo": 2, "N_ATP": 1000, "seed": 18}