{"t_death": 7112.249999998099, "death_mode": "ribo_collapse", "pnr_type": "ribo_depletion", "t_pnr": 2428.1999999999925, "dt_walking_dead": 4684.049999998107, "N_RNAP": 17, "N_Ribo": 7, "N_ATP": 1000, "seed": 88}