{"t_death": 3401.549999999599, "death_mode": "cycle_collapse", "pnr_type": "rnap_deadlock", "t_pnr": 3295.349999999642, "dt_walking_dead": 106.19999999995707, "N_RNAP": 17, "N_Ribo": 7, "N_ATP": 1000, "seed": 57}