{"t_death": 5245.649999998854, "death_mode": "ribo_collapse", "pnr_type": "ribo_depletion", "t_pnr": 4644.449999999097, "dt_walking_dead": 601.199999999757, "N_RNAP": 41, "N_Ribo": 64, "N_ATP": 1000, "seed": 65}