{"t_death": 4873.049999999004, "death_mode": "ribo_collapse", "pnr_type": "ribo_depletion", "t_pnr": 2973.599999999772, "dt_walking_dead": 1899.4499999992322, "N_RNAP": 27, "N_Ribo": 4, "N_ATP": 1000, "seed": 48}