{"t_death": 3868.6499999994103, "death_mode": "ribo_collapse", "pnr_type": "ribo_depletion", "t_pnr": 3132.8999999997077, "dt_walking_dead": 735.7499999997026, "N_RNAP": 27, "N_Ribo": 11, "N_ATP": 1000, "seed": 65}