{"t_death": 7905.149999997779, "death_mode": "ribo_collapse", "pnr_type": "ribo_depletion", "t_pnr": 4229.549999999264, "dt_walking_dead": 3675.5999999985142, "N_RNAP": 100, "N_Ribo": 2, "N_ATP": 1000, "seed": 58}