{"t_death": 4101.749999999316, "death_mode": "ribo_collapse", "pnr_type": "ribo_depletion", "t_pnr": 3314.699999999634, "dt_walking_dead": 787.0499999996819, "N_RNAP": 11, "N_Ribo": 27, "N_ATP": 1000, "seed": 23}