{"t_death": 2714.8499999998767, "death_mode": "cycle_collapse", "pnr_type": "rnap_deadlock", "t_pnr": 2714.8499999998767, "dt_walking_dead": 0.0, "N_RNAP": 41, "N_Ribo": 17, "N_ATP": 1000, "seed": 35}