{"t_death": 5660.549999998686, "death_mode": "ribo_collapse", "pnr_type": "ribo_depletion", "t_pnr": 4074.299999999327, "dt_walking_dead": 1586.2499999993588, "N_RNAP": 64, "N_Ribo": 27, "N_ATP": 1000, "seed": 37}