{"t_death": 1980.0000000001392, "death_mode": "cycle_collapse", "pnr_type": "rnap_deadlock", "t_pnr": 1833.7500000001244, "dt_walking_dead": 146.25000000001478, "N_RNAP": 4, "N_Ribo": 64, "N_ATP": 1000, "seed": 45}