{"t_death": 6040.349999998532, "death_mode": "ribo_collapse", "pnr_type": "ribo_depletion", "t_pnr": 3199.4999999996808, "dt_walking_dead": 2840.8499999988517, "N_RNAP": 17, "N_Ribo": 27, "N_ATP": 1000, "seed": 78}