{"t_death": 6309.449999998424, "death_mode": "ribo_collapse", "pnr_type": "ribo_depletion", "t_pnr": 3024.4499999997515, "dt_walking_dead": 3284.999999998672, "N_RNAP": 41, "N_Ribo": 4, "N_ATP": 1000, "seed": 46}