{"t_death": 3187.7999999996855, "death_mode": "cycle_collapse", "pnr_type": "rnap_deadlock", "t_pnr": 3177.8999999996895, "dt_walking_dead": 9.899999999995998, "N_RNAP": 11, "N_Ribo": 7, "N_ATP": 1000, "seed": 87}