{"t_death": 4260.149999999252, "death_mode": "ribo_collapse", "pnr_type": "ribo_depletion", "t_pnr": 3284.0999999996466, "dt_walking_dead": 976.0499999996055, "N_RNAP": 27, "N_Ribo": 27, "N_ATP": 1000, "seed": 81}