{"t_death": 4822.199999999025, "death_mode": "ribo_collapse", "pnr_type": "ribo_depletion", "t_pnr": 4118.399999999309, "dt_walking_dead": 703.7999999997155, "N_RNAP": 64, "N_Ribo": 3, "N_ATP": 1000, "seed": 56}