{"t_death": 3252.5999999996593, "death_mode": "cycle_collapse", "pnr_type": "rnap_deadlock", "t_pnr": 3237.2999999996655, "dt_walking_dead": 15.299999999993815, "N_RNAP": 41, "N_Ribo": 17, "N_ATP": 1000, "seed": 38}