{"t_death": 5130.8999999989, "death_mode": "ribo_collapse", "pnr_type": "ribo_depletion", "t_pnr": 4549.499999999135, "dt_walking_dead": 581.399999999765, "N_RNAP": 4, "N_Ribo": 100, "N_ATP": 1000, "seed": 81}