{"t_death": 6188.849999998472, "death_mode": "ribo_collapse", "pnr_type": "ribo_depletion", "t_pnr": 5103.449999998911, "dt_walking_dead": 1085.3999999995613, "N_RNAP": 11, "N_Ribo": 41, "N_ATP": 1000, "seed": 2}