{"t_death": 3396.1499999996013, "death_mode": "ribo_collapse", "pnr_type": "ribo_depletion", "t_pnr": 3021.299999999753, "dt_walking_dead": 374.8499999998485, "N_RNAP": 17, "N_Ribo": 27, "N_ATP": 1000, "seed": 88}