{"t_death": 3236.8499999996657, "death_mode": "ribo_collapse", "pnr_type": "ribo_depletion", "t_pnr": 2686.949999999888, "dt_walking_dead": 549.8999999997777, "N_RNAP": 17, "N_Ribo": 2, "N_ATP": 1000, "seed": 61}