{"t_death": 3367.349999999613, "death_mode": "ribo_collapse", "pnr_type": "ribo_depletion", "t_pnr": 1457.5500000000864, "dt_walking_dead": 1909.7999999995266, "N_RNAP": 17, "N_Ribo": 11, "N_ATP": 1000, "seed": 12}