{"t_death": 2586.1499999999287, "death_mode": "ribo_collapse", "pnr_type": "ribo_depletion", "t_pnr": 1045.3500000000447, "dt_walking_dead": 1540.799999999884, "N_RNAP": 7, "N_Ribo": 4, "N_ATP": 1000, "seed": 70}