{"t_death": 2961.449999999777, "death_mode": "ribo_collapse", "pnr_type": "ribo_depletion", "t_pnr": 978.300000000038, "dt_walking_dead": 1983.149999999739, "N_RNAP": 27, "N_Ribo": 7, "N_ATP": 1000, "seed": 34}