{"t_death": 4904.099999998992, "death_mode": "ribo_collapse", "pnr_type": "ribo_depletion", "t_pnr": 2927.6999999997906, "dt_walking_dead": 1976.399999999201, "N_RNAP": 3, "N_Ribo": 17, "N_ATP": 1000, "seed": 83}