{"t_death": 3445.6499999995813, "death_mode": "ribo_collapse", "pnr_type": "ribo_depletion", "t_pnr": 1965.1500000001377, "dt_walking_dead": 1480.4999999994436, "N_RNAP": 3, "N_Ribo": 11, "N_ATP": 1000, "seed": 8}