{"t_death": 3705.2999999994763, "death_mode": "ribo_collapse", "pnr_type": "ribo_depletion", "t_pnr": 3273.7499999996508, "dt_walking_dead": 431.54999999982556, "N_RNAP": 27, "N_Ribo": 17, "N_ATP": 1000, "seed": 48}