{"t_death": 7803.44999999782, "death_mode": "ribo_collapse", "pnr_type": "ribo_depletion", "t_pnr": 5921.99999999858, "dt_walking_dead": 1881.4499999992395, "N_RNAP": 41, "N_Ribo": 27, "N_ATP": 1000, "seed": 51}