{"t_death": 4191.74999999928, "death_mode": "ribo_collapse", "pnr_type": "ribo_depletion", "t_pnr": 430.19999999999294, "dt_walking_dead": 3761.5499999992867, "N_RNAP": 11, "N_Ribo": 4, "N_ATP": 1000, "seed": 21}