{"t_death": 1328.8500000000734, "death_mode": "cycle_collapse", "pnr_type": "rnap_deadlock", "t_pnr": 1318.9500000000724, "dt_walking_dead": 9.900000000001, "N_RNAP": 7, "N_Ribo": 2, "N_ATP": 1000, "seed": 3}