{"t_death": 3499.6499999995594, "death_mode": "cycle_collapse", "pnr_type": "rnap_deadlock", "t_pnr": 3460.4999999995753, "dt_walking_dead": 39.149999999984175, "N_RNAP": 3, "N_Ribo": 64, "N_ATP": 1000, "seed": 73}