{"t_death": 4245.749999999258, "death_mode": "ribo_collapse", "pnr_type": "ribo_depletion", "t_pnr": 1360.8000000000766, "dt_walking_dead": 2884.9499999991813, "N_RNAP": 17, "N_Ribo": 3, "N_ATP": 1000, "seed": 81}