{"t_death": 4472.999999999166, "death_mode": "ribo_collapse", "pnr_type": "ribo_depletion", "t_pnr": 681.300000000008, "dt_walking_dead": 3791.699999999158, "N_RNAP": 27, "N_Ribo": 2, "N_ATP": 1000, "seed": 44}