{"t_death": 3482.999999999566, "death_mode": "ribo_collapse", "pnr_type": "ribo_depletion", "t_pnr": 1333.3500000000738, "dt_walking_dead": 2149.649999999492, "N_RNAP": 27, "N_Ribo": 2, "N_ATP": 1000, "seed": 39}