{"t_death": 1953.9000000001365, "death_mode": "ribo_collapse", "pnr_type": "ribo_depletion", "t_pnr": 1314.450000000072, "dt_walking_dead": 639.4500000000646, "N_RNAP": 27, "N_Ribo": 2, "N_ATP": 1000, "seed": 55}