{"t_death": 7042.0499999981275, "death_mode": "ribo_collapse", "pnr_type": "ribo_depletion", "t_pnr": 3782.699999999445, "dt_walking_dead": 3259.3499999986825, "N_RNAP": 64, "N_Ribo": 11, "N_ATP": 1000, "seed": 57}