{"t_death": 2807.999999999839, "death_mode": "ribo_collapse", "pnr_type": "ribo_depletion", "t_pnr": 2656.3499999999003, "dt_walking_dead": 151.6499999999387, "N_RNAP": 27, "N_Ribo": 17, "N_ATP": 1000, "seed": 28}