{"t_death": 4510.799999999151, "death_mode": "cycle_collapse", "pnr_type": "rnap_deadlock", "t_pnr": 4429.7999999991835, "dt_walking_dead": 80.99999999996726, "N_RNAP": 11, "N_Ribo": 64, "N_ATP": 1000, "seed": 42}