{"t_death": 5308.649999998828, "death_mode": "ribo_collapse", "pnr_type": "ribo_depletion", "t_pnr": 3648.1499999994994, "dt_walking_dead": 1660.4999999993288, "N_RNAP": 41, "N_Ribo": 7, "N_ATP": 1000, "seed": 20}