{"t_death": 2839.4999999998263, "death_mode": "cycle_collapse", "pnr_type": "rnap_deadlock", "t_pnr": 2825.9999999998317, "dt_walking_dead": 13.499999999994543, "N_RNAP": 41, "N_Ribo": 3, "N_ATP": 1000, "seed": 18}