{"t_death": 4770.449999999046, "death_mode": "ribo_collapse", "pnr_type": "ribo_depletion", "t_pnr": 599.8499999999998, "dt_walking_dead": 4170.599999999046, "N_RNAP": 27, "N_Ribo": 3, "N_ATP": 1000, "seed": 24}