{"t_death": 3212.5499999996755, "death_mode": "ribo_collapse", "pnr_type": "ribo_depletion", "t_pnr": 1535.8500000000943, "dt_walking_dead": 1676.6999999995812, "N_RNAP": 7, "N_Ribo": 3, "N_ATP": 1000, "seed": 50}