{"t_death": 5734.799999998656, "death_mode": "ribo_collapse", "pnr_type": "ribo_depletion", "t_pnr": 2557.79999999994, "dt_walking_dead": 3176.999999998716, "N_RNAP": 100, "N_Ribo": 4, "N_ATP": 1000, "seed": 71}