{"t_death": 3291.2999999996437, "death_mode": "ribo_collapse", "pnr_type": "ribo_depletion", "t_pnr": 930.6000000000332, "dt_walking_dead": 2360.6999999996106, "N_RNAP": 27, "N_Ribo": 3, "N_ATP": 1000, "seed": 35}