{"t_death": 2204.550000000083, "death_mode": "cycle_collapse", "pnr_type": "rnap_deadlock", "t_pnr": 2135.250000000111, "dt_walking_dead": 69.29999999997199, "N_RNAP": 17, "N_Ribo": 11, "N_ATP": 1000, "seed": 77}