{"t_death": 5782.9499999986365, "death_mode": "ribo_collapse", "pnr_type": "ribo_depletion", "t_pnr": 3120.299999999713, "dt_walking_dead": 2662.6499999989237, "N_RNAP": 27, "N_Ribo": 11, "N_ATP": 1000, "seed": 75}