{"t_death": 3800.249999999438, "death_mode": "ribo_collapse", "pnr_type": "ribo_depletion", "t_pnr": 3324.1499999996304, "dt_walking_dead": 476.09999999980755, "N_RNAP": 17, "N_Ribo": 3, "N_ATP": 1000, "seed": 47}