{"t_death": 2450.2499999999836, "death_mode": "cycle_collapse", "pnr_type": "rnap_deadlock", "t_pnr": 2358.4500000000207, "dt_walking_dead": 91.79999999996289, "N_RNAP": 4, "N_Ribo": 41, "N_ATP": 1000, "seed": 11}