{"t_death": 2042.5500000001455, "death_mode": "ribo_collapse", "pnr_type": "ribo_depletion", "t_pnr": 209.24999999999852, "dt_walking_dead": 1833.300000000147, "N_RNAP": 3, "N_Ribo": 2, "N_ATP": 1000, "seed": 35}