{"t_death": 3745.34999999946, "death_mode": "ribo_collapse", "pnr_type": "ribo_depletion", "t_pnr": 617.4000000000016, "dt_walking_dead": 3127.9499999994587, "N_RNAP": 11, "N_Ribo": 4, "N_ATP": 1000, "seed": 28}