{"t_death": 5385.599999998797, "death_mode": "ribo_collapse", "pnr_type": "ribo_depletion", "t_pnr": 1631.700000000104, "dt_walking_dead": 3753.899999998693, "N_RNAP": 100, "N_Ribo": 3, "N_ATP": 1000, "seed": 77}