{"t_death": 4685.84999999908, "death_mode": "ribo_collapse", "pnr_type": "ribo_depletion", "t_pnr": 2805.74999999984, "dt_walking_dead": 1880.09999999924, "N_RNAP": 100, "N_Ribo": 7, "N_ATP": 1000, "seed": 99}