{"t_death": 4323.599999999226, "death_mode": "cycle_collapse", "pnr_type": "rnap_deadlock", "t_pnr": 3995.099999999359, "dt_walking_dead": 328.4999999998672, "N_RNAP": 100, "N_Ribo": 17, "N_ATP": 1000, "seed": 75}