{"t_death": 5025.149999998943, "death_mode": "ribo_collapse", "pnr_type": "ribo_depletion", "t_pnr": 182.2499999999992, "dt_walking_dead": 4842.899999998944, "N_RNAP": 7, "N_Ribo": 2, "N_ATP": 1000, "seed": 34}