{"t_death": 4534.649999999141, "death_mode": "ribo_collapse", "pnr_type": "ribo_depletion", "t_pnr": 2596.9499999999243, "dt_walking_dead": 1937.6999999992167, "N_RNAP": 27, "N_Ribo": 11, "N_ATP": 1000, "seed": 39}