{"t_death": 4285.799999999242, "death_mode": "ribo_collapse", "pnr_type": "ribo_depletion", "t_pnr": 1145.2500000000548, "dt_walking_dead": 3140.549999999187, "N_RNAP": 11, "N_Ribo": 3, "N_ATP": 1000, "seed": 35}