{"t_death": 939.6000000000341, "death_mode": "cycle_collapse", "pnr_type": "rnap_deadlock", "t_pnr": 930.6000000000332, "dt_walking_dead": 9.00000000000091, "N_RNAP": 2, "N_Ribo": 100, "N_ATP": 1000, "seed": 12}