{"t_death": 4419.8999999991875, "death_mode": "ribo_collapse", "pnr_type": "ribo_depletion", "t_pnr": 1927.3500000001338, "dt_walking_dead": 2492.5499999990534, "N_RNAP": 100, "N_Ribo": 4, "N_ATP": 1000, "seed": 40}