{"t_death": 6552.899999998325, "death_mode": "ribo_collapse", "pnr_type": "ribo_depletion", "t_pnr": 5408.099999998788, "dt_walking_dead": 1144.7999999995372, "N_RNAP": 27, "N_Ribo": 64, "N_ATP": 1000, "seed": 9}