{"t_death": 3545.549999999541, "death_mode": "ribo_collapse", "pnr_type": "ribo_depletion", "t_pnr": 814.0500000000214, "dt_walking_dead": 2731.4999999995193, "N_RNAP": 41, "N_Ribo": 3, "N_ATP": 1000, "seed": 84}