{"t_death": 2974.049999999772, "death_mode": "ribo_collapse", "pnr_type": "ribo_depletion", "t_pnr": 2780.0999999998503, "dt_walking_dead": 193.9499999999216, "N_RNAP": 17, "N_Ribo": 27, "N_ATP": 1000, "seed": 75}