{"t_death": 4341.599999999219, "death_mode": "cycle_collapse", "pnr_type": "rnap_deadlock", "t_pnr": 4167.899999999289, "dt_walking_dead": 173.6999999999298, "N_RNAP": 64, "N_Ribo": 7, "N_ATP": 1000, "seed": 82}