{"t_death": 2206.800000000082, "death_mode": "ribo_collapse", "pnr_type": "ribo_depletion", "t_pnr": 2176.2000000000944, "dt_walking_dead": 30.59999999998763, "N_RNAP": 11, "N_Ribo": 11, "N_ATP": 1000, "seed": 49}