{"t_death": 5786.099999998635, "death_mode": "ribo_collapse", "pnr_type": "ribo_depletion", "t_pnr": 4905.449999998991, "dt_walking_dead": 880.649999999644, "N_RNAP": 11, "N_Ribo": 64, "N_ATP": 1000, "seed": 7}