{"t_death": 4872.5999999990045, "death_mode": "cycle_collapse", "pnr_type": "rnap_deadlock", "t_pnr": 4728.149999999063, "dt_walking_dead": 144.4499999999416, "N_RNAP": 41, "N_Ribo": 41, "N_ATP": 1000, "seed": 87}