{"t_death": 3361.4999999996153, "death_mode": "ribo_collapse", "pnr_type": "ribo_depletion", "t_pnr": 975.1500000000377, "dt_walking_dead": 2386.3499999995774, "N_RNAP": 3, "N_Ribo": 4, "N_ATP": 1000, "seed": 63}