{"t_death": 3479.3999999995676, "death_mode": "ribo_collapse", "pnr_type": "ribo_depletion", "t_pnr": 1145.7000000000548, "dt_walking_dead": 2333.699999999513, "N_RNAP": 41, "N_Ribo": 3, "N_ATP": 1000, "seed": 55}