{"t_death": 5398.649999998792, "death_mode": "ribo_collapse", "pnr_type": "ribo_depletion", "t_pnr": 2970.4499999997734, "dt_walking_dead": 2428.1999999990185, "N_RNAP": 27, "N_Ribo": 11, "N_ATP": 1000, "seed": 34}