{"t_death": 3383.5499999996064, "death_mode": "cycle_collapse", "pnr_type": "rnap_deadlock", "t_pnr": 3342.149999999623, "dt_walking_dead": 41.399999999983265, "N_RNAP": 4, "N_Ribo": 100, "N_ATP": 1000, "seed": 4}