{"t_death": 5367.149999998805, "death_mode": "ribo_collapse", "pnr_type": "ribo_depletion", "t_pnr": 4953.599999998972, "dt_walking_dead": 413.54999999983283, "N_RNAP": 100, "N_Ribo": 7, "N_ATP": 1000, "seed": 15}