{"t_death": 5065.649999998926, "death_mode": "cycle_collapse", "pnr_type": "rnap_deadlock", "t_pnr": 5039.999999998937, "dt_walking_dead": 25.64999999998963, "N_RNAP": 17, "N_Ribo": 64, "N_ATP": 1000, "seed": 60}