{"t_death": 4098.1499999993175, "death_mode": "ribo_collapse", "pnr_type": "ribo_depletion", "t_pnr": 2214.450000000079, "dt_walking_dead": 1883.6999999992386, "N_RNAP": 17, "N_Ribo": 4, "N_ATP": 1000, "seed": 36}