{"t_death": 4104.899999999315, "death_mode": "ribo_collapse", "pnr_type": "ribo_depletion", "t_pnr": 1168.6500000000572, "dt_walking_dead": 2936.249999999258, "N_RNAP": 4, "N_Ribo": 2, "N_ATP": 1000, "seed": 17}