{"t_death": 4316.399999999229, "death_mode": "cycle_collapse", "pnr_type": "rnap_deadlock", "t_pnr": 4229.099999999265, "dt_walking_dead": 87.29999999996471, "N_RNAP": 27, "N_Ribo": 100, "N_ATP": 1000, "seed": 69}