{"t_death": 5619.5999999987025, "death_mode": "ribo_collapse", "pnr_type": "ribo_depletion", "t_pnr": 2326.9500000000335, "dt_walking_dead": 3292.649999998669, "N_RNAP": 4, "N_Ribo": 11, "N_ATP": 1000, "seed": 80}