{"t_death": 4671.449999999086, "death_mode": "ribo_collapse", "pnr_type": "ribo_depletion", "t_pnr": 1169.1000000000572, "dt_walking_dead": 3502.3499999990286, "N_RNAP": 64, "N_Ribo": 2, "N_ATP": 1000, "seed": 41}