{"t_death": 3808.7999999994345, "death_mode": "ribo_collapse", "pnr_type": "ribo_depletion", "t_pnr": 1300.5000000000705, "dt_walking_dead": 2508.299999999364, "N_RNAP": 3, "N_Ribo": 7, "N_ATP": 1000, "seed": 58}