{"t_death": 6637.949999998291, "death_mode": "ribo_collapse", "pnr_type": "ribo_depletion", "t_pnr": 2194.650000000087, "dt_walking_dead": 4443.299999998204, "N_RNAP": 64, "N_Ribo": 2, "N_ATP": 1000, "seed": 1}