{"t_death": 3648.5999999994992, "death_mode": "ribo_collapse", "pnr_type": "ribo_depletion", "t_pnr": 1807.6500000001217, "dt_walking_dead": 1840.9499999993775, "N_RNAP": 41, "N_Ribo": 4, "N_ATP": 1000, "seed": 9}