{"t_death": 5311.799999998827, "death_mode": "ribo_collapse", "pnr_type": "ribo_depletion", "t_pnr": 4265.54999999925, "dt_walking_dead": 1046.249999999577, "N_RNAP": 7, "N_Ribo": 100, "N_ATP": 1000, "seed": 99}