{"t_death": 2767.949999999855, "death_mode": "ribo_collapse", "pnr_type": "ribo_depletion", "t_pnr": 392.8499999999939, "dt_walking_dead": 2375.099999999861, "N_RNAP": 41, "N_Ribo": 4, "N_ATP": 1000, "seed": 14}