{"t_death": 2332.800000000031, "death_mode": "ribo_collapse", "pnr_type": "ribo_depletion", "t_pnr": 1809.0000000001219, "dt_walking_dead": 523.7999999999092, "N_RNAP": 4, "N_Ribo": 2, "N_ATP": 1000, "seed": 83}