{"t_death": 3281.8499999996475, "death_mode": "ribo_collapse", "pnr_type": "ribo_depletion", "t_pnr": 1427.4000000000833, "dt_walking_dead": 1854.4499999995642, "N_RNAP": 7, "N_Ribo": 3, "N_ATP": 1000, "seed": 80}