{"t_death": 3697.1999999994796, "death_mode": "ribo_collapse", "pnr_type": "ribo_depletion", "t_pnr": 1884.1500000001295, "dt_walking_dead": 1813.0499999993501, "N_RNAP": 3, "N_Ribo": 2, "N_ATP": 1000, "seed": 26}