{"t_death": 4631.399999999102, "death_mode": "ribo_collapse", "pnr_type": "ribo_depletion", "t_pnr": 2884.0499999998083, "dt_walking_dead": 1747.3499999992937, "N_RNAP": 4, "N_Ribo": 27, "N_ATP": 1000, "seed": 70}