{"t_death": 3520.349999999551, "death_mode": "cycle_collapse", "pnr_type": "rnap_deadlock", "t_pnr": 3357.8999999996167, "dt_walking_dead": 162.44999999993433, "N_RNAP": 11, "N_Ribo": 100, "N_ATP": 1000, "seed": 47}