{"t_death": 3607.199999999516, "death_mode": "ribo_collapse", "pnr_type": "ribo_depletion", "t_pnr": 1312.2000000000717, "dt_walking_dead": 2294.9999999994443, "N_RNAP": 7, "N_Ribo": 2, "N_ATP": 1000, "seed": 28}