{"t_death": 3992.3999999993603, "death_mode": "ribo_collapse", "pnr_type": "ribo_depletion", "t_pnr": 800.10000000002, "dt_walking_dead": 3192.2999999993403, "N_RNAP": 4, "N_Ribo": 4, "N_ATP": 1000, "seed": 13}