{"t_death": 3585.149999999525, "death_mode": "ribo_collapse", "pnr_type": "ribo_depletion", "t_pnr": 382.49999999999415, "dt_walking_dead": 3202.649999999531, "N_RNAP": 41, "N_Ribo": 2, "N_ATP": 1000, "seed": 14}