{"t_death": 4468.049999999168, "death_mode": "ribo_collapse", "pnr_type": "ribo_depletion", "t_pnr": 3563.099999999534, "dt_walking_dead": 904.9499999996342, "N_RNAP": 4, "N_Ribo": 7, "N_ATP": 1000, "seed": 75}