{"t_death": 4537.79999999914, "death_mode": "ribo_collapse", "pnr_type": "ribo_depletion", "t_pnr": 4405.949999999193, "dt_walking_dead": 131.8499999999467, "N_RNAP": 17, "N_Ribo": 41, "N_ATP": 1000, "seed": 44}