{"t_death": 1309.0500000000713, "death_mode": "ribo_collapse", "pnr_type": "ribo_depletion", "t_pnr": 532.799999999993, "dt_walking_dead": 776.2500000000783, "N_RNAP": 3, "N_Ribo": 3, "N_ATP": 1000, "seed": 59}