{"t_death": 5321.699999998823, "death_mode": "ribo_collapse", "pnr_type": "ribo_depletion", "t_pnr": 2069.1000000001377, "dt_walking_dead": 3252.5999999986852, "N_RNAP": 41, "N_Ribo": 3, "N_ATP": 1000, "seed": 34}