{"t_death": 3452.8499999995784, "death_mode": "ribo_collapse", "pnr_type": "ribo_depletion", "t_pnr": 1585.8000000000993, "dt_walking_dead": 1867.049999999479, "N_RNAP": 17, "N_Ribo": 4, "N_ATP": 1000, "seed": 98}