{"t_death": 2747.6999999998634, "death_mode": "ribo_collapse", "pnr_type": "ribo_depletion", "t_pnr": 875.7000000000277, "dt_walking_dead": 1871.9999999998358, "N_RNAP": 3, "N_Ribo": 7, "N_ATP": 1000, "seed": 50}