{"t_death": 5085.449999998918, "death_mode": "ribo_collapse", "pnr_type": "ribo_depletion", "t_pnr": 4592.249999999118, "dt_walking_dead": 493.19999999980064, "N_RNAP": 100, "N_Ribo": 17, "N_ATP": 1000, "seed": 76}