{"t_death": 3698.999999999479, "death_mode": "ribo_collapse", "pnr_type": "ribo_depletion", "t_pnr": 2425.049999999994, "dt_walking_dead": 1273.949999999485, "N_RNAP": 17, "N_Ribo": 11, "N_ATP": 1000, "seed": 74}