{"t_death": 4860.899999999009, "death_mode": "ribo_collapse", "pnr_type": "ribo_depletion", "t_pnr": 3494.2499999995616, "dt_walking_dead": 1366.6499999994476, "N_RNAP": 41, "N_Ribo": 11, "N_ATP": 1000, "seed": 68}