{"t_death": 3958.199999999374, "death_mode": "ribo_collapse", "pnr_type": "ribo_depletion", "t_pnr": 2663.999999999897, "dt_walking_dead": 1294.1999999994769, "N_RNAP": 7, "N_Ribo": 64, "N_ATP": 1000, "seed": 50}