{"t_death": 2213.1000000000795, "death_mode": "ribo_collapse", "pnr_type": "ribo_depletion", "t_pnr": 1253.7000000000658, "dt_walking_dead": 959.4000000000137, "N_RNAP": 4, "N_Ribo": 4, "N_ATP": 1000, "seed": 49}