{"t_death": 5550.74999999873, "death_mode": "ribo_collapse", "pnr_type": "ribo_depletion", "t_pnr": 2928.1499999997905, "dt_walking_dead": 2622.59999999894, "N_RNAP": 100, "N_Ribo": 2, "N_ATP": 1000, "seed": 76}