{"t_death": 4634.9999999991005, "death_mode": "ribo_collapse", "pnr_type": "ribo_depletion", "t_pnr": 1302.3000000000707, "dt_walking_dead": 3332.69999999903, "N_RNAP": 64, "N_Ribo": 2, "N_ATP": 1000, "seed": 21}