{"t_death": 3905.5499999993954, "death_mode": "ribo_collapse", "pnr_type": "ribo_depletion", "t_pnr": 3151.3499999997002, "dt_walking_dead": 754.1999999996951, "N_RNAP": 41, "N_Ribo": 2, "N_ATP": 1000, "seed": 48}