{"t_death": 3689.5499999994827, "death_mode": "ribo_collapse", "pnr_type": "ribo_depletion", "t_pnr": 2819.2499999998345, "dt_walking_dead": 870.2999999996482, "N_RNAP": 64, "N_Ribo": 4, "N_ATP": 1000, "seed": 88}