{"t_death": 4847.399999999015, "death_mode": "ribo_collapse", "pnr_type": "ribo_depletion", "t_pnr": 1669.9500000001078, "dt_walking_dead": 3177.4499999989066, "N_RNAP": 17, "N_Ribo": 11, "N_ATP": 1000, "seed": 68}