{"t_death": 5056.19999999893, "death_mode": "ribo_collapse", "pnr_type": "ribo_depletion", "t_pnr": 694.3500000000093, "dt_walking_dead": 4361.849999998921, "N_RNAP": 2, "N_Ribo": 2, "N_ATP": 1000, "seed": 42}