{"t_death": 2321.100000000036, "death_mode": "ribo_collapse", "pnr_type": "ribo_depletion", "t_pnr": 1489.0500000000895, "dt_walking_dead": 832.0499999999463, "N_RNAP": 11, "N_Ribo": 3, "N_ATP": 1000, "seed": 44}