{"t_death": 4510.349999999151, "death_mode": "cycle_collapse", "pnr_type": "rnap_deadlock", "t_pnr": 4471.6499999991665, "dt_walking_dead": 38.69999999998436, "N_RNAP": 17, "N_Ribo": 41, "N_ATP": 1000, "seed": 8}