{"t_death": 4110.299999999313, "death_mode": "ribo_collapse", "pnr_type": "ribo_depletion", "t_pnr": 3338.9999999996244, "dt_walking_dead": 771.2999999996882, "N_RNAP": 27, "N_Ribo": 41, "N_ATP": 1000, "seed": 71}