{"t_death": 4963.9499999989675, "death_mode": "ribo_collapse", "pnr_type": "ribo_depletion", "t_pnr": 2400.300000000004, "dt_walking_dead": 2563.6499999989637, "N_RNAP": 100, "N_Ribo": 2, "N_ATP": 1000, "seed": 26}