{"t_death": 2407.050000000001, "death_mode": "ribo_collapse", "pnr_type": "ribo_depletion", "t_pnr": 430.19999999999294, "dt_walking_dead": 1976.850000000008, "N_RNAP": 11, "N_Ribo": 3, "N_ATP": 1000, "seed": 79}