{"t_death": 3711.149999999474, "death_mode": "ribo_collapse", "pnr_type": "ribo_depletion", "t_pnr": 3190.949999999684, "dt_walking_dead": 520.1999999997897, "N_RNAP": 4, "N_Ribo": 2, "N_ATP": 1000, "seed": 33}