{"t_death": 3727.799999999467, "death_mode": "ribo_collapse", "pnr_type": "ribo_depletion", "t_pnr": 3059.999999999737, "dt_walking_dead": 667.7999999997301, "N_RNAP": 41, "N_Ribo": 17, "N_ATP": 1000, "seed": 88}