{"t_death": 1711.800000000112, "death_mode": "cycle_collapse", "pnr_type": "rnap_deadlock", "t_pnr": 1703.2500000001112, "dt_walking_dead": 8.550000000000864, "N_RNAP": 7, "N_Ribo": 2, "N_ATP": 1000, "seed": 35}