{"t_death": 3131.999999999708, "death_mode": "ribo_collapse", "pnr_type": "ribo_depletion", "t_pnr": 995.4000000000398, "dt_walking_dead": 2136.5999999996684, "N_RNAP": 2, "N_Ribo": 4, "N_ATP": 1000, "seed": 57}