{"t_death": 3563.5499999995336, "death_mode": "ribo_collapse", "pnr_type": "ribo_depletion", "t_pnr": 3116.6999999997142, "dt_walking_dead": 446.8499999998194, "N_RNAP": 27, "N_Ribo": 3, "N_ATP": 1000, "seed": 99}