{"t_death": 713.2500000000113, "death_mode": "cycle_collapse", "pnr_type": "rnap_deadlock", "t_pnr": 580.4999999999978, "dt_walking_dead": 132.75000000001342, "N_RNAP": 3, "N_Ribo": 64, "N_ATP": 1000, "seed": 31}