{"t_death": 3701.249999999478, "death_mode": "ribo_collapse", "pnr_type": "ribo_depletion", "t_pnr": 975.6000000000378, "dt_walking_dead": 2725.6499999994403, "N_RNAP": 3, "N_Ribo": 4, "N_ATP": 1000, "seed": 14}