{"t_death": 4722.749999999065, "death_mode": "ribo_collapse", "pnr_type": "ribo_depletion", "t_pnr": 3503.249999999558, "dt_walking_dead": 1219.499999999507, "N_RNAP": 4, "N_Ribo": 27, "N_ATP": 1000, "seed": 40}