{"t_death": 4663.349999999089, "death_mode": "cycle_collapse", "pnr_type": "rnap_deadlock", "t_pnr": 4626.899999999104, "dt_walking_dead": 36.449999999985266, "N_RNAP": 41, "N_Ribo": 41, "N_ATP": 1000, "seed": 58}