{"t_death": 3274.6499999996504, "death_mode": "ribo_collapse", "pnr_type": "ribo_depletion", "t_pnr": 1971.9000000001383, "dt_walking_dead": 1302.749999999512, "N_RNAP": 17, "N_Ribo": 4, "N_ATP": 1000, "seed": 59}