{"t_death": 3923.999999999388, "death_mode": "cycle_collapse", "pnr_type": "rnap_deadlock", "t_pnr": 3762.899999999453, "dt_walking_dead": 161.09999999993488, "N_RNAP": 41, "N_Ribo": 3, "N_ATP": 1000, "seed": 29}