{"t_death": 4730.849999999062, "death_mode": "cycle_collapse", "pnr_type": "rnap_deadlock", "t_pnr": 4639.499999999099, "dt_walking_dead": 91.34999999996307, "N_RNAP": 64, "N_Ribo": 27, "N_ATP": 1000, "seed": 48}