{"t_death": 4419.449999999188, "death_mode": "ribo_collapse", "pnr_type": "ribo_depletion", "t_pnr": 2618.9999999999154, "dt_walking_dead": 1800.4499999992722, "N_RNAP": 64, "N_Ribo": 7, "N_ATP": 1000, "seed": 51}