{"t_death": 1966.9500000001378, "death_mode": "ribo_collapse", "pnr_type": "ribo_depletion", "t_pnr": 1268.1000000000672, "dt_walking_dead": 698.8500000000706, "N_RNAP": 4, "N_Ribo": 4, "N_ATP": 1000, "seed": 58}