{"t_death": 3144.599999999703, "death_mode": "ribo_collapse", "pnr_type": "ribo_depletion", "t_pnr": 722.7000000000122, "dt_walking_dead": 2421.899999999691, "N_RNAP": 27, "N_Ribo": 2, "N_ATP": 1000, "seed": 9}