{"t_death": 3057.749999999738, "death_mode": "ribo_collapse", "pnr_type": "ribo_depletion", "t_pnr": 2204.100000000083, "dt_walking_dead": 853.6499999996549, "N_RNAP": 4, "N_Ribo": 7, "N_ATP": 1000, "seed": 5}