{"t_death": 3398.8499999996, "death_mode": "ribo_collapse", "pnr_type": "ribo_depletion", "t_pnr": 2565.449999999937, "dt_walking_dead": 833.3999999996631, "N_RNAP": 27, "N_Ribo": 17, "N_ATP": 1000, "seed": 62}