{"t_death": 7075.799999998114, "death_mode": "cycle_collapse", "pnr_type": "rnap_deadlock", "t_pnr": 7012.3499999981395, "dt_walking_dead": 63.44999999997435, "N_RNAP": 27, "N_Ribo": 100, "N_ATP": 1000, "seed": 82}