{"t_death": 607.5000000000006, "death_mode": "cycle_collapse", "pnr_type": "rnap_deadlock", "t_pnr": 541.3499999999939, "dt_walking_dead": 66.15000000000668, "N_RNAP": 2, "N_Ribo": 4, "N_ATP": 1000, "seed": 21}