{"t_death": 3337.649999999625, "death_mode": "ribo_collapse", "pnr_type": "ribo_depletion", "t_pnr": 1746.0000000001155, "dt_walking_dead": 1591.6499999995094, "N_RNAP": 100, "N_Ribo": 2, "N_ATP": 1000, "seed": 25}