{"t_death": 1669.9500000001078, "death_mode": "ribo_collapse", "pnr_type": "ribo_depletion", "t_pnr": 1224.9000000000628, "dt_walking_dead": 445.050000000045, "N_RNAP": 3, "N_Ribo": 4, "N_ATP": 1000, "seed": 69}