{"t_death": 2180.2500000000928, "death_mode": "ribo_collapse", "pnr_type": "ribo_depletion", "t_pnr": 1698.7500000001107, "dt_walking_dead": 481.49999999998204, "N_RNAP": 11, "N_Ribo": 11, "N_ATP": 1000, "seed": 89}