{"t_death": 1285.650000000069, "death_mode": "cycle_collapse", "pnr_type": "rnap_deadlock", "t_pnr": 1165.950000000057, "dt_walking_dead": 119.7000000000121, "N_RNAP": 4, "N_Ribo": 7, "N_ATP": 1000, "seed": 80}