{"t_death": 4792.049999999037, "death_mode": "ribo_collapse", "pnr_type": "ribo_depletion", "t_pnr": 4631.399999999102, "dt_walking_dead": 160.64999999993506, "N_RNAP": 41, "N_Ribo": 41, "N_ATP": 1000, "seed": 79}