{"t_death": 3638.2499999995034, "death_mode": "ribo_collapse", "pnr_type": "ribo_depletion", "t_pnr": 2044.3500000001457, "dt_walking_dead": 1593.8999999993578, "N_RNAP": 17, "N_Ribo": 3, "N_ATP": 1000, "seed": 4}