{"t_death": 4774.499999999044, "death_mode": "ribo_collapse", "pnr_type": "ribo_depletion", "t_pnr": 1681.200000000109, "dt_walking_dead": 3093.299999998935, "N_RNAP": 100, "N_Ribo": 4, "N_ATP": 1000, "seed": 21}