{"t_death": 724.5000000000124, "death_mode": "cycle_collapse", "pnr_type": "rnap_deadlock", "t_pnr": 657.0000000000056, "dt_walking_dead": 67.50000000000682, "N_RNAP": 3, "N_Ribo": 64, "N_ATP": 1000, "seed": 62}