{"t_death": 5910.749999998585, "death_mode": "ribo_collapse", "pnr_type": "ribo_depletion", "t_pnr": 3328.1999999996287, "dt_walking_dead": 2582.549999998956, "N_RNAP": 11, "N_Ribo": 7, "N_ATP": 1000, "seed": 68}