{"t_death": 6394.0499999983895, "death_mode": "ribo_collapse", "pnr_type": "ribo_depletion", "t_pnr": 4427.099999999185, "dt_walking_dead": 1966.949999999205, "N_RNAP": 41, "N_Ribo": 64, "N_ATP": 1000, "seed": 37}