{"t_death": 4023.4499999993477, "death_mode": "ribo_collapse", "pnr_type": "ribo_depletion", "t_pnr": 2901.1499999998014, "dt_walking_dead": 1122.2999999995463, "N_RNAP": 11, "N_Ribo": 27, "N_ATP": 1000, "seed": 69}