{"t_death": 5885.549999998595, "death_mode": "ribo_collapse", "pnr_type": "ribo_depletion", "t_pnr": 3413.699999999594, "dt_walking_dead": 2471.849999999001, "N_RNAP": 11, "N_Ribo": 27, "N_ATP": 1000, "seed": 58}