{"t_death": 4296.1499999992375, "death_mode": "ribo_collapse", "pnr_type": "ribo_depletion", "t_pnr": 1990.8000000001402, "dt_walking_dead": 2305.3499999990972, "N_RNAP": 2, "N_Ribo": 11, "N_ATP": 1000, "seed": 90}