{"t_death": 2115.000000000119, "death_mode": "cycle_collapse", "pnr_type": "rnap_deadlock", "t_pnr": 2051.550000000145, "dt_walking_dead": 63.44999999997435, "N_RNAP": 7, "N_Ribo": 17, "N_ATP": 1000, "seed": 36}