{"t_death": 2799.4499999998425, "death_mode": "ribo_collapse", "pnr_type": "ribo_depletion", "t_pnr": 1796.4000000001206, "dt_walking_dead": 1003.0499999997219, "N_RNAP": 11, "N_Ribo": 4, "N_ATP": 1000, "seed": 91}