{"t_death": 8658.899999998417, "death_mode": "ribo_collapse", "pnr_type": "ribo_depletion", "t_pnr": 741.1500000000141, "dt_walking_dead": 7917.749999998403, "N_RNAP": 64, "N_Ribo": 2, "N_ATP": 1000, "seed": 77}