{"t_death": 5072.399999998924, "death_mode": "ribo_collapse", "pnr_type": "ribo_depletion", "t_pnr": 1898.1000000001309, "dt_walking_dead": 3174.299999998793, "N_RNAP": 4, "N_Ribo": 3, "N_ATP": 1000, "seed": 17}