{"t_death": 4499.549999999155, "death_mode": "ribo_collapse", "pnr_type": "ribo_depletion", "t_pnr": 3743.549999999461, "dt_walking_dead": 755.9999999996944, "N_RNAP": 100, "N_Ribo": 17, "N_ATP": 1000, "seed": 58}