{"t_death": 1751.850000000116, "death_mode": "ribo_collapse", "pnr_type": "ribo_depletion", "t_pnr": 196.19999999999885, "dt_walking_dead": 1555.6500000001172, "N_RNAP": 4, "N_Ribo": 2, "N_ATP": 1000, "seed": 76}