{"t_death": 2757.1499999998596, "death_mode": "cycle_collapse", "pnr_type": "rnap_deadlock", "t_pnr": 2541.5999999999467, "dt_walking_dead": 215.54999999991287, "N_RNAP": 3, "N_Ribo": 41, "N_ATP": 1000, "seed": 66}