{"t_death": 6582.599999998313, "death_mode": "ribo_collapse", "pnr_type": "ribo_depletion", "t_pnr": 2371.0500000000156, "dt_walking_dead": 4211.549999998298, "N_RNAP": 64, "N_Ribo": 3, "N_ATP": 1000, "seed": 34}