{"t_death": 5952.599999998568, "death_mode": "ribo_collapse", "pnr_type": "ribo_depletion", "t_pnr": 4779.899999999042, "dt_walking_dead": 1172.699999999526, "N_RNAP": 64, "N_Ribo": 41, "N_ATP": 1000, "seed": 20}