{"t_death": 5807.249999998627, "death_mode": "ribo_collapse", "pnr_type": "ribo_depletion", "t_pnr": 1013.8500000000416, "dt_walking_dead": 4793.399999998585, "N_RNAP": 27, "N_Ribo": 2, "N_ATP": 1000, "seed": 56}