{"t_death": 2882.249999999809, "death_mode": "ribo_collapse", "pnr_type": "ribo_depletion", "t_pnr": 2059.2000000001417, "dt_walking_dead": 823.0499999996673, "N_RNAP": 17, "N_Ribo": 4, "N_ATP": 1000, "seed": 2}