{"t_death": 3653.999999999497, "death_mode": "ribo_collapse", "pnr_type": "ribo_depletion", "t_pnr": 3030.299999999749, "dt_walking_dead": 623.6999999997479, "N_RNAP": 17, "N_Ribo": 41, "N_ATP": 1000, "seed": 86}