{"t_death": 4076.999999999326, "death_mode": "ribo_collapse", "pnr_type": "ribo_depletion", "t_pnr": 1378.3500000000784, "dt_walking_dead": 2698.6499999992475, "N_RNAP": 27, "N_Ribo": 3, "N_ATP": 1000, "seed": 73}