{"t_death": 4069.799999999329, "death_mode": "ribo_collapse", "pnr_type": "ribo_depletion", "t_pnr": 637.2000000000036, "dt_walking_dead": 3432.5999999993255, "N_RNAP": 41, "N_Ribo": 4, "N_ATP": 1000, "seed": 4}