{"t_death": 3928.949999999386, "death_mode": "ribo_collapse", "pnr_type": "ribo_depletion", "t_pnr": 1997.550000000141, "dt_walking_dead": 1931.399999999245, "N_RNAP": 64, "N_Ribo": 4, "N_ATP": 1000, "seed": 55}