{"t_death": 2896.649999999803, "death_mode": "cycle_collapse", "pnr_type": "rnap_deadlock", "t_pnr": 2575.349999999933, "dt_walking_dead": 321.2999999998701, "N_RNAP": 2, "N_Ribo": 41, "N_ATP": 1000, "seed": 51}