{"t_death": 945.0000000000347, "death_mode": "cycle_collapse", "pnr_type": "rnap_deadlock", "t_pnr": 695.7000000000095, "dt_walking_dead": 249.3000000000252, "N_RNAP": 3, "N_Ribo": 41, "N_ATP": 1000, "seed": 53}