{"t_death": 5595.749999998712, "death_mode": "ribo_collapse", "pnr_type": "ribo_depletion", "t_pnr": 4786.649999999039, "dt_walking_dead": 809.099999999673, "N_RNAP": 27, "N_Ribo": 100, "N_ATP": 1000, "seed": 8}