{"t_death": 2703.1499999998814, "death_mode": "cycle_collapse", "pnr_type": "rnap_deadlock", "t_pnr": 2607.29999999992, "dt_walking_dead": 95.84999999996126, "N_RNAP": 17, "N_Ribo": 27, "N_ATP": 1000, "seed": 59}