{"t_death": 3975.299999999367, "death_mode": "ribo_collapse", "pnr_type": "ribo_depletion", "t_pnr": 2125.350000000115, "dt_walking_dead": 1849.9499999992522, "N_RNAP": 64, "N_Ribo": 4, "N_ATP": 1000, "seed": 36}