{"t_death": 5108.849999998909, "death_mode": "ribo_collapse", "pnr_type": "ribo_depletion", "t_pnr": 3135.5999999997066, "dt_walking_dead": 1973.2499999992024, "N_RNAP": 4, "N_Ribo": 17, "N_ATP": 1000, "seed": 20}