{"t_death": 3405.1499999995976, "death_mode": "ribo_collapse", "pnr_type": "ribo_depletion", "t_pnr": 833.4000000000234, "dt_walking_dead": 2571.7499999995744, "N_RNAP": 17, "N_Ribo": 2, "N_ATP": 1000, "seed": 48}