{"t_death": 4371.299999999207, "death_mode": "cycle_collapse", "pnr_type": "rnap_deadlock", "t_pnr": 4080.149999999325, "dt_walking_dead": 291.1499999998823, "N_RNAP": 27, "N_Ribo": 3, "N_ATP": 1000, "seed": 37}