{"t_death": 1494.45000000009, "death_mode": "ribo_collapse", "pnr_type": "ribo_depletion", "t_pnr": 577.7999999999976, "dt_walking_dead": 916.6500000000925, "N_RNAP": 7, "N_Ribo": 4, "N_ATP": 1000, "seed": 95}