{"t_death": 5453.09999999877, "death_mode": "ribo_collapse", "pnr_type": "ribo_depletion", "t_pnr": 4153.049999999295, "dt_walking_dead": 1300.0499999994745, "N_RNAP": 64, "N_Ribo": 27, "N_ATP": 1000, "seed": 51}