{"t_death": 2918.6999999997943, "death_mode": "ribo_collapse", "pnr_type": "ribo_depletion", "t_pnr": 747.0000000000147, "dt_walking_dead": 2171.6999999997797, "N_RNAP": 11, "N_Ribo": 3, "N_ATP": 1000, "seed": 26}