{"t_death": 4612.49999999911, "death_mode": "cycle_collapse", "pnr_type": "rnap_deadlock", "t_pnr": 4526.0999999991445, "dt_walking_dead": 86.39999999996508, "N_RNAP": 27, "N_Ribo": 41, "N_ATP": 1000, "seed": 87}