{"t_death": 2546.5499999999447, "death_mode": "ribo_collapse", "pnr_type": "ribo_depletion", "t_pnr": 2034.9000000001447, "dt_walking_dead": 511.6499999998, "N_RNAP": 4, "N_Ribo": 11, "N_ATP": 1000, "seed": 85}