{"t_death": 1791.45000000012, "death_mode": "ribo_collapse", "pnr_type": "ribo_depletion", "t_pnr": 114.30000000000048, "dt_walking_dead": 1677.1500000001197, "N_RNAP": 7, "N_Ribo": 2, "N_ATP": 1000, "seed": 20}