{"t_death": 1792.8000000001202, "death_mode": "cycle_collapse", "pnr_type": "rnap_deadlock", "t_pnr": 1732.5000000001141, "dt_walking_dead": 60.300000000006094, "N_RNAP": 7, "N_Ribo": 100, "N_ATP": 1000, "seed": 29}