{"t_death": 4816.349999999027, "death_mode": "ribo_collapse", "pnr_type": "ribo_depletion", "t_pnr": 3741.2999999994618, "dt_walking_dead": 1075.0499999995654, "N_RNAP": 100, "N_Ribo": 17, "N_ATP": 1000, "seed": 92}