{"t_death": 5600.24999999871, "death_mode": "ribo_collapse", "pnr_type": "ribo_depletion", "t_pnr": 2871.4499999998134, "dt_walking_dead": 2728.799999998897, "N_RNAP": 64, "N_Ribo": 7, "N_ATP": 1000, "seed": 45}