{"t_death": 3338.0999999996247, "death_mode": "ribo_collapse", "pnr_type": "ribo_depletion", "t_pnr": 376.1999999999943, "dt_walking_dead": 2961.8999999996304, "N_RNAP": 100, "N_Ribo": 3, "N_ATP": 1000, "seed": 44}