{"t_death": 3190.0499999996846, "death_mode": "ribo_collapse", "pnr_type": "ribo_depletion", "t_pnr": 2508.74999999996, "dt_walking_dead": 681.2999999997246, "N_RNAP": 11, "N_Ribo": 3, "N_ATP": 1000, "seed": 60}