{"t_death": 3852.8999999994167, "death_mode": "ribo_collapse", "pnr_type": "ribo_depletion", "t_pnr": 2054.7000000001435, "dt_walking_dead": 1798.1999999992731, "N_RNAP": 11, "N_Ribo": 4, "N_ATP": 1000, "seed": 57}