{"t_death": 1959.300000000137, "death_mode": "cycle_collapse", "pnr_type": "rnap_deadlock", "t_pnr": 1773.0000000001182, "dt_walking_dead": 186.30000000001883, "N_RNAP": 4, "N_Ribo": 64, "N_ATP": 1000, "seed": 11}