{"t_death": 2057.8500000001422, "death_mode": "ribo_collapse", "pnr_type": "ribo_depletion", "t_pnr": 912.1500000000314, "dt_walking_dead": 1145.7000000001108, "N_RNAP": 2, "N_Ribo": 3, "N_ATP": 1000, "seed": 47}