{"t_death": 1952.1000000001363, "death_mode": "cycle_collapse", "pnr_type": "rnap_deadlock", "t_pnr": 1899.000000000131, "dt_walking_dead": 53.100000000005366, "N_RNAP": 17, "N_Ribo": 64, "N_ATP": 1000, "seed": 27}