{"t_death": 756.4500000000156, "death_mode": "cycle_collapse", "pnr_type": "rnap_deadlock", "t_pnr": 741.1500000000141, "dt_walking_dead": 15.300000000001546, "N_RNAP": 2, "N_Ribo": 4, "N_ATP": 1000, "seed": 13}