{"t_death": 4805.999999999031, "death_mode": "ribo_collapse", "pnr_type": "ribo_depletion", "t_pnr": 2406.6000000000013, "dt_walking_dead": 2399.39999999903, "N_RNAP": 64, "N_Ribo": 4, "N_ATP": 1000, "seed": 69}