{"t_death": 4478.849999999164, "death_mode": "ribo_collapse", "pnr_type": "ribo_depletion", "t_pnr": 4006.7999999993544, "dt_walking_dead": 472.0499999998092, "N_RNAP": 7, "N_Ribo": 41, "N_ATP": 1000, "seed": 53}