{"t_death": 4168.349999999289, "death_mode": "ribo_collapse", "pnr_type": "ribo_depletion", "t_pnr": 1552.050000000096, "dt_walking_dead": 2616.2999999991935, "N_RNAP": 17, "N_Ribo": 4, "N_ATP": 1000, "seed": 33}