{"t_death": 4991.399999998956, "death_mode": "ribo_collapse", "pnr_type": "ribo_depletion", "t_pnr": 4530.599999999143, "dt_walking_dead": 460.79999999981374, "N_RNAP": 41, "N_Ribo": 64, "N_ATP": 1000, "seed": 24}