{"t_death": 4261.949999999251, "death_mode": "cycle_collapse", "pnr_type": "rnap_deadlock", "t_pnr": 4130.999999999304, "dt_walking_dead": 130.94999999994707, "N_RNAP": 27, "N_Ribo": 3, "N_ATP": 1000, "seed": 87}