{"t_death": 1821.6000000001231, "death_mode": "ribo_collapse", "pnr_type": "ribo_depletion", "t_pnr": 987.750000000039, "dt_walking_dead": 833.8500000000842, "N_RNAP": 2, "N_Ribo": 2, "N_ATP": 1000, "seed": 29}