{"t_death": 5469.749999998763, "death_mode": "ribo_collapse", "pnr_type": "ribo_depletion", "t_pnr": 1090.3500000000492, "dt_walking_dead": 4379.399999998714, "N_RNAP": 7, "N_Ribo": 3, "N_ATP": 1000, "seed": 88}