{"t_death": 5633.099999998697, "death_mode": "ribo_collapse", "pnr_type": "ribo_depletion", "t_pnr": 1065.6000000000467, "dt_walking_dead": 4567.49999999865, "N_RNAP": 41, "N_Ribo": 4, "N_ATP": 1000, "seed": 5}