{"t_death": 2154.600000000103, "death_mode": "ribo_collapse", "pnr_type": "ribo_depletion", "t_pnr": 796.9500000000197, "dt_walking_dead": 1357.6500000000833, "N_RNAP": 2, "N_Ribo": 7, "N_ATP": 1000, "seed": 82}