{"t_death": 4258.799999999253, "death_mode": "ribo_collapse", "pnr_type": "ribo_depletion", "t_pnr": 3097.799999999722, "dt_walking_dead": 1160.9999999995307, "N_RNAP": 64, "N_Ribo": 3, "N_ATP": 1000, "seed": 64}