{"t_death": 5074.649999998923, "death_mode": "ribo_collapse", "pnr_type": "ribo_depletion", "t_pnr": 2340.000000000028, "dt_walking_dead": 2734.6499999988946, "N_RNAP": 7, "N_Ribo": 2, "N_ATP": 1000, "seed": 86}