{"t_death": 3865.4999999994116, "death_mode": "ribo_collapse", "pnr_type": "ribo_depletion", "t_pnr": 2574.8999999999332, "dt_walking_dead": 1290.5999999994783, "N_RNAP": 17, "N_Ribo": 27, "N_ATP": 1000, "seed": 20}