{"t_death": 3651.299999999498, "death_mode": "ribo_collapse", "pnr_type": "ribo_depletion", "t_pnr": 3301.1999999996397, "dt_walking_dead": 350.0999999998585, "N_RNAP": 11, "N_Ribo": 11, "N_ATP": 1000, "seed": 51}