{"t_death": 3704.8499999994765, "death_mode": "ribo_collapse", "pnr_type": "ribo_depletion", "t_pnr": 2573.549999999934, "dt_walking_dead": 1131.2999999995427, "N_RNAP": 11, "N_Ribo": 41, "N_ATP": 1000, "seed": 66}