{"t_death": 3439.349999999584, "death_mode": "ribo_collapse", "pnr_type": "ribo_depletion", "t_pnr": 892.8000000000294, "dt_walking_dead": 2546.5499999995545, "N_RNAP": 3, "N_Ribo": 7, "N_ATP": 1000, "seed": 75}