{"t_death": 6516.44999999834, "death_mode": "ribo_collapse", "pnr_type": "ribo_depletion", "t_pnr": 2495.6999999999653, "dt_walking_dead": 4020.7499999983747, "N_RNAP": 64, "N_Ribo": 7, "N_ATP": 1000, "seed": 33}