{"t_death": 5173.649999998883, "death_mode": "ribo_collapse", "pnr_type": "ribo_depletion", "t_pnr": 499.4999999999912, "dt_walking_dead": 4674.149999998892, "N_RNAP": 41, "N_Ribo": 4, "N_ATP": 1000, "seed": 51}