{"t_death": 1315.800000000072, "death_mode": "ribo_collapse", "pnr_type": "ribo_depletion", "t_pnr": 377.54999999999427, "dt_walking_dead": 938.2500000000778, "N_RNAP": 7, "N_Ribo": 3, "N_ATP": 1000, "seed": 79}