{"t_death": 3874.9499999994077, "death_mode": "cycle_collapse", "pnr_type": "rnap_deadlock", "t_pnr": 3874.9499999994077, "dt_walking_dead": 0.0, "N_RNAP": 17, "N_Ribo": 64, "N_ATP": 1000, "seed": 91}