{"t_death": 2005.6500000001417, "death_mode": "ribo_collapse", "pnr_type": "ribo_depletion", "t_pnr": 1791.45000000012, "dt_walking_dead": 214.20000000002165, "N_RNAP": 7, "N_Ribo": 11, "N_ATP": 1000, "seed": 62}