{"t_death": 3948.299999999378, "death_mode": "ribo_collapse", "pnr_type": "ribo_depletion", "t_pnr": 3309.2999999996364, "dt_walking_dead": 638.9999999997417, "N_RNAP": 64, "N_Ribo": 27, "N_ATP": 1000, "seed": 76}