{"t_death": 3380.3999999996076, "death_mode": "ribo_collapse", "pnr_type": "ribo_depletion", "t_pnr": 2445.2999999999856, "dt_walking_dead": 935.099999999622, "N_RNAP": 64, "N_Ribo": 3, "N_ATP": 1000, "seed": 95}