{"t_death": 4794.749999999036, "death_mode": "cycle_collapse", "pnr_type": "rnap_deadlock", "t_pnr": 4766.399999999047, "dt_walking_dead": 28.34999999998854, "N_RNAP": 100, "N_Ribo": 7, "N_ATP": 1000, "seed": 50}