{"t_death": 5723.99999999866, "death_mode": "ribo_collapse", "pnr_type": "ribo_depletion", "t_pnr": 2501.549999999963, "dt_walking_dead": 3222.4499999986974, "N_RNAP": 41, "N_Ribo": 17, "N_ATP": 1000, "seed": 37}