{"t_death": 4400.549999999195, "death_mode": "ribo_collapse", "pnr_type": "ribo_depletion", "t_pnr": 3033.8999999997477, "dt_walking_dead": 1366.6499999994476, "N_RNAP": 17, "N_Ribo": 3, "N_ATP": 1000, "seed": 60}