{"t_death": 2525.849999999953, "death_mode": "ribo_collapse", "pnr_type": "ribo_depletion", "t_pnr": 1723.5000000001132, "dt_walking_dead": 802.3499999998398, "N_RNAP": 17, "N_Ribo": 4, "N_ATP": 1000, "seed": 84}