{"t_death": 3128.8499999997093, "death_mode": "ribo_collapse", "pnr_type": "ribo_depletion", "t_pnr": 2676.599999999892, "dt_walking_dead": 452.2499999998172, "N_RNAP": 27, "N_Ribo": 7, "N_ATP": 1000, "seed": 43}