{"t_death": 5199.749999998872, "death_mode": "ribo_collapse", "pnr_type": "ribo_depletion", "t_pnr": 1411.6500000000817, "dt_walking_dead": 3788.0999999987907, "N_RNAP": 100, "N_Ribo": 3, "N_ATP": 1000, "seed": 78}