{"t_death": 3831.2999999994254, "death_mode": "ribo_collapse", "pnr_type": "ribo_depletion", "t_pnr": 2993.849999999764, "dt_walking_dead": 837.4499999996615, "N_RNAP": 27, "N_Ribo": 7, "N_ATP": 1000, "seed": 86}