{"t_death": 5345.0999999988135, "death_mode": "ribo_collapse", "pnr_type": "ribo_depletion", "t_pnr": 4999.949999998953, "dt_walking_dead": 345.1499999998605, "N_RNAP": 41, "N_Ribo": 27, "N_ATP": 1000, "seed": 57}