{"t_death": 4643.099999999097, "death_mode": "ribo_collapse", "pnr_type": "ribo_depletion", "t_pnr": 3252.1499999996595, "dt_walking_dead": 1390.9499999994378, "N_RNAP": 64, "N_Ribo": 7, "N_ATP": 1000, "seed": 65}