{"t_death": 1755.9000000001165, "death_mode": "ribo_collapse", "pnr_type": "ribo_depletion", "t_pnr": 1130.4000000000533, "dt_walking_dead": 625.5000000000632, "N_RNAP": 3, "N_Ribo": 2, "N_ATP": 1000, "seed": 77}