{"t_death": 6070.94999999852, "death_mode": "ribo_collapse", "pnr_type": "ribo_depletion", "t_pnr": 1538.5500000000945, "dt_walking_dead": 4532.399999998425, "N_RNAP": 100, "N_Ribo": 11, "N_ATP": 1000, "seed": 43}