{"t_death": 1679.4000000001088, "death_mode": "ribo_collapse", "pnr_type": "ribo_depletion", "t_pnr": 769.0500000000169, "dt_walking_dead": 910.3500000000919, "N_RNAP": 7, "N_Ribo": 3, "N_ATP": 1000, "seed": 18}