{"t_death": 3436.199999999585, "death_mode": "ribo_collapse", "pnr_type": "ribo_depletion", "t_pnr": 2847.599999999823, "dt_walking_dead": 588.5999999997621, "N_RNAP": 17, "N_Ribo": 27, "N_ATP": 1000, "seed": 72}