{"t_death": 3347.099999999621, "death_mode": "ribo_collapse", "pnr_type": "ribo_depletion", "t_pnr": 2445.7499999999854, "dt_walking_dead": 901.3499999996357, "N_RNAP": 7, "N_Ribo": 17, "N_ATP": 1000, "seed": 84}