{"t_death": 3694.049999999481, "death_mode": "cycle_collapse", "pnr_type": "rnap_deadlock", "t_pnr": 3665.2499999994925, "dt_walking_dead": 28.79999999998836, "N_RNAP": 41, "N_Ribo": 17, "N_ATP": 1000, "seed": 96}