{"t_death": 8150.3999999976795, "death_mode": "ribo_collapse", "pnr_type": "ribo_depletion", "t_pnr": 2611.3499999999185, "dt_walking_dead": 5539.049999997761, "N_RNAP": 27, "N_Ribo": 7, "N_ATP": 1000, "seed": 92}