{"t_death": 6762.5999999982405, "death_mode": "ribo_collapse", "pnr_type": "ribo_depletion", "t_pnr": 4205.249999999274, "dt_walking_dead": 2557.3499999989663, "N_RNAP": 64, "N_Ribo": 27, "N_ATP": 1000, "seed": 18}