{"t_death": 6674.399999998276, "death_mode": "ribo_collapse", "pnr_type": "ribo_depletion", "t_pnr": 4849.199999999014, "dt_walking_dead": 1825.1999999992622, "N_RNAP": 27, "N_Ribo": 64, "N_ATP": 1000, "seed": 37}