{"t_death": 4606.649999999112, "death_mode": "ribo_collapse", "pnr_type": "ribo_depletion", "t_pnr": 1119.1500000000522, "dt_walking_dead": 3487.4999999990596, "N_RNAP": 41, "N_Ribo": 2, "N_ATP": 1000, "seed": 12}