{"t_death": 3845.6999999994196, "death_mode": "atp_depletion", "pnr_type": "ribo_depletion", "t_pnr": 1723.9500000001133, "dt_walking_dead": 2121.749999999306, "N_RNAP": 100, "N_Ribo": 2, "N_ATP": 1000, "seed": 92}