{"t_death": 2160.9000000001006, "death_mode": "ribo_collapse", "pnr_type": "ribo_depletion", "t_pnr": 1861.6500000001272, "dt_walking_dead": 299.2499999999734, "N_RNAP": 17, "N_Ribo": 2, "N_ATP": 1000, "seed": 49}