{"t_death": 3799.799999999438, "death_mode": "ribo_collapse", "pnr_type": "ribo_depletion", "t_pnr": 3747.599999999459, "dt_walking_dead": 52.1999999999789, "N_RNAP": 100, "N_Ribo": 4, "N_ATP": 1000, "seed": 48}