{"t_death": 6099.299999998509, "death_mode": "ribo_collapse", "pnr_type": "ribo_depletion", "t_pnr": 1856.2500000001266, "dt_walking_dead": 4243.049999998382, "N_RNAP": 100, "N_Ribo": 3, "N_ATP": 1000, "seed": 32}