{"t_death": 1601.550000000101, "death_mode": "ribo_collapse", "pnr_type": "ribo_depletion", "t_pnr": 870.3000000000271, "dt_walking_dead": 731.2500000000738, "N_RNAP": 2, "N_Ribo": 7, "N_ATP": 1000, "seed": 63}