{"t_death": 4622.849999999105, "death_mode": "ribo_collapse", "pnr_type": "ribo_depletion", "t_pnr": 3099.1499999997213, "dt_walking_dead": 1523.699999999384, "N_RNAP": 27, "N_Ribo": 11, "N_ATP": 1000, "seed": 87}