{"t_death": 2962.7999999997764, "death_mode": "cycle_collapse", "pnr_type": "rnap_deadlock", "t_pnr": 2899.349999999802, "dt_walking_dead": 63.44999999997435, "N_RNAP": 11, "N_Ribo": 17, "N_ATP": 1000, "seed": 49}