{"t_death": 4730.849999999062, "death_mode": "ribo_collapse", "pnr_type": "ribo_depletion", "t_pnr": 1096.6500000000499, "dt_walking_dead": 3634.199999999012, "N_RNAP": 4, "N_Ribo": 2, "N_ATP": 1000, "seed": 14}