{"t_death": 5840.999999998613, "death_mode": "ribo_collapse", "pnr_type": "ribo_depletion", "t_pnr": 484.64999999999156, "dt_walking_dead": 5356.349999998622, "N_RNAP": 100, "N_Ribo": 4, "N_ATP": 1000, "seed": 9}