{"t_death": 1039.9500000000442, "death_mode": "cycle_collapse", "pnr_type": "rnap_deadlock", "t_pnr": 810.000000000021, "dt_walking_dead": 229.95000000002312, "N_RNAP": 4, "N_Ribo": 17, "N_ATP": 1000, "seed": 82}