{"t_death": 4360.949999999211, "death_mode": "ribo_collapse", "pnr_type": "ribo_depletion", "t_pnr": 2273.400000000055, "dt_walking_dead": 2087.549999999156, "N_RNAP": 41, "N_Ribo": 7, "N_ATP": 1000, "seed": 13}