{"t_death": 5330.699999998819, "death_mode": "ribo_collapse", "pnr_type": "ribo_depletion", "t_pnr": 4615.649999999108, "dt_walking_dead": 715.049999999711, "N_RNAP": 7, "N_Ribo": 7, "N_ATP": 1000, "seed": 83}