{"t_death": 6961.94999999816, "death_mode": "ribo_collapse", "pnr_type": "ribo_depletion", "t_pnr": 4852.349999999013, "dt_walking_dead": 2109.5999999991473, "N_RNAP": 27, "N_Ribo": 41, "N_ATP": 1000, "seed": 90}