{"t_death": 4096.799999999318, "death_mode": "ribo_collapse", "pnr_type": "ribo_depletion", "t_pnr": 2481.749999999971, "dt_walking_dead": 1615.0499999993472, "N_RNAP": 100, "N_Ribo": 3, "N_ATP": 1000, "seed": 7}