{"t_death": 3569.3999999995312, "death_mode": "ribo_collapse", "pnr_type": "ribo_depletion", "t_pnr": 1174.9500000000578, "dt_walking_dead": 2394.449999999473, "N_RNAP": 17, "N_Ribo": 2, "N_ATP": 1000, "seed": 5}