{"t_death": 3970.349999999369, "death_mode": "ribo_collapse", "pnr_type": "ribo_depletion", "t_pnr": 1908.900000000132, "dt_walking_dead": 2061.449999999237, "N_RNAP": 100, "N_Ribo": 2, "N_ATP": 1000, "seed": 79}