{"t_death": 4275.449999999246, "death_mode": "ribo_collapse", "pnr_type": "ribo_depletion", "t_pnr": 3380.8499999996075, "dt_walking_dead": 894.5999999996384, "N_RNAP": 7, "N_Ribo": 17, "N_ATP": 1000, "seed": 68}