{"t_death": 1947.1500000001358, "death_mode": "ribo_collapse", "pnr_type": "ribo_depletion", "t_pnr": 1817.5500000001227, "dt_walking_dead": 129.6000000000131, "N_RNAP": 4, "N_Ribo": 4, "N_ATP": 1000, "seed": 38}