{"t_death": 3499.6499999995594, "death_mode": "cycle_collapse", "pnr_type": "rnap_deadlock", "t_pnr": 3499.6499999995594, "dt_walking_dead": 0.0, "N_RNAP": 17, "N_Ribo": 64, "N_ATP": 1000, "seed": 71}