{"t_death": 3843.4499999994205, "death_mode": "ribo_collapse", "pnr_type": "ribo_depletion", "t_pnr": 2788.199999999847, "dt_walking_dead": 1055.2499999995734, "N_RNAP": 41, "N_Ribo": 11, "N_ATP": 1000, "seed": 71}