{"t_death": 3345.7499999996217, "death_mode": "ribo_collapse", "pnr_type": "ribo_depletion", "t_pnr": 738.0000000000138, "dt_walking_dead": 2607.749999999608, "N_RNAP": 17, "N_Ribo": 3, "N_ATP": 1000, "seed": 6}