{"t_death": 2530.799999999951, "death_mode": "ribo_collapse", "pnr_type": "ribo_depletion", "t_pnr": 2358.4500000000207, "dt_walking_dead": 172.34999999993033, "N_RNAP": 27, "N_Ribo": 11, "N_ATP": 1000, "seed": 80}