{"t_death": 3518.099999999552, "death_mode": "cycle_collapse", "pnr_type": "rnap_deadlock", "t_pnr": 3462.7499999995744, "dt_walking_dead": 55.349999999977626, "N_RNAP": 27, "N_Ribo": 27, "N_ATP": 1000, "seed": 16}