{"t_death": 7585.649999997908, "death_mode": "ribo_collapse", "pnr_type": "ribo_depletion", "t_pnr": 330.74999999999545, "dt_walking_dead": 7254.899999997912, "N_RNAP": 64, "N_Ribo": 4, "N_ATP": 1000, "seed": 23}