{"t_death": 6717.599999998259, "death_mode": "ribo_collapse", "pnr_type": "ribo_depletion", "t_pnr": 4558.499999999131, "dt_walking_dead": 2159.0999999991272, "N_RNAP": 17, "N_Ribo": 17, "N_ATP": 1000, "seed": 23}