{"t_death": 2251.800000000064, "death_mode": "ribo_collapse", "pnr_type": "ribo_depletion", "t_pnr": 2121.7500000001164, "dt_walking_dead": 130.04999999994743, "N_RNAP": 2, "N_Ribo": 4, "N_ATP": 1000, "seed": 8}