{"t_death": 4624.199999999105, "death_mode": "ribo_collapse", "pnr_type": "ribo_depletion", "t_pnr": 2790.899999999846, "dt_walking_dead": 1833.299999999259, "N_RNAP": 100, "N_Ribo": 11, "N_ATP": 1000, "seed": 68}