{"t_death": 3590.5499999995227, "death_mode": "ribo_collapse", "pnr_type": "ribo_depletion", "t_pnr": 2401.6500000000033, "dt_walking_dead": 1188.8999999995194, "N_RNAP": 41, "N_Ribo": 3, "N_ATP": 1000, "seed": 44}