{"t_death": 2938.0499999997865, "death_mode": "ribo_collapse", "pnr_type": "ribo_depletion", "t_pnr": 795.1500000000195, "dt_walking_dead": 2142.899999999767, "N_RNAP": 2, "N_Ribo": 4, "N_ATP": 1000, "seed": 90}