{"t_death": 3209.8499999996766, "death_mode": "ribo_collapse", "pnr_type": "ribo_depletion", "t_pnr": 1014.3000000000417, "dt_walking_dead": 2195.549999999635, "N_RNAP": 2, "N_Ribo": 2, "N_ATP": 1000, "seed": 86}