{"t_death": 3623.8499999995092, "death_mode": "cycle_collapse", "pnr_type": "rnap_deadlock", "t_pnr": 3542.399999999542, "dt_walking_dead": 81.44999999996708, "N_RNAP": 17, "N_Ribo": 11, "N_ATP": 1000, "seed": 34}