{"t_death": 6099.749999998508, "death_mode": "ribo_collapse", "pnr_type": "ribo_depletion", "t_pnr": 2303.100000000043, "dt_walking_dead": 3796.6499999984653, "N_RNAP": 64, "N_Ribo": 41, "N_ATP": 1000, "seed": 36}