{"t_death": 6376.049999998397, "death_mode": "ribo_collapse", "pnr_type": "ribo_depletion", "t_pnr": 2363.4000000000187, "dt_walking_dead": 4012.649999998378, "N_RNAP": 64, "N_Ribo": 17, "N_ATP": 1000, "seed": 56}