{"t_death": 8193.149999997664, "death_mode": "ribo_collapse", "pnr_type": "ribo_depletion", "t_pnr": 4637.699999999099, "dt_walking_dead": 3555.4499999985646, "N_RNAP": 11, "N_Ribo": 100, "N_ATP": 1000, "seed": 43}