{"t_death": 4461.7499999991705, "death_mode": "ribo_collapse", "pnr_type": "ribo_depletion", "t_pnr": 1984.0500000001396, "dt_walking_dead": 2477.699999999031, "N_RNAP": 100, "N_Ribo": 2, "N_ATP": 1000, "seed": 82}