{"t_death": 3298.9499999996406, "death_mode": "ribo_collapse", "pnr_type": "ribo_depletion", "t_pnr": 1104.3000000000507, "dt_walking_dead": 2194.64999999959, "N_RNAP": 27, "N_Ribo": 3, "N_ATP": 1000, "seed": 77}