{"t_death": 4473.899999999166, "death_mode": "ribo_collapse", "pnr_type": "ribo_depletion", "t_pnr": 4208.849999999273, "dt_walking_dead": 265.04999999989286, "N_RNAP": 7, "N_Ribo": 64, "N_ATP": 1000, "seed": 34}