{"t_death": 5615.999999998704, "death_mode": "ribo_collapse", "pnr_type": "ribo_depletion", "t_pnr": 4710.59999999907, "dt_walking_dead": 905.399999999634, "N_RNAP": 27, "N_Ribo": 3, "N_ATP": 1000, "seed": 21}