{"t_death": 4571.999999999126, "death_mode": "ribo_collapse", "pnr_type": "ribo_depletion", "t_pnr": 383.8499999999941, "dt_walking_dead": 4188.149999999132, "N_RNAP": 17, "N_Ribo": 4, "N_ATP": 1000, "seed": 23}