{"t_death": 2372.850000000015, "death_mode": "ribo_collapse", "pnr_type": "ribo_depletion", "t_pnr": 2313.9000000000387, "dt_walking_dead": 58.94999999997617, "N_RNAP": 3, "N_Ribo": 4, "N_ATP": 1000, "seed": 76}