{"t_death": 2814.2999999998365, "death_mode": "ribo_collapse", "pnr_type": "ribo_depletion", "t_pnr": 545.8499999999943, "dt_walking_dead": 2268.449999999842, "N_RNAP": 27, "N_Ribo": 2, "N_ATP": 1000, "seed": 79}