{"t_death": 2467.7999999999765, "death_mode": "cycle_collapse", "pnr_type": "rnap_deadlock", "t_pnr": 2452.049999999983, "dt_walking_dead": 15.749999999993634, "N_RNAP": 11, "N_Ribo": 27, "N_ATP": 1000, "seed": 11}