{"t_death": 3532.0499999995463, "death_mode": "ribo_collapse", "pnr_type": "ribo_depletion", "t_pnr": 1490.4000000000897, "dt_walking_dead": 2041.6499999994567, "N_RNAP": 27, "N_Ribo": 4, "N_ATP": 1000, "seed": 62}