{"t_death": 852.3000000000253, "death_mode": "cycle_collapse", "pnr_type": "rnap_deadlock", "t_pnr": 844.6500000000245, "dt_walking_dead": 7.650000000000773, "N_RNAP": 4, "N_Ribo": 17, "N_ATP": 1000, "seed": 79}