{"t_death": 8159.849999997676, "death_mode": "ribo_collapse", "pnr_type": "ribo_depletion", "t_pnr": 328.0499999999955, "dt_walking_dead": 7831.79999999768, "N_RNAP": 64, "N_Ribo": 2, "N_ATP": 1000, "seed": 98}