{"t_death": 720.900000000012, "death_mode": "ribo_collapse", "pnr_type": "ribo_depletion", "t_pnr": 671.8500000000071, "dt_walking_dead": 49.05000000000496, "N_RNAP": 4, "N_Ribo": 3, "N_ATP": 1000, "seed": 71}