{"t_death": 7383.14999999799, "death_mode": "ribo_collapse", "pnr_type": "ribo_depletion", "t_pnr": 1856.2500000001266, "dt_walking_dead": 5526.899999997863, "N_RNAP": 17, "N_Ribo": 17, "N_ATP": 1000, "seed": 35}