{"t_death": 2845.7999999998237, "death_mode": "ribo_collapse", "pnr_type": "ribo_depletion", "t_pnr": 1990.8000000001402, "dt_walking_dead": 854.9999999996835, "N_RNAP": 64, "N_Ribo": 2, "N_ATP": 1000, "seed": 59}