{"t_death": 6213.599999998462, "death_mode": "ribo_collapse", "pnr_type": "ribo_depletion", "t_pnr": 5840.999999998613, "dt_walking_dead": 372.5999999998494, "N_RNAP": 11, "N_Ribo": 64, "N_ATP": 1000, "seed": 15}