{"t_death": 6375.149999998397, "death_mode": "ribo_collapse", "pnr_type": "ribo_depletion", "t_pnr": 3838.4999999994225, "dt_walking_dead": 2536.6499999989746, "N_RNAP": 27, "N_Ribo": 2, "N_ATP": 1000, "seed": 61}