{"t_death": 3578.8499999995274, "death_mode": "ribo_collapse", "pnr_type": "ribo_depletion", "t_pnr": 1657.3500000001065, "dt_walking_dead": 1921.4999999994209, "N_RNAP": 11, "N_Ribo": 7, "N_ATP": 1000, "seed": 40}