{"t_death": 4349.249999999216, "death_mode": "ribo_collapse", "pnr_type": "ribo_depletion", "t_pnr": 3897.4499999993986, "dt_walking_dead": 451.7999999998174, "N_RNAP": 64, "N_Ribo": 7, "N_ATP": 1000, "seed": 79}