{"t_death": 4335.299999999222, "death_mode": "cycle_collapse", "pnr_type": "rnap_deadlock", "t_pnr": 4298.849999999236, "dt_walking_dead": 36.449999999985266, "N_RNAP": 17, "N_Ribo": 27, "N_ATP": 1000, "seed": 4}