{"t_death": 5948.54999999857, "death_mode": "ribo_collapse", "pnr_type": "ribo_depletion", "t_pnr": 3705.749999999476, "dt_walking_dead": 2242.7999999990934, "N_RNAP": 7, "N_Ribo": 100, "N_ATP": 1000, "seed": 14}