{"t_death": 1835.5500000001246, "death_mode": "cycle_collapse", "pnr_type": "rnap_deadlock", "t_pnr": 1781.550000000119, "dt_walking_dead": 54.00000000000546, "N_RNAP": 4, "N_Ribo": 100, "N_ATP": 1000, "seed": 85}