{"t_death": 3995.099999999359, "death_mode": "ribo_collapse", "pnr_type": "ribo_depletion", "t_pnr": 2102.4000000001242, "dt_walking_dead": 1892.699999999235, "N_RNAP": 11, "N_Ribo": 3, "N_ATP": 1000, "seed": 24}