{"t_death": 9211.49999999931, "death_mode": "ribo_collapse", "pnr_type": "ribo_depletion", "t_pnr": 3637.7999999995036, "dt_walking_dead": 5573.699999999807, "N_RNAP": 64, "N_Ribo": 11, "N_ATP": 1000, "seed": 9}