{"t_death": 4427.099999999185, "death_mode": "ribo_collapse", "pnr_type": "ribo_depletion", "t_pnr": 2450.2499999999836, "dt_walking_dead": 1976.849999999201, "N_RNAP": 41, "N_Ribo": 17, "N_ATP": 1000, "seed": 73}