{"t_death": 3305.249999999638, "death_mode": "cycle_collapse", "pnr_type": "rnap_deadlock", "t_pnr": 3194.5499999996828, "dt_walking_dead": 110.69999999995525, "N_RNAP": 11, "N_Ribo": 41, "N_ATP": 1000, "seed": 63}