{"t_death": 1611.450000000102, "death_mode": "ribo_collapse", "pnr_type": "ribo_depletion", "t_pnr": 361.79999999999467, "dt_walking_dead": 1249.6500000001072, "N_RNAP": 4, "N_Ribo": 4, "N_ATP": 1000, "seed": 61}