{"t_death": 6506.099999998344, "death_mode": "ribo_collapse", "pnr_type": "ribo_depletion", "t_pnr": 3455.5499999995773, "dt_walking_dead": 3050.549999998767, "N_RNAP": 27, "N_Ribo": 27, "N_ATP": 1000, "seed": 35}