{"t_death": 3984.7499999993634, "death_mode": "ribo_collapse", "pnr_type": "ribo_depletion", "t_pnr": 3064.949999999735, "dt_walking_dead": 919.7999999996282, "N_RNAP": 64, "N_Ribo": 11, "N_ATP": 1000, "seed": 15}