{"t_death": 3082.499999999728, "death_mode": "ribo_collapse", "pnr_type": "ribo_depletion", "t_pnr": 2596.4999999999245, "dt_walking_dead": 485.99999999980355, "N_RNAP": 3, "N_Ribo": 3, "N_ATP": 1000, "seed": 51}