{"t_death": 4935.599999998979, "death_mode": "cycle_collapse", "pnr_type": "rnap_deadlock", "t_pnr": 4820.849999999025, "dt_walking_dead": 114.74999999995362, "N_RNAP": 41, "N_Ribo": 41, "N_ATP": 1000, "seed": 31}