{"t_death": 6153.749999998487, "death_mode": "ribo_collapse", "pnr_type": "ribo_depletion", "t_pnr": 1401.7500000000807, "dt_walking_dead": 4751.999999998406, "N_RNAP": 64, "N_Ribo": 4, "N_ATP": 1000, "seed": 66}