{"t_death": 3483.899999999566, "death_mode": "ribo_collapse", "pnr_type": "ribo_depletion", "t_pnr": 3106.3499999997184, "dt_walking_dead": 377.5499999998474, "N_RNAP": 11, "N_Ribo": 3, "N_ATP": 1000, "seed": 45}