{"t_death": 7296.749999998025, "death_mode": "cycle_collapse", "pnr_type": "rnap_deadlock", "t_pnr": 7087.049999998109, "dt_walking_dead": 209.69999999991524, "N_RNAP": 11, "N_Ribo": 100, "N_ATP": 1000, "seed": 86}