{"t_death": 3940.649999999381, "death_mode": "ribo_collapse", "pnr_type": "ribo_depletion", "t_pnr": 353.6999999999949, "dt_walking_dead": 3586.9499999993864, "N_RNAP": 11, "N_Ribo": 3, "N_ATP": 1000, "seed": 61}