{"t_death": 4116.59999999931, "death_mode": "ribo_collapse", "pnr_type": "ribo_depletion", "t_pnr": 3201.74999999968, "dt_walking_dead": 914.8499999996302, "N_RNAP": 17, "N_Ribo": 27, "N_ATP": 1000, "seed": 22}