{"t_death": 3258.449999999657, "death_mode": "ribo_collapse", "pnr_type": "ribo_depletion", "t_pnr": 1039.9500000000442, "dt_walking_dead": 2218.4999999996126, "N_RNAP": 41, "N_Ribo": 3, "N_ATP": 1000, "seed": 31}