{"t_death": 6173.549999998479, "death_mode": "ribo_collapse", "pnr_type": "ribo_depletion", "t_pnr": 5350.0499999988115, "dt_walking_dead": 823.4999999996671, "N_RNAP": 11, "N_Ribo": 64, "N_ATP": 1000, "seed": 71}