{"t_death": 2259.4500000000608, "death_mode": "ribo_collapse", "pnr_type": "ribo_depletion", "t_pnr": 1287.0000000000691, "dt_walking_dead": 972.4499999999916, "N_RNAP": 7, "N_Ribo": 2, "N_ATP": 1000, "seed": 33}