{"t_death": 5519.699999998743, "death_mode": "ribo_collapse", "pnr_type": "ribo_depletion", "t_pnr": 4173.749999999287, "dt_walking_dead": 1345.949999999456, "N_RNAP": 41, "N_Ribo": 41, "N_ATP": 1000, "seed": 23}