{"t_death": 4194.899999999278, "death_mode": "cycle_collapse", "pnr_type": "rnap_deadlock", "t_pnr": 4108.499999999313, "dt_walking_dead": 86.39999999996508, "N_RNAP": 64, "N_Ribo": 4, "N_ATP": 1000, "seed": 54}