{"t_death": 4459.049999999172, "death_mode": "ribo_collapse", "pnr_type": "ribo_depletion", "t_pnr": 3696.29999999948, "dt_walking_dead": 762.7499999996917, "N_RNAP": 11, "N_Ribo": 27, "N_ATP": 1000, "seed": 9}