{"t_death": 2680.6499999998905, "death_mode": "ribo_collapse", "pnr_type": "ribo_depletion", "t_pnr": 2349.4500000000244, "dt_walking_dead": 331.1999999998661, "N_RNAP": 27, "N_Ribo": 7, "N_ATP": 1000, "seed": 72}