{"t_death": 4958.9999999989695, "death_mode": "ribo_collapse", "pnr_type": "ribo_depletion", "t_pnr": 3227.3999999996695, "dt_walking_dead": 1731.5999999993, "N_RNAP": 100, "N_Ribo": 2, "N_ATP": 1000, "seed": 84}