{"t_death": 4110.749999999312, "death_mode": "ribo_collapse", "pnr_type": "ribo_depletion", "t_pnr": 3679.199999999487, "dt_walking_dead": 431.54999999982556, "N_RNAP": 3, "N_Ribo": 64, "N_ATP": 1000, "seed": 65}