{"t_death": 2728.349999999871, "death_mode": "ribo_collapse", "pnr_type": "ribo_depletion", "t_pnr": 866.7000000000268, "dt_walking_dead": 1861.6499999998446, "N_RNAP": 2, "N_Ribo": 4, "N_ATP": 1000, "seed": 37}