{"t_death": 3902.8499999993965, "death_mode": "ribo_collapse", "pnr_type": "ribo_depletion", "t_pnr": 288.8999999999965, "dt_walking_dead": 3613.9499999994, "N_RNAP": 17, "N_Ribo": 2, "N_ATP": 1000, "seed": 20}