{"t_death": 4801.049999999033, "death_mode": "ribo_collapse", "pnr_type": "ribo_depletion", "t_pnr": 1289.7000000000694, "dt_walking_dead": 3511.349999998964, "N_RNAP": 41, "N_Ribo": 2, "N_ATP": 1000, "seed": 96}