{"t_death": 2206.350000000082, "death_mode": "ribo_collapse", "pnr_type": "ribo_depletion", "t_pnr": 1276.650000000068, "dt_walking_dead": 929.7000000000141, "N_RNAP": 17, "N_Ribo": 7, "N_ATP": 1000, "seed": 79}