{"t_death": 5543.099999998733, "death_mode": "ribo_collapse", "pnr_type": "ribo_depletion", "t_pnr": 3402.4499999995987, "dt_walking_dead": 2140.6499999991347, "N_RNAP": 64, "N_Ribo": 11, "N_ATP": 1000, "seed": 99}