{"t_death": 6156.899999998485, "death_mode": "ribo_collapse", "pnr_type": "ribo_depletion", "t_pnr": 2857.949999999819, "dt_walking_dead": 3298.9499999986665, "N_RNAP": 11, "N_Ribo": 17, "N_ATP": 1000, "seed": 78}