{"t_death": 2400.300000000004, "death_mode": "ribo_collapse", "pnr_type": "ribo_depletion", "t_pnr": 1842.3000000001252, "dt_walking_dead": 557.9999999998786, "N_RNAP": 4, "N_Ribo": 3, "N_ATP": 1000, "seed": 2}