{"t_death": 5456.2499999987685, "death_mode": "ribo_collapse", "pnr_type": "ribo_depletion", "t_pnr": 4110.749999999312, "dt_walking_dead": 1345.4999999994561, "N_RNAP": 11, "N_Ribo": 41, "N_ATP": 1000, "seed": 56}