{"t_death": 4590.899999999118, "death_mode": "ribo_collapse", "pnr_type": "ribo_depletion", "t_pnr": 3405.1499999995976, "dt_walking_dead": 1185.7499999995207, "N_RNAP": 100, "N_Ribo": 2, "N_ATP": 1000, "seed": 95}