{"t_death": 5191.6499999988755, "death_mode": "ribo_collapse", "pnr_type": "ribo_depletion", "t_pnr": 799.65000000002, "dt_walking_dead": 4391.999999998856, "N_RNAP": 100, "N_Ribo": 2, "N_ATP": 1000, "seed": 98}