{"t_death": 4961.249999998969, "death_mode": "ribo_collapse", "pnr_type": "ribo_depletion", "t_pnr": 792.4500000000193, "dt_walking_dead": 4168.79999999895, "N_RNAP": 100, "N_Ribo": 3, "N_ATP": 1000, "seed": 73}