{"t_death": 2677.4999999998918, "death_mode": "ribo_collapse", "pnr_type": "ribo_depletion", "t_pnr": 2500.6499999999633, "dt_walking_dead": 176.8499999999285, "N_RNAP": 11, "N_Ribo": 27, "N_ATP": 1000, "seed": 53}