{"t_death": 2697.7499999998836, "death_mode": "ribo_collapse", "pnr_type": "ribo_depletion", "t_pnr": 1272.6000000000677, "dt_walking_dead": 1425.149999999816, "N_RNAP": 41, "N_Ribo": 3, "N_ATP": 1000, "seed": 74}