{"t_death": 1430.1000000000836, "death_mode": "ribo_collapse", "pnr_type": "ribo_depletion", "t_pnr": 308.699999999996, "dt_walking_dead": 1121.4000000000876, "N_RNAP": 4, "N_Ribo": 2, "N_ATP": 1000, "seed": 40}