{"t_death": 3127.9499999997097, "death_mode": "ribo_collapse", "pnr_type": "ribo_depletion", "t_pnr": 2284.6500000000506, "dt_walking_dead": 843.2999999996591, "N_RNAP": 4, "N_Ribo": 7, "N_ATP": 1000, "seed": 14}