{"t_death": 1100.2500000000502, "death_mode": "cycle_collapse", "pnr_type": "rnap_deadlock", "t_pnr": 866.7000000000268, "dt_walking_dead": 233.5500000000235, "N_RNAP": 7, "N_Ribo": 2, "N_ATP": 1000, "seed": 61}