{"t_death": 3796.6499999994394, "death_mode": "ribo_collapse", "pnr_type": "ribo_depletion", "t_pnr": 2098.8000000001257, "dt_walking_dead": 1697.8499999993137, "N_RNAP": 27, "N_Ribo": 2, "N_ATP": 1000, "seed": 73}