{"t_death": 3499.1999999995596, "death_mode": "cycle_collapse", "pnr_type": "rnap_deadlock", "t_pnr": 3337.649999999625, "dt_walking_dead": 161.5499999999347, "N_RNAP": 7, "N_Ribo": 27, "N_ATP": 1000, "seed": 2}