{"t_death": 3856.0499999994154, "death_mode": "ribo_collapse", "pnr_type": "ribo_depletion", "t_pnr": 3158.0999999996975, "dt_walking_dead": 697.9499999997179, "N_RNAP": 7, "N_Ribo": 41, "N_ATP": 1000, "seed": 62}