{"t_death": 2258.550000000061, "death_mode": "ribo_collapse", "pnr_type": "ribo_depletion", "t_pnr": 1566.0000000000973, "dt_walking_dead": 692.5499999999638, "N_RNAP": 11, "N_Ribo": 3, "N_ATP": 1000, "seed": 69}