{"t_death": 2295.450000000046, "death_mode": "cycle_collapse", "pnr_type": "rnap_deadlock", "t_pnr": 2056.500000000143, "dt_walking_dead": 238.9499999999034, "N_RNAP": 4, "N_Ribo": 11, "N_ATP": 1000, "seed": 3}