{"t_death": 6050.699999998528, "death_mode": "ribo_collapse", "pnr_type": "ribo_depletion", "t_pnr": 4121.099999999308, "dt_walking_dead": 1929.59999999922, "N_RNAP": 64, "N_Ribo": 3, "N_ATP": 1000, "seed": 88}