{"t_death": 3900.5999999993974, "death_mode": "ribo_collapse", "pnr_type": "ribo_depletion", "t_pnr": 3076.1999999997306, "dt_walking_dead": 824.3999999996668, "N_RNAP": 4, "N_Ribo": 27, "N_ATP": 1000, "seed": 93}