{"t_death": 3277.3499999996493, "death_mode": "cycle_collapse", "pnr_type": "rnap_deadlock", "t_pnr": 3212.0999999996757, "dt_walking_dead": 65.24999999997362, "N_RNAP": 27, "N_Ribo": 4, "N_ATP": 1000, "seed": 60}