{"t_death": 2873.6999999998125, "death_mode": "cycle_collapse", "pnr_type": "rnap_deadlock", "t_pnr": 2873.6999999998125, "dt_walking_dead": 0.0, "N_RNAP": 17, "N_Ribo": 17, "N_ATP": 1000, "seed": 84}