{"t_death": 873.4500000000274, "death_mode": "cycle_collapse", "pnr_type": "rnap_deadlock", "t_pnr": 616.5000000000015, "dt_walking_dead": 256.95000000002597, "N_RNAP": 4, "N_Ribo": 7, "N_ATP": 1000, "seed": 36}