{"t_death": 4229.549999999264, "death_mode": "ribo_collapse", "pnr_type": "ribo_depletion", "t_pnr": 382.94999999999413, "dt_walking_dead": 3846.59999999927, "N_RNAP": 100, "N_Ribo": 2, "N_ATP": 1000, "seed": 0}