{"t_death": 5109.749999998909, "death_mode": "ribo_collapse", "pnr_type": "ribo_depletion", "t_pnr": 4012.649999999352, "dt_walking_dead": 1097.0999999995565, "N_RNAP": 64, "N_Ribo": 4, "N_ATP": 1000, "seed": 75}