{"t_death": 3455.5499999995773, "death_mode": "ribo_collapse", "pnr_type": "ribo_depletion", "t_pnr": 2663.0999999998976, "dt_walking_dead": 792.4499999996797, "N_RNAP": 7, "N_Ribo": 17, "N_ATP": 1000, "seed": 58}