{"t_death": 5229.44999999886, "death_mode": "ribo_collapse", "pnr_type": "ribo_depletion", "t_pnr": 4762.799999999049, "dt_walking_dead": 466.64999999981137, "N_RNAP": 41, "N_Ribo": 64, "N_ATP": 1000, "seed": 29}