{"t_death": 4416.749999999189, "death_mode": "ribo_collapse", "pnr_type": "ribo_depletion", "t_pnr": 381.59999999999417, "dt_walking_dead": 4035.1499999991947, "N_RNAP": 64, "N_Ribo": 2, "N_ATP": 1000, "seed": 2}