{"t_death": 4337.099999999221, "death_mode": "ribo_collapse", "pnr_type": "ribo_depletion", "t_pnr": 750.150000000015, "dt_walking_dead": 3586.949999999206, "N_RNAP": 64, "N_Ribo": 2, "N_ATP": 1000, "seed": 28}