{"t_death": 4020.299999999349, "death_mode": "ribo_collapse", "pnr_type": "ribo_depletion", "t_pnr": 3178.3499999996893, "dt_walking_dead": 841.9499999996597, "N_RNAP": 100, "N_Ribo": 3, "N_ATP": 1000, "seed": 1}