{"t_death": 3335.399999999626, "death_mode": "ribo_collapse", "pnr_type": "ribo_depletion", "t_pnr": 773.1000000000173, "dt_walking_dead": 2562.2999999996086, "N_RNAP": 41, "N_Ribo": 2, "N_ATP": 1000, "seed": 28}