{"t_death": 2151.9000000001042, "death_mode": "ribo_collapse", "pnr_type": "ribo_depletion", "t_pnr": 1512.900000000092, "dt_walking_dead": 639.0000000000123, "N_RNAP": 17, "N_Ribo": 7, "N_ATP": 1000, "seed": 43}