{"t_death": 3842.549999999421, "death_mode": "ribo_collapse", "pnr_type": "ribo_depletion", "t_pnr": 2690.5499999998865, "dt_walking_dead": 1151.9999999995343, "N_RNAP": 27, "N_Ribo": 11, "N_ATP": 1000, "seed": 36}