{"t_death": 3551.3999999995385, "death_mode": "ribo_collapse", "pnr_type": "ribo_depletion", "t_pnr": 2812.949999999837, "dt_walking_dead": 738.4499999997015, "N_RNAP": 4, "N_Ribo": 11, "N_ATP": 1000, "seed": 2}