{"t_death": 2218.0500000000775, "death_mode": "cycle_collapse", "pnr_type": "rnap_deadlock", "t_pnr": 2138.4000000001097, "dt_walking_dead": 79.6499999999678, "N_RNAP": 4, "N_Ribo": 27, "N_ATP": 1000, "seed": 98}