{"t_death": 3634.649999999505, "death_mode": "ribo_collapse", "pnr_type": "ribo_depletion", "t_pnr": 2091.6000000001286, "dt_walking_dead": 1543.0499999993763, "N_RNAP": 4, "N_Ribo": 7, "N_ATP": 1000, "seed": 81}