{"t_death": 2085.750000000131, "death_mode": "ribo_collapse", "pnr_type": "ribo_depletion", "t_pnr": 1044.4500000000446, "dt_walking_dead": 1041.3000000000864, "N_RNAP": 3, "N_Ribo": 3, "N_ATP": 1000, "seed": 26}