{"t_death": 4390.1999999991995, "death_mode": "ribo_collapse", "pnr_type": "ribo_depletion", "t_pnr": 1507.5000000000914, "dt_walking_dead": 2882.699999999108, "N_RNAP": 17, "N_Ribo": 2, "N_ATP": 1000, "seed": 1}