{"t_death": 5562.449999998726, "death_mode": "ribo_collapse", "pnr_type": "ribo_depletion", "t_pnr": 5269.049999998844, "dt_walking_dead": 293.3999999998814, "N_RNAP": 64, "N_Ribo": 27, "N_ATP": 1000, "seed": 50}