{"t_death": 6103.349999998507, "death_mode": "ribo_collapse", "pnr_type": "ribo_depletion", "t_pnr": 4183.649999999283, "dt_walking_dead": 1919.699999999224, "N_RNAP": 41, "N_Ribo": 41, "N_ATP": 1000, "seed": 80}