{"t_death": 5332.949999998818, "death_mode": "ribo_collapse", "pnr_type": "ribo_depletion", "t_pnr": 1598.4000000001006, "dt_walking_dead": 3734.549999998718, "N_RNAP": 64, "N_Ribo": 2, "N_ATP": 1000, "seed": 15}