{"t_death": 3121.6499999997122, "death_mode": "ribo_collapse", "pnr_type": "ribo_depletion", "t_pnr": 2651.3999999999023, "dt_walking_dead": 470.2499999998099, "N_RNAP": 7, "N_Ribo": 41, "N_ATP": 1000, "seed": 84}