{"t_death": 3826.3499999994274, "death_mode": "ribo_collapse", "pnr_type": "ribo_depletion", "t_pnr": 3150.8999999997004, "dt_walking_dead": 675.449999999727, "N_RNAP": 100, "N_Ribo": 4, "N_ATP": 1000, "seed": 2}