{"t_death": 2597.399999999924, "death_mode": "ribo_collapse", "pnr_type": "ribo_depletion", "t_pnr": 1988.10000000014, "dt_walking_dead": 609.2999999997842, "N_RNAP": 41, "N_Ribo": 2, "N_ATP": 1000, "seed": 73}