{"t_death": 8643.599999998392, "death_mode": "ribo_collapse", "pnr_type": "ribo_depletion", "t_pnr": 3968.09999999937, "dt_walking_dead": 4675.499999999022, "N_RNAP": 7, "N_Ribo": 7, "N_ATP": 1000, "seed": 29}