{"t_death": 4225.049999999266, "death_mode": "ribo_collapse", "pnr_type": "ribo_depletion", "t_pnr": 2452.4999999999827, "dt_walking_dead": 1772.5499999992835, "N_RNAP": 11, "N_Ribo": 3, "N_ATP": 1000, "seed": 72}