{"t_death": 2858.3999999998186, "death_mode": "ribo_collapse", "pnr_type": "ribo_depletion", "t_pnr": 1369.3500000000774, "dt_walking_dead": 1489.0499999997412, "N_RNAP": 17, "N_Ribo": 3, "N_ATP": 1000, "seed": 62}