{"t_death": 2527.6499999999523, "death_mode": "ribo_collapse", "pnr_type": "ribo_depletion", "t_pnr": 1061.1000000000463, "dt_walking_dead": 1466.549999999906, "N_RNAP": 4, "N_Ribo": 4, "N_ATP": 1000, "seed": 47}