{"t_death": 3722.849999999469, "death_mode": "ribo_collapse", "pnr_type": "ribo_depletion", "t_pnr": 1563.300000000097, "dt_walking_dead": 2159.549999999372, "N_RNAP": 27, "N_Ribo": 4, "N_ATP": 1000, "seed": 39}