{"t_death": 5605.649999998708, "death_mode": "ribo_collapse", "pnr_type": "ribo_depletion", "t_pnr": 879.300000000028, "dt_walking_dead": 4726.34999999868, "N_RNAP": 41, "N_Ribo": 3, "N_ATP": 1000, "seed": 49}