{"t_death": 4463.54999999917, "death_mode": "ribo_collapse", "pnr_type": "ribo_depletion", "t_pnr": 2051.550000000145, "dt_walking_dead": 2411.999999999025, "N_RNAP": 41, "N_Ribo": 7, "N_ATP": 1000, "seed": 55}