{"t_death": 5134.499999998899, "death_mode": "ribo_collapse", "pnr_type": "ribo_depletion", "t_pnr": 4554.449999999133, "dt_walking_dead": 580.0499999997655, "N_RNAP": 27, "N_Ribo": 41, "N_ATP": 1000, "seed": 45}