{"t_death": 5700.59999999867, "death_mode": "ribo_collapse", "pnr_type": "ribo_depletion", "t_pnr": 3784.0499999994445, "dt_walking_dead": 1916.5499999992253, "N_RNAP": 64, "N_Ribo": 17, "N_ATP": 1000, "seed": 21}