{"t_death": 5066.099999998926, "death_mode": "ribo_collapse", "pnr_type": "ribo_depletion", "t_pnr": 4839.299999999018, "dt_walking_dead": 226.79999999990832, "N_RNAP": 27, "N_Ribo": 27, "N_ATP": 1000, "seed": 6}