{"t_death": 6878.249999998194, "death_mode": "ribo_collapse", "pnr_type": "ribo_depletion", "t_pnr": 4116.59999999931, "dt_walking_dead": 2761.6499999988837, "N_RNAP": 27, "N_Ribo": 41, "N_ATP": 1000, "seed": 86}