{"t_death": 3860.9999999994134, "death_mode": "ribo_collapse", "pnr_type": "ribo_depletion", "t_pnr": 3363.7499999996144, "dt_walking_dead": 497.249999999799, "N_RNAP": 27, "N_Ribo": 2, "N_ATP": 1000, "seed": 89}