{"t_death": 5296.949999998833, "death_mode": "ribo_collapse", "pnr_type": "ribo_depletion", "t_pnr": 1681.200000000109, "dt_walking_dead": 3615.749999998724, "N_RNAP": 7, "N_Ribo": 3, "N_ATP": 1000, "seed": 36}