{"t_death": 4658.399999999091, "death_mode": "ribo_collapse", "pnr_type": "ribo_depletion", "t_pnr": 3439.7999999995836, "dt_walking_dead": 1218.5999999995074, "N_RNAP": 4, "N_Ribo": 41, "N_ATP": 1000, "seed": 68}