{"t_death": 3427.1999999995887, "death_mode": "ribo_collapse", "pnr_type": "ribo_depletion", "t_pnr": 2731.04999999987, "dt_walking_dead": 696.1499999997186, "N_RNAP": 27, "N_Ribo": 11, "N_ATP": 1000, "seed": 84}