{"t_death": 3068.099999999734, "death_mode": "ribo_collapse", "pnr_type": "ribo_depletion", "t_pnr": 2717.5499999998756, "dt_walking_dead": 350.5499999998583, "N_RNAP": 27, "N_Ribo": 17, "N_ATP": 1000, "seed": 57}