{"t_death": 2797.1999999998434, "death_mode": "cycle_collapse", "pnr_type": "rnap_deadlock", "t_pnr": 2573.9999999999336, "dt_walking_dead": 223.19999999990978, "N_RNAP": 3, "N_Ribo": 100, "N_ATP": 1000, "seed": 43}