{"t_death": 4288.499999999241, "death_mode": "ribo_collapse", "pnr_type": "ribo_depletion", "t_pnr": 1034.1000000000436, "dt_walking_dead": 3254.399999999197, "N_RNAP": 7, "N_Ribo": 2, "N_ATP": 1000, "seed": 40}