{"t_death": 1779.3000000001189, "death_mode": "cycle_collapse", "pnr_type": "rnap_deadlock", "t_pnr": 1722.6000000001131, "dt_walking_dead": 56.70000000000573, "N_RNAP": 4, "N_Ribo": 100, "N_ATP": 1000, "seed": 99}