{"t_death": 1662.300000000107, "death_mode": "cycle_collapse", "pnr_type": "rnap_deadlock", "t_pnr": 1659.6000000001068, "dt_walking_dead": 2.700000000000273, "N_RNAP": 4, "N_Ribo": 11, "N_ATP": 1000, "seed": 56}