{"t_death": 2277.9000000000533, "death_mode": "ribo_collapse", "pnr_type": "ribo_depletion", "t_pnr": 1516.9500000000924, "dt_walking_dead": 760.9499999999609, "N_RNAP": 27, "N_Ribo": 3, "N_ATP": 1000, "seed": 69}