{"t_death": 3674.249999999489, "death_mode": "ribo_collapse", "pnr_type": "ribo_depletion", "t_pnr": 2681.0999999998903, "dt_walking_dead": 993.1499999995985, "N_RNAP": 64, "N_Ribo": 7, "N_ATP": 1000, "seed": 42}