{"t_death": 5614.6499999987045, "death_mode": "ribo_collapse", "pnr_type": "ribo_depletion", "t_pnr": 2842.649999999825, "dt_walking_dead": 2771.9999999988795, "N_RNAP": 100, "N_Ribo": 4, "N_ATP": 1000, "seed": 32}