{"t_death": 3949.6499999993775, "death_mode": "ribo_collapse", "pnr_type": "ribo_depletion", "t_pnr": 2663.5499999998974, "dt_walking_dead": 1286.0999999994801, "N_RNAP": 41, "N_Ribo": 11, "N_ATP": 1000, "seed": 56}