{"t_death": 4976.549999998962, "death_mode": "ribo_collapse", "pnr_type": "ribo_depletion", "t_pnr": 1825.2000000001235, "dt_walking_dead": 3151.349999998839, "N_RNAP": 100, "N_Ribo": 4, "N_ATP": 1000, "seed": 26}