{"t_death": 3562.199999999534, "death_mode": "cycle_collapse", "pnr_type": "rnap_deadlock", "t_pnr": 3418.1999999995924, "dt_walking_dead": 143.9999999999418, "N_RNAP": 27, "N_Ribo": 11, "N_ATP": 1000, "seed": 21}