{"t_death": 3546.4499999995405, "death_mode": "ribo_collapse", "pnr_type": "ribo_depletion", "t_pnr": 2588.399999999928, "dt_walking_dead": 958.0499999996127, "N_RNAP": 27, "N_Ribo": 7, "N_ATP": 1000, "seed": 53}