{"t_death": 1541.7000000000949, "death_mode": "cycle_collapse", "pnr_type": "rnap_deadlock", "t_pnr": 1370.2500000000775, "dt_walking_dead": 171.45000000001733, "N_RNAP": 3, "N_Ribo": 11, "N_ATP": 1000, "seed": 75}