{"t_death": 5617.799999998703, "death_mode": "ribo_collapse", "pnr_type": "ribo_depletion", "t_pnr": 4440.599999999179, "dt_walking_dead": 1177.1999999995242, "N_RNAP": 100, "N_Ribo": 17, "N_ATP": 1000, "seed": 96}