{"t_death": 4228.199999999265, "death_mode": "ribo_collapse", "pnr_type": "ribo_depletion", "t_pnr": 2311.6500000000397, "dt_walking_dead": 1916.5499999992253, "N_RNAP": 3, "N_Ribo": 11, "N_ATP": 1000, "seed": 77}