{"t_death": 4319.999999999228, "death_mode": "ribo_collapse", "pnr_type": "ribo_depletion", "t_pnr": 4144.499999999299, "dt_walking_dead": 175.49999999992906, "N_RNAP": 64, "N_Ribo": 27, "N_ATP": 1000, "seed": 16}