{"t_death": 4088.2499999993215, "death_mode": "ribo_collapse", "pnr_type": "ribo_depletion", "t_pnr": 2686.949999999888, "dt_walking_dead": 1401.2999999994336, "N_RNAP": 41, "N_Ribo": 3, "N_ATP": 1000, "seed": 4}