{"t_death": 3593.2499999995216, "death_mode": "ribo_collapse", "pnr_type": "ribo_depletion", "t_pnr": 3272.3999999996513, "dt_walking_dead": 320.8499999998703, "N_RNAP": 11, "N_Ribo": 11, "N_ATP": 1000, "seed": 95}