{"t_death": 5343.299999998814, "death_mode": "ribo_collapse", "pnr_type": "ribo_depletion", "t_pnr": 1155.6000000000558, "dt_walking_dead": 4187.699999998758, "N_RNAP": 64, "N_Ribo": 2, "N_ATP": 1000, "seed": 31}