{"t_death": 2255.850000000062, "death_mode": "ribo_collapse", "pnr_type": "ribo_depletion", "t_pnr": 1031.8500000000433, "dt_walking_dead": 1224.0000000000189, "N_RNAP": 11, "N_Ribo": 3, "N_ATP": 1000, "seed": 2}