{"t_death": 4834.79999999902, "death_mode": "ribo_collapse", "pnr_type": "ribo_depletion", "t_pnr": 4191.29999999928, "dt_walking_dead": 643.4999999997399, "N_RNAP": 4, "N_Ribo": 64, "N_ATP": 1000, "seed": 36}