{"t_death": 2667.149999999896, "death_mode": "cycle_collapse", "pnr_type": "rnap_deadlock", "t_pnr": 2479.499999999972, "dt_walking_dead": 187.64999999992415, "N_RNAP": 27, "N_Ribo": 17, "N_ATP": 1000, "seed": 22}