{"t_death": 1368.4500000000774, "death_mode": "ribo_collapse", "pnr_type": "ribo_depletion", "t_pnr": 291.59999999999644, "dt_walking_dead": 1076.8500000000809, "N_RNAP": 3, "N_Ribo": 2, "N_ATP": 1000, "seed": 21}