{"t_death": 4121.099999999308, "death_mode": "cycle_collapse", "pnr_type": "rnap_deadlock", "t_pnr": 3946.049999999379, "dt_walking_dead": 175.04999999992924, "N_RNAP": 27, "N_Ribo": 100, "N_ATP": 1000, "seed": 23}