{"t_death": 5858.099999998606, "death_mode": "ribo_collapse", "pnr_type": "ribo_depletion", "t_pnr": 2822.399999999833, "dt_walking_dead": 3035.699999998773, "N_RNAP": 41, "N_Ribo": 11, "N_ATP": 1000, "seed": 13}