{"t_death": 3469.049999999572, "death_mode": "ribo_collapse", "pnr_type": "ribo_depletion", "t_pnr": 228.14999999999804, "dt_walking_dead": 3240.899999999574, "N_RNAP": 64, "N_Ribo": 2, "N_ATP": 1000, "seed": 40}