{"t_death": 5451.74999999877, "death_mode": "ribo_collapse", "pnr_type": "ribo_depletion", "t_pnr": 3286.3499999996457, "dt_walking_dead": 2165.3999999991247, "N_RNAP": 27, "N_Ribo": 41, "N_ATP": 1000, "seed": 76}