{"t_death": 3542.849999999542, "death_mode": "ribo_collapse", "pnr_type": "ribo_depletion", "t_pnr": 1683.4500000001092, "dt_walking_dead": 1859.3999999994328, "N_RNAP": 64, "N_Ribo": 3, "N_ATP": 1000, "seed": 36}