{"t_death": 3238.199999999665, "death_mode": "cycle_collapse", "pnr_type": "rnap_deadlock", "t_pnr": 2950.6499999997814, "dt_walking_dead": 287.54999999988377, "N_RNAP": 7, "N_Ribo": 27, "N_ATP": 1000, "seed": 88}