{"t_death": 3824.999999999428, "death_mode": "cycle_collapse", "pnr_type": "rnap_deadlock", "t_pnr": 3810.149999999434, "dt_walking_dead": 14.849999999993997, "N_RNAP": 17, "N_Ribo": 41, "N_ATP": 1000, "seed": 97}