{"t_death": 2954.6999999997797, "death_mode": "ribo_collapse", "pnr_type": "ribo_depletion", "t_pnr": 1220.4000000000624, "dt_walking_dead": 1734.2999999997173, "N_RNAP": 41, "N_Ribo": 7, "N_ATP": 1000, "seed": 43}