{"t_death": 3968.9999999993697, "death_mode": "ribo_collapse", "pnr_type": "ribo_depletion", "t_pnr": 2740.0499999998665, "dt_walking_dead": 1228.9499999995032, "N_RNAP": 17, "N_Ribo": 3, "N_ATP": 1000, "seed": 96}