{"t_death": 2633.8499999999094, "death_mode": "cycle_collapse", "pnr_type": "rnap_deadlock", "t_pnr": 2610.8999999999187, "dt_walking_dead": 22.949999999990723, "N_RNAP": 7, "N_Ribo": 100, "N_ATP": 1000, "seed": 93}