{"t_death": 2020.0500000001432, "death_mode": "ribo_collapse", "pnr_type": "ribo_depletion", "t_pnr": 1539.0000000000946, "dt_walking_dead": 481.0500000000486, "N_RNAP": 7, "N_Ribo": 7, "N_ATP": 1000, "seed": 22}