{"t_death": 1813.5000000001223, "death_mode": "ribo_collapse", "pnr_type": "ribo_depletion", "t_pnr": 1390.0500000000795, "dt_walking_dead": 423.4500000000428, "N_RNAP": 3, "N_Ribo": 2, "N_ATP": 1000, "seed": 71}