{"t_death": 1536.3000000000943, "death_mode": "ribo_collapse", "pnr_type": "ribo_depletion", "t_pnr": 399.5999999999937, "dt_walking_dead": 1136.7000000001005, "N_RNAP": 7, "N_Ribo": 4, "N_ATP": 1000, "seed": 71}