{"t_death": 2132.550000000112, "death_mode": "ribo_collapse", "pnr_type": "ribo_depletion", "t_pnr": 1919.700000000133, "dt_walking_dead": 212.849999999979, "N_RNAP": 7, "N_Ribo": 11, "N_ATP": 1000, "seed": 45}