{"t_death": 4255.649999999254, "death_mode": "ribo_collapse", "pnr_type": "ribo_depletion", "t_pnr": 1863.4500000001274, "dt_walking_dead": 2392.1999999991267, "N_RNAP": 7, "N_Ribo": 3, "N_ATP": 1000, "seed": 34}