{"t_death": 3656.249999999496, "death_mode": "ribo_collapse", "pnr_type": "ribo_depletion", "t_pnr": 2277.9000000000533, "dt_walking_dead": 1378.3499999994428, "N_RNAP": 17, "N_Ribo": 4, "N_ATP": 1000, "seed": 4}