{"t_death": 7915.049999997775, "death_mode": "ribo_collapse", "pnr_type": "ribo_depletion", "t_pnr": 5530.4999999987385, "dt_walking_dead": 2384.549999999036, "N_RNAP": 11, "N_Ribo": 100, "N_ATP": 1000, "seed": 35}