{"t_death": 4391.099999999199, "death_mode": "ribo_collapse", "pnr_type": "ribo_depletion", "t_pnr": 2022.3000000001434, "dt_walking_dead": 2368.7999999990557, "N_RNAP": 7, "N_Ribo": 11, "N_ATP": 1000, "seed": 55}