{"t_death": 2605.499999999921, "death_mode": "ribo_collapse", "pnr_type": "ribo_depletion", "t_pnr": 413.0999999999934, "dt_walking_dead": 2192.3999999999273, "N_RNAP": 7, "N_Ribo": 3, "N_ATP": 1000, "seed": 30}