{"t_death": 6088.949999998513, "death_mode": "ribo_collapse", "pnr_type": "ribo_depletion", "t_pnr": 5942.249999998572, "dt_walking_dead": 146.6999999999407, "N_RNAP": 17, "N_Ribo": 41, "N_ATP": 1000, "seed": 15}