{"t_death": 4408.649999999192, "death_mode": "ribo_collapse", "pnr_type": "ribo_depletion", "t_pnr": 3762.449999999453, "dt_walking_dead": 646.1999999997388, "N_RNAP": 41, "N_Ribo": 17, "N_ATP": 1000, "seed": 61}