{"t_death": 5056.64999999893, "death_mode": "ribo_collapse", "pnr_type": "ribo_depletion", "t_pnr": 821.7000000000222, "dt_walking_dead": 4234.9499999989075, "N_RNAP": 17, "N_Ribo": 2, "N_ATP": 1000, "seed": 28}