{"t_death": 1043.1000000000445, "death_mode": "ribo_collapse", "pnr_type": "ribo_depletion", "t_pnr": 768.1500000000168, "dt_walking_dead": 274.95000000002767, "N_RNAP": 2, "N_Ribo": 4, "N_ATP": 1000, "seed": 0}