{"t_death": 6716.249999998259, "death_mode": "ribo_collapse", "pnr_type": "ribo_depletion", "t_pnr": 3490.649999999563, "dt_walking_dead": 3225.599999998696, "N_RNAP": 41, "N_Ribo": 41, "N_ATP": 1000, "seed": 57}