{"t_death": 3786.2999999994436, "death_mode": "cycle_collapse", "pnr_type": "rnap_deadlock", "t_pnr": 3737.2499999994634, "dt_walking_dead": 49.04999999998017, "N_RNAP": 3, "N_Ribo": 100, "N_ATP": 1000, "seed": 99}