{"t_death": 3812.399999999433, "death_mode": "ribo_collapse", "pnr_type": "ribo_depletion", "t_pnr": 3502.3499999995583, "dt_walking_dead": 310.0499999998747, "N_RNAP": 64, "N_Ribo": 3, "N_ATP": 1000, "seed": 93}