{"t_death": 2934.8999999997877, "death_mode": "ribo_collapse", "pnr_type": "ribo_depletion", "t_pnr": 1244.2500000000648, "dt_walking_dead": 1690.649999999723, "N_RNAP": 64, "N_Ribo": 4, "N_ATP": 1000, "seed": 32}