{"t_death": 4104.899999999315, "death_mode": "ribo_collapse", "pnr_type": "ribo_depletion", "t_pnr": 3825.4499999994277, "dt_walking_dead": 279.44999999988704, "N_RNAP": 7, "N_Ribo": 64, "N_ATP": 1000, "seed": 18}