{"t_death": 3721.9499999994696, "death_mode": "cycle_collapse", "pnr_type": "rnap_deadlock", "t_pnr": 3640.0499999995027, "dt_walking_dead": 81.8999999999669, "N_RNAP": 4, "N_Ribo": 27, "N_ATP": 1000, "seed": 57}