{"t_death": 5628.149999998699, "death_mode": "ribo_collapse", "pnr_type": "ribo_depletion", "t_pnr": 1215.0000000000618, "dt_walking_dead": 4413.149999998637, "N_RNAP": 100, "N_Ribo": 2, "N_ATP": 1000, "seed": 99}