{"t_death": 3135.5999999997066, "death_mode": "ribo_collapse", "pnr_type": "ribo_depletion", "t_pnr": 2870.5499999998137, "dt_walking_dead": 265.04999999989286, "N_RNAP": 4, "N_Ribo": 11, "N_ATP": 1000, "seed": 20}