{"t_death": 1943.1000000001354, "death_mode": "ribo_collapse", "pnr_type": "ribo_depletion", "t_pnr": 1876.0500000001286, "dt_walking_dead": 67.05000000000678, "N_RNAP": 3, "N_Ribo": 11, "N_ATP": 1000, "seed": 28}