{"t_death": 3927.1499999993866, "death_mode": "ribo_collapse", "pnr_type": "ribo_depletion", "t_pnr": 1553.400000000096, "dt_walking_dead": 2373.7499999992906, "N_RNAP": 27, "N_Ribo": 2, "N_ATP": 1000, "seed": 2}