{"t_death": 5731.649999998657, "death_mode": "cycle_collapse", "pnr_type": "rnap_deadlock", "t_pnr": 5532.299999998738, "dt_walking_dead": 199.34999999991942, "N_RNAP": 27, "N_Ribo": 27, "N_ATP": 1000, "seed": 31}