{"t_death": 3469.049999999572, "death_mode": "ribo_collapse", "pnr_type": "ribo_depletion", "t_pnr": 2367.900000000017, "dt_walking_dead": 1101.149999999555, "N_RNAP": 27, "N_Ribo": 4, "N_ATP": 1000, "seed": 75}