{"t_death": 6308.549999998424, "death_mode": "ribo_collapse", "pnr_type": "ribo_depletion", "t_pnr": 476.99999999999176, "dt_walking_dead": 5831.549999998432, "N_RNAP": 100, "N_Ribo": 2, "N_ATP": 1000, "seed": 73}