{"t_death": 4592.249999999118, "death_mode": "cycle_collapse", "pnr_type": "rnap_deadlock", "t_pnr": 4411.349999999191, "dt_walking_dead": 180.89999999992688, "N_RNAP": 41, "N_Ribo": 100, "N_ATP": 1000, "seed": 0}