{"t_death": 2927.6999999997906, "death_mode": "ribo_collapse", "pnr_type": "ribo_depletion", "t_pnr": 1778.4000000001188, "dt_walking_dead": 1149.2999999996719, "N_RNAP": 7, "N_Ribo": 2, "N_ATP": 1000, "seed": 93}