{"t_death": 4953.149999998972, "death_mode": "ribo_collapse", "pnr_type": "ribo_depletion", "t_pnr": 2656.3499999999003, "dt_walking_dead": 2296.7999999990716, "N_RNAP": 41, "N_Ribo": 11, "N_ATP": 1000, "seed": 49}