{"t_death": 5215.499999998866, "death_mode": "ribo_collapse", "pnr_type": "ribo_depletion", "t_pnr": 544.0499999999942, "dt_walking_dead": 4671.449999998872, "N_RNAP": 100, "N_Ribo": 3, "N_ATP": 1000, "seed": 66}