{"t_death": 2106.9000000001224, "death_mode": "ribo_collapse", "pnr_type": "ribo_depletion", "t_pnr": 1229.8500000000633, "dt_walking_dead": 877.0500000000591, "N_RNAP": 2, "N_Ribo": 4, "N_ATP": 1000, "seed": 75}