{"t_death": 4663.349999999089, "death_mode": "ribo_collapse", "pnr_type": "ribo_depletion", "t_pnr": 2550.1499999999432, "dt_walking_dead": 2113.199999999146, "N_RNAP": 100, "N_Ribo": 4, "N_ATP": 1000, "seed": 99}