{"t_death": 4850.999999999013, "death_mode": "ribo_collapse", "pnr_type": "ribo_depletion", "t_pnr": 4396.049999999197, "dt_walking_dead": 454.9499999998161, "N_RNAP": 41, "N_Ribo": 17, "N_ATP": 1000, "seed": 28}