{"t_death": 1531.8000000000939, "death_mode": "cycle_collapse", "pnr_type": "rnap_deadlock", "t_pnr": 1478.2500000000884, "dt_walking_dead": 53.55000000000541, "N_RNAP": 2, "N_Ribo": 7, "N_ATP": 1000, "seed": 26}