{"t_death": 5645.699999998692, "death_mode": "ribo_collapse", "pnr_type": "ribo_depletion", "t_pnr": 210.1499999999985, "dt_walking_dead": 5435.549999998693, "N_RNAP": 17, "N_Ribo": 3, "N_ATP": 1000, "seed": 82}