{"t_death": 1332.0000000000737, "death_mode": "ribo_collapse", "pnr_type": "ribo_depletion", "t_pnr": 418.9499999999932, "dt_walking_dead": 913.0500000000804, "N_RNAP": 11, "N_Ribo": 2, "N_ATP": 1000, "seed": 41}