{"t_death": 6738.29999999825, "death_mode": "ribo_collapse", "pnr_type": "ribo_depletion", "t_pnr": 5518.349999998743, "dt_walking_dead": 1219.9499999995069, "N_RNAP": 64, "N_Ribo": 27, "N_ATP": 1000, "seed": 15}