{"t_death": 2988.899999999766, "death_mode": "ribo_collapse", "pnr_type": "ribo_depletion", "t_pnr": 2133.000000000112, "dt_walking_dead": 855.899999999654, "N_RNAP": 17, "N_Ribo": 7, "N_ATP": 1000, "seed": 90}