{"t_death": 1077.300000000048, "death_mode": "cycle_collapse", "pnr_type": "rnap_deadlock", "t_pnr": 1058.400000000046, "dt_walking_dead": 18.90000000000191, "N_RNAP": 2, "N_Ribo": 64, "N_ATP": 1000, "seed": 51}