{"t_death": 3674.249999999489, "death_mode": "cycle_collapse", "pnr_type": "rnap_deadlock", "t_pnr": 3485.699999999565, "dt_walking_dead": 188.54999999992378, "N_RNAP": 11, "N_Ribo": 27, "N_ATP": 1000, "seed": 91}