{"t_death": 3885.7499999994034, "death_mode": "ribo_collapse", "pnr_type": "ribo_depletion", "t_pnr": 261.4499999999972, "dt_walking_dead": 3624.2999999994063, "N_RNAP": 27, "N_Ribo": 2, "N_ATP": 1000, "seed": 51}