{"t_death": 2677.9499999998916, "death_mode": "ribo_collapse", "pnr_type": "ribo_depletion", "t_pnr": 1006.2000000000409, "dt_walking_dead": 1671.7499999998508, "N_RNAP": 7, "N_Ribo": 11, "N_ATP": 1000, "seed": 33}