{"t_death": 4097.699999999318, "death_mode": "ribo_collapse", "pnr_type": "ribo_depletion", "t_pnr": 2689.199999999887, "dt_walking_dead": 1408.4999999994307, "N_RNAP": 100, "N_Ribo": 3, "N_ATP": 1000, "seed": 43}