{"t_death": 3167.9999999996935, "death_mode": "cycle_collapse", "pnr_type": "rnap_deadlock", "t_pnr": 3129.299999999709, "dt_walking_dead": 38.69999999998436, "N_RNAP": 17, "N_Ribo": 41, "N_ATP": 1000, "seed": 38}