{"t_death": 2199.150000000085, "death_mode": "ribo_collapse", "pnr_type": "ribo_depletion", "t_pnr": 778.9500000000179, "dt_walking_dead": 1420.2000000000671, "N_RNAP": 7, "N_Ribo": 4, "N_ATP": 1000, "seed": 69}