{"t_death": 5456.699999998768, "death_mode": "ribo_collapse", "pnr_type": "ribo_depletion", "t_pnr": 4285.349999999242, "dt_walking_dead": 1171.3499999995265, "N_RNAP": 17, "N_Ribo": 100, "N_ATP": 1000, "seed": 95}