{"t_death": 4748.399999999055, "death_mode": "cycle_collapse", "pnr_type": "rnap_deadlock", "t_pnr": 4692.599999999077, "dt_walking_dead": 55.799999999977445, "N_RNAP": 27, "N_Ribo": 27, "N_ATP": 1000, "seed": 94}