{"t_death": 1699.6500000001108, "death_mode": "cycle_collapse", "pnr_type": "rnap_deadlock", "t_pnr": 1586.2500000000994, "dt_walking_dead": 113.40000000001146, "N_RNAP": 7, "N_Ribo": 100, "N_ATP": 1000, "seed": 76}