{"t_death": 5753.699999998648, "death_mode": "ribo_collapse", "pnr_type": "ribo_depletion", "t_pnr": 3023.099999999752, "dt_walking_dead": 2730.5999999988962, "N_RNAP": 3, "N_Ribo": 11, "N_ATP": 1000, "seed": 14}