{"t_death": 5320.799999998823, "death_mode": "ribo_collapse", "pnr_type": "ribo_depletion", "t_pnr": 1943.1000000001354, "dt_walking_dead": 3377.699999998688, "N_RNAP": 27, "N_Ribo": 11, "N_ATP": 1000, "seed": 46}