{"t_death": 2188.3500000000895, "death_mode": "ribo_collapse", "pnr_type": "ribo_depletion", "t_pnr": 1363.950000000077, "dt_walking_dead": 824.4000000000126, "N_RNAP": 11, "N_Ribo": 2, "N_ATP": 1000, "seed": 86}