{"t_death": 4893.299999998996, "death_mode": "ribo_collapse", "pnr_type": "ribo_depletion", "t_pnr": 4574.249999999125, "dt_walking_dead": 319.04999999987103, "N_RNAP": 27, "N_Ribo": 100, "N_ATP": 1000, "seed": 2}