{"t_death": 2876.3999999998114, "death_mode": "cycle_collapse", "pnr_type": "rnap_deadlock", "t_pnr": 2841.2999999998256, "dt_walking_dead": 35.09999999998581, "N_RNAP": 17, "N_Ribo": 7, "N_ATP": 1000, "seed": 93}