{"t_death": 2236.50000000007, "death_mode": "ribo_collapse", "pnr_type": "ribo_depletion", "t_pnr": 1413.450000000082, "dt_walking_dead": 823.0499999999881, "N_RNAP": 7, "N_Ribo": 4, "N_ATP": 1000, "seed": 56}