{"t_death": 5524.649999998741, "death_mode": "ribo_collapse", "pnr_type": "ribo_depletion", "t_pnr": 2131.2000000001126, "dt_walking_dead": 3393.4499999986283, "N_RNAP": 27, "N_Ribo": 3, "N_ATP": 1000, "seed": 14}