{"t_death": 2236.50000000007, "death_mode": "ribo_collapse", "pnr_type": "ribo_depletion", "t_pnr": 1245.150000000065, "dt_walking_dead": 991.3500000000051, "N_RNAP": 4, "N_Ribo": 11, "N_ATP": 1000, "seed": 57}