{"t_death": 5231.699999998859, "death_mode": "ribo_collapse", "pnr_type": "ribo_depletion", "t_pnr": 4201.199999999276, "dt_walking_dead": 1030.4999999995835, "N_RNAP": 3, "N_Ribo": 64, "N_ATP": 1000, "seed": 55}