{"t_death": 1094.4000000000497, "death_mode": "cycle_collapse", "pnr_type": "rnap_deadlock", "t_pnr": 1069.6500000000472, "dt_walking_dead": 24.7500000000025, "N_RNAP": 3, "N_Ribo": 41, "N_ATP": 1000, "seed": 70}