{"t_death": 4701.599999999074, "death_mode": "cycle_collapse", "pnr_type": "rnap_deadlock", "t_pnr": 4656.149999999092, "dt_walking_dead": 45.44999999998163, "N_RNAP": 41, "N_Ribo": 41, "N_ATP": 1000, "seed": 46}