{"t_death": 6015.149999998543, "death_mode": "ribo_collapse", "pnr_type": "ribo_depletion", "t_pnr": 1428.7500000000834, "dt_walking_dead": 4586.399999998459, "N_RNAP": 100, "N_Ribo": 2, "N_ATP": 1000, "seed": 36}