{"t_death": 4405.949999999193, "death_mode": "cycle_collapse", "pnr_type": "rnap_deadlock", "t_pnr": 4283.099999999243, "dt_walking_dead": 122.84999999995034, "N_RNAP": 27, "N_Ribo": 17, "N_ATP": 1000, "seed": 18}