{"t_death": 3372.299999999611, "death_mode": "ribo_collapse", "pnr_type": "ribo_depletion", "t_pnr": 1512.0000000000919, "dt_walking_dead": 1860.299999999519, "N_RNAP": 4, "N_Ribo": 4, "N_ATP": 1000, "seed": 76}