{"t_death": 2461.499999999979, "death_mode": "ribo_collapse", "pnr_type": "ribo_depletion", "t_pnr": 834.7500000000235, "dt_walking_dead": 1626.7499999999554, "N_RNAP": 4, "N_Ribo": 2, "N_ATP": 1000, "seed": 60}