{"t_death": 4890.149999998997, "death_mode": "ribo_collapse", "pnr_type": "ribo_depletion", "t_pnr": 1915.6500000001326, "dt_walking_dead": 2974.499999998865, "N_RNAP": 64, "N_Ribo": 3, "N_ATP": 1000, "seed": 77}