{"t_death": 6470.5499999983585, "death_mode": "ribo_collapse", "pnr_type": "ribo_depletion", "t_pnr": 1717.6500000001126, "dt_walking_dead": 4752.899999998246, "N_RNAP": 17, "N_Ribo": 3, "N_ATP": 1000, "seed": 43}