{"t_death": 7282.34999999803, "death_mode": "ribo_collapse", "pnr_type": "ribo_depletion", "t_pnr": 3811.0499999994336, "dt_walking_dead": 3471.299999998597, "N_RNAP": 17, "N_Ribo": 17, "N_ATP": 1000, "seed": 82}