{"t_death": 3915.899999999391, "death_mode": "ribo_collapse", "pnr_type": "ribo_depletion", "t_pnr": 1756.3500000001166, "dt_walking_dead": 2159.5499999992744, "N_RNAP": 64, "N_Ribo": 3, "N_ATP": 1000, "seed": 16}