{"t_death": 2912.399999999797, "death_mode": "cycle_collapse", "pnr_type": "rnap_deadlock", "t_pnr": 2695.9499999998843, "dt_walking_dead": 216.4499999999125, "N_RNAP": 17, "N_Ribo": 41, "N_ATP": 1000, "seed": 95}