{"t_death": 4739.399999999058, "death_mode": "cycle_collapse", "pnr_type": "rnap_deadlock", "t_pnr": 4549.949999999135, "dt_walking_dead": 189.44999999992342, "N_RNAP": 64, "N_Ribo": 41, "N_ATP": 1000, "seed": 94}