{"t_death": 2678.849999999891, "death_mode": "ribo_collapse", "pnr_type": "ribo_depletion", "t_pnr": 1803.6000000001213, "dt_walking_dead": 875.2499999997699, "N_RNAP": 27, "N_Ribo": 2, "N_ATP": 1000, "seed": 29}