{"t_death": 4173.749999999287, "death_mode": "ribo_collapse", "pnr_type": "ribo_depletion", "t_pnr": 187.64999999999907, "dt_walking_dead": 3986.099999999288, "N_RNAP": 17, "N_Ribo": 2, "N_ATP": 1000, "seed": 32}