{"t_death": 1967.4000000001379, "death_mode": "ribo_collapse", "pnr_type": "ribo_depletion", "t_pnr": 540.8999999999938, "dt_walking_dead": 1426.5000000001442, "N_RNAP": 3, "N_Ribo": 4, "N_ATP": 1000, "seed": 29}