{"t_death": 500.84999999999116, "death_mode": "cycle_collapse", "pnr_type": "rnap_deadlock", "t_pnr": 481.04999999999166, "dt_walking_dead": 19.7999999999995, "N_RNAP": 3, "N_Ribo": 11, "N_ATP": 1000, "seed": 86}