{"t_death": 4434.7499999991815, "death_mode": "cycle_collapse", "pnr_type": "rnap_deadlock", "t_pnr": 4434.7499999991815, "dt_walking_dead": 0.0, "N_RNAP": 41, "N_Ribo": 100, "N_ATP": 1000, "seed": 45}