{"t_death": 4908.59999999899, "death_mode": "ribo_collapse", "pnr_type": "ribo_depletion", "t_pnr": 3218.849999999673, "dt_walking_dead": 1689.749999999317, "N_RNAP": 3, "N_Ribo": 11, "N_ATP": 1000, "seed": 2}