{"t_death": 1444.950000000085, "death_mode": "cycle_collapse", "pnr_type": "rnap_deadlock", "t_pnr": 1369.3500000000774, "dt_walking_dead": 75.60000000000764, "N_RNAP": 4, "N_Ribo": 27, "N_ATP": 1000, "seed": 22}