{"t_death": 5929.199999998577, "death_mode": "ribo_collapse", "pnr_type": "ribo_depletion", "t_pnr": 5050.799999998932, "dt_walking_dead": 878.3999999996449, "N_RNAP": 3, "N_Ribo": 100, "N_ATP": 1000, "seed": 57}