{"t_death": 5816.699999998623, "death_mode": "ribo_collapse", "pnr_type": "ribo_depletion", "t_pnr": 3177.8999999996895, "dt_walking_dead": 2638.7999999989333, "N_RNAP": 27, "N_Ribo": 27, "N_ATP": 1000, "seed": 55}