{"t_death": 3570.7499999995307, "death_mode": "ribo_collapse", "pnr_type": "ribo_depletion", "t_pnr": 3116.2499999997144, "dt_walking_dead": 454.4999999998163, "N_RNAP": 3, "N_Ribo": 17, "N_ATP": 1000, "seed": 13}