{"t_death": 2322.4500000000353, "death_mode": "ribo_collapse", "pnr_type": "ribo_depletion", "t_pnr": 1478.7000000000885, "dt_walking_dead": 843.7499999999468, "N_RNAP": 4, "N_Ribo": 4, "N_ATP": 1000, "seed": 15}