{"t_death": 6202.799999998467, "death_mode": "ribo_collapse", "pnr_type": "ribo_depletion", "t_pnr": 1536.7500000000944, "dt_walking_dead": 4666.049999998372, "N_RNAP": 100, "N_Ribo": 2, "N_ATP": 1000, "seed": 49}