{"t_death": 882.9000000000284, "death_mode": "cycle_collapse", "pnr_type": "rnap_deadlock", "t_pnr": 858.600000000026, "dt_walking_dead": 24.300000000002456, "N_RNAP": 4, "N_Ribo": 7, "N_ATP": 1000, "seed": 74}