{"t_death": 4381.199999999203, "death_mode": "cycle_collapse", "pnr_type": "rnap_deadlock", "t_pnr": 4364.54999999921, "dt_walking_dead": 16.64999999999327, "N_RNAP": 41, "N_Ribo": 27, "N_ATP": 1000, "seed": 88}