{"t_death": 4449.149999999176, "death_mode": "ribo_collapse", "pnr_type": "ribo_depletion", "t_pnr": 3843.8999999994203, "dt_walking_dead": 605.2499999997553, "N_RNAP": 27, "N_Ribo": 7, "N_ATP": 1000, "seed": 28}