{"t_death": 4891.049999998997, "death_mode": "ribo_collapse", "pnr_type": "ribo_depletion", "t_pnr": 3792.149999999441, "dt_walking_dead": 1098.8999999995558, "N_RNAP": 17, "N_Ribo": 64, "N_ATP": 1000, "seed": 46}