{"t_death": 5604.299999998709, "death_mode": "ribo_collapse", "pnr_type": "ribo_depletion", "t_pnr": 3489.7499999995634, "dt_walking_dead": 2114.5499999991453, "N_RNAP": 64, "N_Ribo": 7, "N_ATP": 1000, "seed": 91}