{"t_death": 2405.250000000002, "death_mode": "cycle_collapse", "pnr_type": "rnap_deadlock", "t_pnr": 2315.250000000038, "dt_walking_dead": 89.99999999996362, "N_RNAP": 3, "N_Ribo": 64, "N_ATP": 1000, "seed": 37}