{"t_death": 1291.9500000000696, "death_mode": "cycle_collapse", "pnr_type": "rnap_deadlock", "t_pnr": 994.0500000000396, "dt_walking_dead": 297.90000000003, "N_RNAP": 2, "N_Ribo": 17, "N_ATP": 1000, "seed": 40}