{"t_death": 2522.2499999999545, "death_mode": "ribo_collapse", "pnr_type": "ribo_depletion", "t_pnr": 2205.9000000000824, "dt_walking_dead": 316.3499999998721, "N_RNAP": 7, "N_Ribo": 41, "N_ATP": 1000, "seed": 8}