{"t_death": 562.499999999996, "death_mode": "cycle_collapse", "pnr_type": "rnap_deadlock", "t_pnr": 467.999999999992, "dt_walking_dead": 94.50000000000404, "N_RNAP": 2, "N_Ribo": 64, "N_ATP": 1000, "seed": 98}