{"t_death": 4298.849999999236, "death_mode": "ribo_collapse", "pnr_type": "ribo_depletion", "t_pnr": 4092.7499999993197, "dt_walking_dead": 206.0999999999167, "N_RNAP": 100, "N_Ribo": 11, "N_ATP": 1000, "seed": 47}