{"t_death": 1689.3000000001098, "death_mode": "cycle_collapse", "pnr_type": "rnap_deadlock", "t_pnr": 1686.1500000001095, "dt_walking_dead": 3.1500000000003183, "N_RNAP": 3, "N_Ribo": 64, "N_ATP": 1000, "seed": 0}