{"t_death": 5228.549999998861, "death_mode": "cycle_collapse", "pnr_type": "rnap_deadlock", "t_pnr": 4810.49999999903, "dt_walking_dead": 418.049999999831, "N_RNAP": 27, "N_Ribo": 17, "N_ATP": 1000, "seed": 25}