{"t_death": 3803.3999999994367, "death_mode": "ribo_collapse", "pnr_type": "ribo_depletion", "t_pnr": 1293.7500000000698, "dt_walking_dead": 2509.6499999993666, "N_RNAP": 27, "N_Ribo": 3, "N_ATP": 1000, "seed": 32}