{"t_death": 2553.299999999942, "death_mode": "ribo_collapse", "pnr_type": "ribo_depletion", "t_pnr": 1067.400000000047, "dt_walking_dead": 1485.899999999895, "N_RNAP": 17, "N_Ribo": 3, "N_ATP": 1000, "seed": 49}