{"t_death": 3742.649999999461, "death_mode": "cycle_collapse", "pnr_type": "rnap_deadlock", "t_pnr": 3671.09999999949, "dt_walking_dead": 71.54999999997108, "N_RNAP": 4, "N_Ribo": 41, "N_ATP": 1000, "seed": 72}