{"t_death": 6950.249999998165, "death_mode": "ribo_collapse", "pnr_type": "ribo_depletion", "t_pnr": 1952.5500000001364, "dt_walking_dead": 4997.699999998028, "N_RNAP": 100, "N_Ribo": 3, "N_ATP": 1000, "seed": 45}