{"t_death": 861.7500000000263, "death_mode": "cycle_collapse", "pnr_type": "rnap_deadlock", "t_pnr": 833.8500000000234, "dt_walking_dead": 27.90000000000282, "N_RNAP": 4, "N_Ribo": 41, "N_ATP": 1000, "seed": 17}