{"t_death": 6550.649999998326, "death_mode": "ribo_collapse", "pnr_type": "ribo_depletion", "t_pnr": 3194.9999999996826, "dt_walking_dead": 3355.6499999986436, "N_RNAP": 27, "N_Ribo": 11, "N_ATP": 1000, "seed": 69}