{"t_death": 2792.2499999998454, "death_mode": "cycle_collapse", "pnr_type": "rnap_deadlock", "t_pnr": 2778.299999999851, "dt_walking_dead": 13.949999999994361, "N_RNAP": 7, "N_Ribo": 64, "N_ATP": 1000, "seed": 68}