{"t_death": 5215.949999998866, "death_mode": "ribo_collapse", "pnr_type": "ribo_depletion", "t_pnr": 1818.0000000001228, "dt_walking_dead": 3397.949999998743, "N_RNAP": 41, "N_Ribo": 3, "N_ATP": 1000, "seed": 75}