{"t_death": 4532.399999999142, "death_mode": "ribo_collapse", "pnr_type": "ribo_depletion", "t_pnr": 3173.3999999996913, "dt_walking_dead": 1358.9999999994507, "N_RNAP": 7, "N_Ribo": 27, "N_ATP": 1000, "seed": 10}