{"t_death": 1755.4500000001165, "death_mode": "cycle_collapse", "pnr_type": "rnap_deadlock", "t_pnr": 1614.1500000001022, "dt_walking_dead": 141.30000000001428, "N_RNAP": 3, "N_Ribo": 2, "N_ATP": 1000, "seed": 96}