{"t_death": 3490.649999999563, "death_mode": "ribo_collapse", "pnr_type": "ribo_depletion", "t_pnr": 3012.2999999997564, "dt_walking_dead": 478.34999999980664, "N_RNAP": 41, "N_Ribo": 11, "N_ATP": 1000, "seed": 67}