{"t_death": 3785.8499999994438, "death_mode": "ribo_collapse", "pnr_type": "ribo_depletion", "t_pnr": 1687.9500000001096, "dt_walking_dead": 2097.899999999334, "N_RNAP": 2, "N_Ribo": 17, "N_ATP": 1000, "seed": 30}