{"t_death": 3314.699999999634, "death_mode": "ribo_collapse", "pnr_type": "ribo_depletion", "t_pnr": 860.8500000000262, "dt_walking_dead": 2453.849999999608, "N_RNAP": 11, "N_Ribo": 3, "N_ATP": 1000, "seed": 17}