{"t_death": 3776.3999999994476, "death_mode": "ribo_collapse", "pnr_type": "ribo_depletion", "t_pnr": 1005.3000000000408, "dt_walking_dead": 2771.099999999407, "N_RNAP": 27, "N_Ribo": 4, "N_ATP": 1000, "seed": 88}