{"t_death": 4249.799999999256, "death_mode": "ribo_collapse", "pnr_type": "ribo_depletion", "t_pnr": 2562.749999999938, "dt_walking_dead": 1687.049999999318, "N_RNAP": 17, "N_Ribo": 4, "N_ATP": 1000, "seed": 68}