{"t_death": 4105.349999999315, "death_mode": "ribo_collapse", "pnr_type": "ribo_depletion", "t_pnr": 3516.7499999995525, "dt_walking_dead": 588.5999999997621, "N_RNAP": 11, "N_Ribo": 64, "N_ATP": 1000, "seed": 20}