{"t_death": 4115.249999999311, "death_mode": "ribo_collapse", "pnr_type": "ribo_depletion", "t_pnr": 1974.1500000001386, "dt_walking_dead": 2141.099999999172, "N_RNAP": 17, "N_Ribo": 7, "N_ATP": 1000, "seed": 65}