{"t_death": 2620.7999999999147, "death_mode": "cycle_collapse", "pnr_type": "rnap_deadlock", "t_pnr": 2463.2999999999784, "dt_walking_dead": 157.49999999993634, "N_RNAP": 3, "N_Ribo": 100, "N_ATP": 1000, "seed": 85}