{"t_death": 5431.949999998778, "death_mode": "ribo_collapse", "pnr_type": "ribo_depletion", "t_pnr": 5375.249999998801, "dt_walking_dead": 56.69999999997708, "N_RNAP": 3, "N_Ribo": 41, "N_ATP": 1000, "seed": 28}