{"t_death": 2795.849999999844, "death_mode": "ribo_collapse", "pnr_type": "ribo_depletion", "t_pnr": 1815.3000000001225, "dt_walking_dead": 980.5499999997214, "N_RNAP": 41, "N_Ribo": 2, "N_ATP": 1000, "seed": 15}