{"t_death": 2222.5500000000757, "death_mode": "ribo_collapse", "pnr_type": "ribo_depletion", "t_pnr": 1287.0000000000691, "dt_walking_dead": 935.5500000000065, "N_RNAP": 4, "N_Ribo": 3, "N_ATP": 1000, "seed": 72}