{"t_death": 7535.249999997928, "death_mode": "ribo_collapse", "pnr_type": "ribo_depletion", "t_pnr": 3112.649999999716, "dt_walking_dead": 4422.599999998212, "N_RNAP": 100, "N_Ribo": 7, "N_ATP": 1000, "seed": 56}