{"t_death": 4543.649999999137, "death_mode": "ribo_collapse", "pnr_type": "ribo_depletion", "t_pnr": 1584.9000000000992, "dt_walking_dead": 2958.749999999038, "N_RNAP": 64, "N_Ribo": 2, "N_ATP": 1000, "seed": 69}