{"t_death": 1882.8000000001293, "death_mode": "ribo_collapse", "pnr_type": "ribo_depletion", "t_pnr": 1197.00000000006, "dt_walking_dead": 685.8000000000693, "N_RNAP": 2, "N_Ribo": 7, "N_ATP": 1000, "seed": 88}