{"t_death": 2106.9000000001224, "death_mode": "ribo_collapse", "pnr_type": "ribo_depletion", "t_pnr": 1272.6000000000677, "dt_walking_dead": 834.3000000000548, "N_RNAP": 17, "N_Ribo": 4, "N_ATP": 1000, "seed": 43}