{"t_death": 1407.1500000000813, "death_mode": "cycle_collapse", "pnr_type": "rnap_deadlock", "t_pnr": 1222.6500000000626, "dt_walking_dead": 184.50000000001864, "N_RNAP": 2, "N_Ribo": 64, "N_ATP": 1000, "seed": 45}