{"t_death": 3937.9499999993823, "death_mode": "ribo_collapse", "pnr_type": "ribo_depletion", "t_pnr": 1989.9000000001402, "dt_walking_dead": 1948.0499999992421, "N_RNAP": 64, "N_Ribo": 7, "N_ATP": 1000, "seed": 88}