{"t_death": 2160.9000000001006, "death_mode": "cycle_collapse", "pnr_type": "rnap_deadlock", "t_pnr": 2097.0000000001264, "dt_walking_dead": 63.89999999997417, "N_RNAP": 3, "N_Ribo": 11, "N_ATP": 1000, "seed": 48}