{"t_death": 4703.399999999073, "death_mode": "ribo_collapse", "pnr_type": "ribo_depletion", "t_pnr": 3603.1499999995176, "dt_walking_dead": 1100.2499999995553, "N_RNAP": 7, "N_Ribo": 7, "N_ATP": 1000, "seed": 85}