{"t_death": 5001.299999998952, "death_mode": "ribo_collapse", "pnr_type": "ribo_depletion", "t_pnr": 4140.4499999993, "dt_walking_dead": 860.849999999652, "N_RNAP": 27, "N_Ribo": 64, "N_ATP": 1000, "seed": 13}