{"t_death": 4121.999999999308, "death_mode": "ribo_collapse", "pnr_type": "ribo_depletion", "t_pnr": 2014.2000000001426, "dt_walking_dead": 2107.7999999991653, "N_RNAP": 100, "N_Ribo": 2, "N_ATP": 1000, "seed": 70}