{"t_death": 5749.64999999865, "death_mode": "ribo_collapse", "pnr_type": "ribo_depletion", "t_pnr": 5207.849999998869, "dt_walking_dead": 541.799999999781, "N_RNAP": 7, "N_Ribo": 41, "N_ATP": 1000, "seed": 57}