{"t_death": 3282.749999999647, "death_mode": "ribo_collapse", "pnr_type": "ribo_depletion", "t_pnr": 1391.8500000000797, "dt_walking_dead": 1890.8999999995674, "N_RNAP": 41, "N_Ribo": 11, "N_ATP": 1000, "seed": 32}