{"t_death": 2534.3999999999496, "death_mode": "ribo_collapse", "pnr_type": "ribo_depletion", "t_pnr": 2203.6500000000833, "dt_walking_dead": 330.7499999998663, "N_RNAP": 17, "N_Ribo": 3, "N_ATP": 1000, "seed": 95}