{"t_death": 7554.59999999792, "death_mode": "ribo_collapse", "pnr_type": "ribo_depletion", "t_pnr": 6699.149999998266, "dt_walking_dead": 855.4499999996542, "N_RNAP": 41, "N_Ribo": 100, "N_ATP": 1000, "seed": 86}