{"t_death": 3579.2999999995272, "death_mode": "ribo_collapse", "pnr_type": "ribo_depletion", "t_pnr": 3140.5499999997046, "dt_walking_dead": 438.74999999982265, "N_RNAP": 11, "N_Ribo": 41, "N_ATP": 1000, "seed": 19}