{"t_death": 4743.449999999057, "death_mode": "cycle_collapse", "pnr_type": "rnap_deadlock", "t_pnr": 4510.799999999151, "dt_walking_dead": 232.64999999990596, "N_RNAP": 27, "N_Ribo": 41, "N_ATP": 1000, "seed": 54}