{"t_death": 5359.499999998808, "death_mode": "ribo_collapse", "pnr_type": "ribo_depletion", "t_pnr": 1127.700000000053, "dt_walking_dead": 4231.799999998755, "N_RNAP": 17, "N_Ribo": 7, "N_ATP": 1000, "seed": 37}