{"t_death": 6283.349999998434, "death_mode": "ribo_collapse", "pnr_type": "ribo_depletion", "t_pnr": 6149.249999998488, "dt_walking_dead": 134.0999999999458, "N_RNAP": 27, "N_Ribo": 100, "N_ATP": 1000, "seed": 85}