{"t_death": 4386.599999999201, "death_mode": "ribo_collapse", "pnr_type": "ribo_depletion", "t_pnr": 3589.1999999995232, "dt_walking_dead": 797.3999999996777, "N_RNAP": 41, "N_Ribo": 4, "N_ATP": 1000, "seed": 40}