{"t_death": 4986.899999998958, "death_mode": "ribo_collapse", "pnr_type": "ribo_depletion", "t_pnr": 4199.399999999277, "dt_walking_dead": 787.4999999996817, "N_RNAP": 27, "N_Ribo": 27, "N_ATP": 1000, "seed": 8}