{"t_death": 3673.3499999994892, "death_mode": "ribo_collapse", "pnr_type": "ribo_depletion", "t_pnr": 2816.9999999998354, "dt_walking_dead": 856.3499999996538, "N_RNAP": 4, "N_Ribo": 3, "N_ATP": 1000, "seed": 32}