{"t_death": 6781.499999998233, "death_mode": "ribo_collapse", "pnr_type": "ribo_depletion", "t_pnr": 2984.8499999997675, "dt_walking_dead": 3796.6499999984653, "N_RNAP": 41, "N_Ribo": 7, "N_ATP": 1000, "seed": 24}