{"t_death": 3352.9499999996187, "death_mode": "ribo_collapse", "pnr_type": "ribo_depletion", "t_pnr": 1978.200000000139, "dt_walking_dead": 1374.7499999994798, "N_RNAP": 27, "N_Ribo": 11, "N_ATP": 1000, "seed": 53}