{"t_death": 6868.349999998198, "death_mode": "ribo_collapse", "pnr_type": "ribo_depletion", "t_pnr": 5942.699999998572, "dt_walking_dead": 925.6499999996258, "N_RNAP": 27, "N_Ribo": 100, "N_ATP": 1000, "seed": 84}