{"t_death": 1048.050000000045, "death_mode": "cycle_collapse", "pnr_type": "rnap_deadlock", "t_pnr": 943.2000000000345, "dt_walking_dead": 104.85000000001048, "N_RNAP": 7, "N_Ribo": 3, "N_ATP": 1000, "seed": 67}