{"t_death": 3956.8499999993746, "death_mode": "ribo_collapse", "pnr_type": "ribo_depletion", "t_pnr": 2072.2500000001364, "dt_walking_dead": 1884.5999999992382, "N_RNAP": 27, "N_Ribo": 3, "N_ATP": 1000, "seed": 44}