{"t_death": 3052.3499999997402, "death_mode": "cycle_collapse", "pnr_type": "rnap_deadlock", "t_pnr": 2882.249999999809, "dt_walking_dead": 170.09999999993124, "N_RNAP": 7, "N_Ribo": 41, "N_ATP": 1000, "seed": 39}