{"t_death": 3760.649999999454, "death_mode": "cycle_collapse", "pnr_type": "rnap_deadlock", "t_pnr": 3641.399999999502, "dt_walking_dead": 119.2499999999518, "N_RNAP": 17, "N_Ribo": 3, "N_ATP": 1000, "seed": 53}