{"t_death": 2877.749999999811, "death_mode": "cycle_collapse", "pnr_type": "rnap_deadlock", "t_pnr": 2770.649999999854, "dt_walking_dead": 107.09999999995671, "N_RNAP": 17, "N_Ribo": 64, "N_ATP": 1000, "seed": 19}