{"t_death": 10458.900000001327, "death_mode": "ribo_collapse", "pnr_type": "ribo_depletion", "t_pnr": 3900.5999999993974, "dt_walking_dead": 6558.30000000193, "N_RNAP": 64, "N_Ribo": 4, "N_ATP": 1000, "seed": 53}