{"t_death": 6417.89999999838, "death_mode": "ribo_collapse", "pnr_type": "ribo_depletion", "t_pnr": 5237.549999998857, "dt_walking_dead": 1180.3499999995229, "N_RNAP": 17, "N_Ribo": 64, "N_ATP": 1000, "seed": 5}