{"t_death": 1526.4000000000933, "death_mode": "cycle_collapse", "pnr_type": "rnap_deadlock", "t_pnr": 1412.5500000000818, "dt_walking_dead": 113.8500000000115, "N_RNAP": 2, "N_Ribo": 4, "N_ATP": 1000, "seed": 46}