{"t_death": 5158.799999998889, "death_mode": "ribo_collapse", "pnr_type": "ribo_depletion", "t_pnr": 3360.149999999616, "dt_walking_dead": 1798.649999999273, "N_RNAP": 11, "N_Ribo": 7, "N_ATP": 1000, "seed": 37}