{"t_death": 1775.7000000001185, "death_mode": "ribo_collapse", "pnr_type": "ribo_depletion", "t_pnr": 379.7999999999942, "dt_walking_dead": 1395.9000000001242, "N_RNAP": 7, "N_Ribo": 3, "N_ATP": 1000, "seed": 66}