{"t_death": 1240.2000000000644, "death_mode": "cycle_collapse", "pnr_type": "rnap_deadlock", "t_pnr": 1172.2500000000575, "dt_walking_dead": 67.95000000000687, "N_RNAP": 2, "N_Ribo": 11, "N_ATP": 1000, "seed": 16}