{"t_death": 3968.54999999937, "death_mode": "ribo_collapse", "pnr_type": "ribo_depletion", "t_pnr": 351.8999999999949, "dt_walking_dead": 3616.649999999375, "N_RNAP": 41, "N_Ribo": 2, "N_ATP": 1000, "seed": 50}