{"t_death": 770.400000000017, "death_mode": "cycle_collapse", "pnr_type": "rnap_deadlock", "t_pnr": 697.0500000000096, "dt_walking_dead": 73.35000000000741, "N_RNAP": 3, "N_Ribo": 7, "N_ATP": 1000, "seed": 52}