{"t_death": 4009.949999999353, "death_mode": "ribo_collapse", "pnr_type": "ribo_depletion", "t_pnr": 2830.04999999983, "dt_walking_dead": 1179.899999999523, "N_RNAP": 27, "N_Ribo": 17, "N_ATP": 1000, "seed": 7}