{"t_death": 3672.8999999994894, "death_mode": "ribo_collapse", "pnr_type": "ribo_depletion", "t_pnr": 2837.699999999827, "dt_walking_dead": 835.1999999996624, "N_RNAP": 3, "N_Ribo": 27, "N_ATP": 1000, "seed": 65}