{"t_death": 1725.3000000001134, "death_mode": "ribo_collapse", "pnr_type": "ribo_depletion", "t_pnr": 1588.5000000000996, "dt_walking_dead": 136.80000000001382, "N_RNAP": 7, "N_Ribo": 3, "N_ATP": 1000, "seed": 97}