{"t_death": 3482.999999999566, "death_mode": "ribo_collapse", "pnr_type": "ribo_depletion", "t_pnr": 2182.500000000092, "dt_walking_dead": 1300.4999999994743, "N_RNAP": 27, "N_Ribo": 2, "N_ATP": 1000, "seed": 97}