{"t_death": 3631.949999999506, "death_mode": "ribo_collapse", "pnr_type": "ribo_depletion", "t_pnr": 533.2499999999931, "dt_walking_dead": 3098.699999999513, "N_RNAP": 7, "N_Ribo": 3, "N_ATP": 1000, "seed": 15}