{"t_death": 5123.249999998903, "death_mode": "ribo_collapse", "pnr_type": "ribo_depletion", "t_pnr": 586.3499999999984, "dt_walking_dead": 4536.899999998905, "N_RNAP": 27, "N_Ribo": 7, "N_ATP": 1000, "seed": 55}