{"t_death": 5315.3999999988255, "death_mode": "ribo_collapse", "pnr_type": "ribo_depletion", "t_pnr": 5315.3999999988255, "dt_walking_dead": 0.0, "N_RNAP": 41, "N_Ribo": 41, "N_ATP": 1000, "seed": 37}