{"t_death": 3311.5499999996355, "death_mode": "ribo_collapse", "pnr_type": "ribo_depletion", "t_pnr": 1136.250000000054, "dt_walking_dead": 2175.299999999582, "N_RNAP": 3, "N_Ribo": 2, "N_ATP": 1000, "seed": 5}