{"t_death": 1080.4500000000482, "death_mode": "cycle_collapse", "pnr_type": "rnap_deadlock", "t_pnr": 719.5500000000119, "dt_walking_dead": 360.90000000003636, "N_RNAP": 3, "N_Ribo": 17, "N_ATP": 1000, "seed": 44}