{"t_death": 6964.649999998159, "death_mode": "cycle_collapse", "pnr_type": "rnap_deadlock", "t_pnr": 6777.899999998234, "dt_walking_dead": 186.7499999999245, "N_RNAP": 64, "N_Ribo": 41, "N_ATP": 1000, "seed": 30}