{"t_death": 5971.94999999856, "death_mode": "ribo_collapse", "pnr_type": "ribo_depletion", "t_pnr": 5673.149999998681, "dt_walking_dead": 298.7999999998792, "N_RNAP": 17, "N_Ribo": 64, "N_ATP": 1000, "seed": 87}