{"t_death": 2812.949999999837, "death_mode": "ribo_collapse", "pnr_type": "ribo_depletion", "t_pnr": 2781.4499999998498, "dt_walking_dead": 31.499999999987267, "N_RNAP": 2, "N_Ribo": 41, "N_ATP": 1000, "seed": 15}