{"t_death": 3926.249999999387, "death_mode": "ribo_collapse", "pnr_type": "ribo_depletion", "t_pnr": 1799.1000000001209, "dt_walking_dead": 2127.149999999266, "N_RNAP": 41, "N_Ribo": 3, "N_ATP": 1000, "seed": 51}