{"t_death": 3126.5999999997102, "death_mode": "ribo_collapse", "pnr_type": "ribo_depletion", "t_pnr": 1547.5500000000955, "dt_walking_dead": 1579.0499999996148, "N_RNAP": 27, "N_Ribo": 7, "N_ATP": 1000, "seed": 12}