{"t_death": 4164.299999999291, "death_mode": "ribo_collapse", "pnr_type": "ribo_depletion", "t_pnr": 3324.59999999963, "dt_walking_dead": 839.6999999996606, "N_RNAP": 27, "N_Ribo": 11, "N_ATP": 1000, "seed": 78}