{"t_death": 1725.3000000001134, "death_mode": "ribo_collapse", "pnr_type": "ribo_depletion", "t_pnr": 1670.850000000108, "dt_walking_dead": 54.4500000000055, "N_RNAP": 3, "N_Ribo": 11, "N_ATP": 1000, "seed": 12}