{"t_death": 4692.149999999077, "death_mode": "ribo_collapse", "pnr_type": "ribo_depletion", "t_pnr": 2644.649999999905, "dt_walking_dead": 2047.4999999991724, "N_RNAP": 17, "N_Ribo": 41, "N_ATP": 1000, "seed": 49}