{"t_death": 6684.299999998272, "death_mode": "ribo_collapse", "pnr_type": "ribo_depletion", "t_pnr": 5245.199999998854, "dt_walking_dead": 1439.0999999994183, "N_RNAP": 17, "N_Ribo": 41, "N_ATP": 1000, "seed": 92}