{"t_death": 3980.699999999365, "death_mode": "cycle_collapse", "pnr_type": "rnap_deadlock", "t_pnr": 3692.2499999994816, "dt_walking_dead": 288.4499999998834, "N_RNAP": 3, "N_Ribo": 41, "N_ATP": 1000, "seed": 34}