{"t_death": 4157.5499999992935, "death_mode": "ribo_collapse", "pnr_type": "ribo_depletion", "t_pnr": 2719.349999999875, "dt_walking_dead": 1438.1999999994187, "N_RNAP": 41, "N_Ribo": 11, "N_ATP": 1000, "seed": 48}