{"t_death": 4557.149999999132, "death_mode": "ribo_collapse", "pnr_type": "ribo_depletion", "t_pnr": 2337.750000000029, "dt_walking_dead": 2219.399999999103, "N_RNAP": 64, "N_Ribo": 3, "N_ATP": 1000, "seed": 44}