{"t_death": 1521.0000000000928, "death_mode": "cycle_collapse", "pnr_type": "rnap_deadlock", "t_pnr": 1433.700000000084, "dt_walking_dead": 87.30000000000882, "N_RNAP": 4, "N_Ribo": 17, "N_ATP": 1000, "seed": 12}