{"t_death": 3749.8499999994583, "death_mode": "ribo_collapse", "pnr_type": "ribo_depletion", "t_pnr": 3520.799999999551, "dt_walking_dead": 229.0499999999074, "N_RNAP": 100, "N_Ribo": 4, "N_ATP": 1000, "seed": 15}