{"t_death": 4254.749999999254, "death_mode": "ribo_collapse", "pnr_type": "ribo_depletion", "t_pnr": 3082.499999999728, "dt_walking_dead": 1172.2499999995262, "N_RNAP": 64, "N_Ribo": 7, "N_ATP": 1000, "seed": 53}