{"t_death": 5061.149999998928, "death_mode": "ribo_collapse", "pnr_type": "ribo_depletion", "t_pnr": 453.14999999999236, "dt_walking_dead": 4607.999999998936, "N_RNAP": 41, "N_Ribo": 2, "N_ATP": 1000, "seed": 54}