{"t_death": 5506.199999998748, "death_mode": "ribo_collapse", "pnr_type": "ribo_depletion", "t_pnr": 4526.549999999144, "dt_walking_dead": 979.649999999604, "N_RNAP": 41, "N_Ribo": 11, "N_ATP": 1000, "seed": 94}