{"t_death": 2371.0500000000156, "death_mode": "ribo_collapse", "pnr_type": "ribo_depletion", "t_pnr": 2154.600000000103, "dt_walking_dead": 216.4499999999125, "N_RNAP": 7, "N_Ribo": 7, "N_ATP": 1000, "seed": 28}