{"t_death": 2239.200000000069, "death_mode": "cycle_collapse", "pnr_type": "rnap_deadlock", "t_pnr": 2010.6000000001422, "dt_walking_dead": 228.5999999999267, "N_RNAP": 2, "N_Ribo": 27, "N_ATP": 1000, "seed": 38}