{"t_death": 2205.0000000000828, "death_mode": "ribo_collapse", "pnr_type": "ribo_depletion", "t_pnr": 538.6499999999936, "dt_walking_dead": 1666.350000000089, "N_RNAP": 11, "N_Ribo": 4, "N_ATP": 1000, "seed": 55}