{"t_death": 816.3000000000217, "death_mode": "cycle_collapse", "pnr_type": "rnap_deadlock", "t_pnr": 753.3000000000153, "dt_walking_dead": 63.00000000000637, "N_RNAP": 3, "N_Ribo": 27, "N_ATP": 1000, "seed": 9}