{"t_death": 2901.599999999801, "death_mode": "cycle_collapse", "pnr_type": "rnap_deadlock", "t_pnr": 2895.7499999998035, "dt_walking_dead": 5.849999999997635, "N_RNAP": 2, "N_Ribo": 64, "N_ATP": 1000, "seed": 29}