{"t_death": 4172.849999999287, "death_mode": "ribo_collapse", "pnr_type": "ribo_depletion", "t_pnr": 2161.3500000001004, "dt_walking_dead": 2011.499999999187, "N_RNAP": 17, "N_Ribo": 17, "N_ATP": 1000, "seed": 41}