{"t_death": 5659.649999998686, "death_mode": "ribo_collapse", "pnr_type": "ribo_depletion", "t_pnr": 1783.3500000001193, "dt_walking_dead": 3876.299999998567, "N_RNAP": 4, "N_Ribo": 7, "N_ATP": 1000, "seed": 66}