{"t_death": 6308.099999998424, "death_mode": "ribo_collapse", "pnr_type": "ribo_depletion", "t_pnr": 4399.199999999196, "dt_walking_dead": 1908.8999999992284, "N_RNAP": 100, "N_Ribo": 3, "N_ATP": 1000, "seed": 27}