{"t_death": 2185.6500000000906, "death_mode": "ribo_collapse", "pnr_type": "ribo_depletion", "t_pnr": 594.4499999999992, "dt_walking_dead": 1591.2000000000912, "N_RNAP": 17, "N_Ribo": 4, "N_ATP": 1000, "seed": 24}