{"t_death": 1668.6000000001077, "death_mode": "ribo_collapse", "pnr_type": "ribo_depletion", "t_pnr": 140.40000000000026, "dt_walking_dead": 1528.2000000001074, "N_RNAP": 4, "N_Ribo": 2, "N_ATP": 1000, "seed": 6}