{"t_death": 4497.299999999156, "death_mode": "ribo_collapse", "pnr_type": "ribo_depletion", "t_pnr": 4118.399999999309, "dt_walking_dead": 378.89999999984684, "N_RNAP": 27, "N_Ribo": 17, "N_ATP": 1000, "seed": 2}