{"t_death": 3311.0999999996357, "death_mode": "ribo_collapse", "pnr_type": "ribo_depletion", "t_pnr": 2438.999999999988, "dt_walking_dead": 872.0999999996475, "N_RNAP": 7, "N_Ribo": 2, "N_ATP": 1000, "seed": 51}