{"t_death": 5550.74999999873, "death_mode": "ribo_collapse", "pnr_type": "ribo_depletion", "t_pnr": 742.0500000000142, "dt_walking_dead": 4808.6999999987165, "N_RNAP": 17, "N_Ribo": 2, "N_ATP": 1000, "seed": 36}