{"t_death": 7148.699999998084, "death_mode": "ribo_collapse", "pnr_type": "ribo_depletion", "t_pnr": 1933.2000000001344, "dt_walking_dead": 5215.49999999795, "N_RNAP": 27, "N_Ribo": 11, "N_ATP": 1000, "seed": 18}