{"t_death": 4331.699999999223, "death_mode": "ribo_collapse", "pnr_type": "ribo_depletion", "t_pnr": 430.19999999999294, "dt_walking_dead": 3901.49999999923, "N_RNAP": 7, "N_Ribo": 2, "N_ATP": 1000, "seed": 6}