{"t_death": 2629.799999999911, "death_mode": "ribo_collapse", "pnr_type": "ribo_depletion", "t_pnr": 2106.9000000001224, "dt_walking_dead": 522.8999999997886, "N_RNAP": 3, "N_Ribo": 41, "N_ATP": 1000, "seed": 63}