{"t_death": 6326.099999998417, "death_mode": "ribo_collapse", "pnr_type": "ribo_depletion", "t_pnr": 5276.699999998841, "dt_walking_dead": 1049.3999999995758, "N_RNAP": 27, "N_Ribo": 100, "N_ATP": 1000, "seed": 71}