{"t_death": 5025.149999998943, "death_mode": "ribo_collapse", "pnr_type": "ribo_depletion", "t_pnr": 1993.5000000001405, "dt_walking_dead": 3031.6499999988023, "N_RNAP": 41, "N_Ribo": 11, "N_ATP": 1000, "seed": 5}