{"t_death": 2282.8500000000513, "death_mode": "ribo_collapse", "pnr_type": "ribo_depletion", "t_pnr": 1897.6500000001308, "dt_walking_dead": 385.19999999992046, "N_RNAP": 7, "N_Ribo": 11, "N_ATP": 1000, "seed": 47}