{"t_death": 3991.049999999361, "death_mode": "ribo_collapse", "pnr_type": "ribo_depletion", "t_pnr": 2751.7499999998618, "dt_walking_dead": 1239.299999999499, "N_RNAP": 27, "N_Ribo": 41, "N_ATP": 1000, "seed": 64}