{"t_death": 3432.5999999995865, "death_mode": "ribo_collapse", "pnr_type": "ribo_depletion", "t_pnr": 850.9500000000252, "dt_walking_dead": 2581.6499999995613, "N_RNAP": 41, "N_Ribo": 11, "N_ATP": 1000, "seed": 17}