{"t_death": 5565.599999998724, "death_mode": "ribo_collapse", "pnr_type": "ribo_depletion", "t_pnr": 4717.349999999067, "dt_walking_dead": 848.2499999996571, "N_RNAP": 17, "N_Ribo": 64, "N_ATP": 1000, "seed": 44}