{"t_death": 4397.399999999197, "death_mode": "cycle_collapse", "pnr_type": "rnap_deadlock", "t_pnr": 3769.6499999994503, "dt_walking_dead": 627.7499999997463, "N_RNAP": 27, "N_Ribo": 64, "N_ATP": 1000, "seed": 98}