{"t_death": 3264.2999999996546, "death_mode": "ribo_collapse", "pnr_type": "ribo_depletion", "t_pnr": 2048.400000000146, "dt_walking_dead": 1215.8999999995085, "N_RNAP": 11, "N_Ribo": 4, "N_ATP": 1000, "seed": 8}