{"t_death": 3600.4499999995187, "death_mode": "ribo_collapse", "pnr_type": "ribo_depletion", "t_pnr": 2194.650000000087, "dt_walking_dead": 1405.7999999994317, "N_RNAP": 17, "N_Ribo": 2, "N_ATP": 1000, "seed": 87}