{"t_death": 4385.2499999992015, "death_mode": "ribo_collapse", "pnr_type": "ribo_depletion", "t_pnr": 1321.2000000000726, "dt_walking_dead": 3064.049999999129, "N_RNAP": 64, "N_Ribo": 2, "N_ATP": 1000, "seed": 23}