{"t_death": 5549.849999998731, "death_mode": "ribo_collapse", "pnr_type": "ribo_depletion", "t_pnr": 4324.949999999226, "dt_walking_dead": 1224.8999999995049, "N_RNAP": 27, "N_Ribo": 7, "N_ATP": 1000, "seed": 78}