{"t_death": 3287.2499999996453, "death_mode": "ribo_collapse", "pnr_type": "ribo_depletion", "t_pnr": 2625.7499999999127, "dt_walking_dead": 661.4999999997326, "N_RNAP": 64, "N_Ribo": 11, "N_ATP": 1000, "seed": 59}