{"t_death": 4172.3999999992875, "death_mode": "ribo_collapse", "pnr_type": "ribo_depletion", "t_pnr": 1542.600000000095, "dt_walking_dead": 2629.7999999991926, "N_RNAP": 41, "N_Ribo": 2, "N_ATP": 1000, "seed": 87}