{"t_death": 1131.7500000000534, "death_mode": "cycle_collapse", "pnr_type": "rnap_deadlock", "t_pnr": 1105.6500000000508, "dt_walking_dead": 26.100000000002638, "N_RNAP": 3, "N_Ribo": 11, "N_ATP": 1000, "seed": 80}