{"t_death": 2830.04999999983, "death_mode": "cycle_collapse", "pnr_type": "rnap_deadlock", "t_pnr": 2592.449999999926, "dt_walking_dead": 237.59999999990396, "N_RNAP": 7, "N_Ribo": 27, "N_ATP": 1000, "seed": 54}