{"t_death": 1838.2500000001248, "death_mode": "ribo_collapse", "pnr_type": "ribo_depletion", "t_pnr": 963.0000000000365, "dt_walking_dead": 875.2500000000883, "N_RNAP": 11, "N_Ribo": 7, "N_ATP": 1000, "seed": 26}