{"t_death": 2768.849999999855, "death_mode": "cycle_collapse", "pnr_type": "rnap_deadlock", "t_pnr": 2735.0999999998685, "dt_walking_dead": 33.74999999998636, "N_RNAP": 17, "N_Ribo": 17, "N_ATP": 1000, "seed": 86}