{"t_death": 6353.099999998406, "death_mode": "ribo_collapse", "pnr_type": "ribo_depletion", "t_pnr": 3793.4999999994407, "dt_walking_dead": 2559.5999999989654, "N_RNAP": 27, "N_Ribo": 4, "N_ATP": 1000, "seed": 81}