{"t_death": 4742.099999999057, "death_mode": "ribo_collapse", "pnr_type": "ribo_depletion", "t_pnr": 2403.4500000000025, "dt_walking_dead": 2338.6499999990547, "N_RNAP": 100, "N_Ribo": 11, "N_ATP": 1000, "seed": 69}