{"t_death": 2193.7500000000873, "death_mode": "ribo_collapse", "pnr_type": "ribo_depletion", "t_pnr": 1422.0000000000828, "dt_walking_dead": 771.7500000000045, "N_RNAP": 7, "N_Ribo": 3, "N_ATP": 1000, "seed": 77}