{"t_death": 4275.899999999246, "death_mode": "ribo_collapse", "pnr_type": "ribo_depletion", "t_pnr": 1976.8500000001388, "dt_walking_dead": 2299.049999999107, "N_RNAP": 4, "N_Ribo": 4, "N_ATP": 1000, "seed": 50}