{"t_death": 855.9000000000257, "death_mode": "cycle_collapse", "pnr_type": "rnap_deadlock", "t_pnr": 805.9500000000206, "dt_walking_dead": 49.95000000000505, "N_RNAP": 3, "N_Ribo": 27, "N_ATP": 1000, "seed": 30}