{"t_death": 1417.0500000000823, "death_mode": "cycle_collapse", "pnr_type": "rnap_deadlock", "t_pnr": 1330.6500000000735, "dt_walking_dead": 86.40000000000873, "N_RNAP": 7, "N_Ribo": 11, "N_ATP": 1000, "seed": 90}