{"t_death": 5273.099999998843, "death_mode": "ribo_collapse", "pnr_type": "ribo_depletion", "t_pnr": 2742.7499999998654, "dt_walking_dead": 2530.349999998977, "N_RNAP": 64, "N_Ribo": 3, "N_ATP": 1000, "seed": 50}