{"t_death": 1722.6000000001131, "death_mode": "cycle_collapse", "pnr_type": "rnap_deadlock", "t_pnr": 1509.7500000000916, "dt_walking_dead": 212.8500000000215, "N_RNAP": 7, "N_Ribo": 41, "N_ATP": 1000, "seed": 38}