{"t_death": 2965.949999999775, "death_mode": "ribo_collapse", "pnr_type": "ribo_depletion", "t_pnr": 1209.6000000000613, "dt_walking_dead": 1756.3499999997139, "N_RNAP": 17, "N_Ribo": 3, "N_ATP": 1000, "seed": 19}