{"t_death": 1218.1500000000622, "death_mode": "ribo_collapse", "pnr_type": "ribo_depletion", "t_pnr": 584.0999999999982, "dt_walking_dead": 634.050000000064, "N_RNAP": 7, "N_Ribo": 2, "N_ATP": 1000, "seed": 57}