{"t_death": 6156.899999998485, "death_mode": "cycle_collapse", "pnr_type": "rnap_deadlock", "t_pnr": 6083.099999998515, "dt_walking_dead": 73.79999999997017, "N_RNAP": 41, "N_Ribo": 100, "N_ATP": 1000, "seed": 41}