{"t_death": 2558.69999999994, "death_mode": "ribo_collapse", "pnr_type": "ribo_depletion", "t_pnr": 2492.9999999999663, "dt_walking_dead": 65.69999999997344, "N_RNAP": 11, "N_Ribo": 4, "N_ATP": 1000, "seed": 33}