{"t_death": 3608.9999999995152, "death_mode": "cycle_collapse", "pnr_type": "rnap_deadlock", "t_pnr": 3608.9999999995152, "dt_walking_dead": 0.0, "N_RNAP": 17, "N_Ribo": 100, "N_ATP": 1000, "seed": 26}