{"t_death": 5807.6999999986265, "death_mode": "ribo_collapse", "pnr_type": "ribo_depletion", "t_pnr": 3117.599999999714, "dt_walking_dead": 2690.0999999989126, "N_RNAP": 27, "N_Ribo": 27, "N_ATP": 1000, "seed": 52}