{"t_death": 4067.9999999993297, "death_mode": "ribo_collapse", "pnr_type": "ribo_depletion", "t_pnr": 3262.4999999996553, "dt_walking_dead": 805.4999999996744, "N_RNAP": 64, "N_Ribo": 11, "N_ATP": 1000, "seed": 65}