{"t_death": 6004.349999998547, "death_mode": "ribo_collapse", "pnr_type": "ribo_depletion", "t_pnr": 4442.399999999178, "dt_walking_dead": 1561.9499999993686, "N_RNAP": 64, "N_Ribo": 27, "N_ATP": 1000, "seed": 42}