{"t_death": 3622.49999999951, "death_mode": "cycle_collapse", "pnr_type": "rnap_deadlock", "t_pnr": 3543.7499999995416, "dt_walking_dead": 78.74999999996817, "N_RNAP": 11, "N_Ribo": 100, "N_ATP": 1000, "seed": 85}