{"t_death": 4040.099999999341, "death_mode": "ribo_collapse", "pnr_type": "ribo_depletion", "t_pnr": 2286.9000000000497, "dt_walking_dead": 1753.1999999992913, "N_RNAP": 41, "N_Ribo": 7, "N_ATP": 1000, "seed": 23}