{"t_death": 1497.6000000000904, "death_mode": "cycle_collapse", "pnr_type": "rnap_deadlock", "t_pnr": 1491.7500000000898, "dt_walking_dead": 5.850000000000591, "N_RNAP": 3, "N_Ribo": 41, "N_ATP": 1000, "seed": 83}