{"t_death": 5031.89999999894, "death_mode": "ribo_collapse", "pnr_type": "ribo_depletion", "t_pnr": 948.150000000035, "dt_walking_dead": 4083.749999998905, "N_RNAP": 41, "N_Ribo": 2, "N_ATP": 1000, "seed": 61}