{"t_death": 2755.79999999986, "death_mode": "ribo_collapse", "pnr_type": "ribo_depletion", "t_pnr": 1606.0500000001014, "dt_walking_dead": 1149.7499999997588, "N_RNAP": 4, "N_Ribo": 11, "N_ATP": 1000, "seed": 1}