{"t_death": 5214.599999998866, "death_mode": "ribo_collapse", "pnr_type": "ribo_depletion", "t_pnr": 1276.200000000068, "dt_walking_dead": 3938.399999998798, "N_RNAP": 64, "N_Ribo": 3, "N_ATP": 1000, "seed": 96}