{"t_death": 4738.9499999990585, "death_mode": "ribo_collapse", "pnr_type": "ribo_depletion", "t_pnr": 1435.050000000084, "dt_walking_dead": 3303.8999999989746, "N_RNAP": 27, "N_Ribo": 2, "N_ATP": 1000, "seed": 34}