{"t_death": 719.5500000000119, "death_mode": "cycle_collapse", "pnr_type": "rnap_deadlock", "t_pnr": 697.5000000000097, "dt_walking_dead": 22.05000000000223, "N_RNAP": 2, "N_Ribo": 41, "N_ATP": 1000, "seed": 40}