{"t_death": 681.300000000008, "death_mode": "ribo_collapse", "pnr_type": "ribo_depletion", "t_pnr": 356.8499999999948, "dt_walking_dead": 324.45000000001323, "N_RNAP": 3, "N_Ribo": 2, "N_ATP": 1000, "seed": 43}