{"t_death": 4402.799999999194, "death_mode": "ribo_collapse", "pnr_type": "ribo_depletion", "t_pnr": 2225.2500000000746, "dt_walking_dead": 2177.54999999912, "N_RNAP": 11, "N_Ribo": 4, "N_ATP": 1000, "seed": 36}