{"t_death": 3126.5999999997102, "death_mode": "ribo_collapse", "pnr_type": "ribo_depletion", "t_pnr": 2553.749999999942, "dt_walking_dead": 572.8499999997684, "N_RNAP": 7, "N_Ribo": 4, "N_ATP": 1000, "seed": 11}