{"t_death": 3959.5499999993735, "death_mode": "ribo_collapse", "pnr_type": "ribo_depletion", "t_pnr": 539.9999999999937, "dt_walking_dead": 3419.54999999938, "N_RNAP": 64, "N_Ribo": 4, "N_ATP": 1000, "seed": 20}