{"t_death": 1229.4000000000633, "death_mode": "ribo_collapse", "pnr_type": "ribo_depletion", "t_pnr": 909.000000000031, "dt_walking_dead": 320.40000000003226, "N_RNAP": 4, "N_Ribo": 3, "N_ATP": 1000, "seed": 59}