{"t_death": 736.6500000000136, "death_mode": "cycle_collapse", "pnr_type": "rnap_deadlock", "t_pnr": 651.600000000005, "dt_walking_dead": 85.0500000000086, "N_RNAP": 4, "N_Ribo": 27, "N_ATP": 1000, "seed": 46}