{"t_death": 1360.8000000000766, "death_mode": "ribo_collapse", "pnr_type": "ribo_depletion", "t_pnr": 1344.600000000075, "dt_walking_dead": 16.200000000001637, "N_RNAP": 17, "N_Ribo": 3, "N_ATP": 1000, "seed": 31}