{"t_death": 6803.099999998224, "death_mode": "ribo_collapse", "pnr_type": "ribo_depletion", "t_pnr": 4953.149999998972, "dt_walking_dead": 1849.9499999992522, "N_RNAP": 64, "N_Ribo": 17, "N_ATP": 1000, "seed": 71}