{"t_death": 1166.850000000057, "death_mode": "ribo_collapse", "pnr_type": "ribo_depletion", "t_pnr": 446.8499999999925, "dt_walking_dead": 720.0000000000645, "N_RNAP": 4, "N_Ribo": 4, "N_ATP": 1000, "seed": 84}