{"t_death": 4988.6999999989575, "death_mode": "cycle_collapse", "pnr_type": "rnap_deadlock", "t_pnr": 4743.8999999990565, "dt_walking_dead": 244.79999999990105, "N_RNAP": 41, "N_Ribo": 27, "N_ATP": 1000, "seed": 21}