{"t_death": 9022.949999999006, "death_mode": "ribo_collapse", "pnr_type": "ribo_depletion", "t_pnr": 5847.74999999861, "dt_walking_dead": 3175.2000000003954, "N_RNAP": 27, "N_Ribo": 64, "N_ATP": 1000, "seed": 74}