{"t_death": 3907.3499999993946, "death_mode": "ribo_collapse", "pnr_type": "ribo_depletion", "t_pnr": 1588.0500000000995, "dt_walking_dead": 2319.2999999992953, "N_RNAP": 7, "N_Ribo": 4, "N_ATP": 1000, "seed": 47}