{"t_death": 5144.849999998894, "death_mode": "ribo_collapse", "pnr_type": "ribo_depletion", "t_pnr": 4754.699999999052, "dt_walking_dead": 390.1499999998423, "N_RNAP": 17, "N_Ribo": 27, "N_ATP": 1000, "seed": 26}