{"t_death": 6042.5999999985315, "death_mode": "ribo_collapse", "pnr_type": "ribo_depletion", "t_pnr": 4180.049999999284, "dt_walking_dead": 1862.5499999992471, "N_RNAP": 27, "N_Ribo": 3, "N_ATP": 1000, "seed": 18}