{"t_death": 5144.399999998895, "death_mode": "ribo_collapse", "pnr_type": "ribo_depletion", "t_pnr": 612.000000000001, "dt_walking_dead": 4532.399999998894, "N_RNAP": 100, "N_Ribo": 3, "N_ATP": 1000, "seed": 25}