{"t_death": 4955.399999998971, "death_mode": "ribo_collapse", "pnr_type": "ribo_depletion", "t_pnr": 4204.799999999274, "dt_walking_dead": 750.5999999996966, "N_RNAP": 2, "N_Ribo": 27, "N_ATP": 1000, "seed": 37}