{"t_death": 5622.749999998701, "death_mode": "ribo_collapse", "pnr_type": "ribo_depletion", "t_pnr": 5473.799999998761, "dt_walking_dead": 148.9499999999398, "N_RNAP": 2, "N_Ribo": 2, "N_ATP": 1000, "seed": 50}