{"t_death": 5525.099999998741, "death_mode": "ribo_collapse", "pnr_type": "ribo_depletion", "t_pnr": 3322.799999999631, "dt_walking_dead": 2202.29999999911, "N_RNAP": 41, "N_Ribo": 7, "N_ATP": 1000, "seed": 65}