{"t_death": 4156.649999999294, "death_mode": "ribo_collapse", "pnr_type": "ribo_depletion", "t_pnr": 3828.1499999994267, "dt_walking_dead": 328.4999999998672, "N_RNAP": 17, "N_Ribo": 7, "N_ATP": 1000, "seed": 50}