{"t_death": 1566.9000000000974, "death_mode": "cycle_collapse", "pnr_type": "rnap_deadlock", "t_pnr": 1549.8000000000957, "dt_walking_dead": 17.100000000001728, "N_RNAP": 4, "N_Ribo": 3, "N_ATP": 1000, "seed": 20}