{"t_death": 3203.0999999996793, "death_mode": "ribo_collapse", "pnr_type": "ribo_depletion", "t_pnr": 1535.4000000000942, "dt_walking_dead": 1667.699999999585, "N_RNAP": 11, "N_Ribo": 2, "N_ATP": 1000, "seed": 93}