{"t_death": 4207.949999999273, "death_mode": "ribo_collapse", "pnr_type": "ribo_depletion", "t_pnr": 2600.549999999923, "dt_walking_dead": 1607.3999999993503, "N_RNAP": 64, "N_Ribo": 3, "N_ATP": 1000, "seed": 2}