{"t_death": 2862.899999999817, "death_mode": "cycle_collapse", "pnr_type": "rnap_deadlock", "t_pnr": 2791.7999999998456, "dt_walking_dead": 71.09999999997126, "N_RNAP": 11, "N_Ribo": 64, "N_ATP": 1000, "seed": 64}