{"t_death": 3346.6499999996213, "death_mode": "cycle_collapse", "pnr_type": "rnap_deadlock", "t_pnr": 3193.1999999996833, "dt_walking_dead": 153.44999999993797, "N_RNAP": 4, "N_Ribo": 64, "N_ATP": 1000, "seed": 99}