{"t_death": 4002.749999999356, "death_mode": "ribo_collapse", "pnr_type": "ribo_depletion", "t_pnr": 2407.9500000000007, "dt_walking_dead": 1594.7999999993554, "N_RNAP": 41, "N_Ribo": 11, "N_ATP": 1000, "seed": 31}