{"t_death": 6137.999999998493, "death_mode": "cycle_collapse", "pnr_type": "rnap_deadlock", "t_pnr": 6043.049999998531, "dt_walking_dead": 94.94999999996162, "N_RNAP": 27, "N_Ribo": 100, "N_ATP": 1000, "seed": 66}