{"t_death": 6233.849999998454, "death_mode": "ribo_collapse", "pnr_type": "ribo_depletion", "t_pnr": 2613.149999999918, "dt_walking_dead": 3620.6999999985364, "N_RNAP": 27, "N_Ribo": 11, "N_ATP": 1000, "seed": 28}