{"t_death": 3108.1499999997177, "death_mode": "ribo_collapse", "pnr_type": "ribo_depletion", "t_pnr": 953.5500000000355, "dt_walking_dead": 2154.599999999682, "N_RNAP": 3, "N_Ribo": 3, "N_ATP": 1000, "seed": 25}