{"t_death": 3055.949999999739, "death_mode": "ribo_collapse", "pnr_type": "ribo_depletion", "t_pnr": 434.24999999999284, "dt_walking_dead": 2621.699999999746, "N_RNAP": 17, "N_Ribo": 2, "N_ATP": 1000, "seed": 22}