{"t_death": 5096.699999998914, "death_mode": "ribo_collapse", "pnr_type": "ribo_depletion", "t_pnr": 4741.649999999057, "dt_walking_dead": 355.0499999998565, "N_RNAP": 100, "N_Ribo": 11, "N_ATP": 1000, "seed": 63}