{"t_death": 1820.250000000123, "death_mode": "ribo_collapse", "pnr_type": "ribo_depletion", "t_pnr": 1797.3000000001207, "dt_walking_dead": 22.95000000000232, "N_RNAP": 3, "N_Ribo": 11, "N_ATP": 1000, "seed": 6}