{"t_death": 4112.9999999993115, "death_mode": "ribo_collapse", "pnr_type": "ribo_depletion", "t_pnr": 2996.099999999763, "dt_walking_dead": 1116.8999999995485, "N_RNAP": 11, "N_Ribo": 7, "N_ATP": 1000, "seed": 72}