{"t_death": 263.24999999999716, "death_mode": "cycle_collapse", "pnr_type": "rnap_deadlock", "t_pnr": 67.50000000000018, "dt_walking_dead": 195.749999999997, "N_RNAP": 2, "N_Ribo": 27, "N_ATP": 1000, "seed": 44}