{"t_death": 4479.749999999163, "death_mode": "ribo_collapse", "pnr_type": "ribo_depletion", "t_pnr": 3164.849999999695, "dt_walking_dead": 1314.8999999994685, "N_RNAP": 27, "N_Ribo": 2, "N_ATP": 1000, "seed": 13}