{"t_death": 5225.849999998862, "death_mode": "ribo_collapse", "pnr_type": "ribo_depletion", "t_pnr": 823.5000000000224, "dt_walking_dead": 4402.349999998839, "N_RNAP": 100, "N_Ribo": 3, "N_ATP": 1000, "seed": 96}