{"t_death": 6861.149999998201, "death_mode": "ribo_collapse", "pnr_type": "ribo_depletion", "t_pnr": 4366.349999999209, "dt_walking_dead": 2494.7999999989916, "N_RNAP": 17, "N_Ribo": 11, "N_ATP": 1000, "seed": 82}