{"t_death": 4127.399999999306, "death_mode": "ribo_collapse", "pnr_type": "ribo_depletion", "t_pnr": 931.0500000000333, "dt_walking_dead": 3196.3499999992723, "N_RNAP": 27, "N_Ribo": 4, "N_ATP": 1000, "seed": 97}