{"t_death": 3081.5999999997284, "death_mode": "ribo_collapse", "pnr_type": "ribo_depletion", "t_pnr": 2218.0500000000775, "dt_walking_dead": 863.5499999996509, "N_RNAP": 11, "N_Ribo": 3, "N_ATP": 1000, "seed": 75}