{"t_death": 5300.999999998831, "death_mode": "atp_depletion", "pnr_type": "ribo_depletion", "t_pnr": 2653.1999999999016, "dt_walking_dead": 2647.7999999989297, "N_RNAP": 100, "N_Ribo": 4, "N_ATP": 1000, "seed": 91}