{"t_death": 4695.299999999076, "death_mode": "ribo_collapse", "pnr_type": "ribo_depletion", "t_pnr": 3550.499999999539, "dt_walking_dead": 1144.7999999995372, "N_RNAP": 11, "N_Ribo": 7, "N_ATP": 1000, "seed": 4}