{"t_death": 1786.0500000001196, "death_mode": "ribo_collapse", "pnr_type": "ribo_depletion", "t_pnr": 183.14999999999918, "dt_walking_dead": 1602.9000000001204, "N_RNAP": 11, "N_Ribo": 2, "N_ATP": 1000, "seed": 65}