{"t_death": 6374.2499999983975, "death_mode": "ribo_collapse", "pnr_type": "ribo_depletion", "t_pnr": 1123.2000000000526, "dt_walking_dead": 5251.049999998345, "N_RNAP": 3, "N_Ribo": 11, "N_ATP": 1000, "seed": 44}