{"t_death": 3568.9499999995314, "death_mode": "ribo_collapse", "pnr_type": "ribo_depletion", "t_pnr": 2570.849999999935, "dt_walking_dead": 998.0999999995965, "N_RNAP": 17, "N_Ribo": 7, "N_ATP": 1000, "seed": 56}