{"t_death": 4883.399999999, "death_mode": "cycle_collapse", "pnr_type": "rnap_deadlock", "t_pnr": 4804.649999999032, "dt_walking_dead": 78.74999999996817, "N_RNAP": 64, "N_Ribo": 17, "N_ATP": 1000, "seed": 97}