{"t_death": 5184.899999998878, "death_mode": "cycle_collapse", "pnr_type": "rnap_deadlock", "t_pnr": 5061.599999998928, "dt_walking_dead": 123.29999999995016, "N_RNAP": 64, "N_Ribo": 41, "N_ATP": 1000, "seed": 75}