{"t_death": 4284.449999999242, "death_mode": "ribo_collapse", "pnr_type": "ribo_depletion", "t_pnr": 3530.249999999547, "dt_walking_dead": 754.1999999996951, "N_RNAP": 41, "N_Ribo": 7, "N_ATP": 1000, "seed": 94}