{"t_death": 1252.3500000000656, "death_mode": "cycle_collapse", "pnr_type": "rnap_deadlock", "t_pnr": 1010.7000000000413, "dt_walking_dead": 241.6500000000243, "N_RNAP": 11, "N_Ribo": 7, "N_ATP": 1000, "seed": 30}