{"t_death": 3126.1499999997104, "death_mode": "ribo_collapse", "pnr_type": "ribo_depletion", "t_pnr": 948.150000000035, "dt_walking_dead": 2177.9999999996753, "N_RNAP": 41, "N_Ribo": 4, "N_ATP": 1000, "seed": 77}