{"t_death": 7776.8999999978305, "death_mode": "ribo_collapse", "pnr_type": "ribo_depletion", "t_pnr": 3507.2999999995563, "dt_walking_dead": 4269.599999998274, "N_RNAP": 17, "N_Ribo": 4, "N_ATP": 1000, "seed": 14}