{"t_death": 4041.8999999993403, "death_mode": "ribo_collapse", "pnr_type": "ribo_depletion", "t_pnr": 3979.3499999993655, "dt_walking_dead": 62.549999999974716, "N_RNAP": 2, "N_Ribo": 4, "N_ATP": 1000, "seed": 3}