{"t_death": 1550.7000000000958, "death_mode": "ribo_collapse", "pnr_type": "ribo_depletion", "t_pnr": 1100.2500000000502, "dt_walking_dead": 450.4500000000455, "N_RNAP": 3, "N_Ribo": 3, "N_ATP": 1000, "seed": 86}