{"t_death": 1566.9000000000974, "death_mode": "cycle_collapse", "pnr_type": "rnap_deadlock", "t_pnr": 1401.7500000000807, "dt_walking_dead": 165.1500000000167, "N_RNAP": 11, "N_Ribo": 41, "N_ATP": 1000, "seed": 0}