{"t_death": 4220.999999999268, "death_mode": "ribo_collapse", "pnr_type": "ribo_depletion", "t_pnr": 2993.399999999764, "dt_walking_dead": 1227.5999999995038, "N_RNAP": 64, "N_Ribo": 3, "N_ATP": 1000, "seed": 4}