{"t_death": 1369.3500000000774, "death_mode": "ribo_collapse", "pnr_type": "ribo_depletion", "t_pnr": 1232.1000000000636, "dt_walking_dead": 137.25000000001387, "N_RNAP": 17, "N_Ribo": 7, "N_ATP": 1000, "seed": 30}