{"t_death": 2317.5000000000373, "death_mode": "ribo_collapse", "pnr_type": "ribo_depletion", "t_pnr": 1803.1500000001213, "dt_walking_dead": 514.349999999916, "N_RNAP": 27, "N_Ribo": 2, "N_ATP": 1000, "seed": 5}