{"t_death": 2441.2499999999873, "death_mode": "ribo_collapse", "pnr_type": "ribo_depletion", "t_pnr": 1818.4500000001228, "dt_walking_dead": 622.7999999998644, "N_RNAP": 17, "N_Ribo": 3, "N_ATP": 1000, "seed": 46}