{"t_death": 2727.8999999998714, "death_mode": "cycle_collapse", "pnr_type": "rnap_deadlock", "t_pnr": 2727.8999999998714, "dt_walking_dead": 0.0, "N_RNAP": 27, "N_Ribo": 41, "N_ATP": 1000, "seed": 29}