{"t_death": 5578.649999998719, "death_mode": "ribo_collapse", "pnr_type": "ribo_depletion", "t_pnr": 2240.5500000000684, "dt_walking_dead": 3338.0999999986507, "N_RNAP": 64, "N_Ribo": 11, "N_ATP": 1000, "seed": 35}