{"t_death": 3203.999999999679, "death_mode": "ribo_collapse", "pnr_type": "ribo_depletion", "t_pnr": 1648.3500000001056, "dt_walking_dead": 1555.6499999995733, "N_RNAP": 17, "N_Ribo": 3, "N_ATP": 1000, "seed": 17}