{"t_death": 4815.899999999027, "death_mode": "ribo_collapse", "pnr_type": "ribo_depletion", "t_pnr": 4110.299999999313, "dt_walking_dead": 705.5999999997148, "N_RNAP": 64, "N_Ribo": 17, "N_ATP": 1000, "seed": 70}