{"t_death": 4523.849999999145, "death_mode": "ribo_collapse", "pnr_type": "ribo_depletion", "t_pnr": 3804.749999999436, "dt_walking_dead": 719.0999999997093, "N_RNAP": 27, "N_Ribo": 41, "N_ATP": 1000, "seed": 91}