{"t_death": 5693.399999998673, "death_mode": "ribo_collapse", "pnr_type": "ribo_depletion", "t_pnr": 2605.9499999999207, "dt_walking_dead": 3087.449999998752, "N_RNAP": 64, "N_Ribo": 17, "N_ATP": 1000, "seed": 66}