{"t_death": 5090.399999998916, "death_mode": "ribo_collapse", "pnr_type": "ribo_depletion", "t_pnr": 2423.2499999999945, "dt_walking_dead": 2667.149999998922, "N_RNAP": 100, "N_Ribo": 4, "N_ATP": 1000, "seed": 90}