{"t_death": 5133.149999998899, "death_mode": "ribo_collapse", "pnr_type": "ribo_depletion", "t_pnr": 890.1000000000291, "dt_walking_dead": 4243.04999999887, "N_RNAP": 64, "N_Ribo": 3, "N_ATP": 1000, "seed": 27}