{"t_death": 1666.3500000001075, "death_mode": "ribo_collapse", "pnr_type": "ribo_depletion", "t_pnr": 1535.4000000000942, "dt_walking_dead": 130.95000000001323, "N_RNAP": 11, "N_Ribo": 3, "N_ATP": 1000, "seed": 28}