{"t_death": 4480.199999999163, "death_mode": "ribo_collapse", "pnr_type": "ribo_depletion", "t_pnr": 1920.150000000133, "dt_walking_dead": 2560.0499999990298, "N_RNAP": 64, "N_Ribo": 3, "N_ATP": 1000, "seed": 55}