{"t_death": 5934.599999998575, "death_mode": "ribo_collapse", "pnr_type": "ribo_depletion", "t_pnr": 4724.999999999064, "dt_walking_dead": 1209.599999999511, "N_RNAP": 100, "N_Ribo": 7, "N_ATP": 1000, "seed": 77}