{"t_death": 3451.9499999995787, "death_mode": "ribo_collapse", "pnr_type": "ribo_depletion", "t_pnr": 1586.2500000000994, "dt_walking_dead": 1865.6999999994794, "N_RNAP": 17, "N_Ribo": 7, "N_ATP": 1000, "seed": 32}