{"t_death": 3739.0499999994627, "death_mode": "ribo_collapse", "pnr_type": "ribo_depletion", "t_pnr": 3107.699999999718, "dt_walking_dead": 631.3499999997448, "N_RNAP": 64, "N_Ribo": 11, "N_ATP": 1000, "seed": 31}