{"t_death": 3661.649999999494, "death_mode": "ribo_collapse", "pnr_type": "ribo_depletion", "t_pnr": 1567.3500000000975, "dt_walking_dead": 2094.2999999993963, "N_RNAP": 7, "N_Ribo": 2, "N_ATP": 1000, "seed": 56}