{"t_death": 3712.0499999994736, "death_mode": "ribo_collapse", "pnr_type": "ribo_depletion", "t_pnr": 1187.550000000059, "dt_walking_dead": 2524.4999999994143, "N_RNAP": 17, "N_Ribo": 3, "N_ATP": 1000, "seed": 5}