{"t_death": 3526.6499999995485, "death_mode": "ribo_collapse", "pnr_type": "ribo_depletion", "t_pnr": 1047.1500000000449, "dt_walking_dead": 2479.4999999995034, "N_RNAP": 11, "N_Ribo": 2, "N_ATP": 1000, "seed": 79}