{"t_death": 3948.299999999378, "death_mode": "ribo_collapse", "pnr_type": "ribo_depletion", "t_pnr": 1443.150000000085, "dt_walking_dead": 2505.149999999293, "N_RNAP": 41, "N_Ribo": 3, "N_ATP": 1000, "seed": 66}