{"t_death": 3161.699999999696, "death_mode": "ribo_collapse", "pnr_type": "ribo_depletion", "t_pnr": 1760.850000000117, "dt_walking_dead": 1400.849999999579, "N_RNAP": 64, "N_Ribo": 4, "N_ATP": 1000, "seed": 95}