{"t_death": 5160.149999998888, "death_mode": "ribo_collapse", "pnr_type": "ribo_depletion", "t_pnr": 2319.3000000000366, "dt_walking_dead": 2840.8499999988517, "N_RNAP": 100, "N_Ribo": 2, "N_ATP": 1000, "seed": 59}