{"t_death": 2550.599999999943, "death_mode": "ribo_collapse", "pnr_type": "ribo_depletion", "t_pnr": 1217.7000000000621, "dt_walking_dead": 1332.899999999881, "N_RNAP": 7, "N_Ribo": 7, "N_ATP": 1000, "seed": 73}