{"t_death": 5178.149999998881, "death_mode": "ribo_collapse", "pnr_type": "ribo_depletion", "t_pnr": 4021.6499999993484, "dt_walking_dead": 1156.4999999995325, "N_RNAP": 3, "N_Ribo": 64, "N_ATP": 1000, "seed": 29}