{"t_death": 4391.999999999199, "death_mode": "ribo_collapse", "pnr_type": "ribo_depletion", "t_pnr": 2927.249999999791, "dt_walking_dead": 1464.749999999408, "N_RNAP": 2, "N_Ribo": 17, "N_ATP": 1000, "seed": 39}