{"t_death": 2565.899999999937, "death_mode": "ribo_collapse", "pnr_type": "ribo_depletion", "t_pnr": 2531.249999999951, "dt_walking_dead": 34.649999999985994, "N_RNAP": 11, "N_Ribo": 7, "N_ATP": 1000, "seed": 36}