{"t_death": 1818.4500000001228, "death_mode": "ribo_collapse", "pnr_type": "ribo_depletion", "t_pnr": 1326.6000000000731, "dt_walking_dead": 491.8500000000497, "N_RNAP": 11, "N_Ribo": 11, "N_ATP": 1000, "seed": 81}