{"t_death": 3527.999999999548, "death_mode": "ribo_collapse", "pnr_type": "ribo_depletion", "t_pnr": 864.0000000000265, "dt_walking_dead": 2663.9999999995216, "N_RNAP": 7, "N_Ribo": 4, "N_ATP": 1000, "seed": 57}