{"t_death": 5540.3999999987345, "death_mode": "ribo_collapse", "pnr_type": "ribo_depletion", "t_pnr": 3205.799999999678, "dt_walking_dead": 2334.5999999990563, "N_RNAP": 41, "N_Ribo": 4, "N_ATP": 1000, "seed": 6}