{"t_death": 7649.549999997882, "death_mode": "ribo_collapse", "pnr_type": "ribo_depletion", "t_pnr": 4964.399999998967, "dt_walking_dead": 2685.1499999989146, "N_RNAP": 3, "N_Ribo": 100, "N_ATP": 1000, "seed": 48}