{"t_death": 361.79999999999467, "death_mode": "cycle_collapse", "pnr_type": "rnap_deadlock", "t_pnr": 291.59999999999644, "dt_walking_dead": 70.19999999999823, "N_RNAP": 3, "N_Ribo": 27, "N_ATP": 1000, "seed": 61}