{"t_death": 6382.349999998394, "death_mode": "ribo_collapse", "pnr_type": "ribo_depletion", "t_pnr": 5885.549999998595, "dt_walking_dead": 496.7999999997992, "N_RNAP": 27, "N_Ribo": 64, "N_ATP": 1000, "seed": 50}