{"t_death": 4122.449999999308, "death_mode": "cycle_collapse", "pnr_type": "rnap_deadlock", "t_pnr": 3998.6999999993577, "dt_walking_dead": 123.74999999994998, "N_RNAP": 27, "N_Ribo": 11, "N_ATP": 1000, "seed": 89}