{"t_death": 4353.749999999214, "death_mode": "ribo_collapse", "pnr_type": "ribo_depletion", "t_pnr": 3969.8999999993694, "dt_walking_dead": 383.84999999984484, "N_RNAP": 27, "N_Ribo": 17, "N_ATP": 1000, "seed": 23}