{"t_death": 1920.6000000001332, "death_mode": "cycle_collapse", "pnr_type": "rnap_deadlock", "t_pnr": 1628.5500000001036, "dt_walking_dead": 292.0500000000295, "N_RNAP": 3, "N_Ribo": 2, "N_ATP": 1000, "seed": 51}