{"t_death": 4297.949999999237, "death_mode": "cycle_collapse", "pnr_type": "rnap_deadlock", "t_pnr": 4291.649999999239, "dt_walking_dead": 6.299999999997453, "N_RNAP": 11, "N_Ribo": 41, "N_ATP": 1000, "seed": 41}