{"t_death": 489.14999999999145, "death_mode": "cycle_collapse", "pnr_type": "rnap_deadlock", "t_pnr": 292.4999999999964, "dt_walking_dead": 196.64999999999503, "N_RNAP": 3, "N_Ribo": 7, "N_ATP": 1000, "seed": 39}