{"t_death": 3432.1499999995867, "death_mode": "ribo_collapse", "pnr_type": "ribo_depletion", "t_pnr": 1645.6500000001054, "dt_walking_dead": 1786.4999999994814, "N_RNAP": 2, "N_Ribo": 2, "N_ATP": 1000, "seed": 43}