{"t_death": 4208.849999999273, "death_mode": "ribo_collapse", "pnr_type": "ribo_depletion", "t_pnr": 1907.1000000001318, "dt_walking_dead": 2301.749999999141, "N_RNAP": 27, "N_Ribo": 4, "N_ATP": 1000, "seed": 94}