{"t_death": 3096.4499999997224, "death_mode": "cycle_collapse", "pnr_type": "rnap_deadlock", "t_pnr": 3096.4499999997224, "dt_walking_dead": 0.0, "N_RNAP": 11, "N_Ribo": 100, "N_ATP": 1000, "seed": 65}