{"t_death": 6826.049999998215, "death_mode": "ribo_collapse", "pnr_type": "ribo_depletion", "t_pnr": 2741.399999999866, "dt_walking_dead": 4084.649999998349, "N_RNAP": 64, "N_Ribo": 11, "N_ATP": 1000, "seed": 68}