{"t_death": 4094.549999999319, "death_mode": "ribo_collapse", "pnr_type": "ribo_depletion", "t_pnr": 3730.499999999466, "dt_walking_dead": 364.04999999985284, "N_RNAP": 4, "N_Ribo": 41, "N_ATP": 1000, "seed": 49}