{"t_death": 3041.9999999997444, "death_mode": "cycle_collapse", "pnr_type": "rnap_deadlock", "t_pnr": 2872.799999999813, "dt_walking_dead": 169.1999999999316, "N_RNAP": 7, "N_Ribo": 17, "N_ATP": 1000, "seed": 14}