{"t_death": 2349.0000000000246, "death_mode": "ribo_collapse", "pnr_type": "ribo_depletion", "t_pnr": 2085.750000000131, "dt_walking_dead": 263.2499999998936, "N_RNAP": 4, "N_Ribo": 4, "N_ATP": 1000, "seed": 34}