{"t_death": 4076.0999999993264, "death_mode": "cycle_collapse", "pnr_type": "rnap_deadlock", "t_pnr": 4025.699999999347, "dt_walking_dead": 50.39999999997963, "N_RNAP": 41, "N_Ribo": 7, "N_ATP": 1000, "seed": 15}