{"t_death": 5181.7499999988795, "death_mode": "ribo_collapse", "pnr_type": "ribo_depletion", "t_pnr": 2789.0999999998467, "dt_walking_dead": 2392.649999999033, "N_RNAP": 41, "N_Ribo": 41, "N_ATP": 1000, "seed": 81}