{"t_death": 4301.549999999235, "death_mode": "ribo_collapse", "pnr_type": "ribo_depletion", "t_pnr": 3889.349999999402, "dt_walking_dead": 412.1999999998334, "N_RNAP": 17, "N_Ribo": 11, "N_ATP": 1000, "seed": 22}