{"t_death": 5467.499999998764, "death_mode": "ribo_collapse", "pnr_type": "ribo_depletion", "t_pnr": 1911.1500000001322, "dt_walking_dead": 3556.3499999986316, "N_RNAP": 17, "N_Ribo": 7, "N_ATP": 1000, "seed": 36}