{"t_death": 2003.4000000001415, "death_mode": "ribo_collapse", "pnr_type": "ribo_depletion", "t_pnr": 1280.7000000000685, "dt_walking_dead": 722.700000000073, "N_RNAP": 3, "N_Ribo": 2, "N_ATP": 1000, "seed": 18}