{"t_death": 3043.349999999744, "death_mode": "cycle_collapse", "pnr_type": "rnap_deadlock", "t_pnr": 2920.9499999997934, "dt_walking_dead": 122.39999999995052, "N_RNAP": 7, "N_Ribo": 100, "N_ATP": 1000, "seed": 43}