{"t_death": 1570.5000000000978, "death_mode": "ribo_collapse", "pnr_type": "ribo_depletion", "t_pnr": 1447.2000000000853, "dt_walking_dead": 123.30000000001246, "N_RNAP": 2, "N_Ribo": 3, "N_ATP": 1000, "seed": 64}