{"t_death": 1599.3000000001007, "death_mode": "ribo_collapse", "pnr_type": "ribo_depletion", "t_pnr": 366.74999999999454, "dt_walking_dead": 1232.5500000001061, "N_RNAP": 4, "N_Ribo": 3, "N_ATP": 1000, "seed": 4}