{"t_death": 3461.8499999995747, "death_mode": "cycle_collapse", "pnr_type": "rnap_deadlock", "t_pnr": 3461.8499999995747, "dt_walking_dead": 0.0, "N_RNAP": 11, "N_Ribo": 27, "N_ATP": 1000, "seed": 89}