{"t_death": 1845.0000000001255, "death_mode": "ribo_collapse", "pnr_type": "ribo_depletion", "t_pnr": 737.1000000000137, "dt_walking_dead": 1107.900000000112, "N_RNAP": 2, "N_Ribo": 2, "N_ATP": 1000, "seed": 37}