{"t_death": 3803.8499999994365, "death_mode": "ribo_collapse", "pnr_type": "ribo_depletion", "t_pnr": 3497.84999999956, "dt_walking_dead": 305.9999999998763, "N_RNAP": 27, "N_Ribo": 11, "N_ATP": 1000, "seed": 15}