{"t_death": 5433.299999998778, "death_mode": "ribo_collapse", "pnr_type": "ribo_depletion", "t_pnr": 1856.2500000001266, "dt_walking_dead": 3577.0499999986514, "N_RNAP": 100, "N_Ribo": 2, "N_ATP": 1000, "seed": 55}