{"t_death": 7304.849999998021, "death_mode": "ribo_collapse", "pnr_type": "ribo_depletion", "t_pnr": 3838.9499999994223, "dt_walking_dead": 3465.899999998599, "N_RNAP": 100, "N_Ribo": 7, "N_ATP": 1000, "seed": 46}