{"t_death": 769.0500000000169, "death_mode": "cycle_collapse", "pnr_type": "rnap_deadlock", "t_pnr": 673.6500000000073, "dt_walking_dead": 95.40000000000964, "N_RNAP": 2, "N_Ribo": 41, "N_ATP": 1000, "seed": 82}