{"t_death": 4566.149999999128, "death_mode": "ribo_collapse", "pnr_type": "ribo_depletion", "t_pnr": 536.3999999999934, "dt_walking_dead": 4029.749999999135, "N_RNAP": 41, "N_Ribo": 3, "N_ATP": 1000, "seed": 99}