{"t_death": 3810.149999999434, "death_mode": "cycle_collapse", "pnr_type": "rnap_deadlock", "t_pnr": 3650.8499999994983, "dt_walking_dead": 159.2999999999356, "N_RNAP": 11, "N_Ribo": 100, "N_ATP": 1000, "seed": 79}