{"t_death": 5665.499999998684, "death_mode": "ribo_collapse", "pnr_type": "ribo_depletion", "t_pnr": 3788.5499999994427, "dt_walking_dead": 1876.9499999992413, "N_RNAP": 41, "N_Ribo": 3, "N_ATP": 1000, "seed": 93}