{"t_death": 3917.2499999993906, "death_mode": "ribo_collapse", "pnr_type": "ribo_depletion", "t_pnr": 3917.2499999993906, "dt_walking_dead": 0.0, "N_RNAP": 64, "N_Ribo": 17, "N_ATP": 1000, "seed": 51}