{"t_death": 6711.299999998261, "death_mode": "ribo_collapse", "pnr_type": "ribo_depletion", "t_pnr": 3825.4499999994277, "dt_walking_dead": 2885.8499999988335, "N_RNAP": 64, "N_Ribo": 17, "N_ATP": 1000, "seed": 57}