{"t_death": 7272.899999998034, "death_mode": "ribo_collapse", "pnr_type": "ribo_depletion", "t_pnr": 5215.049999998866, "dt_walking_dead": 2057.849999999168, "N_RNAP": 100, "N_Ribo": 2, "N_ATP": 1000, "seed": 85}