{"t_death": 2878.1999999998106, "death_mode": "cycle_collapse", "pnr_type": "rnap_deadlock", "t_pnr": 2839.4999999998263, "dt_walking_dead": 38.69999999998436, "N_RNAP": 2, "N_Ribo": 41, "N_ATP": 1000, "seed": 53}