{"t_death": 3292.649999999643, "death_mode": "ribo_collapse", "pnr_type": "ribo_depletion", "t_pnr": 1647.9000000001056, "dt_walking_dead": 1644.7499999995375, "N_RNAP": 7, "N_Ribo": 2, "N_ATP": 1000, "seed": 27}