{"t_death": 3381.749999999607, "death_mode": "ribo_collapse", "pnr_type": "ribo_depletion", "t_pnr": 2470.4999999999754, "dt_walking_dead": 911.2499999996317, "N_RNAP": 41, "N_Ribo": 2, "N_ATP": 1000, "seed": 76}