{"t_death": 7799.849999997821, "death_mode": "ribo_collapse", "pnr_type": "ribo_depletion", "t_pnr": 5633.099999998697, "dt_walking_dead": 2166.749999999124, "N_RNAP": 27, "N_Ribo": 100, "N_ATP": 1000, "seed": 88}