{"t_death": 3733.649999999465, "death_mode": "cycle_collapse", "pnr_type": "rnap_deadlock", "t_pnr": 3637.7999999995036, "dt_walking_dead": 95.84999999996126, "N_RNAP": 11, "N_Ribo": 64, "N_ATP": 1000, "seed": 46}