{"t_death": 5346.899999998813, "death_mode": "ribo_collapse", "pnr_type": "ribo_depletion", "t_pnr": 4298.849999999236, "dt_walking_dead": 1048.0499999995764, "N_RNAP": 11, "N_Ribo": 41, "N_ATP": 1000, "seed": 11}