{"t_death": 3615.2999999995127, "death_mode": "ribo_collapse", "pnr_type": "ribo_depletion", "t_pnr": 3434.399999999586, "dt_walking_dead": 180.89999999992688, "N_RNAP": 7, "N_Ribo": 17, "N_ATP": 1000, "seed": 81}