{"t_death": 6152.849999998487, "death_mode": "ribo_collapse", "pnr_type": "ribo_depletion", "t_pnr": 2052.4500000001444, "dt_walking_dead": 4100.3999999983425, "N_RNAP": 64, "N_Ribo": 7, "N_ATP": 1000, "seed": 31}