{"t_death": 4706.099999999072, "death_mode": "ribo_collapse", "pnr_type": "ribo_depletion", "t_pnr": 940.9500000000343, "dt_walking_dead": 3765.1499999990374, "N_RNAP": 3, "N_Ribo": 4, "N_ATP": 1000, "seed": 60}