{"t_death": 1998.000000000141, "death_mode": "ribo_collapse", "pnr_type": "ribo_depletion", "t_pnr": 879.300000000028, "dt_walking_dead": 1118.700000000113, "N_RNAP": 11, "N_Ribo": 4, "N_ATP": 1000, "seed": 70}