{"t_death": 5088.149999998917, "death_mode": "ribo_collapse", "pnr_type": "ribo_depletion", "t_pnr": 3734.5499999994645, "dt_walking_dead": 1353.5999999994528, "N_RNAP": 64, "N_Ribo": 27, "N_ATP": 1000, "seed": 84}