{"t_death": 846.9000000000248, "death_mode": "ribo_collapse", "pnr_type": "ribo_depletion", "t_pnr": 724.5000000000124, "dt_walking_dead": 122.40000000001237, "N_RNAP": 4, "N_Ribo": 2, "N_ATP": 1000, "seed": 30}