{"t_death": 4561.19999999913, "death_mode": "ribo_collapse", "pnr_type": "ribo_depletion", "t_pnr": 4013.099999999352, "dt_walking_dead": 548.0999999997784, "N_RNAP": 27, "N_Ribo": 11, "N_ATP": 1000, "seed": 13}