{"t_death": 3260.699999999656, "death_mode": "cycle_collapse", "pnr_type": "rnap_deadlock", "t_pnr": 3176.54999999969, "dt_walking_dead": 84.14999999996598, "N_RNAP": 3, "N_Ribo": 41, "N_ATP": 1000, "seed": 12}