{"t_death": 994.9500000000397, "death_mode": "cycle_collapse", "pnr_type": "rnap_deadlock", "t_pnr": 937.3500000000339, "dt_walking_dead": 57.60000000000582, "N_RNAP": 3, "N_Ribo": 2, "N_ATP": 1000, "seed": 78}