{"t_death": 2783.699999999849, "death_mode": "cycle_collapse", "pnr_type": "rnap_deadlock", "t_pnr": 2702.2499999998818, "dt_walking_dead": 81.44999999996708, "N_RNAP": 4, "N_Ribo": 64, "N_ATP": 1000, "seed": 15}