{"t_death": 1547.1000000000954, "death_mode": "cycle_collapse", "pnr_type": "rnap_deadlock", "t_pnr": 1512.0000000000919, "dt_walking_dead": 35.10000000000355, "N_RNAP": 4, "N_Ribo": 100, "N_ATP": 1000, "seed": 87}