{"t_death": 4599.899999999115, "death_mode": "cycle_collapse", "pnr_type": "rnap_deadlock", "t_pnr": 4594.949999999117, "dt_walking_dead": 4.949999999997999, "N_RNAP": 64, "N_Ribo": 11, "N_ATP": 1000, "seed": 5}