{"t_death": 4155.299999999294, "death_mode": "ribo_collapse", "pnr_type": "ribo_depletion", "t_pnr": 2701.349999999882, "dt_walking_dead": 1453.9499999994123, "N_RNAP": 4, "N_Ribo": 3, "N_ATP": 1000, "seed": 36}