{"t_death": 3969.4499999993695, "death_mode": "ribo_collapse", "pnr_type": "ribo_depletion", "t_pnr": 3604.949999999517, "dt_walking_dead": 364.49999999985266, "N_RNAP": 64, "N_Ribo": 4, "N_ATP": 1000, "seed": 57}