{"t_death": 4785.29999999904, "death_mode": "ribo_collapse", "pnr_type": "ribo_depletion", "t_pnr": 1858.0500000001268, "dt_walking_dead": 2927.249999998913, "N_RNAP": 27, "N_Ribo": 3, "N_ATP": 1000, "seed": 97}