{"t_death": 1542.600000000095, "death_mode": "ribo_collapse", "pnr_type": "ribo_depletion", "t_pnr": 442.7999999999926, "dt_walking_dead": 1099.8000000001023, "N_RNAP": 11, "N_Ribo": 4, "N_ATP": 1000, "seed": 30}