{"t_death": 4695.749999999076, "death_mode": "ribo_collapse", "pnr_type": "ribo_depletion", "t_pnr": 2460.5999999999794, "dt_walking_dead": 2235.1499999990965, "N_RNAP": 17, "N_Ribo": 17, "N_ATP": 1000, "seed": 45}