{"t_death": 5738.849999998654, "death_mode": "ribo_collapse", "pnr_type": "ribo_depletion", "t_pnr": 1041.3000000000443, "dt_walking_dead": 4697.54999999861, "N_RNAP": 41, "N_Ribo": 4, "N_ATP": 1000, "seed": 81}