{"t_death": 3771.4499999994496, "death_mode": "ribo_collapse", "pnr_type": "ribo_depletion", "t_pnr": 838.3500000000239, "dt_walking_dead": 2933.0999999994256, "N_RNAP": 64, "N_Ribo": 2, "N_ATP": 1000, "seed": 67}