{"t_death": 4319.099999999228, "death_mode": "ribo_collapse", "pnr_type": "ribo_depletion", "t_pnr": 3311.9999999996353, "dt_walking_dead": 1007.0999999995929, "N_RNAP": 41, "N_Ribo": 11, "N_ATP": 1000, "seed": 85}