{"t_death": 4796.549999999035, "death_mode": "ribo_collapse", "pnr_type": "ribo_depletion", "t_pnr": 4126.049999999306, "dt_walking_dead": 670.499999999729, "N_RNAP": 64, "N_Ribo": 11, "N_ATP": 1000, "seed": 56}