{"t_death": 2430.4499999999916, "death_mode": "ribo_collapse", "pnr_type": "ribo_depletion", "t_pnr": 1292.4000000000697, "dt_walking_dead": 1138.049999999922, "N_RNAP": 17, "N_Ribo": 3, "N_ATP": 1000, "seed": 45}