{"t_death": 2879.99999999981, "death_mode": "ribo_collapse", "pnr_type": "ribo_depletion", "t_pnr": 2841.7499999998254, "dt_walking_dead": 38.24999999998454, "N_RNAP": 27, "N_Ribo": 17, "N_ATP": 1000, "seed": 59}