{"t_death": 4808.69999999903, "death_mode": "ribo_collapse", "pnr_type": "ribo_depletion", "t_pnr": 2205.9000000000824, "dt_walking_dead": 2602.799999998948, "N_RNAP": 64, "N_Ribo": 2, "N_ATP": 1000, "seed": 93}