{"t_death": 4656.149999999092, "death_mode": "cycle_collapse", "pnr_type": "rnap_deadlock", "t_pnr": 4550.399999999135, "dt_walking_dead": 105.74999999995725, "N_RNAP": 41, "N_Ribo": 27, "N_ATP": 1000, "seed": 71}