{"t_death": 9658.800000000034, "death_mode": "ribo_collapse", "pnr_type": "ribo_depletion", "t_pnr": 2009.7000000001422, "dt_walking_dead": 7649.099999999891, "N_RNAP": 3, "N_Ribo": 20, "N_ATP": 968, "seed": 2}