{"t_death": 7212.149999998059, "death_mode": "ribo_collapse", "pnr_type": "ribo_depletion", "t_pnr": 6202.799999998467, "dt_walking_dead": 1009.349999999592, "N_RNAP": 100, "N_Ribo": 20, "N_ATP": 20000, "seed": 2}