{"t_death": 7076.249999998114, "death_mode": "ribo_collapse", "pnr_type": "ribo_depletion", "t_pnr": 5861.249999998605, "dt_walking_dead": 1214.9999999995089, "N_RNAP": 100, "N_Ribo": 20, "N_ATP": 9382, "seed": 4}