{"t_death": 5008.04999999895, "death_mode": "cycle_collapse", "pnr_type": "rnap_deadlock", "t_pnr": 4922.549999998984, "dt_walking_dead": 85.49999999996544, "N_RNAP": 57, "N_Ribo": 20, "N_ATP": 20000, "seed": 7}