{"t_death": 3468.149999999572, "death_mode": "ribo_collapse", "pnr_type": "ribo_depletion", "t_pnr": 2734.6499999998687, "dt_walking_dead": 733.4999999997035, "N_RNAP": 18, "N_Ribo": 20, "N_ATP": 9382, "seed": 2}