{"t_death": 6412.949999998382, "death_mode": "ribo_collapse", "pnr_type": "ribo_depletion", "t_pnr": 4418.549999999188, "dt_walking_dead": 1994.3999999991938, "N_RNAP": 32, "N_Ribo": 20, "N_ATP": 20000, "seed": 8}