{"t_death": 8418.599999998029, "death_mode": "ribo_collapse", "pnr_type": "ribo_depletion", "t_pnr": 6576.299999998316, "dt_walking_dead": 1842.2999999997128, "N_RNAP": 100, "N_Ribo": 20, "N_ATP": 2064, "seed": 1}