{"t_death": 5611.499999998706, "death_mode": "ribo_collapse", "pnr_type": "ribo_depletion", "t_pnr": 5481.899999998758, "dt_walking_dead": 129.5999999999476, "N_RNAP": 100, "N_Ribo": 20, "N_ATP": 2064, "seed": 9}