{"t_death": 5604.7499999987085, "death_mode": "atp_depletion", "pnr_type": "ribo_depletion", "t_pnr": 2009.7000000001422, "dt_walking_dead": 3595.0499999985664, "N_RNAP": 3, "N_Ribo": 20, "N_ATP": 100, "seed": 2}