{"t_death": 2673.4499999998934, "death_mode": "cycle_collapse", "pnr_type": "rnap_deadlock", "t_pnr": 2550.1499999999432, "dt_walking_dead": 123.29999999995016, "N_RNAP": 6, "N_Ribo": 20, "N_ATP": 213, "seed": 9}