{"t_death": 6484.949999998353, "death_mode": "ribo_collapse", "pnr_type": "ribo_depletion", "t_pnr": 3568.4999999995316, "dt_walking_dead": 2916.449999998821, "N_RNAP": 32, "N_Ribo": 20, "N_ATP": 968, "seed": 6}