{"t_death": 3536.9999999995443, "death_mode": "ribo_collapse", "pnr_type": "ribo_depletion", "t_pnr": 2641.0499999999065, "dt_walking_dead": 895.9499999996378, "N_RNAP": 6, "N_Ribo": 20, "N_ATP": 213, "seed": 8}