{"t_death": 6396.749999998388, "death_mode": "cycle_collapse", "pnr_type": "rnap_deadlock", "t_pnr": 6176.2499999984775, "dt_walking_dead": 220.49999999991087, "N_RNAP": 100, "N_Ribo": 20, "N_ATP": 2064, "seed": 7}