{"t_death": 3371.3999999996113, "death_mode": "ribo_collapse", "pnr_type": "ribo_depletion", "t_pnr": 3074.849999999731, "dt_walking_dead": 296.54999999988013, "N_RNAP": 10, "N_Ribo": 20, "N_ATP": 9382, "seed": 9}