{"t_death": 4801.499999999033, "death_mode": "ribo_collapse", "pnr_type": "ribo_depletion", "t_pnr": 4363.64999999921, "dt_walking_dead": 437.849999999823, "N_RNAP": 18, "N_Ribo": 20, "N_ATP": 4401, "seed": 7}