{"t_death": 4660.19999999909, "death_mode": "ribo_collapse", "pnr_type": "ribo_depletion", "t_pnr": 2718.899999999875, "dt_walking_dead": 1941.2999999992153, "N_RNAP": 10, "N_Ribo": 20, "N_ATP": 968, "seed": 6}