{"t_death": 4263.749999999251, "death_mode": "ribo_collapse", "pnr_type": "ribo_depletion", "t_pnr": 3069.899999999733, "dt_walking_dead": 1193.8499999995174, "N_RNAP": 10, "N_Ribo": 20, "N_ATP": 454, "seed": 3}