{"t_death": 3764.2499999994525, "death_mode": "ribo_collapse", "pnr_type": "ribo_depletion", "t_pnr": 3488.399999999564, "dt_walking_dead": 275.8499999998885, "N_RNAP": 18, "N_Ribo": 20, "N_ATP": 968, "seed": 1}