{"t_death": 4286.699999999241, "death_mode": "ribo_collapse", "pnr_type": "ribo_depletion", "t_pnr": 2065.500000000139, "dt_walking_dead": 2221.199999999102, "N_RNAP": 32, "N_Ribo": 20, "N_ATP": 968, "seed": 0}