{"t_death": 2944.349999999784, "death_mode": "ribo_collapse", "pnr_type": "ribo_depletion", "t_pnr": 2607.74999999992, "dt_walking_dead": 336.59999999986394, "N_RNAP": 6, "N_Ribo": 20, "N_ATP": 2064, "seed": 1}