{"t_death": 1279.8000000000684, "death_mode": "cycle_collapse", "pnr_type": "rnap_deadlock", "t_pnr": 1246.500000000065, "dt_walking_dead": 33.300000000003365, "N_RNAP": 2, "N_Ribo": 20, "N_ATP": 9382, "seed": 8}