{"t_death": 3075.299999999731, "death_mode": "cycle_collapse", "pnr_type": "rnap_deadlock", "t_pnr": 2971.799999999773, "dt_walking_dead": 103.49999999995816, "N_RNAP": 18, "N_Ribo": 20, "N_ATP": 9382, "seed": 9}