{"t_death": 6121.3499999985, "death_mode": "ribo_collapse", "pnr_type": "ribo_depletion", "t_pnr": 5239.799999998856, "dt_walking_dead": 881.5499999996437, "N_RNAP": 57, "N_Ribo": 20, "N_ATP": 2064, "seed": 4}