{"t_death": 1761.750000000117, "death_mode": "cycle_collapse", "pnr_type": "rnap_deadlock", "t_pnr": 1759.950000000117, "dt_walking_dead": 1.800000000000182, "N_RNAP": 10, "N_Ribo": 20, "N_ATP": 213, "seed": 8}