{"t_death": 2623.4999999999136, "death_mode": "ribo_collapse", "pnr_type": "ribo_depletion", "t_pnr": 1895.4000000001306, "dt_walking_dead": 728.099999999783, "N_RNAP": 10, "N_Ribo": 20, "N_ATP": 9382, "seed": 5}