{"t_death": 3967.1999999993704, "death_mode": "ribo_collapse", "pnr_type": "ribo_depletion", "t_pnr": 3462.2999999995745, "dt_walking_dead": 504.8999999997959, "N_RNAP": 32, "N_Ribo": 20, "N_ATP": 4401, "seed": 3}