{"t_death": 1428.3000000000834, "death_mode": "cycle_collapse", "pnr_type": "rnap_deadlock", "t_pnr": 1360.3500000000765, "dt_walking_dead": 67.95000000000687, "N_RNAP": 2, "N_Ribo": 20, "N_ATP": 20000, "seed": 0}