{"t_death": 1963.3500000001375, "death_mode": "cycle_collapse", "pnr_type": "rnap_deadlock", "t_pnr": 1963.3500000001375, "dt_walking_dead": 0.0, "N_RNAP": 10, "N_Ribo": 20, "N_ATP": 20000, "seed": 7}