{"t_death": 7733.699999997848, "death_mode": "ribo_collapse", "pnr_type": "ribo_depletion", "t_pnr": 4665.599999999088, "dt_walking_dead": 3068.09999999876, "N_RNAP": 57, "N_Ribo": 20, "N_ATP": 968, "seed": 9}