{"t_death": 4124.249999999307, "death_mode": "cycle_collapse", "pnr_type": "rnap_deadlock", "t_pnr": 4088.2499999993215, "dt_walking_dead": 35.99999999998545, "N_RNAP": 100, "N_Ribo": 20, "N_ATP": 20000, "seed": 8}