{"t_death": 5740.649999998654, "death_mode": "ribo_collapse", "pnr_type": "ribo_depletion", "t_pnr": 4360.4999999992115, "dt_walking_dead": 1380.1499999994421, "N_RNAP": 100, "N_Ribo": 20, "N_ATP": 9382, "seed": 0}