{"t_death": 4679.099999999083, "death_mode": "ribo_collapse", "pnr_type": "ribo_depletion", "t_pnr": 3589.649999999523, "dt_walking_dead": 1089.4499999995596, "N_RNAP": 10, "N_Ribo": 20, "N_ATP": 100, "seed": 0}