{"t_death": 2513.699999999958, "death_mode": "cycle_collapse", "pnr_type": "rnap_deadlock", "t_pnr": 2353.5000000000227, "dt_walking_dead": 160.19999999993524, "N_RNAP": 32, "N_Ribo": 20, "N_ATP": 454, "seed": 5}