{"t_death": 891.9000000000293, "death_mode": "cycle_collapse", "pnr_type": "rnap_deadlock", "t_pnr": 520.6499999999918, "dt_walking_dead": 371.2500000000375, "N_RNAP": 2, "N_Ribo": 20, "N_ATP": 20000, "seed": 3}