{"t_death": 478.3499999999917, "death_mode": "cycle_collapse", "pnr_type": "rnap_deadlock", "t_pnr": 233.09999999999792, "dt_walking_dead": 245.2499999999938, "N_RNAP": 2, "N_Ribo": 20, "N_ATP": 4401, "seed": 7}