{"t_death": 6721.649999998257, "death_mode": "atp_depletion", "pnr_type": "ribo_depletion", "t_pnr": 6202.799999998467, "dt_walking_dead": 518.8499999997903, "N_RNAP": 100, "N_Ribo": 20, "N_ATP": 2064, "seed": 2}