{"t_death": 7356.149999998001, "death_mode": "cycle_collapse", "pnr_type": "rnap_deadlock", "t_pnr": 7102.799999998103, "dt_walking_dead": 253.3499999998976, "N_RNAP": 100, "N_Ribo": 20, "N_ATP": 2064, "seed": 3}