{"t_death": 8349.749999997917, "death_mode": "ribo_collapse", "pnr_type": "ribo_depletion", "t_pnr": 3355.6499999996176, "dt_walking_dead": 4994.0999999983, "N_RNAP": 57, "N_Ribo": 20, "N_ATP": 4401, "seed": 5}