{"t_death": 5865.749999998603, "death_mode": "ribo_collapse", "pnr_type": "ribo_depletion", "t_pnr": 4201.649999999276, "dt_walking_dead": 1664.0999999993273, "N_RNAP": 32, "N_Ribo": 20, "N_ATP": 4401, "seed": 7}