{"t_death": 2863.7999999998165, "death_mode": "ribo_collapse", "pnr_type": "ribo_depletion", "t_pnr": 2505.1499999999614, "dt_walking_dead": 358.649999999855, "N_RNAP": 57, "N_Ribo": 20, "N_ATP": 4401, "seed": 8}