{"t_death": 5160.149999998888, "death_mode": "cycle_collapse", "pnr_type": "rnap_deadlock", "t_pnr": 4909.49999999899, "dt_walking_dead": 250.64999999989868, "N_RNAP": 18, "N_Ribo": 20, "N_ATP": 2064, "seed": 4}