{"t_death": 5786.099999998635, "death_mode": "ribo_collapse", "pnr_type": "ribo_depletion", "t_pnr": 4349.699999999216, "dt_walking_dead": 1436.3999999994194, "N_RNAP": 32, "N_Ribo": 20, "N_ATP": 4401, "seed": 4}