{"t_death": 4278.599999999245, "death_mode": "cycle_collapse", "pnr_type": "rnap_deadlock", "t_pnr": 4269.599999999248, "dt_walking_dead": 8.999999999996362, "N_RNAP": 32, "N_Ribo": 20, "N_ATP": 4401, "seed": 2}