{"t_death": 5082.7499999989195, "death_mode": "ribo_collapse", "pnr_type": "ribo_depletion", "t_pnr": 2645.9999999999045, "dt_walking_dead": 2436.749999999015, "N_RNAP": 100, "N_Ribo": 20, "N_ATP": 4401, "seed": 5}