{"t_death": 3128.3999999997095, "death_mode": "ribo_collapse", "pnr_type": "ribo_depletion", "t_pnr": 2817.449999999835, "dt_walking_dead": 310.9499999998743, "N_RNAP": 6, "N_Ribo": 20, "N_ATP": 20000, "seed": 4}