{"t_death": 3023.099999999752, "death_mode": "cycle_collapse", "pnr_type": "rnap_deadlock", "t_pnr": 2994.2999999997637, "dt_walking_dead": 28.79999999998836, "N_RNAP": 18, "N_Ribo": 20, "N_ATP": 213, "seed": 6}