{"t_death": 2077.2000000001344, "death_mode": "cycle_collapse", "pnr_type": "rnap_deadlock", "t_pnr": 1969.200000000138, "dt_walking_dead": 107.99999999999636, "N_RNAP": 2, "N_Ribo": 20, "N_ATP": 968, "seed": 4}