{"t_death": 2357.1000000000213, "death_mode": "cycle_collapse", "pnr_type": "rnap_deadlock", "t_pnr": 2349.0000000000246, "dt_walking_dead": 8.099999999996726, "N_RNAP": 3, "N_Ribo": 20, "N_ATP": 2064, "seed": 4}