{"t_death": 5253.74999999885, "death_mode": "ribo_collapse", "pnr_type": "ribo_depletion", "t_pnr": 3140.099999999705, "dt_walking_dead": 2113.6499999991456, "N_RNAP": 57, "N_Ribo": 20, "N_ATP": 20000, "seed": 0}