{"t_death": 5854.499999998608, "death_mode": "ribo_collapse", "pnr_type": "ribo_depletion", "t_pnr": 2713.949999999877, "dt_walking_dead": 3140.5499999987305, "N_RNAP": 57, "N_Ribo": 20, "N_ATP": 4401, "seed": 2}