{"t_death": 4927.0499999989825, "death_mode": "ribo_collapse", "pnr_type": "ribo_depletion", "t_pnr": 2454.749999999982, "dt_walking_dead": 2472.2999999990006, "N_RNAP": 18, "N_Ribo": 20, "N_ATP": 968, "seed": 0}