{"t_death": 1926.9000000001338, "death_mode": "atp_depletion", "pnr_type": "ribo_depletion", "t_pnr": 487.3499999999915, "dt_walking_dead": 1439.5500000001423, "N_RNAP": 20, "N_Ribo": 4, "N_ATP": 180, "seed": 69}