{"t_death": 2917.349999999795, "death_mode": "ribo_collapse", "pnr_type": "ribo_depletion", "t_pnr": 1524.6000000000931, "dt_walking_dead": 1392.7499999997017, "N_RNAP": 20, "N_Ribo": 7, "N_ATP": 11100, "seed": 17}