{"t_death": 6688.79999999827, "death_mode": "ribo_collapse", "pnr_type": "ribo_depletion", "t_pnr": 4666.499999999088, "dt_walking_dead": 2022.2999999991825, "N_RNAP": 20, "N_Ribo": 41, "N_ATP": 3419, "seed": 95}