{"t_death": 3810.5999999994337, "death_mode": "ribo_collapse", "pnr_type": "ribo_depletion", "t_pnr": 549.8999999999947, "dt_walking_dead": 3260.699999999439, "N_RNAP": 20, "N_Ribo": 2, "N_ATP": 1898, "seed": 65}