{"t_death": 1414.350000000082, "death_mode": "atp_depletion", "pnr_type": "ribo_depletion", "t_pnr": 332.0999999999954, "dt_walking_dead": 1082.2500000000866, "N_RNAP": 20, "N_Ribo": 2, "N_ATP": 100, "seed": 28}