{"t_death": 3213.449999999675, "death_mode": "ribo_collapse", "pnr_type": "ribo_depletion", "t_pnr": 772.2000000000172, "dt_walking_dead": 2441.249999999658, "N_RNAP": 20, "N_Ribo": 2, "N_ATP": 1053, "seed": 38}