{"t_death": 5394.5999999987935, "death_mode": "ribo_collapse", "pnr_type": "ribo_depletion", "t_pnr": 2751.7499999998618, "dt_walking_dead": 2642.8499999989317, "N_RNAP": 20, "N_Ribo": 41, "N_ATP": 584, "seed": 46}