{"t_death": 6373.799999998398, "death_mode": "ribo_collapse", "pnr_type": "ribo_depletion", "t_pnr": 6322.049999998419, "dt_walking_dead": 51.74999999997908, "N_RNAP": 20, "N_Ribo": 100, "N_ATP": 11100, "seed": 46}