{"t_death": 2391.3000000000075, "death_mode": "ribo_collapse", "pnr_type": "ribo_depletion", "t_pnr": 332.0999999999954, "dt_walking_dead": 2059.200000000012, "N_RNAP": 20, "N_Ribo": 2, "N_ATP": 1053, "seed": 28}