{"t_death": 5293.799999998834, "death_mode": "ribo_collapse", "pnr_type": "ribo_depletion", "t_pnr": 2036.7000000001449, "dt_walking_dead": 3257.0999999986893, "N_RNAP": 20, "N_Ribo": 7, "N_ATP": 20000, "seed": 42}