{"t_death": 4539.599999999139, "death_mode": "ribo_collapse", "pnr_type": "ribo_depletion", "t_pnr": 3545.9999999995407, "dt_walking_dead": 993.5999999995984, "N_RNAP": 20, "N_Ribo": 7, "N_ATP": 11100, "seed": 90}