{"t_death": 4675.949999999084, "death_mode": "cycle_collapse", "pnr_type": "rnap_deadlock", "t_pnr": 4369.949999999208, "dt_walking_dead": 305.9999999998763, "N_RNAP": 20, "N_Ribo": 100, "N_ATP": 20000, "seed": 76}