{"t_death": 3899.6999999993977, "death_mode": "ribo_collapse", "pnr_type": "ribo_depletion", "t_pnr": 1346.8500000000752, "dt_walking_dead": 2552.849999999323, "N_RNAP": 20, "N_Ribo": 2, "N_ATP": 584, "seed": 8}