{"t_death": 6135.299999998494, "death_mode": "ribo_collapse", "pnr_type": "ribo_depletion", "t_pnr": 2419.199999999996, "dt_walking_dead": 3716.099999998498, "N_RNAP": 20, "N_Ribo": 17, "N_ATP": 11100, "seed": 17}