{"t_death": 4562.99999999913, "death_mode": "atp_depletion", "pnr_type": "ribo_depletion", "t_pnr": 2859.749999999818, "dt_walking_dead": 1703.2499999993115, "N_RNAP": 20, "N_Ribo": 11, "N_ATP": 180, "seed": 31}