{"t_death": 4081.4999999993242, "death_mode": "cycle_collapse", "pnr_type": "rnap_deadlock", "t_pnr": 3894.2999999994, "dt_walking_dead": 187.19999999992433, "N_RNAP": 20, "N_Ribo": 7, "N_ATP": 20000, "seed": 28}