{"t_death": 6419.699999998379, "death_mode": "ribo_collapse", "pnr_type": "ribo_depletion", "t_pnr": 5696.999999998671, "dt_walking_dead": 722.6999999997079, "N_RNAP": 20, "N_Ribo": 100, "N_ATP": 6161, "seed": 43}