{"t_death": 5022.899999998944, "death_mode": "ribo_collapse", "pnr_type": "ribo_depletion", "t_pnr": 3273.299999999651, "dt_walking_dead": 1749.5999999992928, "N_RNAP": 20, "N_Ribo": 17, "N_ATP": 3419, "seed": 91}