{"t_death": 3204.4499999996788, "death_mode": "atp_depletion", "pnr_type": "ribo_depletion", "t_pnr": 1633.050000000104, "dt_walking_dead": 1571.3999999995747, "N_RNAP": 20, "N_Ribo": 4, "N_ATP": 180, "seed": 16}