{"t_death": 3568.9499999995314, "death_mode": "ribo_collapse", "pnr_type": "ribo_depletion", "t_pnr": 2249.5500000000648, "dt_walking_dead": 1319.3999999994667, "N_RNAP": 20, "N_Ribo": 7, "N_ATP": 3419, "seed": 15}