{"t_death": 7968.149999997753, "death_mode": "ribo_collapse", "pnr_type": "ribo_depletion", "t_pnr": 3482.999999999566, "dt_walking_dead": 4485.149999998187, "N_RNAP": 20, "N_Ribo": 41, "N_ATP": 6161, "seed": 32}