{"t_death": 2265.3000000000584, "death_mode": "ribo_collapse", "pnr_type": "ribo_depletion", "t_pnr": 967.0500000000369, "dt_walking_dead": 1298.2500000000214, "N_RNAP": 20, "N_Ribo": 2, "N_ATP": 3419, "seed": 1}