{"t_death": 2350.350000000024, "death_mode": "ribo_collapse", "pnr_type": "ribo_depletion", "t_pnr": 1345.500000000075, "dt_walking_dead": 1004.849999999949, "N_RNAP": 20, "N_Ribo": 4, "N_ATP": 1053, "seed": 46}