{"t_death": 3139.649999999705, "death_mode": "atp_depletion", "pnr_type": "ribo_depletion", "t_pnr": 500.84999999999116, "dt_walking_dead": 2638.7999999997137, "N_RNAP": 20, "N_Ribo": 2, "N_ATP": 180, "seed": 0}