{"t_death": 7666.649999997875, "death_mode": "ribo_collapse", "pnr_type": "ribo_depletion", "t_pnr": 5072.399999998924, "dt_walking_dead": 2594.2499999989514, "N_RNAP": 20, "N_Ribo": 64, "N_ATP": 1053, "seed": 34}