{"t_death": 3217.9499999996733, "death_mode": "cycle_collapse", "pnr_type": "rnap_deadlock", "t_pnr": 3009.5999999997575, "dt_walking_dead": 208.34999999991578, "N_RNAP": 20, "N_Ribo": 17, "N_ATP": 20000, "seed": 83}