{"t_death": 3330.449999999628, "death_mode": "ribo_collapse", "pnr_type": "ribo_depletion", "t_pnr": 3199.9499999996806, "dt_walking_dead": 130.49999999994725, "N_RNAP": 20, "N_Ribo": 3, "N_ATP": 3419, "seed": 28}