{"t_death": 3976.199999999367, "death_mode": "ribo_collapse", "pnr_type": "ribo_depletion", "t_pnr": 3320.099999999632, "dt_walking_dead": 656.0999999997348, "N_RNAP": 20, "N_Ribo": 11, "N_ATP": 1053, "seed": 38}