{"t_death": 2910.1499999997977, "death_mode": "cycle_collapse", "pnr_type": "rnap_deadlock", "t_pnr": 2910.1499999997977, "dt_walking_dead": 0.0, "N_RNAP": 20, "N_Ribo": 27, "N_ATP": 1898, "seed": 24}