{"t_death": 3775.9499999994478, "death_mode": "cycle_collapse", "pnr_type": "rnap_deadlock", "t_pnr": 3775.9499999994478, "dt_walking_dead": 0.0, "N_RNAP": 20, "N_Ribo": 64, "N_ATP": 3419, "seed": 39}