{"t_death": 5779.799999998638, "death_mode": "ribo_collapse", "pnr_type": "ribo_depletion", "t_pnr": 5010.749999998949, "dt_walking_dead": 769.0499999996891, "N_RNAP": 20, "N_Ribo": 100, "N_ATP": 6161, "seed": 32}