{"t_death": 4958.09999999897, "death_mode": "ribo_collapse", "pnr_type": "ribo_depletion", "t_pnr": 675.4500000000074, "dt_walking_dead": 4282.649999998963, "N_RNAP": 20, "N_Ribo": 4, "N_ATP": 20000, "seed": 35}