{"t_death": 9463.049999999717, "death_mode": "ribo_collapse", "pnr_type": "ribo_depletion", "t_pnr": 6919.199999998177, "dt_walking_dead": 2543.85000000154, "N_RNAP": 20, "N_Ribo": 100, "N_ATP": 1053, "seed": 75}