{"t_death": 3388.949999999604, "death_mode": "atp_depletion", "pnr_type": "ribo_depletion", "t_pnr": 883.8000000000285, "dt_walking_dead": 2505.149999999576, "N_RNAP": 20, "N_Ribo": 3, "N_ATP": 180, "seed": 74}