{"t_death": 1655.1000000001063, "death_mode": "cycle_collapse", "pnr_type": "rnap_deadlock", "t_pnr": 1647.0000000001055, "dt_walking_dead": 8.100000000000819, "N_RNAP": 20, "N_Ribo": 3, "N_ATP": 1053, "seed": 8}