{"t_death": 2837.249999999827, "death_mode": "atp_depletion", "pnr_type": "ribo_depletion", "t_pnr": 2758.049999999859, "dt_walking_dead": 79.19999999996799, "N_RNAP": 20, "N_Ribo": 4, "N_ATP": 180, "seed": 12}