{"t_death": 2968.1999999997743, "death_mode": "ribo_collapse", "pnr_type": "ribo_depletion", "t_pnr": 789.3000000000189, "dt_walking_dead": 2178.8999999997554, "N_RNAP": 20, "N_Ribo": 4, "N_ATP": 584, "seed": 80}