{"t_death": 975.6000000000378, "death_mode": "atp_depletion", "pnr_type": "ribo_depletion", "t_pnr": 850.0500000000251, "dt_walking_dead": 125.55000000001269, "N_RNAP": 20, "N_Ribo": 2, "N_ATP": 100, "seed": 68}