{"t_death": 4166.99999999929, "death_mode": "cycle_collapse", "pnr_type": "rnap_deadlock", "t_pnr": 4085.099999999323, "dt_walking_dead": 81.8999999999669, "N_RNAP": 20, "N_Ribo": 27, "N_ATP": 584, "seed": 10}