{"t_death": 2427.299999999993, "death_mode": "ribo_collapse", "pnr_type": "ribo_depletion", "t_pnr": 1597.5000000001005, "dt_walking_dead": 829.7999999998924, "N_RNAP": 20, "N_Ribo": 7, "N_ATP": 1898, "seed": 49}