{"t_death": 3236.8499999996657, "death_mode": "ribo_collapse", "pnr_type": "ribo_depletion", "t_pnr": 2054.7000000001435, "dt_walking_dead": 1182.1499999995222, "N_RNAP": 20, "N_Ribo": 11, "N_ATP": 1053, "seed": 70}