{"t_death": 4044.599999999339, "death_mode": "ribo_collapse", "pnr_type": "ribo_depletion", "t_pnr": 2965.0499999997755, "dt_walking_dead": 1079.5499999995636, "N_RNAP": 20, "N_Ribo": 27, "N_ATP": 3419, "seed": 85}