{"t_death": 4649.399999999095, "death_mode": "ribo_collapse", "pnr_type": "ribo_depletion", "t_pnr": 4066.1999999993304, "dt_walking_dead": 583.1999999997643, "N_RNAP": 20, "N_Ribo": 41, "N_ATP": 1898, "seed": 10}