{"t_death": 4681.799999999082, "death_mode": "ribo_collapse", "pnr_type": "ribo_depletion", "t_pnr": 448.1999999999925, "dt_walking_dead": 4233.599999999089, "N_RNAP": 20, "N_Ribo": 2, "N_ATP": 20000, "seed": 60}