{"t_death": 5691.599999998673, "death_mode": "ribo_collapse", "pnr_type": "ribo_depletion", "t_pnr": 1633.050000000104, "dt_walking_dead": 4058.5499999985695, "N_RNAP": 20, "N_Ribo": 4, "N_ATP": 6161, "seed": 16}