{"t_death": 751.0500000000151, "death_mode": "atp_depletion", "pnr_type": "ribo_depletion", "t_pnr": 537.2999999999935, "dt_walking_dead": 213.7500000000216, "N_RNAP": 20, "N_Ribo": 2, "N_ATP": 100, "seed": 42}