{"t_death": 2846.2499999998236, "death_mode": "atp_depletion", "pnr_type": "ribo_depletion", "t_pnr": 2620.349999999915, "dt_walking_dead": 225.8999999999087, "N_RNAP": 20, "N_Ribo": 11, "N_ATP": 180, "seed": 80}