{"t_death": 3037.949999999746, "death_mode": "cycle_collapse", "pnr_type": "rnap_deadlock", "t_pnr": 3013.649999999756, "dt_walking_dead": 24.299999999990177, "N_RNAP": 20, "N_Ribo": 17, "N_ATP": 1898, "seed": 30}