{"t_death": 2055.1500000001433, "death_mode": "atp_depletion", "pnr_type": "ribo_depletion", "t_pnr": 1415.250000000082, "dt_walking_dead": 639.9000000000613, "N_RNAP": 20, "N_Ribo": 3, "N_ATP": 180, "seed": 97}