{"t_death": 3286.7999999996455, "death_mode": "atp_depletion", "pnr_type": "ribo_depletion", "t_pnr": 3094.649999999723, "dt_walking_dead": 192.14999999992233, "N_RNAP": 20, "N_Ribo": 7, "N_ATP": 180, "seed": 84}