{"t_death": 1316.250000000072, "death_mode": "atp_depletion", "pnr_type": "ribo_depletion", "t_pnr": 1293.7500000000698, "dt_walking_dead": 22.500000000002274, "N_RNAP": 20, "N_Ribo": 3, "N_ATP": 100, "seed": 45}