{"t_death": 5357.699999998808, "death_mode": "ribo_collapse", "pnr_type": "ribo_depletion", "t_pnr": 4508.099999999152, "dt_walking_dead": 849.5999999996566, "N_RNAP": 20, "N_Ribo": 64, "N_ATP": 11100, "seed": 84}