{"t_death": 6700.499999998266, "death_mode": "ribo_collapse", "pnr_type": "ribo_depletion", "t_pnr": 6122.249999998499, "dt_walking_dead": 578.2499999997663, "N_RNAP": 20, "N_Ribo": 100, "N_ATP": 11100, "seed": 14}