{"t_death": 3599.999999999519, "death_mode": "ribo_collapse", "pnr_type": "ribo_depletion", "t_pnr": 3371.849999999611, "dt_walking_dead": 228.14999999990778, "N_RNAP": 20, "N_Ribo": 11, "N_ATP": 6161, "seed": 84}