{"t_death": 6074.999999998518, "death_mode": "ribo_collapse", "pnr_type": "ribo_depletion", "t_pnr": 1328.8500000000734, "dt_walking_dead": 4746.149999998445, "N_RNAP": 20, "N_Ribo": 2, "N_ATP": 11100, "seed": 26}