{"t_death": 2052.4500000001444, "death_mode": "ribo_collapse", "pnr_type": "ribo_depletion", "t_pnr": 1504.8000000000911, "dt_walking_dead": 547.6500000000533, "N_RNAP": 20, "N_Ribo": 4, "N_ATP": 11100, "seed": 32}