{"t_death": 4046.3999999993384, "death_mode": "ribo_collapse", "pnr_type": "ribo_depletion", "t_pnr": 2577.1499999999323, "dt_walking_dead": 1469.249999999406, "N_RNAP": 20, "N_Ribo": 3, "N_ATP": 584, "seed": 42}