{"t_death": 3663.899999999493, "death_mode": "atp_depletion", "pnr_type": "ribo_depletion", "t_pnr": 1324.350000000073, "dt_walking_dead": 2339.54999999942, "N_RNAP": 20, "N_Ribo": 3, "N_ATP": 180, "seed": 73}