{"t_death": 4293.899999999238, "death_mode": "ribo_collapse", "pnr_type": "ribo_depletion", "t_pnr": 3185.5499999996864, "dt_walking_dead": 1108.349999999552, "N_RNAP": 20, "N_Ribo": 41, "N_ATP": 324, "seed": 72}