{"t_death": 6207.749999998465, "death_mode": "ribo_collapse", "pnr_type": "ribo_depletion", "t_pnr": 3046.4999999997426, "dt_walking_dead": 3161.249999998722, "N_RNAP": 20, "N_Ribo": 17, "N_ATP": 324, "seed": 26}