{"t_death": 7547.849999997923, "death_mode": "ribo_collapse", "pnr_type": "ribo_depletion", "t_pnr": 7149.149999998084, "dt_walking_dead": 398.69999999983884, "N_RNAP": 20, "N_Ribo": 100, "N_ATP": 11100, "seed": 20}