{"t_death": 3788.9999999994425, "death_mode": "ribo_collapse", "pnr_type": "ribo_depletion", "t_pnr": 511.1999999999909, "dt_walking_dead": 3277.7999999994518, "N_RNAP": 20, "N_Ribo": 3, "N_ATP": 20000, "seed": 83}