{"t_death": 2803.9499999998407, "death_mode": "ribo_collapse", "pnr_type": "ribo_depletion", "t_pnr": 2537.5499999999483, "dt_walking_dead": 266.3999999998923, "N_RNAP": 20, "N_Ribo": 7, "N_ATP": 11100, "seed": 20}