{"t_death": 6936.29999999817, "death_mode": "ribo_collapse", "pnr_type": "ribo_depletion", "t_pnr": 6347.699999998408, "dt_walking_dead": 588.5999999997621, "N_RNAP": 20, "N_Ribo": 100, "N_ATP": 3419, "seed": 25}