{"t_death": 2900.2499999998017, "death_mode": "ribo_collapse", "pnr_type": "ribo_depletion", "t_pnr": 1962.9000000001374, "dt_walking_dead": 937.3499999996643, "N_RNAP": 20, "N_Ribo": 2, "N_ATP": 1898, "seed": 48}