{"t_death": 6803.099999998224, "death_mode": "ribo_collapse", "pnr_type": "ribo_depletion", "t_pnr": 6501.149999998346, "dt_walking_dead": 301.94999999987795, "N_RNAP": 20, "N_Ribo": 64, "N_ATP": 11100, "seed": 75}