{"t_death": 4503.149999999154, "death_mode": "cycle_collapse", "pnr_type": "rnap_deadlock", "t_pnr": 4336.199999999221, "dt_walking_dead": 166.94999999993252, "N_RNAP": 20, "N_Ribo": 64, "N_ATP": 11100, "seed": 52}