{"t_death": 2368.3500000000167, "death_mode": "cycle_collapse", "pnr_type": "rnap_deadlock", "t_pnr": 2368.3500000000167, "dt_walking_dead": 0.0, "N_RNAP": 20, "N_Ribo": 11, "N_ATP": 11100, "seed": 11}