{"t_death": 4652.099999999094, "death_mode": "ribo_collapse", "pnr_type": "ribo_depletion", "t_pnr": 2943.4499999997843, "dt_walking_dead": 1708.6499999993093, "N_RNAP": 20, "N_Ribo": 4, "N_ATP": 584, "seed": 61}