{"t_death": 3130.199999999709, "death_mode": "atp_depletion", "pnr_type": "ribo_depletion", "t_pnr": 1127.700000000053, "dt_walking_dead": 2002.4999999996558, "N_RNAP": 20, "N_Ribo": 11, "N_ATP": 180, "seed": 51}