{"t_death": 6513.749999998341, "death_mode": "ribo_collapse", "pnr_type": "ribo_depletion", "t_pnr": 877.9500000000279, "dt_walking_dead": 5635.799999998313, "N_RNAP": 20, "N_Ribo": 2, "N_ATP": 11100, "seed": 2}