{"t_death": 4100.849999999316, "death_mode": "ribo_collapse", "pnr_type": "ribo_depletion", "t_pnr": 3348.4499999996206, "dt_walking_dead": 752.3999999996959, "N_RNAP": 20, "N_Ribo": 27, "N_ATP": 20000, "seed": 36}