{"t_death": 2501.549999999963, "death_mode": "ribo_collapse", "pnr_type": "ribo_depletion", "t_pnr": 1764.4500000001174, "dt_walking_dead": 737.0999999998455, "N_RNAP": 20, "N_Ribo": 2, "N_ATP": 324, "seed": 7}