{"t_death": 3239.0999999996648, "death_mode": "cycle_collapse", "pnr_type": "rnap_deadlock", "t_pnr": 3064.4999999997353, "dt_walking_dead": 174.59999999992942, "N_RNAP": 20, "N_Ribo": 7, "N_ATP": 11100, "seed": 64}