{"t_death": 3484.3499999995656, "death_mode": "ribo_collapse", "pnr_type": "ribo_depletion", "t_pnr": 1226.250000000063, "dt_walking_dead": 2258.099999999503, "N_RNAP": 20, "N_Ribo": 11, "N_ATP": 1898, "seed": 59}