{"t_death": 4413.59999999919, "death_mode": "atp_depletion", "pnr_type": "ribo_depletion", "t_pnr": 2656.3499999999003, "dt_walking_dead": 1757.2499999992897, "N_RNAP": 20, "N_Ribo": 3, "N_ATP": 180, "seed": 38}