{"t_death": 5252.399999998851, "death_mode": "ribo_collapse", "pnr_type": "ribo_depletion", "t_pnr": 1244.7000000000648, "dt_walking_dead": 4007.699999998786, "N_RNAP": 20, "N_Ribo": 2, "N_ATP": 3419, "seed": 32}