{"t_death": 4116.59999999931, "death_mode": "ribo_collapse", "pnr_type": "ribo_depletion", "t_pnr": 2615.8499999999167, "dt_walking_dead": 1500.7499999993934, "N_RNAP": 20, "N_Ribo": 11, "N_ATP": 6161, "seed": 12}