{"t_death": 5550.2999999987305, "death_mode": "ribo_collapse", "pnr_type": "ribo_depletion", "t_pnr": 2746.349999999864, "dt_walking_dead": 2803.9499999988666, "N_RNAP": 20, "N_Ribo": 7, "N_ATP": 6161, "seed": 21}