{"t_death": 3392.099999999603, "death_mode": "ribo_collapse", "pnr_type": "ribo_depletion", "t_pnr": 2083.050000000132, "dt_walking_dead": 1309.0499999994709, "N_RNAP": 20, "N_Ribo": 17, "N_ATP": 11100, "seed": 48}