{"t_death": 4148.549999999297, "death_mode": "cycle_collapse", "pnr_type": "rnap_deadlock", "t_pnr": 4062.149999999332, "dt_walking_dead": 86.39999999996508, "N_RNAP": 20, "N_Ribo": 41, "N_ATP": 1053, "seed": 82}