{"t_death": 3108.5999999997175, "death_mode": "atp_depletion", "pnr_type": "ribo_depletion", "t_pnr": 2826.8999999998314, "dt_walking_dead": 281.69999999988613, "N_RNAP": 20, "N_Ribo": 4, "N_ATP": 100, "seed": 44}