{"t_death": 3360.5999999996156, "death_mode": "ribo_collapse", "pnr_type": "ribo_depletion", "t_pnr": 660.6000000000059, "dt_walking_dead": 2699.99999999961, "N_RNAP": 20, "N_Ribo": 2, "N_ATP": 3419, "seed": 66}