{"t_death": 5860.349999998605, "death_mode": "cycle_collapse", "pnr_type": "rnap_deadlock", "t_pnr": 5856.749999998607, "dt_walking_dead": 3.599999999998545, "N_RNAP": 20, "N_Ribo": 64, "N_ATP": 11100, "seed": 53}