{"t_death": 2728.349999999871, "death_mode": "ribo_collapse", "pnr_type": "ribo_depletion", "t_pnr": 709.2000000000108, "dt_walking_dead": 2019.1499999998605, "N_RNAP": 20, "N_Ribo": 3, "N_ATP": 11100, "seed": 92}