{"t_death": 2176.650000000094, "death_mode": "atp_depletion", "pnr_type": "ribo_depletion", "t_pnr": 1726.6500000001136, "dt_walking_dead": 449.9999999999807, "N_RNAP": 20, "N_Ribo": 7, "N_ATP": 180, "seed": 89}