{"t_death": 3419.9999999995916, "death_mode": "cycle_collapse", "pnr_type": "rnap_deadlock", "t_pnr": 3406.949999999597, "dt_walking_dead": 13.049999999994725, "N_RNAP": 20, "N_Ribo": 100, "N_ATP": 1898, "seed": 95}