{"t_death": 5581.799999998718, "death_mode": "ribo_collapse", "pnr_type": "ribo_depletion", "t_pnr": 4560.299999999131, "dt_walking_dead": 1021.4999999995871, "N_RNAP": 20, "N_Ribo": 100, "N_ATP": 1053, "seed": 35}