{"t_death": 3899.249999999398, "death_mode": "atp_depletion", "pnr_type": "ribo_depletion", "t_pnr": 2481.299999999971, "dt_walking_dead": 1417.9499999994268, "N_RNAP": 20, "N_Ribo": 11, "N_ATP": 180, "seed": 66}