{"t_death": 4239.89999999926, "death_mode": "atp_depletion", "pnr_type": "ribo_depletion", "t_pnr": 2416.0499999999975, "dt_walking_dead": 1823.8499999992628, "N_RNAP": 20, "N_Ribo": 7, "N_ATP": 180, "seed": 69}