{"t_death": 3730.949999999466, "death_mode": "ribo_collapse", "pnr_type": "ribo_depletion", "t_pnr": 3111.2999999997164, "dt_walking_dead": 619.6499999997495, "N_RNAP": 20, "N_Ribo": 7, "N_ATP": 20000, "seed": 6}