{"t_death": 2666.699999999896, "death_mode": "ribo_collapse", "pnr_type": "ribo_depletion", "t_pnr": 1511.5500000000918, "dt_walking_dead": 1155.1499999998043, "N_RNAP": 20, "N_Ribo": 2, "N_ATP": 1053, "seed": 92}