{"t_death": 5091.299999998916, "death_mode": "ribo_collapse", "pnr_type": "ribo_depletion", "t_pnr": 1925.5500000001337, "dt_walking_dead": 3165.749999998782, "N_RNAP": 20, "N_Ribo": 2, "N_ATP": 1898, "seed": 61}