{"t_death": 3776.3999999994476, "death_mode": "cycle_collapse", "pnr_type": "rnap_deadlock", "t_pnr": 3776.3999999994476, "dt_walking_dead": 0.0, "N_RNAP": 20, "N_Ribo": 64, "N_ATP": 1898, "seed": 42}