{"t_death": 3749.8499999994583, "death_mode": "ribo_collapse", "pnr_type": "ribo_depletion", "t_pnr": 1514.250000000092, "dt_walking_dead": 2235.5999999993664, "N_RNAP": 20, "N_Ribo": 41, "N_ATP": 584, "seed": 40}