{"t_death": 3268.7999999996528, "death_mode": "ribo_collapse", "pnr_type": "ribo_depletion", "t_pnr": 2491.649999999967, "dt_walking_dead": 777.1499999996859, "N_RNAP": 20, "N_Ribo": 3, "N_ATP": 324, "seed": 37}