{"t_death": 4748.8499999990545, "death_mode": "ribo_collapse", "pnr_type": "ribo_depletion", "t_pnr": 3864.149999999412, "dt_walking_dead": 884.6999999996424, "N_RNAP": 20, "N_Ribo": 4, "N_ATP": 1898, "seed": 51}