{"t_death": 2651.3999999999023, "death_mode": "ribo_collapse", "pnr_type": "ribo_depletion", "t_pnr": 904.0500000000305, "dt_walking_dead": 1747.3499999998717, "N_RNAP": 20, "N_Ribo": 2, "N_ATP": 180, "seed": 5}