{"t_death": 5522.849999998742, "death_mode": "ribo_collapse", "pnr_type": "ribo_depletion", "t_pnr": 2091.6000000001286, "dt_walking_dead": 3431.249999998613, "N_RNAP": 20, "N_Ribo": 3, "N_ATP": 584, "seed": 72}