{"t_death": 2324.2500000000346, "death_mode": "cycle_collapse", "pnr_type": "rnap_deadlock", "t_pnr": 2324.2500000000346, "dt_walking_dead": 0.0, "N_RNAP": 20, "N_Ribo": 17, "N_ATP": 1898, "seed": 53}