{"t_death": 4778.5499999990425, "death_mode": "ribo_collapse", "pnr_type": "ribo_depletion", "t_pnr": 422.09999999999314, "dt_walking_dead": 4356.449999999049, "N_RNAP": 20, "N_Ribo": 2, "N_ATP": 3419, "seed": 73}