{"t_death": 6849.899999998205, "death_mode": "ribo_collapse", "pnr_type": "ribo_depletion", "t_pnr": 993.1500000000395, "dt_walking_dead": 5856.749999998166, "N_RNAP": 20, "N_Ribo": 3, "N_ATP": 1898, "seed": 20}