{"t_death": 4585.94999999912, "death_mode": "ribo_collapse", "pnr_type": "ribo_depletion", "t_pnr": 3567.149999999532, "dt_walking_dead": 1018.7999999995882, "N_RNAP": 20, "N_Ribo": 64, "N_ATP": 20000, "seed": 76}