{"t_death": 4108.499999999313, "death_mode": "atp_depletion", "pnr_type": "ribo_depletion", "t_pnr": 2427.299999999993, "dt_walking_dead": 1681.1999999993204, "N_RNAP": 20, "N_Ribo": 11, "N_ATP": 180, "seed": 79}