{"t_death": 3687.7499999994834, "death_mode": "ribo_collapse", "pnr_type": "ribo_depletion", "t_pnr": 1723.5000000001132, "dt_walking_dead": 1964.2499999993702, "N_RNAP": 20, "N_Ribo": 2, "N_ATP": 324, "seed": 23}