{"t_death": 5251.499999998851, "death_mode": "cycle_collapse", "pnr_type": "rnap_deadlock", "t_pnr": 4837.049999999019, "dt_walking_dead": 414.44999999983247, "N_RNAP": 20, "N_Ribo": 17, "N_ATP": 1053, "seed": 86}