{"t_death": 2908.7999999997983, "death_mode": "ribo_collapse", "pnr_type": "ribo_depletion", "t_pnr": 1619.5500000001027, "dt_walking_dead": 1289.2499999996955, "N_RNAP": 20, "N_Ribo": 3, "N_ATP": 584, "seed": 62}