{"t_death": 4490.999999999159, "death_mode": "ribo_collapse", "pnr_type": "ribo_depletion", "t_pnr": 2356.6500000000215, "dt_walking_dead": 2134.3499999991373, "N_RNAP": 20, "N_Ribo": 41, "N_ATP": 1053, "seed": 7}