{"t_death": 5777.099999998639, "death_mode": "ribo_collapse", "pnr_type": "ribo_depletion", "t_pnr": 5138.549999998897, "dt_walking_dead": 638.5499999997419, "N_RNAP": 20, "N_Ribo": 27, "N_ATP": 584, "seed": 92}