{"t_death": 5441.849999998774, "death_mode": "cycle_collapse", "pnr_type": "rnap_deadlock", "t_pnr": 5338.349999998816, "dt_walking_dead": 103.49999999995816, "N_RNAP": 20, "N_Ribo": 100, "N_ATP": 3419, "seed": 61}