{"t_death": 4910.399999998989, "death_mode": "ribo_collapse", "pnr_type": "ribo_depletion", "t_pnr": 2826.8999999998314, "dt_walking_dead": 2083.499999999158, "N_RNAP": 20, "N_Ribo": 4, "N_ATP": 324, "seed": 44}