{"t_death": 4326.299999999225, "death_mode": "ribo_collapse", "pnr_type": "ribo_depletion", "t_pnr": 3984.2999999993635, "dt_walking_dead": 341.99999999986176, "N_RNAP": 20, "N_Ribo": 11, "N_ATP": 20000, "seed": 68}