{"t_death": 3023.549999999752, "death_mode": "atp_depletion", "pnr_type": "ribo_depletion", "t_pnr": 2775.599999999852, "dt_walking_dead": 247.94999999989977, "N_RNAP": 20, "N_Ribo": 27, "N_ATP": 180, "seed": 0}