{"t_death": 6736.949999998251, "death_mode": "ribo_collapse", "pnr_type": "ribo_depletion", "t_pnr": 1030.5000000000432, "dt_walking_dead": 5706.449999998207, "N_RNAP": 20, "N_Ribo": 3, "N_ATP": 1053, "seed": 67}