{"t_death": 5056.64999999893, "death_mode": "atp_depletion", "pnr_type": "ribo_depletion", "t_pnr": 2759.3999999998587, "dt_walking_dead": 2297.2499999990714, "N_RNAP": 20, "N_Ribo": 17, "N_ATP": 324, "seed": 13}