{"t_death": 4170.599999999288, "death_mode": "ribo_collapse", "pnr_type": "ribo_depletion", "t_pnr": 4070.6999999993286, "dt_walking_dead": 99.89999999995962, "N_RNAP": 20, "N_Ribo": 41, "N_ATP": 324, "seed": 33}