{"t_death": 6455.249999998365, "death_mode": "ribo_collapse", "pnr_type": "ribo_depletion", "t_pnr": 2474.9999999999736, "dt_walking_dead": 3980.249999998391, "N_RNAP": 20, "N_Ribo": 7, "N_ATP": 20000, "seed": 97}