{"t_death": 2532.1499999999505, "death_mode": "atp_depletion", "pnr_type": "ribo_depletion", "t_pnr": 2065.0500000001393, "dt_walking_dead": 467.0999999998112, "N_RNAP": 20, "N_Ribo": 3, "N_ATP": 180, "seed": 41}