{"t_death": 3901.499999999397, "death_mode": "ribo_collapse", "pnr_type": "ribo_depletion", "t_pnr": 1583.100000000099, "dt_walking_dead": 2318.399999999298, "N_RNAP": 20, "N_Ribo": 3, "N_ATP": 180, "seed": 58}