{"t_death": 2506.9499999999607, "death_mode": "ribo_collapse", "pnr_type": "ribo_depletion", "t_pnr": 1271.7000000000676, "dt_walking_dead": 1235.2499999998931, "N_RNAP": 20, "N_Ribo": 3, "N_ATP": 324, "seed": 90}