{"t_death": 4454.549999999173, "death_mode": "ribo_collapse", "pnr_type": "ribo_depletion", "t_pnr": 3062.699999999736, "dt_walking_dead": 1391.8499999994374, "N_RNAP": 20, "N_Ribo": 17, "N_ATP": 3419, "seed": 88}