{"t_death": 4389.2999999992, "death_mode": "ribo_collapse", "pnr_type": "ribo_depletion", "t_pnr": 1590.3000000000998, "dt_walking_dead": 2798.9999999991, "N_RNAP": 20, "N_Ribo": 3, "N_ATP": 3419, "seed": 59}