{"t_death": 6169.94999999848, "death_mode": "ribo_collapse", "pnr_type": "ribo_depletion", "t_pnr": 4201.649999999276, "dt_walking_dead": 1968.2999999992044, "N_RNAP": 20, "N_Ribo": 11, "N_ATP": 1898, "seed": 3}