{"t_death": 5030.099999998941, "death_mode": "ribo_collapse", "pnr_type": "ribo_depletion", "t_pnr": 1227.6000000000631, "dt_walking_dead": 3802.4999999988777, "N_RNAP": 20, "N_Ribo": 7, "N_ATP": 324, "seed": 60}