{"t_death": 1514.7000000000921, "death_mode": "atp_depletion", "pnr_type": "ribo_depletion", "t_pnr": 789.3000000000189, "dt_walking_dead": 725.4000000000732, "N_RNAP": 20, "N_Ribo": 2, "N_ATP": 180, "seed": 17}