{"t_death": 3185.5499999996864, "death_mode": "cycle_collapse", "pnr_type": "rnap_deadlock", "t_pnr": 3069.4499999997333, "dt_walking_dead": 116.09999999995307, "N_RNAP": 20, "N_Ribo": 41, "N_ATP": 3419, "seed": 51}