{"t_death": 3716.5499999994718, "death_mode": "ribo_collapse", "pnr_type": "ribo_depletion", "t_pnr": 537.2999999999935, "dt_walking_dead": 3179.2499999994784, "N_RNAP": 20, "N_Ribo": 2, "N_ATP": 6161, "seed": 42}