{"t_death": 3905.0999999993955, "death_mode": "ribo_collapse", "pnr_type": "ribo_depletion", "t_pnr": 3164.399999999695, "dt_walking_dead": 740.6999999997006, "N_RNAP": 20, "N_Ribo": 41, "N_ATP": 1053, "seed": 79}