{"t_death": 2702.2499999998818, "death_mode": "atp_depletion", "pnr_type": "ribo_depletion", "t_pnr": 2474.9999999999736, "dt_walking_dead": 227.24999999990814, "N_RNAP": 20, "N_Ribo": 7, "N_ATP": 180, "seed": 97}