{"t_death": 4241.24999999926, "death_mode": "ribo_collapse", "pnr_type": "ribo_depletion", "t_pnr": 1156.500000000056, "dt_walking_dead": 3084.7499999992037, "N_RNAP": 20, "N_Ribo": 7, "N_ATP": 584, "seed": 53}