{"t_death": 4268.249999999249, "death_mode": "ribo_collapse", "pnr_type": "ribo_depletion", "t_pnr": 2427.299999999993, "dt_walking_dead": 1840.9499999992559, "N_RNAP": 20, "N_Ribo": 11, "N_ATP": 324, "seed": 79}