{"t_death": 4247.099999999257, "death_mode": "ribo_collapse", "pnr_type": "ribo_depletion", "t_pnr": 734.4000000000134, "dt_walking_dead": 3512.699999999244, "N_RNAP": 20, "N_Ribo": 4, "N_ATP": 11100, "seed": 36}