{"t_death": 3484.7999999995654, "death_mode": "cycle_collapse", "pnr_type": "rnap_deadlock", "t_pnr": 3484.7999999995654, "dt_walking_dead": 0.0, "N_RNAP": 20, "N_Ribo": 41, "N_ATP": 1053, "seed": 27}