{"t_death": 3557.249999999536, "death_mode": "ribo_collapse", "pnr_type": "ribo_depletion", "t_pnr": 2259.9000000000606, "dt_walking_dead": 1297.3499999994756, "N_RNAP": 20, "N_Ribo": 11, "N_ATP": 1898, "seed": 37}