{"t_death": 2381.4000000000115, "death_mode": "atp_depletion", "pnr_type": "ribo_depletion", "t_pnr": 1882.3500000001293, "dt_walking_dead": 499.0499999998822, "N_RNAP": 20, "N_Ribo": 17, "N_ATP": 180, "seed": 7}