{"t_death": 1540.3500000000947, "death_mode": "atp_depletion", "pnr_type": "ribo_depletion", "t_pnr": 804.1500000000204, "dt_walking_dead": 736.2000000000743, "N_RNAP": 20, "N_Ribo": 3, "N_ATP": 100, "seed": 48}