{"t_death": 5737.049999998655, "death_mode": "ribo_collapse", "pnr_type": "ribo_depletion", "t_pnr": 4996.349999998954, "dt_walking_dead": 740.6999999997006, "N_RNAP": 20, "N_Ribo": 100, "N_ATP": 3419, "seed": 98}