{"t_death": 2846.6999999998234, "death_mode": "atp_depletion", "pnr_type": "ribo_depletion", "t_pnr": 1723.5000000001132, "dt_walking_dead": 1123.1999999997101, "N_RNAP": 20, "N_Ribo": 2, "N_ATP": 180, "seed": 23}