{"t_death": 3523.9499999995496, "death_mode": "atp_depletion", "pnr_type": "ribo_depletion", "t_pnr": 2016.9000000001429, "dt_walking_dead": 1507.0499999994067, "N_RNAP": 20, "N_Ribo": 17, "N_ATP": 180, "seed": 43}