{"t_death": 2093.8500000001277, "death_mode": "cycle_collapse", "pnr_type": "rnap_deadlock", "t_pnr": 2066.400000000139, "dt_walking_dead": 27.449999999988904, "N_RNAP": 20, "N_Ribo": 2, "N_ATP": 1053, "seed": 15}