{"t_death": 2957.8499999997784, "death_mode": "cycle_collapse", "pnr_type": "rnap_deadlock", "t_pnr": 2957.8499999997784, "dt_walking_dead": 0.0, "N_RNAP": 20, "N_Ribo": 41, "N_ATP": 3419, "seed": 48}