{"t_death": 3860.0999999994137, "death_mode": "cycle_collapse", "pnr_type": "rnap_deadlock", "t_pnr": 3860.0999999994137, "dt_walking_dead": 0.0, "N_RNAP": 20, "N_Ribo": 41, "N_ATP": 1053, "seed": 43}