{"t_death": 3241.349999999664, "death_mode": "atp_depletion", "pnr_type": "ribo_depletion", "t_pnr": 2083.050000000132, "dt_walking_dead": 1158.2999999995318, "N_RNAP": 20, "N_Ribo": 17, "N_ATP": 180, "seed": 48}