{"t_death": 6560.099999998322, "death_mode": "ribo_collapse", "pnr_type": "ribo_depletion", "t_pnr": 3583.3499999995256, "dt_walking_dead": 2976.7499999987967, "N_RNAP": 20, "N_Ribo": 11, "N_ATP": 20000, "seed": 17}