{"t_death": 2497.9499999999643, "death_mode": "ribo_collapse", "pnr_type": "ribo_depletion", "t_pnr": 1651.500000000106, "dt_walking_dead": 846.4499999998584, "N_RNAP": 20, "N_Ribo": 3, "N_ATP": 1898, "seed": 91}