{"t_death": 1524.6000000000931, "death_mode": "atp_depletion", "pnr_type": "ribo_depletion", "t_pnr": 975.6000000000378, "dt_walking_dead": 549.0000000000554, "N_RNAP": 20, "N_Ribo": 3, "N_ATP": 100, "seed": 35}