{"t_death": 3565.7999999995327, "death_mode": "ribo_collapse", "pnr_type": "ribo_depletion", "t_pnr": 2757.1499999998596, "dt_walking_dead": 808.6499999996731, "N_RNAP": 20, "N_Ribo": 11, "N_ATP": 6161, "seed": 28}