{"t_death": 5383.799999998798, "death_mode": "ribo_collapse", "pnr_type": "ribo_depletion", "t_pnr": 3626.999999999508, "dt_walking_dead": 1756.7999999992899, "N_RNAP": 20, "N_Ribo": 4, "N_ATP": 324, "seed": 24}