{"t_death": 4693.499999999077, "death_mode": "ribo_collapse", "pnr_type": "ribo_depletion", "t_pnr": 1106.1000000000508, "dt_walking_dead": 3587.399999999026, "N_RNAP": 20, "N_Ribo": 3, "N_ATP": 6161, "seed": 1}