{"t_death": 4205.699999999274, "death_mode": "ribo_collapse", "pnr_type": "ribo_depletion", "t_pnr": 2405.250000000002, "dt_walking_dead": 1800.4499999992722, "N_RNAP": 20, "N_Ribo": 7, "N_ATP": 6161, "seed": 12}