{"t_death": 3772.349999999449, "death_mode": "cycle_collapse", "pnr_type": "rnap_deadlock", "t_pnr": 3691.349999999482, "dt_walking_dead": 80.99999999996726, "N_RNAP": 20, "N_Ribo": 4, "N_ATP": 1053, "seed": 89}