{"t_death": 3398.8499999996, "death_mode": "ribo_collapse", "pnr_type": "ribo_depletion", "t_pnr": 1631.700000000104, "dt_walking_dead": 1767.1499999994962, "N_RNAP": 20, "N_Ribo": 3, "N_ATP": 324, "seed": 46}