{"t_death": 4393.799999999198, "death_mode": "ribo_collapse", "pnr_type": "ribo_depletion", "t_pnr": 2989.3499999997657, "dt_walking_dead": 1404.4499999994323, "N_RNAP": 20, "N_Ribo": 11, "N_ATP": 1898, "seed": 46}