{"t_death": 7245.899999998045, "death_mode": "ribo_collapse", "pnr_type": "ribo_depletion", "t_pnr": 5755.949999998647, "dt_walking_dead": 1489.9499999993977, "N_RNAP": 20, "N_Ribo": 11, "N_ATP": 3419, "seed": 35}