{"t_death": 2695.0499999998847, "death_mode": "atp_depletion", "pnr_type": "ribo_depletion", "t_pnr": 1756.3500000001166, "dt_walking_dead": 938.6999999997681, "N_RNAP": 20, "N_Ribo": 7, "N_ATP": 180, "seed": 50}