{"t_death": 3295.349999999642, "death_mode": "ribo_collapse", "pnr_type": "ribo_depletion", "t_pnr": 137.70000000000033, "dt_walking_dead": 3157.6499999996418, "N_RNAP": 20, "N_Ribo": 2, "N_ATP": 3419, "seed": 43}