{"t_death": 3476.6999999995687, "death_mode": "cycle_collapse", "pnr_type": "rnap_deadlock", "t_pnr": 3229.6499999996686, "dt_walking_dead": 247.04999999990014, "N_RNAP": 20, "N_Ribo": 64, "N_ATP": 20000, "seed": 26}