{"t_death": 3607.649999999516, "death_mode": "ribo_collapse", "pnr_type": "ribo_depletion", "t_pnr": 655.6500000000054, "dt_walking_dead": 2951.9999999995102, "N_RNAP": 20, "N_Ribo": 2, "N_ATP": 6161, "seed": 24}