{"t_death": 4684.4999999990805, "death_mode": "ribo_collapse", "pnr_type": "ribo_depletion", "t_pnr": 2739.5999999998667, "dt_walking_dead": 1944.8999999992138, "N_RNAP": 20, "N_Ribo": 17, "N_ATP": 1053, "seed": 69}