{"t_death": 2815.649999999836, "death_mode": "atp_depletion", "pnr_type": "ribo_depletion", "t_pnr": 2441.2499999999873, "dt_walking_dead": 374.39999999984866, "N_RNAP": 20, "N_Ribo": 4, "N_ATP": 180, "seed": 34}