{"t_death": 4120.199999999309, "death_mode": "ribo_collapse", "pnr_type": "ribo_depletion", "t_pnr": 2220.3000000000766, "dt_walking_dead": 1899.899999999232, "N_RNAP": 20, "N_Ribo": 2, "N_ATP": 3419, "seed": 36}