{"t_death": 5146.199999998894, "death_mode": "ribo_collapse", "pnr_type": "ribo_depletion", "t_pnr": 290.2499999999965, "dt_walking_dead": 4855.9499999988975, "N_RNAP": 20, "N_Ribo": 2, "N_ATP": 584, "seed": 75}