{"t_death": 4418.999999999188, "death_mode": "cycle_collapse", "pnr_type": "rnap_deadlock", "t_pnr": 4173.299999999287, "dt_walking_dead": 245.69999999990068, "N_RNAP": 20, "N_Ribo": 2, "N_ATP": 20000, "seed": 89}