{"t_death": 3364.199999999614, "death_mode": "cycle_collapse", "pnr_type": "rnap_deadlock", "t_pnr": 3360.149999999616, "dt_walking_dead": 4.049999999998363, "N_RNAP": 20, "N_Ribo": 41, "N_ATP": 584, "seed": 35}