{"t_death": 2936.699999999787, "death_mode": "ribo_collapse", "pnr_type": "ribo_depletion", "t_pnr": 2633.8499999999094, "dt_walking_dead": 302.8499999998776, "N_RNAP": 20, "N_Ribo": 11, "N_ATP": 324, "seed": 32}