{"t_death": 3316.9499999996333, "death_mode": "cycle_collapse", "pnr_type": "rnap_deadlock", "t_pnr": 3282.2999999996473, "dt_walking_dead": 34.649999999985994, "N_RNAP": 20, "N_Ribo": 64, "N_ATP": 20000, "seed": 27}