{"t_death": 3758.8499999994547, "death_mode": "ribo_collapse", "pnr_type": "ribo_depletion", "t_pnr": 3418.1999999995924, "dt_walking_dead": 340.6499999998623, "N_RNAP": 20, "N_Ribo": 4, "N_ATP": 1898, "seed": 67}