{"t_death": 8225.999999997717, "death_mode": "ribo_collapse", "pnr_type": "ribo_depletion", "t_pnr": 4400.999999999195, "dt_walking_dead": 3824.999999998522, "N_RNAP": 20, "N_Ribo": 41, "N_ATP": 6161, "seed": 20}