{"t_death": 2870.099999999814, "death_mode": "ribo_collapse", "pnr_type": "ribo_depletion", "t_pnr": 900.9000000000302, "dt_walking_dead": 1969.1999999997838, "N_RNAP": 20, "N_Ribo": 4, "N_ATP": 324, "seed": 49}