{"t_death": 2994.7499999997635, "death_mode": "atp_depletion", "pnr_type": "ribo_depletion", "t_pnr": 2098.8000000001257, "dt_walking_dead": 895.9499999996378, "N_RNAP": 20, "N_Ribo": 7, "N_ATP": 180, "seed": 7}