{"t_death": 3929.3999999993857, "death_mode": "cycle_collapse", "pnr_type": "rnap_deadlock", "t_pnr": 3929.3999999993857, "dt_walking_dead": 0.0, "N_RNAP": 20, "N_Ribo": 17, "N_ATP": 11100, "seed": 93}