{"t_death": 4810.04999999903, "death_mode": "ribo_collapse", "pnr_type": "ribo_depletion", "t_pnr": 4142.2499999993, "dt_walking_dead": 667.7999999997301, "N_RNAP": 20, "N_Ribo": 3, "N_ATP": 324, "seed": 94}