{"t_death": 5824.34999999862, "death_mode": "ribo_collapse", "pnr_type": "ribo_depletion", "t_pnr": 5068.349999998925, "dt_walking_dead": 755.9999999996944, "N_RNAP": 20, "N_Ribo": 64, "N_ATP": 3419, "seed": 65}