{"t_death": 3059.0999999997375, "death_mode": "cycle_collapse", "pnr_type": "rnap_deadlock", "t_pnr": 3059.0999999997375, "dt_walking_dead": 0.0, "N_RNAP": 20, "N_Ribo": 100, "N_ATP": 3419, "seed": 70}