{"t_death": 4619.699999999107, "death_mode": "ribo_collapse", "pnr_type": "ribo_depletion", "t_pnr": 4320.8999999992275, "dt_walking_dead": 298.7999999998792, "N_RNAP": 20, "N_Ribo": 100, "N_ATP": 6161, "seed": 4}