{"t_death": 3646.7999999995, "death_mode": "ribo_collapse", "pnr_type": "ribo_depletion", "t_pnr": 3535.199999999545, "dt_walking_dead": 111.59999999995489, "N_RNAP": 20, "N_Ribo": 11, "N_ATP": 324, "seed": 83}