{"t_death": 3995.099999999359, "death_mode": "ribo_collapse", "pnr_type": "ribo_depletion", "t_pnr": 1083.6000000000486, "dt_walking_dead": 2911.4999999993106, "N_RNAP": 20, "N_Ribo": 4, "N_ATP": 20000, "seed": 4}