{"t_death": 3275.99999999965, "death_mode": "atp_depletion", "pnr_type": "ribo_depletion", "t_pnr": 1106.1000000000508, "dt_walking_dead": 2169.899999999599, "N_RNAP": 20, "N_Ribo": 3, "N_ATP": 180, "seed": 1}