{"t_death": 3027.5999999997503, "death_mode": "cycle_collapse", "pnr_type": "rnap_deadlock", "t_pnr": 2983.499999999768, "dt_walking_dead": 44.099999999982174, "N_RNAP": 20, "N_Ribo": 27, "N_ATP": 20000, "seed": 57}