{"t_death": 5346.899999998813, "death_mode": "ribo_collapse", "pnr_type": "ribo_depletion", "t_pnr": 4898.249999998994, "dt_walking_dead": 448.64999999981865, "N_RNAP": 20, "N_Ribo": 100, "N_ATP": 11100, "seed": 12}