{"t_death": 3982.4999999993643, "death_mode": "ribo_collapse", "pnr_type": "ribo_depletion", "t_pnr": 3465.899999999573, "dt_walking_dead": 516.5999999997912, "N_RNAP": 20, "N_Ribo": 41, "N_ATP": 6161, "seed": 98}