{"t_death": 4805.099999999032, "death_mode": "ribo_collapse", "pnr_type": "ribo_depletion", "t_pnr": 2563.649999999938, "dt_walking_dead": 2241.449999999094, "N_RNAP": 20, "N_Ribo": 4, "N_ATP": 1898, "seed": 0}