{"t_death": 3607.649999999516, "death_mode": "ribo_collapse", "pnr_type": "ribo_depletion", "t_pnr": 1415.250000000082, "dt_walking_dead": 2192.399999999434, "N_RNAP": 20, "N_Ribo": 3, "N_ATP": 1053, "seed": 97}