{"t_death": 1433.250000000084, "death_mode": "atp_depletion", "pnr_type": "ribo_depletion", "t_pnr": 333.4499999999954, "dt_walking_dead": 1099.8000000000884, "N_RNAP": 20, "N_Ribo": 2, "N_ATP": 180, "seed": 87}