{"t_death": 5416.649999998785, "death_mode": "ribo_collapse", "pnr_type": "ribo_depletion", "t_pnr": 2772.4499999998534, "dt_walking_dead": 2644.199999998931, "N_RNAP": 20, "N_Ribo": 7, "N_ATP": 1053, "seed": 46}