{"t_death": 3697.1999999994796, "death_mode": "ribo_collapse", "pnr_type": "ribo_depletion", "t_pnr": 1399.5000000000805, "dt_walking_dead": 2297.699999999399, "N_RNAP": 20, "N_Ribo": 3, "N_ATP": 1898, "seed": 82}