{"t_death": 5031.89999999894, "death_mode": "ribo_collapse", "pnr_type": "ribo_depletion", "t_pnr": 4094.099999999319, "dt_walking_dead": 937.7999999996209, "N_RNAP": 20, "N_Ribo": 27, "N_ATP": 6161, "seed": 31}