{"t_death": 1116.450000000052, "death_mode": "atp_depletion", "pnr_type": "ribo_depletion", "t_pnr": 1038.150000000044, "dt_walking_dead": 78.30000000000791, "N_RNAP": 20, "N_Ribo": 3, "N_ATP": 100, "seed": 95}