{"t_death": 2538.899999999948, "death_mode": "ribo_collapse", "pnr_type": "ribo_depletion", "t_pnr": 1550.2500000000957, "dt_walking_dead": 988.6499999998521, "N_RNAP": 20, "N_Ribo": 2, "N_ATP": 1053, "seed": 33}