{"t_death": 6053.399999998527, "death_mode": "ribo_collapse", "pnr_type": "ribo_depletion", "t_pnr": 3976.6499999993666, "dt_walking_dead": 2076.7499999991605, "N_RNAP": 20, "N_Ribo": 17, "N_ATP": 324, "seed": 92}