{"t_death": 1962.4500000001374, "death_mode": "atp_depletion", "pnr_type": "ribo_depletion", "t_pnr": 1823.4000000001233, "dt_walking_dead": 139.05000000001405, "N_RNAP": 20, "N_Ribo": 3, "N_ATP": 100, "seed": 17}