{"t_death": 2610.8999999999187, "death_mode": "ribo_collapse", "pnr_type": "ribo_depletion", "t_pnr": 313.6499999999959, "dt_walking_dead": 2297.2499999999227, "N_RNAP": 20, "N_Ribo": 2, "N_ATP": 1898, "seed": 95}