{"t_death": 2223.0000000000755, "death_mode": "ribo_collapse", "pnr_type": "ribo_depletion", "t_pnr": 700.2000000000099, "dt_walking_dead": 1522.8000000000657, "N_RNAP": 20, "N_Ribo": 2, "N_ATP": 1053, "seed": 39}