{"t_death": 4473.449999999166, "death_mode": "ribo_collapse", "pnr_type": "ribo_depletion", "t_pnr": 960.7500000000363, "dt_walking_dead": 3512.6999999991294, "N_RNAP": 20, "N_Ribo": 2, "N_ATP": 324, "seed": 29}