{"t_death": 875.7000000000277, "death_mode": "atp_depletion", "pnr_type": "ribo_depletion", "t_pnr": 137.70000000000033, "dt_walking_dead": 738.0000000000273, "N_RNAP": 20, "N_Ribo": 2, "N_ATP": 100, "seed": 43}