{"t_death": 2667.149999999896, "death_mode": "atp_depletion", "pnr_type": "ribo_depletion", "t_pnr": 1017.000000000042, "dt_walking_dead": 1650.1499999998541, "N_RNAP": 20, "N_Ribo": 4, "N_ATP": 180, "seed": 90}