{"t_death": 2774.2499999998527, "death_mode": "cycle_collapse", "pnr_type": "rnap_deadlock", "t_pnr": 2774.2499999998527, "dt_walking_dead": 0.0, "N_RNAP": 20, "N_Ribo": 17, "N_ATP": 6161, "seed": 82}