{"t_death": 808.6500000000209, "death_mode": "atp_depletion", "pnr_type": "ribo_depletion", "t_pnr": 147.1500000000001, "dt_walking_dead": 661.5000000000208, "N_RNAP": 20, "N_Ribo": 2, "N_ATP": 100, "seed": 52}