{"t_death": 1962.0000000001373, "death_mode": "atp_depletion", "pnr_type": "ribo_depletion", "t_pnr": 922.5000000000324, "dt_walking_dead": 1039.500000000105, "N_RNAP": 20, "N_Ribo": 3, "N_ATP": 100, "seed": 16}