{"t_death": 6426.449999998376, "death_mode": "ribo_collapse", "pnr_type": "ribo_depletion", "t_pnr": 3721.04999999947, "dt_walking_dead": 2705.3999999989064, "N_RNAP": 20, "N_Ribo": 17, "N_ATP": 1898, "seed": 45}