{"t_death": 4236.7499999992615, "death_mode": "ribo_collapse", "pnr_type": "ribo_depletion", "t_pnr": 720.900000000012, "dt_walking_dead": 3515.8499999992496, "N_RNAP": 20, "N_Ribo": 3, "N_ATP": 3419, "seed": 39}