{"t_death": 6297.749999998428, "death_mode": "ribo_collapse", "pnr_type": "ribo_depletion", "t_pnr": 2376.9000000000133, "dt_walking_dead": 3920.849999998415, "N_RNAP": 20, "N_Ribo": 3, "N_ATP": 6161, "seed": 89}