{"t_death": 3638.2499999995034, "death_mode": "atp_depletion", "pnr_type": "ribo_depletion", "t_pnr": 1759.0500000001168, "dt_walking_dead": 1879.1999999993866, "N_RNAP": 20, "N_Ribo": 4, "N_ATP": 180, "seed": 64}