{"t_death": 700.2000000000099, "death_mode": "atp_depletion", "pnr_type": "ribo_depletion", "t_pnr": 487.3499999999915, "dt_walking_dead": 212.85000000001844, "N_RNAP": 20, "N_Ribo": 4, "N_ATP": 100, "seed": 69}