{"t_death": 9734.850000000157, "death_mode": "ribo_collapse", "pnr_type": "ribo_depletion", "t_pnr": 4627.349999999104, "dt_walking_dead": 5107.500000001053, "N_RNAP": 20, "N_Ribo": 100, "N_ATP": 6161, "seed": 13}