{"t_death": 2531.249999999951, "death_mode": "ribo_collapse", "pnr_type": "ribo_depletion", "t_pnr": 611.1000000000009, "dt_walking_dead": 1920.14999999995, "N_RNAP": 20, "N_Ribo": 3, "N_ATP": 11100, "seed": 43}