{"t_death": 3278.249999999649, "death_mode": "ribo_collapse", "pnr_type": "ribo_depletion", "t_pnr": 1288.3500000000693, "dt_walking_dead": 1989.8999999995797, "N_RNAP": 20, "N_Ribo": 3, "N_ATP": 180, "seed": 99}