{"t_death": 2272.9500000000553, "death_mode": "ribo_collapse", "pnr_type": "ribo_depletion", "t_pnr": 2161.8000000001, "dt_walking_dead": 111.14999999995507, "N_RNAP": 20, "N_Ribo": 4, "N_ATP": 584, "seed": 88}