{"t_death": 5286.149999998837, "death_mode": "ribo_collapse", "pnr_type": "ribo_depletion", "t_pnr": 2749.4999999998627, "dt_walking_dead": 2536.6499999989746, "N_RNAP": 20, "N_Ribo": 3, "N_ATP": 3419, "seed": 78}