{"t_death": 2868.2999999998146, "death_mode": "atp_depletion", "pnr_type": "ribo_depletion", "t_pnr": 2482.6499999999705, "dt_walking_dead": 385.6499999998441, "N_RNAP": 20, "N_Ribo": 27, "N_ATP": 180, "seed": 12}