{"t_death": 1443.150000000085, "death_mode": "atp_depletion", "pnr_type": "ribo_depletion", "t_pnr": 448.1999999999925, "dt_walking_dead": 994.9500000000924, "N_RNAP": 20, "N_Ribo": 2, "N_ATP": 180, "seed": 60}