{"t_death": 2034.4500000001447, "death_mode": "cycle_collapse", "pnr_type": "rnap_deadlock", "t_pnr": 2034.4500000001447, "dt_walking_dead": 0.0, "N_RNAP": 20, "N_Ribo": 3, "N_ATP": 11100, "seed": 25}