{"t_death": 5821.199999998621, "death_mode": "cycle_collapse", "pnr_type": "rnap_deadlock", "t_pnr": 5819.399999998622, "dt_walking_dead": 1.7999999999992724, "N_RNAP": 20, "N_Ribo": 100, "N_ATP": 20000, "seed": 34}