{"t_death": 5152.499999998891, "death_mode": "cycle_collapse", "pnr_type": "rnap_deadlock", "t_pnr": 5152.499999998891, "dt_walking_dead": 0.0, "N_RNAP": 20, "N_Ribo": 100, "N_ATP": 11100, "seed": 97}