{"t_death": 8708.399999998497, "death_mode": "ribo_collapse", "pnr_type": "ribo_depletion", "t_pnr": 1127.700000000053, "dt_walking_dead": 7580.699999998444, "N_RNAP": 20, "N_Ribo": 4, "N_ATP": 6161, "seed": 78}