{"t_death": 7352.999999998002, "death_mode": "ribo_collapse", "pnr_type": "ribo_depletion", "t_pnr": 2666.699999999896, "dt_walking_dead": 4686.299999998106, "N_RNAP": 20, "N_Ribo": 11, "N_ATP": 3419, "seed": 61}