{"t_death": 2421.4499999999953, "death_mode": "atp_depletion", "pnr_type": "ribo_depletion", "t_pnr": 290.2499999999965, "dt_walking_dead": 2131.199999999999, "N_RNAP": 20, "N_Ribo": 2, "N_ATP": 180, "seed": 75}