{"t_death": 2450.2499999999836, "death_mode": "ribo_collapse", "pnr_type": "ribo_depletion", "t_pnr": 2321.100000000036, "dt_walking_dead": 129.1499999999478, "N_RNAP": 20, "N_Ribo": 4, "N_ATP": 324, "seed": 75}