{"t_death": 4635.8999999991, "death_mode": "ribo_collapse", "pnr_type": "ribo_depletion", "t_pnr": 2065.0500000001393, "dt_walking_dead": 2570.849999998961, "N_RNAP": 20, "N_Ribo": 3, "N_ATP": 324, "seed": 41}