{"t_death": 5237.099999998857, "death_mode": "ribo_collapse", "pnr_type": "ribo_depletion", "t_pnr": 2921.849999999793, "dt_walking_dead": 2315.249999999064, "N_RNAP": 20, "N_Ribo": 27, "N_ATP": 584, "seed": 81}