{"t_death": 1330.6500000000735, "death_mode": "atp_depletion", "pnr_type": "ribo_depletion", "t_pnr": 1280.2500000000684, "dt_walking_dead": 50.40000000000509, "N_RNAP": 20, "N_Ribo": 7, "N_ATP": 100, "seed": 80}