{"t_death": 4493.699999999158, "death_mode": "ribo_collapse", "pnr_type": "ribo_depletion", "t_pnr": 4367.249999999209, "dt_walking_dead": 126.44999999994889, "N_RNAP": 20, "N_Ribo": 27, "N_ATP": 324, "seed": 90}