{"t_death": 904.0500000000305, "death_mode": "atp_depletion", "pnr_type": "ribo_depletion", "t_pnr": 700.2000000000099, "dt_walking_dead": 203.8500000000206, "N_RNAP": 20, "N_Ribo": 2, "N_ATP": 100, "seed": 39}