{"t_death": 1734.7500000001144, "death_mode": "atp_depletion", "pnr_type": "ribo_depletion", "t_pnr": 58.95000000000013, "dt_walking_dead": 1675.8000000001143, "N_RNAP": 20, "N_Ribo": 2, "N_ATP": 100, "seed": 44}