{"t_death": 5030.099999998941, "death_mode": "ribo_collapse", "pnr_type": "ribo_depletion", "t_pnr": 126.00000000000055, "dt_walking_dead": 4904.09999999894, "N_RNAP": 20, "N_Ribo": 2, "N_ATP": 11100, "seed": 77}