{"t_death": 3176.99999999969, "death_mode": "ribo_collapse", "pnr_type": "ribo_depletion", "t_pnr": 1848.6000000001259, "dt_walking_dead": 1328.399999999564, "N_RNAP": 20, "N_Ribo": 7, "N_ATP": 11100, "seed": 99}