{"t_death": 8464.499999998103, "death_mode": "ribo_collapse", "pnr_type": "ribo_depletion", "t_pnr": 3853.3499999994165, "dt_walking_dead": 4611.149999998686, "N_RNAP": 20, "N_Ribo": 2, "N_ATP": 1898, "seed": 78}