{"t_death": 3734.5499999994645, "death_mode": "ribo_collapse", "pnr_type": "ribo_depletion", "t_pnr": 3055.949999999739, "dt_walking_dead": 678.5999999997257, "N_RNAP": 20, "N_Ribo": 4, "N_ATP": 1898, "seed": 6}