{"t_death": 3993.29999999936, "death_mode": "ribo_collapse", "pnr_type": "ribo_depletion", "t_pnr": 3698.999999999479, "dt_walking_dead": 294.29999999988104, "N_RNAP": 20, "N_Ribo": 3, "N_ATP": 11100, "seed": 18}