{"t_death": 2934.449999999788, "death_mode": "atp_depletion", "pnr_type": "ribo_depletion", "t_pnr": 1161.9000000000565, "dt_walking_dead": 1772.5499999997314, "N_RNAP": 20, "N_Ribo": 4, "N_ATP": 100, "seed": 33}