{"t_death": 10027.35000000063, "death_mode": "ribo_collapse", "pnr_type": "ribo_depletion", "t_pnr": 3990.149999999361, "dt_walking_dead": 6037.200000001269, "N_RNAP": 20, "N_Ribo": 64, "N_ATP": 11100, "seed": 6}