{"t_death": 2489.8499999999676, "death_mode": "ribo_collapse", "pnr_type": "ribo_depletion", "t_pnr": 1049.400000000045, "dt_walking_dead": 1440.4499999999225, "N_RNAP": 20, "N_Ribo": 2, "N_ATP": 20000, "seed": 50}