{"t_death": 3697.6499999994794, "death_mode": "ribo_collapse", "pnr_type": "ribo_depletion", "t_pnr": 2566.3499999999367, "dt_walking_dead": 1131.2999999995427, "N_RNAP": 20, "N_Ribo": 17, "N_ATP": 1898, "seed": 31}