{"t_death": 2131.2000000001126, "death_mode": "atp_depletion", "pnr_type": "ribo_depletion", "t_pnr": 1511.5500000000918, "dt_walking_dead": 619.6500000000208, "N_RNAP": 20, "N_Ribo": 2, "N_ATP": 180, "seed": 92}