{"t_death": 4180.049999999284, "death_mode": "ribo_collapse", "pnr_type": "ribo_depletion", "t_pnr": 2367.900000000017, "dt_walking_dead": 1812.1499999992675, "N_RNAP": 20, "N_Ribo": 3, "N_ATP": 180, "seed": 9}