{"t_death": 3764.6999999994523, "death_mode": "ribo_collapse", "pnr_type": "ribo_depletion", "t_pnr": 3124.349999999711, "dt_walking_dead": 640.3499999997412, "N_RNAP": 20, "N_Ribo": 3, "N_ATP": 6161, "seed": 52}