{"t_death": 3289.0499999996446, "death_mode": "ribo_collapse", "pnr_type": "ribo_depletion", "t_pnr": 2599.6499999999232, "dt_walking_dead": 689.3999999997213, "N_RNAP": 20, "N_Ribo": 7, "N_ATP": 1053, "seed": 74}