{"t_death": 5184.449999998878, "death_mode": "ribo_collapse", "pnr_type": "ribo_depletion", "t_pnr": 3303.4499999996387, "dt_walking_dead": 1880.9999999992397, "N_RNAP": 20, "N_Ribo": 11, "N_ATP": 1053, "seed": 48}