{"t_death": 3256.6499999996577, "death_mode": "ribo_collapse", "pnr_type": "ribo_depletion", "t_pnr": 735.3000000000135, "dt_walking_dead": 2521.3499999996443, "N_RNAP": 20, "N_Ribo": 4, "N_ATP": 6161, "seed": 15}