{"t_death": 2962.7999999997764, "death_mode": "ribo_collapse", "pnr_type": "ribo_depletion", "t_pnr": 1525.9500000000933, "dt_walking_dead": 1436.8499999996832, "N_RNAP": 20, "N_Ribo": 3, "N_ATP": 1053, "seed": 88}