{"t_death": 4513.49999999915, "death_mode": "ribo_collapse", "pnr_type": "ribo_depletion", "t_pnr": 1107.000000000051, "dt_walking_dead": 3406.4999999990987, "N_RNAP": 20, "N_Ribo": 7, "N_ATP": 6161, "seed": 91}