{"t_death": 2632.94999999991, "death_mode": "ribo_collapse", "pnr_type": "ribo_depletion", "t_pnr": 2531.249999999951, "dt_walking_dead": 101.69999999995889, "N_RNAP": 20, "N_Ribo": 4, "N_ATP": 11100, "seed": 58}