{"t_death": 4984.199999998959, "death_mode": "ribo_collapse", "pnr_type": "ribo_depletion", "t_pnr": 3877.6499999994066, "dt_walking_dead": 1106.5499999995527, "N_RNAP": 20, "N_Ribo": 27, "N_ATP": 6161, "seed": 58}