{"t_death": 3735.899999999464, "death_mode": "ribo_collapse", "pnr_type": "ribo_depletion", "t_pnr": 1759.0500000001168, "dt_walking_dead": 1976.8499999993471, "N_RNAP": 20, "N_Ribo": 4, "N_ATP": 584, "seed": 64}