{"t_death": 3152.6999999996997, "death_mode": "ribo_collapse", "pnr_type": "ribo_depletion", "t_pnr": 3100.499999999721, "dt_walking_dead": 52.1999999999789, "N_RNAP": 20, "N_Ribo": 7, "N_ATP": 1053, "seed": 34}