{"t_death": 3833.9999999994243, "death_mode": "ribo_collapse", "pnr_type": "ribo_depletion", "t_pnr": 638.1000000000037, "dt_walking_dead": 3195.8999999994207, "N_RNAP": 20, "N_Ribo": 3, "N_ATP": 324, "seed": 30}