{"t_death": 5512.049999998746, "death_mode": "ribo_collapse", "pnr_type": "ribo_depletion", "t_pnr": 4128.299999999305, "dt_walking_dead": 1383.7499999994407, "N_RNAP": 20, "N_Ribo": 17, "N_ATP": 11100, "seed": 71}