{"t_death": 2551.9499999999425, "death_mode": "ribo_collapse", "pnr_type": "ribo_depletion", "t_pnr": 1146.600000000055, "dt_walking_dead": 1405.3499999998876, "N_RNAP": 20, "N_Ribo": 3, "N_ATP": 180, "seed": 21}