{"t_death": 3102.29999999972, "death_mode": "atp_depletion", "pnr_type": "ribo_depletion", "t_pnr": 2507.3999999999605, "dt_walking_dead": 594.8999999997595, "N_RNAP": 20, "N_Ribo": 2, "N_ATP": 180, "seed": 22}