{"t_death": 3860.9999999994134, "death_mode": "ribo_collapse", "pnr_type": "ribo_depletion", "t_pnr": 1465.6500000000872, "dt_walking_dead": 2395.3499999993264, "N_RNAP": 20, "N_Ribo": 3, "N_ATP": 1053, "seed": 54}