{"t_death": 2851.1999999998216, "death_mode": "cycle_collapse", "pnr_type": "rnap_deadlock", "t_pnr": 2804.3999999998405, "dt_walking_dead": 46.79999999998108, "N_RNAP": 20, "N_Ribo": 17, "N_ATP": 1053, "seed": 16}