{"t_death": 1852.6500000001263, "death_mode": "ribo_collapse", "pnr_type": "ribo_depletion", "t_pnr": 1688.4000000001097, "dt_walking_dead": 164.2500000000166, "N_RNAP": 20, "N_Ribo": 11, "N_ATP": 6161, "seed": 1}