{"t_death": 3800.6999999994378, "death_mode": "ribo_collapse", "pnr_type": "ribo_depletion", "t_pnr": 1017.000000000042, "dt_walking_dead": 2783.699999999396, "N_RNAP": 20, "N_Ribo": 4, "N_ATP": 1898, "seed": 90}