{"t_death": 1591.2000000000999, "death_mode": "atp_depletion", "pnr_type": "ribo_depletion", "t_pnr": 1396.3500000000802, "dt_walking_dead": 194.8500000000197, "N_RNAP": 20, "N_Ribo": 4, "N_ATP": 180, "seed": 52}