{"t_death": 3178.799999999689, "death_mode": "ribo_collapse", "pnr_type": "ribo_depletion", "t_pnr": 2009.250000000142, "dt_walking_dead": 1169.549999999547, "N_RNAP": 20, "N_Ribo": 11, "N_ATP": 11100, "seed": 96}