{"t_death": 4083.7499999993233, "death_mode": "ribo_collapse", "pnr_type": "ribo_depletion", "t_pnr": 2595.599999999925, "dt_walking_dead": 1488.1499999993985, "N_RNAP": 20, "N_Ribo": 3, "N_ATP": 1898, "seed": 49}