{"t_death": 838.3500000000239, "death_mode": "atp_depletion", "pnr_type": "ribo_depletion", "t_pnr": 772.2000000000172, "dt_walking_dead": 66.15000000000668, "N_RNAP": 20, "N_Ribo": 2, "N_ATP": 100, "seed": 38}