{"t_death": 3008.699999999758, "death_mode": "ribo_collapse", "pnr_type": "ribo_depletion", "t_pnr": 2700.8999999998823, "dt_walking_dead": 307.7999999998756, "N_RNAP": 20, "N_Ribo": 17, "N_ATP": 324, "seed": 65}