{"t_death": 3941.099999999381, "death_mode": "ribo_collapse", "pnr_type": "ribo_depletion", "t_pnr": 2481.299999999971, "dt_walking_dead": 1459.79999999941, "N_RNAP": 20, "N_Ribo": 11, "N_ATP": 3419, "seed": 66}