{"t_death": 6444.449999998369, "death_mode": "cycle_collapse", "pnr_type": "rnap_deadlock", "t_pnr": 6198.749999998468, "dt_walking_dead": 245.69999999990068, "N_RNAP": 20, "N_Ribo": 64, "N_ATP": 20000, "seed": 21}