{"t_death": 2877.749999999811, "death_mode": "atp_depletion", "pnr_type": "ribo_depletion", "t_pnr": 2184.300000000091, "dt_walking_dead": 693.4499999997197, "N_RNAP": 20, "N_Ribo": 4, "N_ATP": 180, "seed": 25}