{"t_death": 1950.7500000001362, "death_mode": "atp_depletion", "pnr_type": "ribo_depletion", "t_pnr": 735.3000000000135, "dt_walking_dead": 1215.4500000001226, "N_RNAP": 20, "N_Ribo": 4, "N_ATP": 180, "seed": 15}