{"t_death": 1215.450000000062, "death_mode": "atp_depletion", "pnr_type": "ribo_depletion", "t_pnr": 904.0500000000305, "dt_walking_dead": 311.40000000003135, "N_RNAP": 20, "N_Ribo": 2, "N_ATP": 100, "seed": 5}