{"t_death": 2668.949999999895, "death_mode": "ribo_collapse", "pnr_type": "ribo_depletion", "t_pnr": 1849.050000000126, "dt_walking_dead": 819.8999999997693, "N_RNAP": 20, "N_Ribo": 11, "N_ATP": 6161, "seed": 0}