{"t_death": 5947.19999999857, "death_mode": "atp_depletion", "pnr_type": "ribo_depletion", "t_pnr": 993.1500000000395, "dt_walking_dead": 4954.04999999853, "N_RNAP": 20, "N_Ribo": 3, "N_ATP": 180, "seed": 20}