{"t_death": 1781.550000000119, "death_mode": "atp_depletion", "pnr_type": "ribo_depletion", "t_pnr": 1507.0500000000914, "dt_walking_dead": 274.50000000002774, "N_RNAP": 20, "N_Ribo": 11, "N_ATP": 180, "seed": 57}