{"t_death": 2909.699999999798, "death_mode": "ribo_collapse", "pnr_type": "ribo_depletion", "t_pnr": 1810.800000000122, "dt_walking_dead": 1098.8999999996759, "N_RNAP": 20, "N_Ribo": 2, "N_ATP": 11100, "seed": 64}