{"t_death": 929.2500000000331, "death_mode": "atp_depletion", "pnr_type": "ribo_depletion", "t_pnr": 500.84999999999116, "dt_walking_dead": 428.4000000000419, "N_RNAP": 20, "N_Ribo": 2, "N_ATP": 100, "seed": 0}