{"t_death": 3332.699999999627, "death_mode": "ribo_collapse", "pnr_type": "ribo_depletion", "t_pnr": 2441.2499999999873, "dt_walking_dead": 891.4499999996397, "N_RNAP": 20, "N_Ribo": 4, "N_ATP": 324, "seed": 34}