{"t_death": 4133.699999999303, "death_mode": "cycle_collapse", "pnr_type": "rnap_deadlock", "t_pnr": 4103.999999999315, "dt_walking_dead": 29.699999999987995, "N_RNAP": 20, "N_Ribo": 41, "N_ATP": 6161, "seed": 94}