{"t_death": 5773.94999999864, "death_mode": "ribo_collapse", "pnr_type": "ribo_depletion", "t_pnr": 5551.64999999873, "dt_walking_dead": 222.29999999991014, "N_RNAP": 20, "N_Ribo": 7, "N_ATP": 584, "seed": 36}