{"t_death": 5948.09999999857, "death_mode": "ribo_collapse", "pnr_type": "ribo_depletion", "t_pnr": 4326.299999999225, "dt_walking_dead": 1621.7999999993444, "N_RNAP": 20, "N_Ribo": 41, "N_ATP": 584, "seed": 99}