{"t_death": 4252.949999999255, "death_mode": "ribo_collapse", "pnr_type": "ribo_depletion", "t_pnr": 2259.9000000000606, "dt_walking_dead": 1993.0499999991944, "N_RNAP": 20, "N_Ribo": 3, "N_ATP": 20000, "seed": 68}