{"t_death": 7355.249999998001, "death_mode": "ribo_collapse", "pnr_type": "ribo_depletion", "t_pnr": 4442.399999999178, "dt_walking_dead": 2912.8499999988226, "N_RNAP": 20, "N_Ribo": 100, "N_ATP": 11100, "seed": 68}