{"t_death": 3457.7999999995764, "death_mode": "atp_depletion", "pnr_type": "ribo_depletion", "t_pnr": 1083.6000000000486, "dt_walking_dead": 2374.199999999528, "N_RNAP": 20, "N_Ribo": 4, "N_ATP": 180, "seed": 76}