{"t_death": 4101.299999999316, "death_mode": "ribo_collapse", "pnr_type": "ribo_depletion", "t_pnr": 2497.4999999999645, "dt_walking_dead": 1603.7999999993517, "N_RNAP": 20, "N_Ribo": 2, "N_ATP": 1053, "seed": 69}