{"t_death": 4925.699999998983, "death_mode": "ribo_collapse", "pnr_type": "ribo_depletion", "t_pnr": 3941.099999999381, "dt_walking_dead": 984.599999999602, "N_RNAP": 20, "N_Ribo": 41, "N_ATP": 11100, "seed": 42}