{"t_death": 3305.699999999638, "death_mode": "atp_depletion", "pnr_type": "ribo_depletion", "t_pnr": 3155.3999999996986, "dt_walking_dead": 150.29999999993925, "N_RNAP": 20, "N_Ribo": 4, "N_ATP": 180, "seed": 38}