{"t_death": 2567.2499999999363, "death_mode": "atp_depletion", "pnr_type": "ribo_depletion", "t_pnr": 775.8000000000176, "dt_walking_dead": 1791.4499999999189, "N_RNAP": 20, "N_Ribo": 2, "N_ATP": 180, "seed": 46}