{"t_death": 5659.649999998686, "death_mode": "ribo_collapse", "pnr_type": "ribo_depletion", "t_pnr": 4243.499999999259, "dt_walking_dead": 1416.1499999994276, "N_RNAP": 20, "N_Ribo": 64, "N_ATP": 584, "seed": 93}