{"t_death": 4731.749999999061, "death_mode": "ribo_collapse", "pnr_type": "ribo_depletion", "t_pnr": 3964.9499999993714, "dt_walking_dead": 766.79999999969, "N_RNAP": 20, "N_Ribo": 64, "N_ATP": 1053, "seed": 77}