{"t_death": 5820.749999998621, "death_mode": "ribo_collapse", "pnr_type": "ribo_depletion", "t_pnr": 5074.199999998923, "dt_walking_dead": 746.5499999996982, "N_RNAP": 20, "N_Ribo": 100, "N_ATP": 20000, "seed": 5}