{"t_death": 759.6000000000159, "death_mode": "atp_depletion", "pnr_type": "ribo_depletion", "t_pnr": 436.94999999999277, "dt_walking_dead": 322.65000000002317, "N_RNAP": 20, "N_Ribo": 2, "N_ATP": 100, "seed": 91}