{"t_death": 4913.549999998988, "death_mode": "ribo_collapse", "pnr_type": "ribo_depletion", "t_pnr": 4177.799999999285, "dt_walking_dead": 735.7499999997026, "N_RNAP": 20, "N_Ribo": 64, "N_ATP": 11100, "seed": 66}