{"t_death": 3319.1999999996324, "death_mode": "cycle_collapse", "pnr_type": "rnap_deadlock", "t_pnr": 3082.499999999728, "dt_walking_dead": 236.69999999990432, "N_RNAP": 20, "N_Ribo": 27, "N_ATP": 1898, "seed": 71}