{"t_death": 6131.249999998496, "death_mode": "ribo_collapse", "pnr_type": "ribo_depletion", "t_pnr": 5997.59999999855, "dt_walking_dead": 133.64999999994598, "N_RNAP": 20, "N_Ribo": 100, "N_ATP": 1053, "seed": 60}