{"t_death": 3606.2999999995163, "death_mode": "cycle_collapse", "pnr_type": "rnap_deadlock", "t_pnr": 3606.2999999995163, "dt_walking_dead": 0.0, "N_RNAP": 20, "N_Ribo": 11, "N_ATP": 1898, "seed": 88}