{"t_death": 4289.84999999924, "death_mode": "ribo_collapse", "pnr_type": "ribo_depletion", "t_pnr": 2626.1999999999125, "dt_walking_dead": 1663.6499999993275, "N_RNAP": 20, "N_Ribo": 17, "N_ATP": 3419, "seed": 4}