{"t_death": 6729.749999998254, "death_mode": "ribo_collapse", "pnr_type": "ribo_depletion", "t_pnr": 2384.1000000000104, "dt_walking_dead": 4345.649999998243, "N_RNAP": 20, "N_Ribo": 4, "N_ATP": 324, "seed": 22}