{"t_death": 4197.1499999992775, "death_mode": "ribo_collapse", "pnr_type": "ribo_depletion", "t_pnr": 3916.349999999391, "dt_walking_dead": 280.7999999998865, "N_RNAP": 20, "N_Ribo": 2, "N_ATP": 3419, "seed": 25}