{"t_death": 2029.5000000001442, "death_mode": "atp_depletion", "pnr_type": "ribo_depletion", "t_pnr": 1628.1000000001036, "dt_walking_dead": 401.40000000004056, "N_RNAP": 20, "N_Ribo": 2, "N_ATP": 180, "seed": 21}