{"t_death": 2969.099999999774, "death_mode": "ribo_collapse", "pnr_type": "ribo_depletion", "t_pnr": 2447.099999999985, "dt_walking_dead": 521.999999999789, "N_RNAP": 20, "N_Ribo": 11, "N_ATP": 1898, "seed": 50}