{"t_death": 3930.749999999385, "death_mode": "ribo_collapse", "pnr_type": "ribo_depletion", "t_pnr": 333.4499999999954, "dt_walking_dead": 3597.29999999939, "N_RNAP": 20, "N_Ribo": 2, "N_ATP": 1053, "seed": 87}