{"t_death": 6829.649999998213, "death_mode": "ribo_collapse", "pnr_type": "ribo_depletion", "t_pnr": 3093.7499999997235, "dt_walking_dead": 3735.89999999849, "N_RNAP": 20, "N_Ribo": 41, "N_ATP": 6161, "seed": 26}