{"t_death": 1142.5500000000545, "death_mode": "atp_depletion", "pnr_type": "ribo_depletion", "t_pnr": 1107.000000000051, "dt_walking_dead": 35.55000000000359, "N_RNAP": 20, "N_Ribo": 7, "N_ATP": 100, "seed": 91}