{"t_death": 2229.7500000000728, "death_mode": "ribo_collapse", "pnr_type": "ribo_depletion", "t_pnr": 2211.75000000008, "dt_walking_dead": 17.999999999992724, "N_RNAP": 20, "N_Ribo": 2, "N_ATP": 20000, "seed": 16}