{"t_death": 4508.999999999151, "death_mode": "ribo_collapse", "pnr_type": "ribo_depletion", "t_pnr": 4045.499999999339, "dt_walking_dead": 463.49999999981264, "N_RNAP": 20, "N_Ribo": 17, "N_ATP": 20000, "seed": 98}