{"t_death": 6524.9999999983365, "death_mode": "ribo_collapse", "pnr_type": "ribo_depletion", "t_pnr": 3636.899999999504, "dt_walking_dead": 2888.0999999988326, "N_RNAP": 20, "N_Ribo": 64, "N_ATP": 20000, "seed": 73}