{"t_death": 1154.2500000000557, "death_mode": "atp_depletion", "pnr_type": "ribo_depletion", "t_pnr": 660.6000000000059, "dt_walking_dead": 493.6500000000498, "N_RNAP": 20, "N_Ribo": 2, "N_ATP": 100, "seed": 66}