{"t_death": 4464.449999999169, "death_mode": "ribo_collapse", "pnr_type": "ribo_depletion", "t_pnr": 3567.599999999532, "dt_walking_dead": 896.8499999996375, "N_RNAP": 20, "N_Ribo": 27, "N_ATP": 324, "seed": 67}