{"t_death": 5794.649999998632, "death_mode": "atp_depletion", "pnr_type": "ribo_depletion", "t_pnr": 3046.4999999997426, "dt_walking_dead": 2748.149999998889, "N_RNAP": 20, "N_Ribo": 17, "N_ATP": 180, "seed": 26}