{"t_death": 5788.799999998634, "death_mode": "ribo_collapse", "pnr_type": "ribo_depletion", "t_pnr": 1548.9000000000956, "dt_walking_dead": 4239.899999998539, "N_RNAP": 20, "N_Ribo": 3, "N_ATP": 20000, "seed": 19}