{"t_death": 3361.4999999996153, "death_mode": "ribo_collapse", "pnr_type": "ribo_depletion", "t_pnr": 647.1000000000046, "dt_walking_dead": 2714.399999999611, "N_RNAP": 20, "N_Ribo": 2, "N_ATP": 3419, "seed": 79}