{"t_death": 4692.149999999077, "death_mode": "ribo_collapse", "pnr_type": "ribo_depletion", "t_pnr": 2927.249999999791, "dt_walking_dead": 1764.8999999992866, "N_RNAP": 20, "N_Ribo": 11, "N_ATP": 6161, "seed": 34}