{"t_death": 9652.500000000024, "death_mode": "ribo_collapse", "pnr_type": "ribo_depletion", "t_pnr": 3332.249999999627, "dt_walking_dead": 6320.2500000003965, "N_RNAP": 20, "N_Ribo": 17, "N_ATP": 1898, "seed": 64}