{"t_death": 3418.1999999995924, "death_mode": "cycle_collapse", "pnr_type": "rnap_deadlock", "t_pnr": 3392.099999999603, "dt_walking_dead": 26.09999999998945, "N_RNAP": 20, "N_Ribo": 100, "N_ATP": 20000, "seed": 96}