{"t_death": 2915.9999999997954, "death_mode": "ribo_collapse", "pnr_type": "ribo_depletion", "t_pnr": 640.3500000000039, "dt_walking_dead": 2275.6499999997914, "N_RNAP": 20, "N_Ribo": 2, "N_ATP": 11100, "seed": 83}