{"t_death": 4061.2499999993324, "death_mode": "ribo_collapse", "pnr_type": "ribo_depletion", "t_pnr": 1741.500000000115, "dt_walking_dead": 2319.7499999992174, "N_RNAP": 20, "N_Ribo": 11, "N_ATP": 6161, "seed": 63}