{"t_death": 3277.799999999649, "death_mode": "ribo_collapse", "pnr_type": "ribo_depletion", "t_pnr": 1729.3500000001138, "dt_walking_dead": 1548.4499999995353, "N_RNAP": 20, "N_Ribo": 4, "N_ATP": 20000, "seed": 77}