{"t_death": 8663.849999998425, "death_mode": "ribo_collapse", "pnr_type": "ribo_depletion", "t_pnr": 2151.9000000001042, "dt_walking_dead": 6511.949999998321, "N_RNAP": 20, "N_Ribo": 17, "N_ATP": 584, "seed": 10}