{"t_death": 4514.399999999149, "death_mode": "ribo_collapse", "pnr_type": "ribo_depletion", "t_pnr": 1756.3500000001166, "dt_walking_dead": 2758.0499999990325, "N_RNAP": 20, "N_Ribo": 7, "N_ATP": 324, "seed": 50}