{"t_death": 4442.399999999178, "death_mode": "ribo_collapse", "pnr_type": "ribo_depletion", "t_pnr": 1643.4000000001051, "dt_walking_dead": 2798.999999999073, "N_RNAP": 20, "N_Ribo": 3, "N_ATP": 20000, "seed": 36}