{"t_death": 2322.0000000000355, "death_mode": "ribo_collapse", "pnr_type": "ribo_depletion", "t_pnr": 1519.6500000000926, "dt_walking_dead": 802.3499999999428, "N_RNAP": 20, "N_Ribo": 3, "N_ATP": 584, "seed": 14}