{"t_death": 1784.2500000001194, "death_mode": "atp_depletion", "pnr_type": "ribo_depletion", "t_pnr": 655.6500000000054, "dt_walking_dead": 1128.600000000114, "N_RNAP": 20, "N_Ribo": 2, "N_ATP": 180, "seed": 24}