{"t_death": 2764.7999999998565, "death_mode": "ribo_collapse", "pnr_type": "ribo_depletion", "t_pnr": 882.9000000000284, "dt_walking_dead": 1881.8999999998282, "N_RNAP": 20, "N_Ribo": 4, "N_ATP": 3419, "seed": 17}