{"t_death": 4350.149999999216, "death_mode": "ribo_collapse", "pnr_type": "ribo_depletion", "t_pnr": 4126.049999999306, "dt_walking_dead": 224.09999999990941, "N_RNAP": 20, "N_Ribo": 64, "N_ATP": 584, "seed": 79}