{"t_death": 4130.999999999304, "death_mode": "ribo_collapse", "pnr_type": "ribo_depletion", "t_pnr": 2184.750000000091, "dt_walking_dead": 1946.2499999992133, "N_RNAP": 20, "N_Ribo": 11, "N_ATP": 1053, "seed": 20}