{"t_death": 3093.2999999997237, "death_mode": "ribo_collapse", "pnr_type": "ribo_depletion", "t_pnr": 2570.849999999935, "dt_walking_dead": 522.4499999997888, "N_RNAP": 20, "N_Ribo": 7, "N_ATP": 1898, "seed": 44}