{"t_death": 4505.399999999153, "death_mode": "cycle_collapse", "pnr_type": "rnap_deadlock", "t_pnr": 4356.899999999213, "dt_walking_dead": 148.49999999993997, "N_RNAP": 20, "N_Ribo": 41, "N_ATP": 324, "seed": 2}