{"t_death": 4238.099999999261, "death_mode": "ribo_collapse", "pnr_type": "ribo_depletion", "t_pnr": 4234.049999999263, "dt_walking_dead": 4.049999999998363, "N_RNAP": 20, "N_Ribo": 64, "N_ATP": 20000, "seed": 81}