{"t_death": 3369.599999999612, "death_mode": "cycle_collapse", "pnr_type": "rnap_deadlock", "t_pnr": 3330.8999999996277, "dt_walking_dead": 38.69999999998436, "N_RNAP": 20, "N_Ribo": 64, "N_ATP": 6161, "seed": 56}