{"t_death": 3187.7999999996855, "death_mode": "ribo_collapse", "pnr_type": "ribo_depletion", "t_pnr": 2349.900000000024, "dt_walking_dead": 837.8999999996613, "N_RNAP": 20, "N_Ribo": 4, "N_ATP": 584, "seed": 42}