{"t_death": 3988.349999999362, "death_mode": "ribo_collapse", "pnr_type": "ribo_depletion", "t_pnr": 3985.649999999363, "dt_walking_dead": 2.6999999999989086, "N_RNAP": 20, "N_Ribo": 41, "N_ATP": 584, "seed": 3}