{"t_death": 5819.399999998622, "death_mode": "ribo_collapse", "pnr_type": "ribo_depletion", "t_pnr": 1882.3500000001293, "dt_walking_dead": 3937.0499999984922, "N_RNAP": 20, "N_Ribo": 17, "N_ATP": 1898, "seed": 7}