{"t_death": 3215.2499999996744, "death_mode": "ribo_collapse", "pnr_type": "ribo_depletion", "t_pnr": 2166.3000000000984, "dt_walking_dead": 1048.949999999576, "N_RNAP": 20, "N_Ribo": 2, "N_ATP": 11100, "seed": 54}