{"t_death": 3275.09999999965, "death_mode": "cycle_collapse", "pnr_type": "rnap_deadlock", "t_pnr": 3113.9999999997153, "dt_walking_dead": 161.09999999993488, "N_RNAP": 20, "N_Ribo": 17, "N_ATP": 6161, "seed": 27}