{"t_death": 3087.449999999726, "death_mode": "ribo_collapse", "pnr_type": "ribo_depletion", "t_pnr": 2782.799999999849, "dt_walking_dead": 304.64999999987685, "N_RNAP": 20, "N_Ribo": 17, "N_ATP": 324, "seed": 23}