{"t_death": 5121.899999998904, "death_mode": "ribo_collapse", "pnr_type": "ribo_depletion", "t_pnr": 4315.04999999923, "dt_walking_dead": 806.8499999996739, "N_RNAP": 20, "N_Ribo": 27, "N_ATP": 1898, "seed": 41}