{"t_death": 4182.749999999283, "death_mode": "ribo_collapse", "pnr_type": "ribo_depletion", "t_pnr": 2645.5499999999047, "dt_walking_dead": 1537.1999999993786, "N_RNAP": 20, "N_Ribo": 2, "N_ATP": 6161, "seed": 13}