{"t_death": 3179.249999999689, "death_mode": "ribo_collapse", "pnr_type": "ribo_depletion", "t_pnr": 2146.5000000001064, "dt_walking_dead": 1032.7499999995825, "N_RNAP": 20, "N_Ribo": 2, "N_ATP": 584, "seed": 20}