{"t_death": 3223.349999999671, "death_mode": "atp_depletion", "pnr_type": "ribo_depletion", "t_pnr": 2569.0499999999356, "dt_walking_dead": 654.2999999997355, "N_RNAP": 20, "N_Ribo": 7, "N_ATP": 180, "seed": 27}