{"t_death": 1426.5000000000832, "death_mode": "atp_depletion", "pnr_type": "ribo_depletion", "t_pnr": 491.8499999999914, "dt_walking_dead": 934.6500000000918, "N_RNAP": 20, "N_Ribo": 3, "N_ATP": 100, "seed": 31}