{"t_death": 4238.999999999261, "death_mode": "ribo_collapse", "pnr_type": "ribo_depletion", "t_pnr": 500.84999999999116, "dt_walking_dead": 3738.1499999992693, "N_RNAP": 20, "N_Ribo": 2, "N_ATP": 3419, "seed": 0}