{"t_death": 3659.8499999994947, "death_mode": "cycle_collapse", "pnr_type": "rnap_deadlock", "t_pnr": 3659.8499999994947, "dt_walking_dead": 0.0, "N_RNAP": 20, "N_Ribo": 41, "N_ATP": 1898, "seed": 61}