{"t_death": 3107.699999999718, "death_mode": "ribo_collapse", "pnr_type": "ribo_depletion", "t_pnr": 2257.2000000000617, "dt_walking_dead": 850.4999999996562, "N_RNAP": 20, "N_Ribo": 3, "N_ATP": 3419, "seed": 64}