{"t_death": 3265.199999999654, "death_mode": "ribo_collapse", "pnr_type": "ribo_depletion", "t_pnr": 2924.9999999997917, "dt_walking_dead": 340.1999999998625, "N_RNAP": 20, "N_Ribo": 11, "N_ATP": 584, "seed": 49}