{"t_death": 1933.6500000001345, "death_mode": "atp_depletion", "pnr_type": "ribo_depletion", "t_pnr": 549.8999999999947, "dt_walking_dead": 1383.7500000001396, "N_RNAP": 20, "N_Ribo": 2, "N_ATP": 180, "seed": 65}