{"t_death": 2489.399999999968, "death_mode": "ribo_collapse", "pnr_type": "ribo_depletion", "t_pnr": 1932.3000000001343, "dt_walking_dead": 557.0999999998335, "N_RNAP": 20, "N_Ribo": 4, "N_ATP": 180, "seed": 70}