{"t_death": 5467.049999998764, "death_mode": "ribo_collapse", "pnr_type": "ribo_depletion", "t_pnr": 4399.649999999196, "dt_walking_dead": 1067.3999999995685, "N_RNAP": 20, "N_Ribo": 64, "N_ATP": 6161, "seed": 60}