{"t_death": 9057.149999999061, "death_mode": "ribo_collapse", "pnr_type": "ribo_depletion", "t_pnr": 4640.849999999098, "dt_walking_dead": 4416.299999999963, "N_RNAP": 20, "N_Ribo": 27, "N_ATP": 1898, "seed": 98}