{"t_death": 1921.5000000001332, "death_mode": "cycle_collapse", "pnr_type": "rnap_deadlock", "t_pnr": 1921.5000000001332, "dt_walking_dead": 0.0, "N_RNAP": 20, "N_Ribo": 27, "N_ATP": 20000, "seed": 8}