{"t_death": 5406.749999998789, "death_mode": "cycle_collapse", "pnr_type": "rnap_deadlock", "t_pnr": 5208.749999998869, "dt_walking_dead": 197.99999999991996, "N_RNAP": 20, "N_Ribo": 64, "N_ATP": 11100, "seed": 45}