{"t_death": 7411.049999997978, "death_mode": "ribo_collapse", "pnr_type": "ribo_depletion", "t_pnr": 4227.299999999265, "dt_walking_dead": 3183.749999998713, "N_RNAP": 20, "N_Ribo": 41, "N_ATP": 1898, "seed": 84}