{"t_death": 1080.4500000000482, "death_mode": "atp_depletion", "pnr_type": "ribo_depletion", "t_pnr": 647.1000000000046, "dt_walking_dead": 433.3500000000437, "N_RNAP": 20, "N_Ribo": 2, "N_ATP": 100, "seed": 79}