{"t_death": 5369.8499999988035, "death_mode": "ribo_collapse", "pnr_type": "ribo_depletion", "t_pnr": 3928.0499999993863, "dt_walking_dead": 1441.7999999994172, "N_RNAP": 20, "N_Ribo": 41, "N_ATP": 1053, "seed": 8}