{"t_death": 1351.8000000000757, "death_mode": "atp_depletion", "pnr_type": "ribo_depletion", "t_pnr": 570.5999999999968, "dt_walking_dead": 781.2000000000788, "N_RNAP": 20, "N_Ribo": 2, "N_ATP": 100, "seed": 45}