{"t_death": 2601.4499999999225, "death_mode": "ribo_collapse", "pnr_type": "ribo_depletion", "t_pnr": 605.7000000000004, "dt_walking_dead": 1995.7499999999222, "N_RNAP": 20, "N_Ribo": 4, "N_ATP": 324, "seed": 8}