{"t_death": 4619.699999999107, "death_mode": "ribo_collapse", "pnr_type": "ribo_depletion", "t_pnr": 1413.450000000082, "dt_walking_dead": 3206.249999999025, "N_RNAP": 20, "N_Ribo": 2, "N_ATP": 6161, "seed": 99}