{"t_death": 4966.199999998967, "death_mode": "ribo_collapse", "pnr_type": "ribo_depletion", "t_pnr": 4413.14999999919, "dt_walking_dead": 553.0499999997764, "N_RNAP": 20, "N_Ribo": 41, "N_ATP": 324, "seed": 57}