{"t_death": 3741.2999999994618, "death_mode": "cycle_collapse", "pnr_type": "rnap_deadlock", "t_pnr": 3604.949999999517, "dt_walking_dead": 136.34999999994488, "N_RNAP": 20, "N_Ribo": 64, "N_ATP": 584, "seed": 50}