{"t_death": 3050.549999999741, "death_mode": "atp_depletion", "pnr_type": "ribo_depletion", "t_pnr": 2670.7499999998945, "dt_walking_dead": 379.7999999998465, "N_RNAP": 20, "N_Ribo": 11, "N_ATP": 180, "seed": 97}