{"t_death": 4758.299999999051, "death_mode": "ribo_collapse", "pnr_type": "ribo_depletion", "t_pnr": 4723.649999999065, "dt_walking_dead": 34.649999999985994, "N_RNAP": 20, "N_Ribo": 100, "N_ATP": 584, "seed": 10}