{"t_death": 5293.799999998834, "death_mode": "ribo_collapse", "pnr_type": "ribo_depletion", "t_pnr": 5159.249999998889, "dt_walking_dead": 134.5499999999456, "N_RNAP": 20, "N_Ribo": 64, "N_ATP": 1053, "seed": 11}