{"t_death": 3280.949999999648, "death_mode": "ribo_collapse", "pnr_type": "ribo_depletion", "t_pnr": 2830.9499999998297, "dt_walking_dead": 449.9999999998181, "N_RNAP": 20, "N_Ribo": 3, "N_ATP": 1898, "seed": 69}