{"t_death": 2238.3000000000693, "death_mode": "cycle_collapse", "pnr_type": "rnap_deadlock", "t_pnr": 2231.100000000072, "dt_walking_dead": 7.19999999999709, "N_RNAP": 20, "N_Ribo": 2, "N_ATP": 11100, "seed": 90}