{"t_death": 5255.54999999885, "death_mode": "ribo_collapse", "pnr_type": "ribo_depletion", "t_pnr": 2891.2499999998054, "dt_walking_dead": 2364.2999999990443, "N_RNAP": 20, "N_Ribo": 27, "N_ATP": 1053, "seed": 75}