{"t_death": 3336.2999999996255, "death_mode": "ribo_collapse", "pnr_type": "ribo_depletion", "t_pnr": 2504.6999999999616, "dt_walking_dead": 831.5999999996639, "N_RNAP": 20, "N_Ribo": 7, "N_ATP": 6161, "seed": 79}