{"t_death": 2794.9499999998443, "death_mode": "atp_depletion", "pnr_type": "ribo_depletion", "t_pnr": 2567.699999999936, "dt_walking_dead": 227.24999999990814, "N_RNAP": 20, "N_Ribo": 11, "N_ATP": 180, "seed": 5}