{"t_death": 5561.549999998726, "death_mode": "cycle_collapse", "pnr_type": "rnap_deadlock", "t_pnr": 5536.349999998736, "dt_walking_dead": 25.199999999989814, "N_RNAP": 20, "N_Ribo": 100, "N_ATP": 6161, "seed": 83}