{"t_death": 3077.54999999973, "death_mode": "ribo_collapse", "pnr_type": "ribo_depletion", "t_pnr": 1494.45000000009, "dt_walking_dead": 1583.09999999964, "N_RNAP": 20, "N_Ribo": 4, "N_ATP": 180, "seed": 41}