{"t_death": 4352.399999999215, "death_mode": "cycle_collapse", "pnr_type": "rnap_deadlock", "t_pnr": 4017.1499999993503, "dt_walking_dead": 335.2499999998645, "N_RNAP": 20, "N_Ribo": 64, "N_ATP": 20000, "seed": 25}