{"t_death": 3631.499999999506, "death_mode": "ribo_collapse", "pnr_type": "ribo_depletion", "t_pnr": 2684.699999999889, "dt_walking_dead": 946.7999999996173, "N_RNAP": 20, "N_Ribo": 2, "N_ATP": 1898, "seed": 86}