{"t_death": 2378.7000000000126, "death_mode": "cycle_collapse", "pnr_type": "rnap_deadlock", "t_pnr": 2165.4000000000988, "dt_walking_dead": 213.29999999991378, "N_RNAP": 20, "N_Ribo": 11, "N_ATP": 11100, "seed": 67}