{"t_death": 1918.800000000133, "death_mode": "ribo_collapse", "pnr_type": "ribo_depletion", "t_pnr": 1434.600000000084, "dt_walking_dead": 484.20000000004893, "N_RNAP": 20, "N_Ribo": 2, "N_ATP": 11100, "seed": 47}