{"t_death": 4309.199999999232, "death_mode": "ribo_collapse", "pnr_type": "ribo_depletion", "t_pnr": 2925.8999999997914, "dt_walking_dead": 1383.2999999994408, "N_RNAP": 20, "N_Ribo": 11, "N_ATP": 6161, "seed": 19}