{"t_death": 3455.999999999577, "death_mode": "atp_depletion", "pnr_type": "ribo_depletion", "t_pnr": 2746.349999999864, "dt_walking_dead": 709.6499999997131, "N_RNAP": 20, "N_Ribo": 7, "N_ATP": 180, "seed": 21}