{"t_death": 7452.8999999979615, "death_mode": "ribo_collapse", "pnr_type": "ribo_depletion", "t_pnr": 4013.5499999993517, "dt_walking_dead": 3439.3499999986097, "N_RNAP": 20, "N_Ribo": 27, "N_ATP": 1898, "seed": 45}