{"t_death": 7257.59999999804, "death_mode": "ribo_collapse", "pnr_type": "ribo_depletion", "t_pnr": 2758.049999999859, "dt_walking_dead": 4499.549999998181, "N_RNAP": 20, "N_Ribo": 4, "N_ATP": 6161, "seed": 12}