{"t_death": 3809.2499999994343, "death_mode": "atp_depletion", "pnr_type": "ribo_depletion", "t_pnr": 1030.5000000000432, "dt_walking_dead": 2778.749999999391, "N_RNAP": 20, "N_Ribo": 3, "N_ATP": 180, "seed": 67}