{"t_death": 3574.3499999995292, "death_mode": "ribo_collapse", "pnr_type": "ribo_depletion", "t_pnr": 1752.7500000001162, "dt_walking_dead": 1821.599999999413, "N_RNAP": 20, "N_Ribo": 4, "N_ATP": 3419, "seed": 79}