{"t_death": 2606.3999999999205, "death_mode": "cycle_collapse", "pnr_type": "rnap_deadlock", "t_pnr": 2521.349999999955, "dt_walking_dead": 85.04999999996562, "N_RNAP": 20, "N_Ribo": 17, "N_ATP": 3419, "seed": 36}