{"t_death": 2748.599999999863, "death_mode": "ribo_collapse", "pnr_type": "ribo_depletion", "t_pnr": 1601.1000000001009, "dt_walking_dead": 1147.4999999997622, "N_RNAP": 20, "N_Ribo": 2, "N_ATP": 180, "seed": 96}