{"t_death": 4248.899999999257, "death_mode": "ribo_collapse", "pnr_type": "ribo_depletion", "t_pnr": 2416.0499999999975, "dt_walking_dead": 1832.8499999992591, "N_RNAP": 20, "N_Ribo": 7, "N_ATP": 1053, "seed": 69}