{"t_death": 4918.049999998986, "death_mode": "ribo_collapse", "pnr_type": "ribo_depletion", "t_pnr": 4540.049999999139, "dt_walking_dead": 377.9999999998472, "N_RNAP": 20, "N_Ribo": 11, "N_ATP": 11100, "seed": 62}