{"t_death": 4309.199999999232, "death_mode": "ribo_collapse", "pnr_type": "ribo_depletion", "t_pnr": 3235.499999999666, "dt_walking_dead": 1073.699999999566, "N_RNAP": 20, "N_Ribo": 7, "N_ATP": 20000, "seed": 41}