{"t_death": 4130.549999999304, "death_mode": "ribo_collapse", "pnr_type": "ribo_depletion", "t_pnr": 3155.3999999996986, "dt_walking_dead": 975.1499999996058, "N_RNAP": 20, "N_Ribo": 4, "N_ATP": 1898, "seed": 38}