{"t_death": 3218.849999999673, "death_mode": "ribo_collapse", "pnr_type": "ribo_depletion", "t_pnr": 886.5000000000288, "dt_walking_dead": 2332.3499999996443, "N_RNAP": 20, "N_Ribo": 2, "N_ATP": 3419, "seed": 40}