{"t_death": 2811.5999999998376, "death_mode": "ribo_collapse", "pnr_type": "ribo_depletion", "t_pnr": 1669.5000000001078, "dt_walking_dead": 1142.0999999997298, "N_RNAP": 20, "N_Ribo": 2, "N_ATP": 1053, "seed": 51}