{"t_death": 2076.300000000135, "death_mode": "ribo_collapse", "pnr_type": "ribo_depletion", "t_pnr": 713.7000000000113, "dt_walking_dead": 1362.6000000001236, "N_RNAP": 20, "N_Ribo": 2, "N_ATP": 584, "seed": 80}