{"t_death": 3049.6499999997413, "death_mode": "ribo_collapse", "pnr_type": "ribo_depletion", "t_pnr": 1495.3500000000902, "dt_walking_dead": 1554.2999999996512, "N_RNAP": 20, "N_Ribo": 3, "N_ATP": 324, "seed": 50}