{"t_death": 4234.499999999262, "death_mode": "atp_depletion", "pnr_type": "ribo_depletion", "t_pnr": 2943.4499999997843, "dt_walking_dead": 1291.0499999994781, "N_RNAP": 20, "N_Ribo": 4, "N_ATP": 180, "seed": 61}