{"t_death": 7955.999999997758, "death_mode": "ribo_collapse", "pnr_type": "ribo_depletion", "t_pnr": 5826.149999998619, "dt_walking_dead": 2129.849999999139, "N_RNAP": 20, "N_Ribo": 64, "N_ATP": 6161, "seed": 88}