{"t_death": 3245.399999999662, "death_mode": "ribo_collapse", "pnr_type": "ribo_depletion", "t_pnr": 2113.6500000001197, "dt_walking_dead": 1131.7499999995425, "N_RNAP": 20, "N_Ribo": 3, "N_ATP": 324, "seed": 15}