{"t_death": 3824.0999999994283, "death_mode": "cycle_collapse", "pnr_type": "rnap_deadlock", "t_pnr": 3824.0999999994283, "dt_walking_dead": 0.0, "N_RNAP": 20, "N_Ribo": 27, "N_ATP": 11100, "seed": 22}