{"t_death": 5426.99999999878, "death_mode": "ribo_collapse", "pnr_type": "ribo_depletion", "t_pnr": 3781.3499999994456, "dt_walking_dead": 1645.6499999993348, "N_RNAP": 20, "N_Ribo": 64, "N_ATP": 1053, "seed": 51}