{"t_death": 4036.0499999993426, "death_mode": "cycle_collapse", "pnr_type": "rnap_deadlock", "t_pnr": 3862.349999999413, "dt_walking_dead": 173.6999999999298, "N_RNAP": 20, "N_Ribo": 17, "N_ATP": 6161, "seed": 74}