{"t_death": 5427.89999999878, "death_mode": "ribo_collapse", "pnr_type": "ribo_depletion", "t_pnr": 4488.74999999916, "dt_walking_dead": 939.1499999996204, "N_RNAP": 20, "N_Ribo": 11, "N_ATP": 11100, "seed": 26}