{"t_death": 5595.749999998712, "death_mode": "ribo_collapse", "pnr_type": "ribo_depletion", "t_pnr": 4058.5499999993335, "dt_walking_dead": 1537.1999999993786, "N_RNAP": 20, "N_Ribo": 17, "N_ATP": 324, "seed": 28}