{"t_death": 6117.299999998501, "death_mode": "ribo_collapse", "pnr_type": "ribo_depletion", "t_pnr": 4087.7999999993217, "dt_walking_dead": 2029.4999999991796, "N_RNAP": 20, "N_Ribo": 11, "N_ATP": 324, "seed": 82}