{"t_death": 1190.7000000000594, "death_mode": "atp_depletion", "pnr_type": "ribo_depletion", "t_pnr": 463.0499999999921, "dt_walking_dead": 727.6500000000673, "N_RNAP": 20, "N_Ribo": 2, "N_ATP": 100, "seed": 63}