{"t_death": 2954.6999999997797, "death_mode": "cycle_collapse", "pnr_type": "rnap_deadlock", "t_pnr": 2954.6999999997797, "dt_walking_dead": 0.0, "N_RNAP": 20, "N_Ribo": 4, "N_ATP": 11100, "seed": 28}