{"t_death": 4315.49999999923, "death_mode": "ribo_collapse", "pnr_type": "ribo_depletion", "t_pnr": 1798.2000000001208, "dt_walking_dead": 2517.299999999109, "N_RNAP": 20, "N_Ribo": 7, "N_ATP": 6161, "seed": 48}