{"t_death": 2976.749999999771, "death_mode": "ribo_collapse", "pnr_type": "ribo_depletion", "t_pnr": 1602.000000000101, "dt_walking_dead": 1374.7499999996699, "N_RNAP": 20, "N_Ribo": 7, "N_ATP": 20000, "seed": 11}