{"t_death": 2596.4999999999245, "death_mode": "cycle_collapse", "pnr_type": "rnap_deadlock", "t_pnr": 2596.4999999999245, "dt_walking_dead": 0.0, "N_RNAP": 20, "N_Ribo": 27, "N_ATP": 11100, "seed": 73}