{"t_death": 4737.599999999059, "death_mode": "cycle_collapse", "pnr_type": "rnap_deadlock", "t_pnr": 4616.099999999108, "dt_walking_dead": 121.49999999995089, "N_RNAP": 20, "N_Ribo": 100, "N_ATP": 584, "seed": 44}