{"t_death": 3100.499999999721, "death_mode": "atp_depletion", "pnr_type": "ribo_depletion", "t_pnr": 2125.350000000115, "dt_walking_dead": 975.1499999996058, "N_RNAP": 20, "N_Ribo": 3, "N_ATP": 180, "seed": 22}