{"t_death": 4002.749999999356, "death_mode": "cycle_collapse", "pnr_type": "rnap_deadlock", "t_pnr": 3886.199999999403, "dt_walking_dead": 116.54999999995289, "N_RNAP": 20, "N_Ribo": 41, "N_ATP": 3419, "seed": 29}