{"t_death": 2074.0500000001357, "death_mode": "atp_depletion", "pnr_type": "ribo_depletion", "t_pnr": 1814.8500000001225, "dt_walking_dead": 259.20000000001323, "N_RNAP": 20, "N_Ribo": 11, "N_ATP": 180, "seed": 93}