{"t_death": 3002.3999999997604, "death_mode": "cycle_collapse", "pnr_type": "rnap_deadlock", "t_pnr": 2987.0999999997666, "dt_walking_dead": 15.299999999993815, "N_RNAP": 20, "N_Ribo": 27, "N_ATP": 1898, "seed": 47}