{"t_death": 2713.0499999998774, "death_mode": "cycle_collapse", "pnr_type": "rnap_deadlock", "t_pnr": 2699.099999999883, "dt_walking_dead": 13.949999999994361, "N_RNAP": 20, "N_Ribo": 11, "N_ATP": 6161, "seed": 53}