{"t_death": 7472.6999999979535, "death_mode": "ribo_collapse", "pnr_type": "ribo_depletion", "t_pnr": 4787.999999999039, "dt_walking_dead": 2684.699999998915, "N_RNAP": 20, "N_Ribo": 100, "N_ATP": 584, "seed": 0}