{"t_death": 3652.6499999994976, "death_mode": "cycle_collapse", "pnr_type": "rnap_deadlock", "t_pnr": 3652.6499999994976, "dt_walking_dead": 0.0, "N_RNAP": 20, "N_Ribo": 100, "N_ATP": 1053, "seed": 90}