{"t_death": 5042.699999998936, "death_mode": "ribo_collapse", "pnr_type": "ribo_depletion", "t_pnr": 1900.8000000001311, "dt_walking_dead": 3141.8999999988046, "N_RNAP": 20, "N_Ribo": 4, "N_ATP": 1053, "seed": 62}