{"t_death": 4795.199999999036, "death_mode": "ribo_collapse", "pnr_type": "ribo_depletion", "t_pnr": 3119.849999999713, "dt_walking_dead": 1675.3499999993228, "N_RNAP": 20, "N_Ribo": 27, "N_ATP": 324, "seed": 50}