{"t_death": 4362.299999999211, "death_mode": "ribo_collapse", "pnr_type": "ribo_depletion", "t_pnr": 4293.449999999239, "dt_walking_dead": 68.84999999997217, "N_RNAP": 20, "N_Ribo": 27, "N_ATP": 20000, "seed": 46}