{"t_death": 912.1500000000314, "death_mode": "atp_depletion", "pnr_type": "ribo_depletion", "t_pnr": 627.7500000000026, "dt_walking_dead": 284.40000000002874, "N_RNAP": 20, "N_Ribo": 2, "N_ATP": 100, "seed": 82}