{"t_death": 2169.450000000097, "death_mode": "ribo_collapse", "pnr_type": "ribo_depletion", "t_pnr": 652.9500000000052, "dt_walking_dead": 1516.5000000000919, "N_RNAP": 20, "N_Ribo": 2, "N_ATP": 20000, "seed": 93}