{"t_death": 4707.899999999071, "death_mode": "ribo_collapse", "pnr_type": "ribo_depletion", "t_pnr": 4452.299999999174, "dt_walking_dead": 255.59999999989668, "N_RNAP": 20, "N_Ribo": 64, "N_ATP": 20000, "seed": 85}