{"t_death": 974.7000000000377, "death_mode": "atp_depletion", "pnr_type": "ribo_depletion", "t_pnr": 775.8000000000176, "dt_walking_dead": 198.9000000000201, "N_RNAP": 20, "N_Ribo": 2, "N_ATP": 100, "seed": 46}