{"t_death": 4722.749999999065, "death_mode": "ribo_collapse", "pnr_type": "ribo_depletion", "t_pnr": 2969.9999999997735, "dt_walking_dead": 1752.7499999992915, "N_RNAP": 20, "N_Ribo": 27, "N_ATP": 20000, "seed": 13}