{"t_death": 2680.6499999998905, "death_mode": "atp_depletion", "pnr_type": "ribo_depletion", "t_pnr": 553.4999999999951, "dt_walking_dead": 2127.1499999998955, "N_RNAP": 20, "N_Ribo": 2, "N_ATP": 100, "seed": 71}