{"t_death": 5553.449999998729, "death_mode": "ribo_collapse", "pnr_type": "ribo_depletion", "t_pnr": 5465.699999998765, "dt_walking_dead": 87.74999999996453, "N_RNAP": 20, "N_Ribo": 100, "N_ATP": 11100, "seed": 39}