{"t_death": 3161.699999999696, "death_mode": "ribo_collapse", "pnr_type": "ribo_depletion", "t_pnr": 2662.199999999898, "dt_walking_dead": 499.4999999997981, "N_RNAP": 20, "N_Ribo": 11, "N_ATP": 6161, "seed": 9}