{"t_death": 3872.6999999994086, "death_mode": "cycle_collapse", "pnr_type": "rnap_deadlock", "t_pnr": 3872.6999999994086, "dt_walking_dead": 0.0, "N_RNAP": 20, "N_Ribo": 100, "N_ATP": 6161, "seed": 86}