{"t_death": 5419.3499999987835, "death_mode": "ribo_collapse", "pnr_type": "ribo_depletion", "t_pnr": 2656.3499999999003, "dt_walking_dead": 2762.999999998883, "N_RNAP": 20, "N_Ribo": 3, "N_ATP": 584, "seed": 38}