{"t_death": 2842.649999999825, "death_mode": "cycle_collapse", "pnr_type": "rnap_deadlock", "t_pnr": 2815.649999999836, "dt_walking_dead": 26.999999999989086, "N_RNAP": 20, "N_Ribo": 17, "N_ATP": 20000, "seed": 61}