{"t_death": 5225.849999998862, "death_mode": "ribo_collapse", "pnr_type": "ribo_depletion", "t_pnr": 2240.1000000000686, "dt_walking_dead": 2985.749999998793, "N_RNAP": 20, "N_Ribo": 17, "N_ATP": 11100, "seed": 77}