{"t_death": 2931.749999999789, "death_mode": "ribo_collapse", "pnr_type": "ribo_depletion", "t_pnr": 2037.600000000145, "dt_walking_dead": 894.149999999644, "N_RNAP": 20, "N_Ribo": 3, "N_ATP": 6161, "seed": 75}