{"t_death": 729.0000000000128, "death_mode": "atp_depletion", "pnr_type": "ribo_depletion", "t_pnr": 655.6500000000054, "dt_walking_dead": 73.35000000000741, "N_RNAP": 20, "N_Ribo": 2, "N_ATP": 100, "seed": 24}