{"t_death": 4753.349999999053, "death_mode": "ribo_collapse", "pnr_type": "ribo_depletion", "t_pnr": 3450.1499999995794, "dt_walking_dead": 1303.1999999994732, "N_RNAP": 20, "N_Ribo": 11, "N_ATP": 3419, "seed": 47}