{"t_death": 3221.549999999672, "death_mode": "ribo_collapse", "pnr_type": "ribo_depletion", "t_pnr": 436.94999999999277, "dt_walking_dead": 2784.5999999996793, "N_RNAP": 20, "N_Ribo": 2, "N_ATP": 11100, "seed": 91}