{"t_death": 3289.4999999996444, "death_mode": "ribo_collapse", "pnr_type": "ribo_depletion", "t_pnr": 2907.8999999997986, "dt_walking_dead": 381.59999999984575, "N_RNAP": 20, "N_Ribo": 17, "N_ATP": 584, "seed": 40}