{"t_death": 1216.350000000062, "death_mode": "atp_depletion", "pnr_type": "ribo_depletion", "t_pnr": 1101.1500000000503, "dt_walking_dead": 115.20000000001164, "N_RNAP": 20, "N_Ribo": 2, "N_ATP": 100, "seed": 67}