{"t_death": 4520.699999999147, "death_mode": "ribo_collapse", "pnr_type": "ribo_depletion", "t_pnr": 1421.5500000000827, "dt_walking_dead": 3099.1499999990638, "N_RNAP": 20, "N_Ribo": 3, "N_ATP": 584, "seed": 60}