{"t_death": 3576.1499999995285, "death_mode": "cycle_collapse", "pnr_type": "rnap_deadlock", "t_pnr": 3576.1499999995285, "dt_walking_dead": 0.0, "N_RNAP": 20, "N_Ribo": 11, "N_ATP": 1898, "seed": 21}