{"t_death": 2102.4000000001242, "death_mode": "atp_depletion", "pnr_type": "ribo_depletion", "t_pnr": 572.8499999999971, "dt_walking_dead": 1529.550000000127, "N_RNAP": 20, "N_Ribo": 3, "N_ATP": 180, "seed": 11}