{"t_death": 2747.6999999998634, "death_mode": "ribo_collapse", "pnr_type": "ribo_depletion", "t_pnr": 1617.7500000001025, "dt_walking_dead": 1129.9499999997608, "N_RNAP": 20, "N_Ribo": 7, "N_ATP": 324, "seed": 55}