{"t_death": 3414.149999999594, "death_mode": "ribo_collapse", "pnr_type": "ribo_depletion", "t_pnr": 2212.20000000008, "dt_walking_dead": 1201.9499999995141, "N_RNAP": 20, "N_Ribo": 7, "N_ATP": 1898, "seed": 31}