{"t_death": 3278.6999999996488, "death_mode": "ribo_collapse", "pnr_type": "ribo_depletion", "t_pnr": 2482.6499999999705, "dt_walking_dead": 796.0499999996782, "N_RNAP": 20, "N_Ribo": 27, "N_ATP": 3419, "seed": 12}