{"t_death": 2717.9999999998754, "death_mode": "ribo_collapse", "pnr_type": "ribo_depletion", "t_pnr": 2033.1000000001445, "dt_walking_dead": 684.8999999997309, "N_RNAP": 20, "N_Ribo": 4, "N_ATP": 11100, "seed": 93}