{"t_death": 6701.849999998265, "death_mode": "ribo_collapse", "pnr_type": "ribo_depletion", "t_pnr": 6294.14999999843, "dt_walking_dead": 407.6999999998352, "N_RNAP": 20, "N_Ribo": 100, "N_ATP": 6161, "seed": 16}