{"t_death": 2349.0000000000246, "death_mode": "ribo_collapse", "pnr_type": "ribo_depletion", "t_pnr": 1883.2500000001294, "dt_walking_dead": 465.7499999998952, "N_RNAP": 20, "N_Ribo": 4, "N_ATP": 3419, "seed": 94}