{"t_death": 8508.149999998173, "death_mode": "ribo_collapse", "pnr_type": "ribo_depletion", "t_pnr": 5817.5999999986225, "dt_walking_dead": 2690.549999999551, "N_RNAP": 20, "N_Ribo": 41, "N_ATP": 6161, "seed": 87}