{"t_death": 4682.699999999081, "death_mode": "cycle_collapse", "pnr_type": "rnap_deadlock", "t_pnr": 4602.149999999114, "dt_walking_dead": 80.54999999996744, "N_RNAP": 20, "N_Ribo": 17, "N_ATP": 324, "seed": 9}