{"t_death": 2107.3500000001222, "death_mode": "ribo_collapse", "pnr_type": "ribo_depletion", "t_pnr": 1768.0500000001177, "dt_walking_dead": 339.3000000000045, "N_RNAP": 20, "N_Ribo": 4, "N_ATP": 1053, "seed": 23}