{"t_death": 1701.450000000111, "death_mode": "atp_depletion", "pnr_type": "ribo_depletion", "t_pnr": 1546.6500000000954, "dt_walking_dead": 154.80000000001564, "N_RNAP": 20, "N_Ribo": 3, "N_ATP": 180, "seed": 0}