{"t_death": 5931.899999998576, "death_mode": "cycle_collapse", "pnr_type": "rnap_deadlock", "t_pnr": 5858.999999998606, "dt_walking_dead": 72.89999999997053, "N_RNAP": 20, "N_Ribo": 100, "N_ATP": 1898, "seed": 11}