{"t_death": 2789.5499999998465, "death_mode": "ribo_collapse", "pnr_type": "ribo_depletion", "t_pnr": 58.95000000000013, "dt_walking_dead": 2730.599999999846, "N_RNAP": 20, "N_Ribo": 2, "N_ATP": 324, "seed": 44}