{"t_death": 3434.8499999995856, "death_mode": "cycle_collapse", "pnr_type": "rnap_deadlock", "t_pnr": 3356.0999999996175, "dt_walking_dead": 78.74999999996817, "N_RNAP": 20, "N_Ribo": 27, "N_ATP": 1053, "seed": 93}