{"t_death": 1567.8000000000975, "death_mode": "atp_depletion", "pnr_type": "ribo_depletion", "t_pnr": 1127.700000000053, "dt_walking_dead": 440.1000000000445, "N_RNAP": 20, "N_Ribo": 4, "N_ATP": 180, "seed": 78}