{"t_death": 2238.3000000000693, "death_mode": "ribo_collapse", "pnr_type": "ribo_depletion", "t_pnr": 1644.3000000001052, "dt_walking_dead": 593.9999999999641, "N_RNAP": 20, "N_Ribo": 3, "N_ATP": 20000, "seed": 56}