{"t_death": 4379.399999999204, "death_mode": "ribo_collapse", "pnr_type": "ribo_depletion", "t_pnr": 2687.3999999998878, "dt_walking_dead": 1691.999999999316, "N_RNAP": 20, "N_Ribo": 11, "N_ATP": 6161, "seed": 98}