{"t_death": 2288.250000000049, "death_mode": "atp_depletion", "pnr_type": "ribo_depletion", "t_pnr": 2151.0000000001046, "dt_walking_dead": 137.24999999994452, "N_RNAP": 20, "N_Ribo": 4, "N_ATP": 180, "seed": 55}