{"t_death": 2376.9000000000133, "death_mode": "ribo_collapse", "pnr_type": "ribo_depletion", "t_pnr": 1921.5000000001332, "dt_walking_dead": 455.39999999988004, "N_RNAP": 20, "N_Ribo": 4, "N_ATP": 3419, "seed": 3}