{"t_death": 6059.699999998525, "death_mode": "ribo_collapse", "pnr_type": "ribo_depletion", "t_pnr": 1726.6500000001136, "dt_walking_dead": 4333.049999998411, "N_RNAP": 20, "N_Ribo": 7, "N_ATP": 20000, "seed": 89}