{"t_death": 2848.4999999998226, "death_mode": "ribo_collapse", "pnr_type": "ribo_depletion", "t_pnr": 1550.2500000000957, "dt_walking_dead": 1298.249999999727, "N_RNAP": 20, "N_Ribo": 3, "N_ATP": 3419, "seed": 3}