{"t_death": 5461.649999998766, "death_mode": "ribo_collapse", "pnr_type": "ribo_depletion", "t_pnr": 1083.6000000000486, "dt_walking_dead": 4378.049999998718, "N_RNAP": 20, "N_Ribo": 4, "N_ATP": 324, "seed": 76}