{"t_death": 8081.999999997707, "death_mode": "ribo_collapse", "pnr_type": "ribo_depletion", "t_pnr": 7430.399999997971, "dt_walking_dead": 651.5999999997366, "N_RNAP": 20, "N_Ribo": 100, "N_ATP": 6161, "seed": 84}