{"t_death": 3808.3499999994347, "death_mode": "ribo_collapse", "pnr_type": "ribo_depletion", "t_pnr": 2478.599999999972, "dt_walking_dead": 1329.7499999994625, "N_RNAP": 20, "N_Ribo": 11, "N_ATP": 324, "seed": 92}