{"t_death": 2376.0000000000136, "death_mode": "ribo_collapse", "pnr_type": "ribo_depletion", "t_pnr": 1086.3000000000488, "dt_walking_dead": 1289.6999999999648, "N_RNAP": 20, "N_Ribo": 2, "N_ATP": 324, "seed": 14}