{"t_death": 3129.749999999709, "death_mode": "ribo_collapse", "pnr_type": "ribo_depletion", "t_pnr": 1616.4000000001024, "dt_walking_dead": 1513.3499999996066, "N_RNAP": 20, "N_Ribo": 4, "N_ATP": 324, "seed": 95}