{"t_death": 3428.0999999995884, "death_mode": "ribo_collapse", "pnr_type": "ribo_depletion", "t_pnr": 1961.5500000001373, "dt_walking_dead": 1466.549999999451, "N_RNAP": 20, "N_Ribo": 4, "N_ATP": 3419, "seed": 71}