{"t_death": 4156.199999999294, "death_mode": "cycle_collapse", "pnr_type": "rnap_deadlock", "t_pnr": 4023.4499999993477, "dt_walking_dead": 132.74999999994634, "N_RNAP": 20, "N_Ribo": 41, "N_ATP": 1053, "seed": 19}