{"t_death": 3692.6999999994814, "death_mode": "cycle_collapse", "pnr_type": "rnap_deadlock", "t_pnr": 3692.6999999994814, "dt_walking_dead": 0.0, "N_RNAP": 20, "N_Ribo": 100, "N_ATP": 1898, "seed": 63}