{"t_death": 4635.8999999991, "death_mode": "ribo_collapse", "pnr_type": "ribo_depletion", "t_pnr": 1745.1000000001154, "dt_walking_dead": 2890.7999999989847, "N_RNAP": 20, "N_Ribo": 3, "N_ATP": 11100, "seed": 77}