{"t_death": 2465.9999999999773, "death_mode": "atp_depletion", "pnr_type": "ribo_depletion", "t_pnr": 1643.4000000001051, "dt_walking_dead": 822.5999999998721, "N_RNAP": 20, "N_Ribo": 3, "N_ATP": 180, "seed": 36}