{"t_death": 7879.499999997789, "death_mode": "ribo_collapse", "pnr_type": "ribo_depletion", "t_pnr": 2348.100000000025, "dt_walking_dead": 5531.399999997764, "N_RNAP": 20, "N_Ribo": 2, "N_ATP": 584, "seed": 4}