{"t_death": 5452.64999999877, "death_mode": "ribo_collapse", "pnr_type": "ribo_depletion", "t_pnr": 4925.699999998983, "dt_walking_dead": 526.949999999787, "N_RNAP": 20, "N_Ribo": 100, "N_ATP": 1898, "seed": 82}