{"t_death": 3786.7499999994434, "death_mode": "ribo_collapse", "pnr_type": "ribo_depletion", "t_pnr": 2863.7999999998165, "dt_walking_dead": 922.9499999996269, "N_RNAP": 20, "N_Ribo": 3, "N_ATP": 1053, "seed": 26}