{"t_death": 4511.69999999915, "death_mode": "ribo_collapse", "pnr_type": "ribo_depletion", "t_pnr": 2519.5499999999556, "dt_walking_dead": 1992.1499999991947, "N_RNAP": 20, "N_Ribo": 7, "N_ATP": 6161, "seed": 13}