{"t_death": 4180.049999999284, "death_mode": "ribo_collapse", "pnr_type": "ribo_depletion", "t_pnr": 572.8499999999971, "dt_walking_dead": 3607.1999999992872, "N_RNAP": 20, "N_Ribo": 3, "N_ATP": 584, "seed": 11}