{"t_death": 2669.849999999895, "death_mode": "ribo_collapse", "pnr_type": "ribo_depletion", "t_pnr": 377.0999999999943, "dt_walking_dead": 2292.7499999999004, "N_RNAP": 20, "N_Ribo": 2, "N_ATP": 180, "seed": 62}