{"t_death": 3881.699999999405, "death_mode": "ribo_collapse", "pnr_type": "ribo_depletion", "t_pnr": 1964.7000000001376, "dt_walking_dead": 1916.9999999992674, "N_RNAP": 20, "N_Ribo": 27, "N_ATP": 6161, "seed": 80}