{"t_death": 3157.6499999996977, "death_mode": "atp_depletion", "pnr_type": "ribo_depletion", "t_pnr": 2349.900000000024, "dt_walking_dead": 807.7499999996735, "N_RNAP": 20, "N_Ribo": 4, "N_ATP": 180, "seed": 42}