{"t_death": 2839.0499999998265, "death_mode": "ribo_collapse", "pnr_type": "ribo_depletion", "t_pnr": 2046.1500000001458, "dt_walking_dead": 792.8999999996806, "N_RNAP": 20, "N_Ribo": 4, "N_ATP": 324, "seed": 97}