{"t_death": 6102.899999998507, "death_mode": "ribo_collapse", "pnr_type": "ribo_depletion", "t_pnr": 2620.349999999915, "dt_walking_dead": 3482.5499999985923, "N_RNAP": 20, "N_Ribo": 11, "N_ATP": 1898, "seed": 80}