{"t_death": 3892.049999999401, "death_mode": "ribo_collapse", "pnr_type": "ribo_depletion", "t_pnr": 2491.649999999967, "dt_walking_dead": 1400.399999999434, "N_RNAP": 20, "N_Ribo": 27, "N_ATP": 1053, "seed": 26}