{"t_death": 2269.8000000000566, "death_mode": "ribo_collapse", "pnr_type": "ribo_depletion", "t_pnr": 1845.4500000001256, "dt_walking_dead": 424.349999999931, "N_RNAP": 20, "N_Ribo": 4, "N_ATP": 1053, "seed": 40}