{"t_death": 3810.149999999434, "death_mode": "ribo_collapse", "pnr_type": "ribo_depletion", "t_pnr": 3402.8999999995985, "dt_walking_dead": 407.2499999998354, "N_RNAP": 20, "N_Ribo": 17, "N_ATP": 1898, "seed": 58}