{"t_death": 8282.699999997809, "death_mode": "ribo_collapse", "pnr_type": "ribo_depletion", "t_pnr": 4456.349999999173, "dt_walking_dead": 3826.349999998636, "N_RNAP": 20, "N_Ribo": 41, "N_ATP": 1053, "seed": 92}