{"t_death": 2697.7499999998836, "death_mode": "atp_depletion", "pnr_type": "ribo_depletion", "t_pnr": 2080.800000000133, "dt_walking_dead": 616.9499999997506, "N_RNAP": 20, "N_Ribo": 27, "N_ATP": 180, "seed": 20}