{"t_death": 3279.1499999996486, "death_mode": "cycle_collapse", "pnr_type": "rnap_deadlock", "t_pnr": 3077.0999999997302, "dt_walking_dead": 202.04999999991833, "N_RNAP": 20, "N_Ribo": 3, "N_ATP": 180, "seed": 2}