{"t_death": 3684.149999999485, "death_mode": "ribo_collapse", "pnr_type": "ribo_depletion", "t_pnr": 1786.0500000001196, "dt_walking_dead": 1898.0999999993653, "N_RNAP": 20, "N_Ribo": 11, "N_ATP": 324, "seed": 54}