{"t_death": 3225.1499999996704, "death_mode": "ribo_collapse", "pnr_type": "ribo_depletion", "t_pnr": 2083.500000000132, "dt_walking_dead": 1141.6499999995385, "N_RNAP": 20, "N_Ribo": 7, "N_ATP": 180, "seed": 32}