{"t_death": 5476.49999999876, "death_mode": "ribo_collapse", "pnr_type": "ribo_depletion", "t_pnr": 2447.5499999999847, "dt_walking_dead": 3028.9499999987756, "N_RNAP": 20, "N_Ribo": 11, "N_ATP": 6161, "seed": 74}