{"t_death": 3161.2499999996962, "death_mode": "ribo_collapse", "pnr_type": "ribo_depletion", "t_pnr": 949.5000000000351, "dt_walking_dead": 2211.749999999661, "N_RNAP": 20, "N_Ribo": 2, "N_ATP": 180, "seed": 11}