{"t_death": 3077.99999999973, "death_mode": "ribo_collapse", "pnr_type": "ribo_depletion", "t_pnr": 1293.7500000000698, "dt_walking_dead": 1784.24999999966, "N_RNAP": 20, "N_Ribo": 3, "N_ATP": 180, "seed": 45}