{"t_death": 3561.7499999995343, "death_mode": "ribo_collapse", "pnr_type": "ribo_depletion", "t_pnr": 2437.6499999999887, "dt_walking_dead": 1124.0999999995456, "N_RNAP": 20, "N_Ribo": 2, "N_ATP": 20000, "seed": 98}