{"t_death": 1541.7000000000949, "death_mode": "cycle_collapse", "pnr_type": "rnap_deadlock", "t_pnr": 1430.1000000000836, "dt_walking_dead": 111.60000000001128, "N_RNAP": 20, "N_Ribo": 4, "N_ATP": 180, "seed": 73}