{"t_death": 3364.649999999614, "death_mode": "ribo_collapse", "pnr_type": "ribo_depletion", "t_pnr": 2361.1500000000196, "dt_walking_dead": 1003.4999999995944, "N_RNAP": 20, "N_Ribo": 4, "N_ATP": 584, "seed": 63}