{"t_death": 3053.6999999997397, "death_mode": "cycle_collapse", "pnr_type": "rnap_deadlock", "t_pnr": 3053.6999999997397, "dt_walking_dead": 0.0, "N_RNAP": 20, "N_Ribo": 11, "N_ATP": 3419, "seed": 33}