{"t_death": 804.1500000000204, "death_mode": "atp_depletion", "pnr_type": "ribo_depletion", "t_pnr": 735.3000000000135, "dt_walking_dead": 68.85000000000696, "N_RNAP": 20, "N_Ribo": 4, "N_ATP": 100, "seed": 15}