{"t_death": 3555.449999999537, "death_mode": "ribo_collapse", "pnr_type": "ribo_depletion", "t_pnr": 553.4999999999951, "dt_walking_dead": 3001.949999999542, "N_RNAP": 20, "N_Ribo": 2, "N_ATP": 1053, "seed": 71}