{"t_death": 3348.4499999996206, "death_mode": "ribo_collapse", "pnr_type": "ribo_depletion", "t_pnr": 1933.2000000001344, "dt_walking_dead": 1415.2499999994861, "N_RNAP": 20, "N_Ribo": 3, "N_ATP": 20000, "seed": 71}