{"t_death": 2326.9500000000335, "death_mode": "cycle_collapse", "pnr_type": "rnap_deadlock", "t_pnr": 2207.7000000000817, "dt_walking_dead": 119.2499999999518, "N_RNAP": 20, "N_Ribo": 17, "N_ATP": 584, "seed": 56}