{"t_death": 4270.949999999248, "death_mode": "cycle_collapse", "pnr_type": "rnap_deadlock", "t_pnr": 4196.699999999278, "dt_walking_dead": 74.24999999996999, "N_RNAP": 20, "N_Ribo": 64, "N_ATP": 324, "seed": 22}