{"t_death": 2471.399999999975, "death_mode": "ribo_collapse", "pnr_type": "ribo_depletion", "t_pnr": 1117.350000000052, "dt_walking_dead": 1354.049999999923, "N_RNAP": 20, "N_Ribo": 3, "N_ATP": 1898, "seed": 70}