{"t_death": 3460.949999999575, "death_mode": "ribo_collapse", "pnr_type": "ribo_depletion", "t_pnr": 2973.599999999772, "dt_walking_dead": 487.349999999803, "N_RNAP": 20, "N_Ribo": 17, "N_ATP": 324, "seed": 20}