{"t_death": 3923.549999999388, "death_mode": "cycle_collapse", "pnr_type": "rnap_deadlock", "t_pnr": 3837.599999999423, "dt_walking_dead": 85.94999999996526, "N_RNAP": 20, "N_Ribo": 11, "N_ATP": 6161, "seed": 45}