{"t_death": 1156.050000000056, "death_mode": "atp_depletion", "pnr_type": "ribo_depletion", "t_pnr": 734.4000000000134, "dt_walking_dead": 421.6500000000425, "N_RNAP": 20, "N_Ribo": 4, "N_ATP": 100, "seed": 36}