{"t_death": 4564.349999999129, "death_mode": "ribo_collapse", "pnr_type": "ribo_depletion", "t_pnr": 2836.3499999998276, "dt_walking_dead": 1727.9999999993015, "N_RNAP": 20, "N_Ribo": 27, "N_ATP": 3419, "seed": 39}