{"t_death": 7057.349999998121, "death_mode": "ribo_collapse", "pnr_type": "ribo_depletion", "t_pnr": 6029.099999998537, "dt_walking_dead": 1028.2499999995844, "N_RNAP": 20, "N_Ribo": 100, "N_ATP": 20000, "seed": 40}