{"t_death": 3320.9999999996317, "death_mode": "ribo_collapse", "pnr_type": "ribo_depletion", "t_pnr": 3171.599999999692, "dt_walking_dead": 149.3999999999396, "N_RNAP": 20, "N_Ribo": 4, "N_ATP": 11100, "seed": 66}