{"t_death": 3686.8499999994838, "death_mode": "ribo_collapse", "pnr_type": "ribo_depletion", "t_pnr": 452.6999999999924, "dt_walking_dead": 3234.1499999994912, "N_RNAP": 20, "N_Ribo": 2, "N_ATP": 324, "seed": 85}