{"t_death": 4406.849999999193, "death_mode": "ribo_collapse", "pnr_type": "ribo_depletion", "t_pnr": 1383.3000000000789, "dt_walking_dead": 3023.549999999114, "N_RNAP": 20, "N_Ribo": 2, "N_ATP": 1053, "seed": 6}