{"t_death": 3309.2999999996364, "death_mode": "ribo_collapse", "pnr_type": "ribo_depletion", "t_pnr": 2181.600000000092, "dt_walking_dead": 1127.6999999995442, "N_RNAP": 20, "N_Ribo": 4, "N_ATP": 6161, "seed": 91}