{"t_death": 3334.499999999626, "death_mode": "atp_depletion", "pnr_type": "ribo_depletion", "t_pnr": 2151.9000000001042, "dt_walking_dead": 1182.599999999522, "N_RNAP": 20, "N_Ribo": 17, "N_ATP": 180, "seed": 10}