{"t_death": 4072.9499999993277, "death_mode": "ribo_collapse", "pnr_type": "ribo_depletion", "t_pnr": 1443.600000000085, "dt_walking_dead": 2629.3499999992428, "N_RNAP": 20, "N_Ribo": 2, "N_ATP": 324, "seed": 3}