{"t_death": 1980.9000000001392, "death_mode": "ribo_collapse", "pnr_type": "ribo_depletion", "t_pnr": 491.8499999999914, "dt_walking_dead": 1489.050000000148, "N_RNAP": 20, "N_Ribo": 3, "N_ATP": 324, "seed": 31}