{"t_death": 4320.449999999228, "death_mode": "cycle_collapse", "pnr_type": "rnap_deadlock", "t_pnr": 4220.999999999268, "dt_walking_dead": 99.4499999999598, "N_RNAP": 20, "N_Ribo": 41, "N_ATP": 1898, "seed": 50}