{"t_death": 4095.8999999993184, "death_mode": "ribo_collapse", "pnr_type": "ribo_depletion", "t_pnr": 1706.8500000001115, "dt_walking_dead": 2389.049999999207, "N_RNAP": 20, "N_Ribo": 4, "N_ATP": 11100, "seed": 72}