{"t_death": 1958.850000000137, "death_mode": "atp_depletion", "pnr_type": "ribo_depletion", "t_pnr": 1519.6500000000926, "dt_walking_dead": 439.2000000000444, "N_RNAP": 20, "N_Ribo": 3, "N_ATP": 100, "seed": 14}