{"t_death": 5095.799999998914, "death_mode": "ribo_collapse", "pnr_type": "ribo_depletion", "t_pnr": 3989.6999999993614, "dt_walking_dead": 1106.099999999553, "N_RNAP": 20, "N_Ribo": 64, "N_ATP": 1053, "seed": 4}