{"t_death": 4214.69999999927, "death_mode": "ribo_collapse", "pnr_type": "ribo_depletion", "t_pnr": 3466.7999999995727, "dt_walking_dead": 747.8999999996977, "N_RNAP": 20, "N_Ribo": 7, "N_ATP": 1898, "seed": 63}