{"t_death": 12710.700000004968, "death_mode": "ribo_collapse", "pnr_type": "ribo_depletion", "t_pnr": 6051.149999998528, "dt_walking_dead": 6659.55000000644, "N_RNAP": 20, "N_Ribo": 41, "N_ATP": 584, "seed": 64}