{"t_death": 2294.1000000000467, "death_mode": "ribo_collapse", "pnr_type": "ribo_depletion", "t_pnr": 804.1500000000204, "dt_walking_dead": 1489.9500000000262, "N_RNAP": 20, "N_Ribo": 3, "N_ATP": 180, "seed": 48}