{"t_death": 2946.599999999783, "death_mode": "ribo_collapse", "pnr_type": "ribo_depletion", "t_pnr": 1184.4000000000588, "dt_walking_dead": 1762.1999999997242, "N_RNAP": 20, "N_Ribo": 4, "N_ATP": 6161, "seed": 84}