{"t_death": 3432.5999999995865, "death_mode": "ribo_collapse", "pnr_type": "ribo_depletion", "t_pnr": 2719.7999999998747, "dt_walking_dead": 712.7999999997119, "N_RNAP": 20, "N_Ribo": 3, "N_ATP": 1898, "seed": 53}