{"t_death": 5028.749999998941, "death_mode": "ribo_collapse", "pnr_type": "ribo_depletion", "t_pnr": 4966.649999998966, "dt_walking_dead": 62.0999999999749, "N_RNAP": 20, "N_Ribo": 17, "N_ATP": 3419, "seed": 18}