{"t_death": 4574.699999999125, "death_mode": "cycle_collapse", "pnr_type": "rnap_deadlock", "t_pnr": 4516.1999999991485, "dt_walking_dead": 58.49999999997635, "N_RNAP": 20, "N_Ribo": 64, "N_ATP": 1053, "seed": 87}