{"t_death": 3221.549999999672, "death_mode": "cycle_collapse", "pnr_type": "rnap_deadlock", "t_pnr": 3187.3499999996857, "dt_walking_dead": 34.199999999986176, "N_RNAP": 20, "N_Ribo": 64, "N_ATP": 20000, "seed": 35}