{"t_death": 2734.6499999998687, "death_mode": "atp_depletion", "pnr_type": "ribo_depletion", "t_pnr": 886.5000000000288, "dt_walking_dead": 1848.14999999984, "N_RNAP": 20, "N_Ribo": 2, "N_ATP": 180, "seed": 40}