{"t_death": 2582.0999999999303, "death_mode": "atp_depletion", "pnr_type": "ribo_depletion", "t_pnr": 2298.150000000045, "dt_walking_dead": 283.9499999998852, "N_RNAP": 20, "N_Ribo": 11, "N_ATP": 180, "seed": 18}