{"t_death": 6286.949999998433, "death_mode": "ribo_collapse", "pnr_type": "ribo_depletion", "t_pnr": 6022.7999999985395, "dt_walking_dead": 264.1499999998932, "N_RNAP": 20, "N_Ribo": 100, "N_ATP": 11100, "seed": 6}