{"t_death": 769.5000000000169, "death_mode": "atp_depletion", "pnr_type": "ribo_depletion", "t_pnr": 652.9500000000052, "dt_walking_dead": 116.55000000001178, "N_RNAP": 20, "N_Ribo": 2, "N_ATP": 100, "seed": 93}