{"t_death": 3992.84999999936, "death_mode": "cycle_collapse", "pnr_type": "rnap_deadlock", "t_pnr": 3788.9999999994425, "dt_walking_dead": 203.8499999999176, "N_RNAP": 20, "N_Ribo": 27, "N_ATP": 3419, "seed": 43}