{"t_death": 7195.049999998066, "death_mode": "ribo_collapse", "pnr_type": "ribo_depletion", "t_pnr": 3457.7999999995764, "dt_walking_dead": 3737.2499999984893, "N_RNAP": 20, "N_Ribo": 27, "N_ATP": 6161, "seed": 51}