{"t_death": 4149.899999999297, "death_mode": "ribo_collapse", "pnr_type": "ribo_depletion", "t_pnr": 2125.350000000115, "dt_walking_dead": 2024.5499999991816, "N_RNAP": 20, "N_Ribo": 3, "N_ATP": 1898, "seed": 22}