{"t_death": 1227.150000000063, "death_mode": "atp_depletion", "pnr_type": "ribo_depletion", "t_pnr": 584.5499999999982, "dt_walking_dead": 642.6000000000648, "N_RNAP": 20, "N_Ribo": 2, "N_ATP": 100, "seed": 41}