{"t_death": 5260.049999998848, "death_mode": "atp_depletion", "pnr_type": "ribo_depletion", "t_pnr": 2376.9000000000133, "dt_walking_dead": 2883.1499999988346, "N_RNAP": 20, "N_Ribo": 3, "N_ATP": 180, "seed": 89}