{"t_death": 4018.04999999935, "death_mode": "ribo_collapse", "pnr_type": "ribo_depletion", "t_pnr": 1506.1500000000913, "dt_walking_dead": 2511.8999999992584, "N_RNAP": 20, "N_Ribo": 2, "N_ATP": 11100, "seed": 34}