{"t_death": 2447.5499999999847, "death_mode": "atp_depletion", "pnr_type": "ribo_depletion", "t_pnr": 2149.650000000105, "dt_walking_dead": 297.8999999998796, "N_RNAP": 20, "N_Ribo": 11, "N_ATP": 180, "seed": 85}