{"t_death": 5319.899999998824, "death_mode": "ribo_collapse", "pnr_type": "ribo_depletion", "t_pnr": 5067.449999998926, "dt_walking_dead": 252.44999999989795, "N_RNAP": 20, "N_Ribo": 64, "N_ATP": 20000, "seed": 63}