{"t_death": 3025.349999999751, "death_mode": "ribo_collapse", "pnr_type": "ribo_depletion", "t_pnr": 2455.1999999999816, "dt_walking_dead": 570.1499999997695, "N_RNAP": 20, "N_Ribo": 7, "N_ATP": 20000, "seed": 95}