{"t_death": 4445.999999999177, "death_mode": "ribo_collapse", "pnr_type": "ribo_depletion", "t_pnr": 1101.1500000000503, "dt_walking_dead": 3344.8499999991263, "N_RNAP": 20, "N_Ribo": 2, "N_ATP": 1053, "seed": 67}