{"t_death": 1253.7000000000658, "death_mode": "atp_depletion", "pnr_type": "ribo_depletion", "t_pnr": 682.2000000000081, "dt_walking_dead": 571.5000000000576, "N_RNAP": 20, "N_Ribo": 4, "N_ATP": 100, "seed": 48}