{"t_death": 4090.4999999993206, "death_mode": "ribo_collapse", "pnr_type": "ribo_depletion", "t_pnr": 2530.799999999951, "dt_walking_dead": 1559.6999999993695, "N_RNAP": 20, "N_Ribo": 27, "N_ATP": 1898, "seed": 66}