{"t_death": 7755.299999997839, "death_mode": "ribo_collapse", "pnr_type": "ribo_depletion", "t_pnr": 6425.999999998377, "dt_walking_dead": 1329.2999999994627, "N_RNAP": 20, "N_Ribo": 100, "N_ATP": 1898, "seed": 21}