{"t_death": 3370.4999999996116, "death_mode": "ribo_collapse", "pnr_type": "ribo_depletion", "t_pnr": 3196.349999999682, "dt_walking_dead": 174.1499999999296, "N_RNAP": 20, "N_Ribo": 17, "N_ATP": 180, "seed": 63}