{"t_death": 4400.0999999991955, "death_mode": "ribo_collapse", "pnr_type": "ribo_depletion", "t_pnr": 2063.25000000014, "dt_walking_dead": 2336.8499999990554, "N_RNAP": 20, "N_Ribo": 2, "N_ATP": 324, "seed": 57}