{"t_death": 4323.149999999227, "death_mode": "ribo_collapse", "pnr_type": "ribo_depletion", "t_pnr": 1658.2500000001066, "dt_walking_dead": 2664.89999999912, "N_RNAP": 20, "N_Ribo": 7, "N_ATP": 6161, "seed": 86}