{"t_death": 2894.399999999804, "death_mode": "ribo_collapse", "pnr_type": "ribo_depletion", "t_pnr": 2587.949999999928, "dt_walking_dead": 306.4499999998761, "N_RNAP": 20, "N_Ribo": 11, "N_ATP": 1053, "seed": 7}