{"t_death": 4229.999999999264, "death_mode": "ribo_collapse", "pnr_type": "ribo_depletion", "t_pnr": 545.3999999999943, "dt_walking_dead": 3684.59999999927, "N_RNAP": 20, "N_Ribo": 3, "N_ATP": 6161, "seed": 80}