{"t_death": 5439.599999998775, "death_mode": "ribo_collapse", "pnr_type": "ribo_depletion", "t_pnr": 3730.949999999466, "dt_walking_dead": 1708.6499999993093, "N_RNAP": 20, "N_Ribo": 17, "N_ATP": 3419, "seed": 46}