{"t_death": 3213.899999999675, "death_mode": "cycle_collapse", "pnr_type": "rnap_deadlock", "t_pnr": 3107.249999999718, "dt_walking_dead": 106.64999999995689, "N_RNAP": 20, "N_Ribo": 41, "N_ATP": 1053, "seed": 18}