{"t_death": 4119.749999999309, "death_mode": "ribo_collapse", "pnr_type": "ribo_depletion", "t_pnr": 3576.1499999995285, "dt_walking_dead": 543.5999999997803, "N_RNAP": 20, "N_Ribo": 11, "N_ATP": 20000, "seed": 64}