{"t_death": 1083.1500000000485, "death_mode": "atp_depletion", "pnr_type": "ribo_depletion", "t_pnr": 452.6999999999924, "dt_walking_dead": 630.4500000000562, "N_RNAP": 20, "N_Ribo": 2, "N_ATP": 100, "seed": 85}