{"t_death": 3099.1499999997213, "death_mode": "cycle_collapse", "pnr_type": "rnap_deadlock", "t_pnr": 2885.3999999998077, "dt_walking_dead": 213.7499999999136, "N_RNAP": 20, "N_Ribo": 4, "N_ATP": 20000, "seed": 81}