{"t_death": 4294.799999999238, "death_mode": "ribo_collapse", "pnr_type": "ribo_depletion", "t_pnr": 1546.6500000000954, "dt_walking_dead": 2748.149999999143, "N_RNAP": 20, "N_Ribo": 3, "N_ATP": 11100, "seed": 0}