{"t_death": 3392.099999999603, "death_mode": "cycle_collapse", "pnr_type": "rnap_deadlock", "t_pnr": 3303.4499999996387, "dt_walking_dead": 88.64999999996417, "N_RNAP": 20, "N_Ribo": 100, "N_ATP": 6161, "seed": 49}