{"t_death": 5927.399999998578, "death_mode": "ribo_collapse", "pnr_type": "ribo_depletion", "t_pnr": 3440.6999999995833, "dt_walking_dead": 2486.699999998995, "N_RNAP": 20, "N_Ribo": 11, "N_ATP": 11100, "seed": 89}