{"t_death": 5197.949999998873, "death_mode": "ribo_collapse", "pnr_type": "ribo_depletion", "t_pnr": 4689.899999999078, "dt_walking_dead": 508.04999999979464, "N_RNAP": 20, "N_Ribo": 64, "N_ATP": 584, "seed": 97}