{"t_death": 3197.2499999996817, "death_mode": "atp_depletion", "pnr_type": "ribo_depletion", "t_pnr": 2414.699999999998, "dt_walking_dead": 782.5499999996837, "N_RNAP": 20, "N_Ribo": 7, "N_ATP": 180, "seed": 18}