{"t_death": 3311.9999999996353, "death_mode": "cycle_collapse", "pnr_type": "rnap_deadlock", "t_pnr": 3311.9999999996353, "dt_walking_dead": 0.0, "N_RNAP": 20, "N_Ribo": 64, "N_ATP": 11100, "seed": 16}