{"t_death": 6485.849999998352, "death_mode": "ribo_collapse", "pnr_type": "ribo_depletion", "t_pnr": 1165.0500000000568, "dt_walking_dead": 5320.799999998296, "N_RNAP": 20, "N_Ribo": 2, "N_ATP": 11100, "seed": 97}