{"t_death": 1179.9000000000583, "death_mode": "atp_depletion", "pnr_type": "ribo_depletion", "t_pnr": 638.1000000000037, "dt_walking_dead": 541.8000000000546, "N_RNAP": 20, "N_Ribo": 3, "N_ATP": 100, "seed": 30}