{"t_death": 5448.149999998772, "death_mode": "ribo_collapse", "pnr_type": "ribo_depletion", "t_pnr": 2184.300000000091, "dt_walking_dead": 3263.8499999986807, "N_RNAP": 20, "N_Ribo": 4, "N_ATP": 1898, "seed": 25}