{"t_death": 3328.1999999996287, "death_mode": "ribo_collapse", "pnr_type": "ribo_depletion", "t_pnr": 1633.050000000104, "dt_walking_dead": 1695.1499999995247, "N_RNAP": 20, "N_Ribo": 17, "N_ATP": 584, "seed": 39}