{"t_death": 3126.5999999997102, "death_mode": "ribo_collapse", "pnr_type": "ribo_depletion", "t_pnr": 1711.350000000112, "dt_walking_dead": 1415.2499999995982, "N_RNAP": 20, "N_Ribo": 3, "N_ATP": 3419, "seed": 81}