{"t_death": 3467.2499999995725, "death_mode": "ribo_collapse", "pnr_type": "ribo_depletion", "t_pnr": 1628.1000000001036, "dt_walking_dead": 1839.149999999469, "N_RNAP": 20, "N_Ribo": 2, "N_ATP": 584, "seed": 21}