{"t_death": 4199.849999999276, "death_mode": "ribo_collapse", "pnr_type": "ribo_depletion", "t_pnr": 4068.8999999993293, "dt_walking_dead": 130.94999999994707, "N_RNAP": 20, "N_Ribo": 11, "N_ATP": 584, "seed": 91}