{"t_death": 3495.1499999995613, "death_mode": "ribo_collapse", "pnr_type": "ribo_depletion", "t_pnr": 1459.3500000000865, "dt_walking_dead": 2035.7999999994747, "N_RNAP": 20, "N_Ribo": 11, "N_ATP": 584, "seed": 2}