{"t_death": 6506.099999998344, "death_mode": "ribo_collapse", "pnr_type": "ribo_depletion", "t_pnr": 2149.650000000105, "dt_walking_dead": 4356.449999998239, "N_RNAP": 20, "N_Ribo": 11, "N_ATP": 584, "seed": 85}