{"t_death": 3508.199999999556, "death_mode": "atp_depletion", "pnr_type": "ribo_depletion", "t_pnr": 1421.5500000000827, "dt_walking_dead": 2086.649999999473, "N_RNAP": 20, "N_Ribo": 3, "N_ATP": 180, "seed": 60}