{"t_death": 5715.449999998664, "death_mode": "ribo_collapse", "pnr_type": "ribo_depletion", "t_pnr": 5350.0499999988115, "dt_walking_dead": 365.3999999998523, "N_RNAP": 20, "N_Ribo": 64, "N_ATP": 3419, "seed": 43}