{"t_death": 3477.1499999995685, "death_mode": "cycle_collapse", "pnr_type": "rnap_deadlock", "t_pnr": 3477.1499999995685, "dt_walking_dead": 0.0, "N_RNAP": 20, "N_Ribo": 41, "N_ATP": 11100, "seed": 49}