{"t_death": 1950.7500000001362, "death_mode": "atp_depletion", "pnr_type": "ribo_depletion", "t_pnr": 1925.5500000001337, "dt_walking_dead": 25.200000000002547, "N_RNAP": 20, "N_Ribo": 2, "N_ATP": 180, "seed": 61}