{"t_death": 5319.449999998824, "death_mode": "cycle_collapse", "pnr_type": "rnap_deadlock", "t_pnr": 5106.59999999891, "dt_walking_dead": 212.84999999991396, "N_RNAP": 20, "N_Ribo": 7, "N_ATP": 11100, "seed": 93}