{"t_death": 5334.299999998818, "death_mode": "ribo_collapse", "pnr_type": "ribo_depletion", "t_pnr": 4662.899999999089, "dt_walking_dead": 671.3999999997286, "N_RNAP": 20, "N_Ribo": 100, "N_ATP": 11100, "seed": 66}