{"t_death": 2163.6000000000995, "death_mode": "atp_depletion", "pnr_type": "ribo_depletion", "t_pnr": 877.9500000000279, "dt_walking_dead": 1285.6500000000715, "N_RNAP": 20, "N_Ribo": 2, "N_ATP": 100, "seed": 2}