{"t_death": 2700.4499999998825, "death_mode": "cycle_collapse", "pnr_type": "rnap_deadlock", "t_pnr": 2549.2499999999436, "dt_walking_dead": 151.19999999993888, "N_RNAP": 20, "N_Ribo": 27, "N_ATP": 3419, "seed": 60}