{"t_death": 7369.649999997995, "death_mode": "ribo_collapse", "pnr_type": "ribo_depletion", "t_pnr": 7120.349999998096, "dt_walking_dead": 249.29999999989923, "N_RNAP": 20, "N_Ribo": 100, "N_ATP": 1898, "seed": 18}