{"t_death": 5653.799999998689, "death_mode": "ribo_collapse", "pnr_type": "ribo_depletion", "t_pnr": 1705.9500000001115, "dt_walking_dead": 3947.849999998577, "N_RNAP": 20, "N_Ribo": 2, "N_ATP": 584, "seed": 12}