{"t_death": 2618.099999999916, "death_mode": "cycle_collapse", "pnr_type": "rnap_deadlock", "t_pnr": 2527.1999999999525, "dt_walking_dead": 90.89999999996326, "N_RNAP": 20, "N_Ribo": 27, "N_ATP": 584, "seed": 91}