{"t_death": 3963.599999999372, "death_mode": "ribo_collapse", "pnr_type": "ribo_depletion", "t_pnr": 2170.3500000000968, "dt_walking_dead": 1793.2499999992751, "N_RNAP": 20, "N_Ribo": 7, "N_ATP": 324, "seed": 81}