{"t_death": 2181.1500000000924, "death_mode": "atp_depletion", "pnr_type": "ribo_depletion", "t_pnr": 1039.9500000000442, "dt_walking_dead": 1141.2000000000482, "N_RNAP": 20, "N_Ribo": 2, "N_ATP": 180, "seed": 53}