{"t_death": 3918.1499999993903, "death_mode": "cycle_collapse", "pnr_type": "rnap_deadlock", "t_pnr": 3904.6499999993957, "dt_walking_dead": 13.499999999994543, "N_RNAP": 20, "N_Ribo": 41, "N_ATP": 324, "seed": 54}