{"t_death": 2838.5999999998267, "death_mode": "ribo_collapse", "pnr_type": "ribo_depletion", "t_pnr": 1212.3000000000616, "dt_walking_dead": 1626.299999999765, "N_RNAP": 20, "N_Ribo": 2, "N_ATP": 324, "seed": 70}