{"t_death": 2762.0999999998576, "death_mode": "ribo_collapse", "pnr_type": "ribo_depletion", "t_pnr": 2603.6999999999216, "dt_walking_dead": 158.39999999993597, "N_RNAP": 20, "N_Ribo": 4, "N_ATP": 1898, "seed": 26}