{"t_death": 2429.099999999992, "death_mode": "atp_depletion", "pnr_type": "ribo_depletion", "t_pnr": 2128.050000000114, "dt_walking_dead": 301.0499999998783, "N_RNAP": 20, "N_Ribo": 7, "N_ATP": 100, "seed": 70}