{"t_death": 2542.949999999946, "death_mode": "atp_depletion", "pnr_type": "ribo_depletion", "t_pnr": 1824.7500000001235, "dt_walking_dead": 718.1999999998227, "N_RNAP": 20, "N_Ribo": 7, "N_ATP": 180, "seed": 72}