{"t_death": 756.9000000000157, "death_mode": "atp_depletion", "pnr_type": "ribo_depletion", "t_pnr": 549.8999999999947, "dt_walking_dead": 207.00000000002092, "N_RNAP": 20, "N_Ribo": 2, "N_ATP": 100, "seed": 65}