{"t_death": 5082.29999999892, "death_mode": "ribo_collapse", "pnr_type": "ribo_depletion", "t_pnr": 775.8000000000176, "dt_walking_dead": 4306.499999998902, "N_RNAP": 20, "N_Ribo": 2, "N_ATP": 584, "seed": 46}