{"t_death": 3651.299999999498, "death_mode": "ribo_collapse", "pnr_type": "ribo_depletion", "t_pnr": 2524.9499999999534, "dt_walking_dead": 1126.3499999995447, "N_RNAP": 20, "N_Ribo": 4, "N_ATP": 180, "seed": 99}