{"t_death": 6503.399999998345, "death_mode": "ribo_collapse", "pnr_type": "ribo_depletion", "t_pnr": 2115.450000000119, "dt_walking_dead": 4387.949999998226, "N_RNAP": 20, "N_Ribo": 4, "N_ATP": 584, "seed": 50}