{"t_death": 3163.949999999695, "death_mode": "cycle_collapse", "pnr_type": "rnap_deadlock", "t_pnr": 3111.2999999997164, "dt_walking_dead": 52.64999999997872, "N_RNAP": 20, "N_Ribo": 17, "N_ATP": 584, "seed": 51}