{"t_death": 1594.8000000001002, "death_mode": "atp_depletion", "pnr_type": "ribo_depletion", "t_pnr": 1087.650000000049, "dt_walking_dead": 507.15000000005125, "N_RNAP": 20, "N_Ribo": 2, "N_ATP": 180, "seed": 56}