{"t_death": 2762.0999999998576, "death_mode": "ribo_collapse", "pnr_type": "ribo_depletion", "t_pnr": 1213.6500000000617, "dt_walking_dead": 1548.4499999997959, "N_RNAP": 20, "N_Ribo": 4, "N_ATP": 11100, "seed": 60}