{"t_death": 4480.199999999163, "death_mode": "ribo_collapse", "pnr_type": "ribo_depletion", "t_pnr": 2178.9000000000933, "dt_walking_dead": 2301.2999999990698, "N_RNAP": 20, "N_Ribo": 4, "N_ATP": 11100, "seed": 13}