{"t_death": 663.3000000000062, "death_mode": "atp_depletion", "pnr_type": "ribo_depletion", "t_pnr": 611.1000000000009, "dt_walking_dead": 52.200000000005275, "N_RNAP": 20, "N_Ribo": 3, "N_ATP": 100, "seed": 43}