{"t_death": 4326.749999999225, "death_mode": "atp_depletion", "pnr_type": "ribo_depletion", "t_pnr": 2087.1000000001304, "dt_walking_dead": 2239.6499999990947, "N_RNAP": 20, "N_Ribo": 7, "N_ATP": 180, "seed": 35}