{"t_death": 3493.349999999562, "death_mode": "ribo_collapse", "pnr_type": "ribo_depletion", "t_pnr": 1935.0000000001346, "dt_walking_dead": 1558.3499999994274, "N_RNAP": 20, "N_Ribo": 3, "N_ATP": 180, "seed": 5}