{"t_death": 2987.9999999997663, "death_mode": "ribo_collapse", "pnr_type": "ribo_depletion", "t_pnr": 2920.9499999997934, "dt_walking_dead": 67.0499999999729, "N_RNAP": 20, "N_Ribo": 3, "N_ATP": 11100, "seed": 86}