{"t_death": 3343.0499999996227, "death_mode": "ribo_collapse", "pnr_type": "ribo_depletion", "t_pnr": 2581.1999999999307, "dt_walking_dead": 761.849999999692, "N_RNAP": 20, "N_Ribo": 7, "N_ATP": 11100, "seed": 26}