{"t_death": 5771.249999998641, "death_mode": "ribo_collapse", "pnr_type": "ribo_depletion", "t_pnr": 3315.599999999634, "dt_walking_dead": 2455.6499999990074, "N_RNAP": 20, "N_Ribo": 17, "N_ATP": 1053, "seed": 84}