{"t_death": 2936.249999999787, "death_mode": "ribo_collapse", "pnr_type": "ribo_depletion", "t_pnr": 1734.3000000001143, "dt_walking_dead": 1201.9499999996729, "N_RNAP": 20, "N_Ribo": 7, "N_ATP": 324, "seed": 25}