{"t_death": 5798.24999999863, "death_mode": "ribo_collapse", "pnr_type": "ribo_depletion", "t_pnr": 4688.549999999079, "dt_walking_dead": 1109.6999999995514, "N_RNAP": 20, "N_Ribo": 64, "N_ATP": 1898, "seed": 90}