{"t_death": 2756.24999999986, "death_mode": "atp_depletion", "pnr_type": "ribo_depletion", "t_pnr": 2166.3000000000984, "dt_walking_dead": 589.9499999997615, "N_RNAP": 20, "N_Ribo": 2, "N_ATP": 180, "seed": 54}