{"t_death": 1887.7500000001298, "death_mode": "atp_depletion", "pnr_type": "ribo_depletion", "t_pnr": 422.09999999999314, "dt_walking_dead": 1465.6500000001367, "N_RNAP": 20, "N_Ribo": 2, "N_ATP": 100, "seed": 73}