{"t_death": 5394.5999999987935, "death_mode": "ribo_collapse", "pnr_type": "ribo_depletion", "t_pnr": 5201.999999998871, "dt_walking_dead": 192.59999999992215, "N_RNAP": 20, "N_Ribo": 41, "N_ATP": 20000, "seed": 31}