{"t_death": 4926.599999998983, "death_mode": "ribo_collapse", "pnr_type": "ribo_depletion", "t_pnr": 2752.1999999998616, "dt_walking_dead": 2174.399999999121, "N_RNAP": 20, "N_Ribo": 27, "N_ATP": 11100, "seed": 83}