{"t_death": 3210.749999999676, "death_mode": "cycle_collapse", "pnr_type": "rnap_deadlock", "t_pnr": 3206.249999999678, "dt_walking_dead": 4.499999999998181, "N_RNAP": 20, "N_Ribo": 27, "N_ATP": 1053, "seed": 88}