{"t_death": 3691.349999999482, "death_mode": "ribo_collapse", "pnr_type": "ribo_depletion", "t_pnr": 1594.3500000001002, "dt_walking_dead": 2096.9999999993815, "N_RNAP": 20, "N_Ribo": 2, "N_ATP": 6161, "seed": 76}