{"t_death": 2786.3999999998478, "death_mode": "cycle_collapse", "pnr_type": "rnap_deadlock", "t_pnr": 2571.7499999999345, "dt_walking_dead": 214.64999999991323, "N_RNAP": 20, "N_Ribo": 11, "N_ATP": 584, "seed": 90}