{"t_death": 3910.949999999393, "death_mode": "cycle_collapse", "pnr_type": "rnap_deadlock", "t_pnr": 3895.1999999993996, "dt_walking_dead": 15.749999999993634, "N_RNAP": 20, "N_Ribo": 4, "N_ATP": 324, "seed": 18}