{"t_death": 2788.199999999847, "death_mode": "atp_depletion", "pnr_type": "ribo_depletion", "t_pnr": 2114.1000000001195, "dt_walking_dead": 674.0999999997275, "N_RNAP": 20, "N_Ribo": 3, "N_ATP": 180, "seed": 34}