{"t_death": 4929.299999998982, "death_mode": "ribo_collapse", "pnr_type": "ribo_depletion", "t_pnr": 4460.399999999171, "dt_walking_dead": 468.89999999981046, "N_RNAP": 20, "N_Ribo": 17, "N_ATP": 6161, "seed": 97}