{"t_death": 9820.800000000296, "death_mode": "ribo_collapse", "pnr_type": "ribo_depletion", "t_pnr": 6102.449999998507, "dt_walking_dead": 3718.3500000017884, "N_RNAP": 20, "N_Ribo": 11, "N_ATP": 1053, "seed": 14}