{"t_death": 632.2500000000031, "death_mode": "atp_depletion", "pnr_type": "ribo_depletion", "t_pnr": 290.2499999999965, "dt_walking_dead": 342.0000000000066, "N_RNAP": 20, "N_Ribo": 2, "N_ATP": 100, "seed": 75}