{"t_death": 5157.899999998889, "death_mode": "ribo_collapse", "pnr_type": "ribo_depletion", "t_pnr": 4000.949999999357, "dt_walking_dead": 1156.9499999995323, "N_RNAP": 20, "N_Ribo": 100, "N_ATP": 3419, "seed": 38}