{"t_death": 4641.299999999098, "death_mode": "ribo_collapse", "pnr_type": "ribo_depletion", "t_pnr": 2397.150000000005, "dt_walking_dead": 2244.149999999093, "N_RNAP": 20, "N_Ribo": 11, "N_ATP": 3419, "seed": 22}