{"t_death": 3779.5499999994463, "death_mode": "atp_depletion", "pnr_type": "ribo_depletion", "t_pnr": 3730.949999999466, "dt_walking_dead": 48.599999999980355, "N_RNAP": 20, "N_Ribo": 17, "N_ATP": 180, "seed": 46}