{"t_death": 3752.999999999457, "death_mode": "ribo_collapse", "pnr_type": "ribo_depletion", "t_pnr": 2151.0000000001046, "dt_walking_dead": 1601.9999999993524, "N_RNAP": 20, "N_Ribo": 4, "N_ATP": 6161, "seed": 55}