{"t_death": 3351.1499999996195, "death_mode": "ribo_collapse", "pnr_type": "ribo_depletion", "t_pnr": 2563.649999999938, "dt_walking_dead": 787.4999999996817, "N_RNAP": 20, "N_Ribo": 7, "N_ATP": 11100, "seed": 68}