{"t_death": 3574.3499999995292, "death_mode": "ribo_collapse", "pnr_type": "ribo_depletion", "t_pnr": 2507.3999999999605, "dt_walking_dead": 1066.9499999995687, "N_RNAP": 20, "N_Ribo": 2, "N_ATP": 6161, "seed": 22}