{"t_death": 4310.9999999992315, "death_mode": "cycle_collapse", "pnr_type": "rnap_deadlock", "t_pnr": 4310.9999999992315, "dt_walking_dead": 0.0, "N_RNAP": 20, "N_Ribo": 100, "N_ATP": 1053, "seed": 28}