{"t_death": 2603.249999999922, "death_mode": "ribo_collapse", "pnr_type": "ribo_depletion", "t_pnr": 922.5000000000324, "dt_walking_dead": 1680.7499999998895, "N_RNAP": 20, "N_Ribo": 3, "N_ATP": 3419, "seed": 16}