{"t_death": 4875.749999999003, "death_mode": "ribo_collapse", "pnr_type": "ribo_depletion", "t_pnr": 2921.399999999793, "dt_walking_dead": 1954.34999999921, "N_RNAP": 20, "N_Ribo": 2, "N_ATP": 6161, "seed": 37}