{"t_death": 5904.449999998587, "death_mode": "ribo_collapse", "pnr_type": "ribo_depletion", "t_pnr": 4330.349999999224, "dt_walking_dead": 1574.0999999993637, "N_RNAP": 20, "N_Ribo": 100, "N_ATP": 20000, "seed": 81}