{"t_death": 5428.34999999878, "death_mode": "atp_depletion", "pnr_type": "ribo_depletion", "t_pnr": 3583.3499999995256, "dt_walking_dead": 1844.9999999992542, "N_RNAP": 20, "N_Ribo": 11, "N_ATP": 180, "seed": 17}