{"t_death": 1887.3000000001298, "death_mode": "ribo_collapse", "pnr_type": "ribo_depletion", "t_pnr": 1517.4000000000924, "dt_walking_dead": 369.9000000000374, "N_RNAP": 20, "N_Ribo": 7, "N_ATP": 1898, "seed": 52}