{"t_death": 6336.449999998413, "death_mode": "cycle_collapse", "pnr_type": "rnap_deadlock", "t_pnr": 6209.999999998464, "dt_walking_dead": 126.44999999994889, "N_RNAP": 20, "N_Ribo": 100, "N_ATP": 3419, "seed": 37}