{"t_death": 637.6500000000036, "death_mode": "atp_depletion", "pnr_type": "ribo_depletion", "t_pnr": 551.6999999999949, "dt_walking_dead": 85.95000000000869, "N_RNAP": 20, "N_Ribo": 2, "N_ATP": 100, "seed": 84}