{"t_death": 3501.8999999995585, "death_mode": "ribo_collapse", "pnr_type": "ribo_depletion", "t_pnr": 551.6999999999949, "dt_walking_dead": 2950.1999999995637, "N_RNAP": 20, "N_Ribo": 2, "N_ATP": 324, "seed": 84}