{"t_death": 8831.699999998697, "death_mode": "ribo_collapse", "pnr_type": "ribo_depletion", "t_pnr": 4832.549999999021, "dt_walking_dead": 3999.149999999676, "N_RNAP": 20, "N_Ribo": 41, "N_ATP": 324, "seed": 11}