{"t_death": 5455.799999998769, "death_mode": "atp_depletion", "pnr_type": "ribo_depletion", "t_pnr": 3976.6499999993666, "dt_walking_dead": 1479.149999999402, "N_RNAP": 20, "N_Ribo": 17, "N_ATP": 180, "seed": 92}