{"t_death": 2020.9500000001433, "death_mode": "atp_depletion", "pnr_type": "ribo_depletion", "t_pnr": 1083.6000000000486, "dt_walking_dead": 937.3500000000947, "N_RNAP": 20, "N_Ribo": 4, "N_ATP": 180, "seed": 4}