{"t_death": 1581.750000000099, "death_mode": "atp_depletion", "pnr_type": "ribo_depletion", "t_pnr": 945.0000000000347, "dt_walking_dead": 636.7500000000642, "N_RNAP": 20, "N_Ribo": 3, "N_ATP": 100, "seed": 66}