{"t_death": 3985.649999999363, "death_mode": "ribo_collapse", "pnr_type": "ribo_depletion", "t_pnr": 1079.5500000000482, "dt_walking_dead": 2906.0999999993146, "N_RNAP": 20, "N_Ribo": 3, "N_ATP": 584, "seed": 24}