{"t_death": 3733.649999999465, "death_mode": "ribo_collapse", "pnr_type": "ribo_depletion", "t_pnr": 1087.650000000049, "dt_walking_dead": 2645.999999999416, "N_RNAP": 20, "N_Ribo": 2, "N_ATP": 584, "seed": 56}