{"t_death": 2787.749999999847, "death_mode": "ribo_collapse", "pnr_type": "ribo_depletion", "t_pnr": 1873.8000000001284, "dt_walking_dead": 913.9499999997188, "N_RNAP": 20, "N_Ribo": 3, "N_ATP": 20000, "seed": 40}