{"t_death": 3680.999999999486, "death_mode": "atp_depletion", "pnr_type": "ribo_depletion", "t_pnr": 1705.9500000001115, "dt_walking_dead": 1975.0499999993747, "N_RNAP": 20, "N_Ribo": 2, "N_ATP": 180, "seed": 12}