{"t_death": 4077.8999999993257, "death_mode": "ribo_collapse", "pnr_type": "ribo_depletion", "t_pnr": 3779.5499999994463, "dt_walking_dead": 298.3499999998794, "N_RNAP": 20, "N_Ribo": 7, "N_ATP": 324, "seed": 65}