{"t_death": 5065.649999998926, "death_mode": "ribo_collapse", "pnr_type": "ribo_depletion", "t_pnr": 2775.599999999852, "dt_walking_dead": 2290.0499999990743, "N_RNAP": 20, "N_Ribo": 27, "N_ATP": 1898, "seed": 0}