{"t_death": 1597.0500000001005, "death_mode": "atp_depletion", "pnr_type": "ribo_depletion", "t_pnr": 1165.0500000000568, "dt_walking_dead": 432.00000000004366, "N_RNAP": 20, "N_Ribo": 2, "N_ATP": 100, "seed": 97}