{"t_death": 3457.3499999995765, "death_mode": "ribo_collapse", "pnr_type": "ribo_depletion", "t_pnr": 3054.5999999997393, "dt_walking_dead": 402.7499999998372, "N_RNAP": 20, "N_Ribo": 41, "N_ATP": 11100, "seed": 22}