{"t_death": 3424.9499999995896, "death_mode": "ribo_collapse", "pnr_type": "ribo_depletion", "t_pnr": 2356.6500000000215, "dt_walking_dead": 1068.2999999995682, "N_RNAP": 20, "N_Ribo": 17, "N_ATP": 20000, "seed": 42}