{"t_death": 1865.2500000001276, "death_mode": "atp_depletion", "pnr_type": "ribo_depletion", "t_pnr": 1226.250000000063, "dt_walking_dead": 639.0000000000646, "N_RNAP": 20, "N_Ribo": 11, "N_ATP": 180, "seed": 59}