{"t_death": 8473.949999998118, "death_mode": "ribo_collapse", "pnr_type": "ribo_depletion", "t_pnr": 6661.349999998281, "dt_walking_dead": 1812.5999999998367, "N_RNAP": 20, "N_Ribo": 41, "N_ATP": 3419, "seed": 74}