{"t_death": 4599.899999999115, "death_mode": "ribo_collapse", "pnr_type": "ribo_depletion", "t_pnr": 4316.849999999229, "dt_walking_dead": 283.0499999998856, "N_RNAP": 20, "N_Ribo": 4, "N_ATP": 584, "seed": 68}