{"t_death": 3978.8999999993657, "death_mode": "cycle_collapse", "pnr_type": "rnap_deadlock", "t_pnr": 3978.8999999993657, "dt_walking_dead": 0.0, "N_RNAP": 20, "N_Ribo": 100, "N_ATP": 11100, "seed": 52}