{"t_death": 3952.3499999993765, "death_mode": "ribo_collapse", "pnr_type": "ribo_depletion", "t_pnr": 3068.099999999734, "dt_walking_dead": 884.2499999996426, "N_RNAP": 20, "N_Ribo": 27, "N_ATP": 1053, "seed": 54}