{"t_death": 3710.2499999994743, "death_mode": "cycle_collapse", "pnr_type": "rnap_deadlock", "t_pnr": 3621.59999999951, "dt_walking_dead": 88.64999999996417, "N_RNAP": 20, "N_Ribo": 64, "N_ATP": 6161, "seed": 91}