{"t_death": 5983.1999999985555, "death_mode": "ribo_collapse", "pnr_type": "ribo_depletion", "t_pnr": 1396.3500000000802, "dt_walking_dead": 4586.849999998475, "N_RNAP": 20, "N_Ribo": 4, "N_ATP": 324, "seed": 52}