{"t_death": 914.4000000000316, "death_mode": "atp_depletion", "pnr_type": "ribo_depletion", "t_pnr": 709.2000000000108, "dt_walking_dead": 205.20000000002074, "N_RNAP": 20, "N_Ribo": 3, "N_ATP": 100, "seed": 92}