{"t_death": 5919.749999998581, "death_mode": "cycle_collapse", "pnr_type": "rnap_deadlock", "t_pnr": 5836.049999998615, "dt_walking_dead": 83.69999999996617, "N_RNAP": 20, "N_Ribo": 17, "N_ATP": 324, "seed": 0}