{"t_death": 5387.849999998796, "death_mode": "ribo_collapse", "pnr_type": "ribo_depletion", "t_pnr": 4868.099999999006, "dt_walking_dead": 519.7499999997899, "N_RNAP": 20, "N_Ribo": 100, "N_ATP": 3419, "seed": 94}