{"t_death": 3151.3499999997002, "death_mode": "atp_depletion", "pnr_type": "ribo_depletion", "t_pnr": 2015.5500000001427, "dt_walking_dead": 1135.7999999995575, "N_RNAP": 20, "N_Ribo": 4, "N_ATP": 180, "seed": 11}