{"t_death": 5810.399999998625, "death_mode": "ribo_collapse", "pnr_type": "ribo_depletion", "t_pnr": 5243.399999998855, "dt_walking_dead": 566.9999999997708, "N_RNAP": 20, "N_Ribo": 41, "N_ATP": 20000, "seed": 67}