{"t_death": 3007.3499999997584, "death_mode": "atp_depletion", "pnr_type": "ribo_depletion", "t_pnr": 2762.0999999998576, "dt_walking_dead": 245.24999999990087, "N_RNAP": 20, "N_Ribo": 7, "N_ATP": 180, "seed": 43}