{"t_death": 4634.099999999101, "death_mode": "ribo_collapse", "pnr_type": "ribo_depletion", "t_pnr": 3739.4999999994625, "dt_walking_dead": 894.5999999996384, "N_RNAP": 20, "N_Ribo": 41, "N_ATP": 3419, "seed": 97}