{"t_death": 2996.099999999763, "death_mode": "ribo_collapse", "pnr_type": "ribo_depletion", "t_pnr": 1060.2000000000462, "dt_walking_dead": 1935.8999999997168, "N_RNAP": 20, "N_Ribo": 3, "N_ATP": 1053, "seed": 29}