{"t_death": 8104.949999997698, "death_mode": "cycle_collapse", "pnr_type": "rnap_deadlock", "t_pnr": 7975.34999999775, "dt_walking_dead": 129.5999999999476, "N_RNAP": 20, "N_Ribo": 41, "N_ATP": 11100, "seed": 60}