{"t_death": 5979.149999998557, "death_mode": "ribo_collapse", "pnr_type": "ribo_depletion", "t_pnr": 5539.049999998735, "dt_walking_dead": 440.0999999998221, "N_RNAP": 20, "N_Ribo": 41, "N_ATP": 20000, "seed": 47}