{"t_death": 3403.3499999995984, "death_mode": "ribo_collapse", "pnr_type": "ribo_depletion", "t_pnr": 2414.699999999998, "dt_walking_dead": 988.6499999996004, "N_RNAP": 20, "N_Ribo": 7, "N_ATP": 6161, "seed": 18}