{"t_death": 3270.599999999652, "death_mode": "ribo_collapse", "pnr_type": "ribo_depletion", "t_pnr": 3149.099999999701, "dt_walking_dead": 121.49999999995089, "N_RNAP": 20, "N_Ribo": 4, "N_ATP": 1898, "seed": 74}