{"t_death": 4836.149999999019, "death_mode": "ribo_collapse", "pnr_type": "ribo_depletion", "t_pnr": 1327.9500000000733, "dt_walking_dead": 3508.1999999989457, "N_RNAP": 20, "N_Ribo": 2, "N_ATP": 324, "seed": 55}