{"t_death": 5180.84999999888, "death_mode": "ribo_collapse", "pnr_type": "ribo_depletion", "t_pnr": 5021.999999998944, "dt_walking_dead": 158.8499999999358, "N_RNAP": 20, "N_Ribo": 100, "N_ATP": 3419, "seed": 89}