{"t_death": 4497.299999999156, "death_mode": "ribo_collapse", "pnr_type": "ribo_depletion", "t_pnr": 3102.29999999972, "dt_walking_dead": 1394.999999999436, "N_RNAP": 20, "N_Ribo": 41, "N_ATP": 3419, "seed": 45}