{"t_death": 4238.999999999261, "death_mode": "ribo_collapse", "pnr_type": "ribo_depletion", "t_pnr": 487.3499999999915, "dt_walking_dead": 3751.6499999992693, "N_RNAP": 20, "N_Ribo": 4, "N_ATP": 324, "seed": 69}