{"t_death": 3974.3999999993675, "death_mode": "ribo_collapse", "pnr_type": "ribo_depletion", "t_pnr": 3778.199999999447, "dt_walking_dead": 196.1999999999207, "N_RNAP": 20, "N_Ribo": 7, "N_ATP": 1053, "seed": 1}