{"t_death": 3563.5499999995336, "death_mode": "ribo_collapse", "pnr_type": "ribo_depletion", "t_pnr": 2298.150000000045, "dt_walking_dead": 1265.3999999994885, "N_RNAP": 20, "N_Ribo": 11, "N_ATP": 1053, "seed": 18}