{"t_death": 5831.099999998617, "death_mode": "ribo_collapse", "pnr_type": "ribo_depletion", "t_pnr": 5480.9999999987585, "dt_walking_dead": 350.0999999998585, "N_RNAP": 20, "N_Ribo": 41, "N_ATP": 324, "seed": 73}