{"t_death": 2949.7499999997817, "death_mode": "ribo_collapse", "pnr_type": "ribo_depletion", "t_pnr": 946.8000000000349, "dt_walking_dead": 2002.949999999747, "N_RNAP": 20, "N_Ribo": 3, "N_ATP": 1053, "seed": 57}