{"t_death": 9796.950000000257, "death_mode": "ribo_collapse", "pnr_type": "ribo_depletion", "t_pnr": 7361.999999997998, "dt_walking_dead": 2434.950000002259, "N_RNAP": 20, "N_Ribo": 41, "N_ATP": 11100, "seed": 41}