{"t_death": 3005.999999999759, "death_mode": "ribo_collapse", "pnr_type": "ribo_depletion", "t_pnr": 2304.4500000000426, "dt_walking_dead": 701.5499999997164, "N_RNAP": 20, "N_Ribo": 2, "N_ATP": 3419, "seed": 94}