{"t_death": 798.7500000000199, "death_mode": "atp_depletion", "pnr_type": "ribo_depletion", "t_pnr": 572.8499999999971, "dt_walking_dead": 225.90000000002283, "N_RNAP": 20, "N_Ribo": 3, "N_ATP": 100, "seed": 11}