{"t_death": 1767.6000000001177, "death_mode": "atp_depletion", "pnr_type": "ribo_depletion", "t_pnr": 960.7500000000363, "dt_walking_dead": 806.8500000000814, "N_RNAP": 20, "N_Ribo": 2, "N_ATP": 180, "seed": 29}