{"t_death": 3393.4499999996024, "death_mode": "cycle_collapse", "pnr_type": "rnap_deadlock", "t_pnr": 3208.949999999677, "dt_walking_dead": 184.49999999992542, "N_RNAP": 20, "N_Ribo": 27, "N_ATP": 584, "seed": 7}