{"t_death": 2530.3499999999513, "death_mode": "cycle_collapse", "pnr_type": "rnap_deadlock", "t_pnr": 2530.3499999999513, "dt_walking_dead": 0.0, "N_RNAP": 20, "N_Ribo": 41, "N_ATP": 20000, "seed": 30}