{"t_death": 6270.2999999984395, "death_mode": "ribo_collapse", "pnr_type": "ribo_depletion", "t_pnr": 2226.600000000074, "dt_walking_dead": 4043.6999999983655, "N_RNAP": 20, "N_Ribo": 17, "N_ATP": 584, "seed": 59}