{"t_death": 3757.499999999455, "death_mode": "ribo_collapse", "pnr_type": "ribo_depletion", "t_pnr": 2098.8000000001257, "dt_walking_dead": 1658.6999999993295, "N_RNAP": 20, "N_Ribo": 7, "N_ATP": 20000, "seed": 7}