{"t_death": 2798.549999999843, "death_mode": "cycle_collapse", "pnr_type": "rnap_deadlock", "t_pnr": 2732.3999999998696, "dt_walking_dead": 66.14999999997326, "N_RNAP": 20, "N_Ribo": 7, "N_ATP": 3419, "seed": 57}