{"t_death": 3420.8999999995913, "death_mode": "ribo_collapse", "pnr_type": "ribo_depletion", "t_pnr": 1319.8500000000724, "dt_walking_dead": 2101.049999999519, "N_RNAP": 20, "N_Ribo": 11, "N_ATP": 1898, "seed": 76}