{"t_death": 4572.449999999126, "death_mode": "ribo_collapse", "pnr_type": "ribo_depletion", "t_pnr": 4558.049999999132, "dt_walking_dead": 14.39999999999418, "N_RNAP": 20, "N_Ribo": 64, "N_ATP": 6161, "seed": 80}