{"t_death": 1771.650000000118, "death_mode": "atp_depletion", "pnr_type": "ribo_depletion", "t_pnr": 640.3500000000039, "dt_walking_dead": 1131.3000000001143, "N_RNAP": 20, "N_Ribo": 2, "N_ATP": 100, "seed": 83}