{"t_death": 3277.3499999996493, "death_mode": "ribo_collapse", "pnr_type": "ribo_depletion", "t_pnr": 2836.7999999998274, "dt_walking_dead": 440.5499999998219, "N_RNAP": 20, "N_Ribo": 3, "N_ATP": 6161, "seed": 76}