{"t_death": 5080.94999999892, "death_mode": "ribo_collapse", "pnr_type": "ribo_depletion", "t_pnr": 4717.799999999067, "dt_walking_dead": 363.1499999998532, "N_RNAP": 20, "N_Ribo": 64, "N_ATP": 20000, "seed": 37}