{"t_death": 2902.9499999998006, "death_mode": "atp_depletion", "pnr_type": "ribo_depletion", "t_pnr": 1798.2000000001208, "dt_walking_dead": 1104.7499999996799, "N_RNAP": 20, "N_Ribo": 7, "N_ATP": 180, "seed": 48}