{"t_death": 3622.9499999995096, "death_mode": "ribo_collapse", "pnr_type": "ribo_depletion", "t_pnr": 1127.700000000053, "dt_walking_dead": 2495.2499999994566, "N_RNAP": 20, "N_Ribo": 11, "N_ATP": 324, "seed": 51}