{"t_death": 2885.3999999998077, "death_mode": "ribo_collapse", "pnr_type": "ribo_depletion", "t_pnr": 1778.8500000001188, "dt_walking_dead": 1106.549999999689, "N_RNAP": 20, "N_Ribo": 4, "N_ATP": 6161, "seed": 31}