{"t_death": 4179.149999999285, "death_mode": "ribo_collapse", "pnr_type": "ribo_depletion", "t_pnr": 3974.3999999993675, "dt_walking_dead": 204.74999999991724, "N_RNAP": 20, "N_Ribo": 41, "N_ATP": 11100, "seed": 28}