{"t_death": 3756.1499999994558, "death_mode": "cycle_collapse", "pnr_type": "rnap_deadlock", "t_pnr": 3745.79999999946, "dt_walking_dead": 10.349999999995816, "N_RNAP": 20, "N_Ribo": 64, "N_ATP": 20000, "seed": 18}