{"t_death": 2862.899999999817, "death_mode": "cycle_collapse", "pnr_type": "rnap_deadlock", "t_pnr": 2861.999999999817, "dt_walking_dead": 0.8999999999996362, "N_RNAP": 20, "N_Ribo": 7, "N_ATP": 6161, "seed": 22}