{"t_death": 6018.299999998541, "death_mode": "ribo_collapse", "pnr_type": "ribo_depletion", "t_pnr": 4708.799999999071, "dt_walking_dead": 1309.4999999994707, "N_RNAP": 20, "N_Ribo": 41, "N_ATP": 584, "seed": 77}