{"t_death": 3486.149999999565, "death_mode": "ribo_collapse", "pnr_type": "ribo_depletion", "t_pnr": 2933.5499999997883, "dt_walking_dead": 552.5999999997766, "N_RNAP": 20, "N_Ribo": 41, "N_ATP": 3419, "seed": 56}