{"t_death": 3581.0999999995265, "death_mode": "cycle_collapse", "pnr_type": "rnap_deadlock", "t_pnr": 3528.449999999548, "dt_walking_dead": 52.64999999997872, "N_RNAP": 20, "N_Ribo": 41, "N_ATP": 11100, "seed": 21}