{"t_death": 7422.749999997974, "death_mode": "ribo_collapse", "pnr_type": "ribo_depletion", "t_pnr": 4711.949999999069, "dt_walking_dead": 2710.7999999989042, "N_RNAP": 20, "N_Ribo": 100, "N_ATP": 1053, "seed": 64}