{"t_death": 5141.249999998896, "death_mode": "ribo_collapse", "pnr_type": "ribo_depletion", "t_pnr": 2080.800000000133, "dt_walking_dead": 3060.449999998763, "N_RNAP": 20, "N_Ribo": 27, "N_ATP": 584, "seed": 20}