{"t_death": 5339.699999998816, "death_mode": "ribo_collapse", "pnr_type": "ribo_depletion", "t_pnr": 1764.4500000001174, "dt_walking_dead": 3575.2499999986985, "N_RNAP": 20, "N_Ribo": 11, "N_ATP": 1053, "seed": 69}