{"t_death": 4465.799999999169, "death_mode": "ribo_collapse", "pnr_type": "ribo_depletion", "t_pnr": 3909.5999999993937, "dt_walking_dead": 556.1999999997752, "N_RNAP": 20, "N_Ribo": 64, "N_ATP": 6161, "seed": 69}