{"t_death": 1952.5500000001364, "death_mode": "ribo_collapse", "pnr_type": "ribo_depletion", "t_pnr": 1679.8500000001088, "dt_walking_dead": 272.70000000002756, "N_RNAP": 20, "N_Ribo": 11, "N_ATP": 3419, "seed": 16}