{"t_death": 4967.999999998966, "death_mode": "ribo_collapse", "pnr_type": "ribo_depletion", "t_pnr": 3857.8499999994146, "dt_walking_dead": 1110.1499999995513, "N_RNAP": 20, "N_Ribo": 17, "N_ATP": 3419, "seed": 33}