{"t_death": 8774.999999998605, "death_mode": "ribo_collapse", "pnr_type": "ribo_depletion", "t_pnr": 2759.3999999998587, "dt_walking_dead": 6015.599999998746, "N_RNAP": 20, "N_Ribo": 17, "N_ATP": 20000, "seed": 13}