{"t_death": 1820.700000000123, "death_mode": "atp_depletion", "pnr_type": "ribo_depletion", "t_pnr": 946.8000000000349, "dt_walking_dead": 873.9000000000882, "N_RNAP": 20, "N_Ribo": 3, "N_ATP": 180, "seed": 57}