{"t_death": 1909.350000000132, "death_mode": "ribo_collapse", "pnr_type": "ribo_depletion", "t_pnr": 1280.2500000000684, "dt_walking_dead": 629.1000000000636, "N_RNAP": 20, "N_Ribo": 7, "N_ATP": 11100, "seed": 80}