{"t_death": 5293.349999998834, "death_mode": "atp_depletion", "pnr_type": "ribo_depletion", "t_pnr": 1638.4500000001046, "dt_walking_dead": 3654.89999999873, "N_RNAP": 20, "N_Ribo": 4, "N_ATP": 180, "seed": 87}