{"t_death": 4694.849999999076, "death_mode": "ribo_collapse", "pnr_type": "ribo_depletion", "t_pnr": 1161.9000000000565, "dt_walking_dead": 3532.94999999902, "N_RNAP": 20, "N_Ribo": 4, "N_ATP": 11100, "seed": 33}