{"t_death": 2824.1999999998325, "death_mode": "cycle_collapse", "pnr_type": "rnap_deadlock", "t_pnr": 2713.0499999998774, "dt_walking_dead": 111.14999999995507, "N_RNAP": 20, "N_Ribo": 7, "N_ATP": 1898, "seed": 29}