{"t_death": 1973.2500000001385, "death_mode": "cycle_collapse", "pnr_type": "rnap_deadlock", "t_pnr": 1737.4500000001146, "dt_walking_dead": 235.80000000002383, "N_RNAP": 20, "N_Ribo": 11, "N_ATP": 1053, "seed": 75}