{"t_death": 1985.4000000001397, "death_mode": "atp_depletion", "pnr_type": "ribo_depletion", "t_pnr": 1327.9500000000733, "dt_walking_dead": 657.4500000000664, "N_RNAP": 20, "N_Ribo": 2, "N_ATP": 180, "seed": 55}