{"t_death": 4565.249999999129, "death_mode": "ribo_collapse", "pnr_type": "ribo_depletion", "t_pnr": 4078.7999999993253, "dt_walking_dead": 486.44999999980337, "N_RNAP": 20, "N_Ribo": 17, "N_ATP": 20000, "seed": 70}