{"t_death": 4110.749999999312, "death_mode": "ribo_collapse", "pnr_type": "ribo_depletion", "t_pnr": 2942.5499999997846, "dt_walking_dead": 1168.1999999995278, "N_RNAP": 20, "N_Ribo": 41, "N_ATP": 584, "seed": 36}