{"t_death": 1591.2000000000999, "death_mode": "atp_depletion", "pnr_type": "ribo_depletion", "t_pnr": 647.1000000000046, "dt_walking_dead": 944.1000000000953, "N_RNAP": 20, "N_Ribo": 4, "N_ATP": 100, "seed": 2}