{"t_death": 2003.4000000001415, "death_mode": "atp_depletion", "pnr_type": "ribo_depletion", "t_pnr": 1328.8500000000734, "dt_walking_dead": 674.5500000000682, "N_RNAP": 20, "N_Ribo": 2, "N_ATP": 100, "seed": 26}