{"t_death": 3037.4999999997463, "death_mode": "ribo_collapse", "pnr_type": "ribo_depletion", "t_pnr": 2323.8000000000347, "dt_walking_dead": 713.6999999997115, "N_RNAP": 20, "N_Ribo": 7, "N_ATP": 180, "seed": 5}