{"t_death": 3536.0999999995447, "death_mode": "ribo_collapse", "pnr_type": "ribo_depletion", "t_pnr": 2583.8999999999296, "dt_walking_dead": 952.1999999996151, "N_RNAP": 20, "N_Ribo": 4, "N_ATP": 6161, "seed": 9}