{"t_death": 3881.249999999405, "death_mode": "ribo_collapse", "pnr_type": "ribo_depletion", "t_pnr": 1039.9500000000442, "dt_walking_dead": 2841.299999999361, "N_RNAP": 20, "N_Ribo": 2, "N_ATP": 3419, "seed": 53}