{"t_death": 4340.24999999922, "death_mode": "ribo_collapse", "pnr_type": "ribo_depletion", "t_pnr": 2991.599999999765, "dt_walking_dead": 1348.6499999994548, "N_RNAP": 20, "N_Ribo": 4, "N_ATP": 11100, "seed": 92}