{"t_death": 2795.849999999844, "death_mode": "ribo_collapse", "pnr_type": "ribo_depletion", "t_pnr": 1030.5000000000432, "dt_walking_dead": 1765.3499999998007, "N_RNAP": 20, "N_Ribo": 4, "N_ATP": 20000, "seed": 57}