{"t_death": 1628.1000000001036, "death_mode": "atp_depletion", "pnr_type": "ribo_depletion", "t_pnr": 720.900000000012, "dt_walking_dead": 907.2000000000916, "N_RNAP": 20, "N_Ribo": 3, "N_ATP": 100, "seed": 39}