{"t_death": 6290.999999998431, "death_mode": "ribo_collapse", "pnr_type": "ribo_depletion", "t_pnr": 4496.849999999156, "dt_walking_dead": 1794.1499999992748, "N_RNAP": 20, "N_Ribo": 41, "N_ATP": 1053, "seed": 90}