{"t_death": 3563.099999999534, "death_mode": "cycle_collapse", "pnr_type": "rnap_deadlock", "t_pnr": 3434.8499999995856, "dt_walking_dead": 128.24999999994816, "N_RNAP": 20, "N_Ribo": 41, "N_ATP": 3419, "seed": 96}