{"t_death": 2207.7000000000817, "death_mode": "ribo_collapse", "pnr_type": "ribo_depletion", "t_pnr": 2145.600000000107, "dt_walking_dead": 62.0999999999749, "N_RNAP": 20, "N_Ribo": 3, "N_ATP": 324, "seed": 87}