{"t_death": 944.1000000000346, "death_mode": "atp_depletion", "pnr_type": "ribo_depletion", "t_pnr": 675.4500000000074, "dt_walking_dead": 268.65000000002715, "N_RNAP": 20, "N_Ribo": 4, "N_ATP": 100, "seed": 35}