{"t_death": 3295.349999999642, "death_mode": "ribo_collapse", "pnr_type": "ribo_depletion", "t_pnr": 829.800000000023, "dt_walking_dead": 2465.549999999619, "N_RNAP": 20, "N_Ribo": 4, "N_ATP": 1898, "seed": 65}