{"t_death": 4079.249999999325, "death_mode": "atp_depletion", "pnr_type": "ribo_depletion", "t_pnr": 2447.5499999999847, "dt_walking_dead": 1631.6999999993404, "N_RNAP": 20, "N_Ribo": 11, "N_ATP": 180, "seed": 74}