{"t_death": 2067.7500000001382, "death_mode": "cycle_collapse", "pnr_type": "rnap_deadlock", "t_pnr": 2067.7500000001382, "dt_walking_dead": 0.0, "N_RNAP": 20, "N_Ribo": 27, "N_ATP": 11100, "seed": 5}