{"t_death": 3247.1999999996615, "death_mode": "ribo_collapse", "pnr_type": "ribo_depletion", "t_pnr": 1852.2000000001262, "dt_walking_dead": 1394.9999999995352, "N_RNAP": 20, "N_Ribo": 2, "N_ATP": 11100, "seed": 9}