{"t_death": 2421.4499999999953, "death_mode": "ribo_collapse", "pnr_type": "ribo_depletion", "t_pnr": 1005.7500000000408, "dt_walking_dead": 1415.6999999999543, "N_RNAP": 20, "N_Ribo": 4, "N_ATP": 11100, "seed": 10}