{"t_death": 2500.1999999999634, "death_mode": "ribo_collapse", "pnr_type": "ribo_depletion", "t_pnr": 1823.4000000001233, "dt_walking_dead": 676.7999999998401, "N_RNAP": 20, "N_Ribo": 3, "N_ATP": 584, "seed": 17}