{"t_death": 4882.049999999001, "death_mode": "ribo_collapse", "pnr_type": "ribo_depletion", "t_pnr": 1372.5000000000778, "dt_walking_dead": 3509.549999998923, "N_RNAP": 20, "N_Ribo": 4, "N_ATP": 1898, "seed": 98}