{"t_death": 5287.949999998837, "death_mode": "cycle_collapse", "pnr_type": "rnap_deadlock", "t_pnr": 5143.949999998895, "dt_walking_dead": 143.9999999999418, "N_RNAP": 20, "N_Ribo": 17, "N_ATP": 324, "seed": 89}