{"t_death": 2853.8999999998205, "death_mode": "atp_depletion", "pnr_type": "ribo_depletion", "t_pnr": 1580.8500000000988, "dt_walking_dead": 1273.0499999997216, "N_RNAP": 20, "N_Ribo": 2, "N_ATP": 180, "seed": 35}