{"t_death": 2550.599999999943, "death_mode": "atp_depletion", "pnr_type": "ribo_depletion", "t_pnr": 605.7000000000004, "dt_walking_dead": 1944.8999999999428, "N_RNAP": 20, "N_Ribo": 4, "N_ATP": 180, "seed": 8}