{"t_death": 2704.499999999881, "death_mode": "atp_depletion", "pnr_type": "ribo_depletion", "t_pnr": 1465.6500000000872, "dt_walking_dead": 1238.8499999997937, "N_RNAP": 20, "N_Ribo": 3, "N_ATP": 180, "seed": 54}