{"t_death": 4720.949999999066, "death_mode": "ribo_collapse", "pnr_type": "ribo_depletion", "t_pnr": 4365.4499999992095, "dt_walking_dead": 355.4999999998563, "N_RNAP": 20, "N_Ribo": 64, "N_ATP": 11100, "seed": 99}