{"t_death": 2272.9500000000553, "death_mode": "ribo_collapse", "pnr_type": "ribo_depletion", "t_pnr": 682.2000000000081, "dt_walking_dead": 1590.7500000000473, "N_RNAP": 20, "N_Ribo": 4, "N_ATP": 6161, "seed": 48}