{"t_death": 3301.1999999996397, "death_mode": "ribo_collapse", "pnr_type": "ribo_depletion", "t_pnr": 3184.6499999996868, "dt_walking_dead": 116.54999999995289, "N_RNAP": 20, "N_Ribo": 11, "N_ATP": 6161, "seed": 25}