{"t_death": 3033.449999999748, "death_mode": "cycle_collapse", "pnr_type": "rnap_deadlock", "t_pnr": 2872.799999999813, "dt_walking_dead": 160.64999999993506, "N_RNAP": 20, "N_Ribo": 27, "N_ATP": 20000, "seed": 21}