{"t_death": 6310.349999998423, "death_mode": "ribo_collapse", "pnr_type": "ribo_depletion", "t_pnr": 2904.7499999998, "dt_walking_dead": 3405.5999999986234, "N_RNAP": 20, "N_Ribo": 41, "N_ATP": 1898, "seed": 76}