{"t_death": 6940.7999999981685, "death_mode": "cycle_collapse", "pnr_type": "rnap_deadlock", "t_pnr": 6940.7999999981685, "dt_walking_dead": 0.0, "N_RNAP": 20, "N_Ribo": 100, "N_ATP": 584, "seed": 19}