{"t_death": 741.1500000000141, "death_mode": "atp_depletion", "pnr_type": "ribo_depletion", "t_pnr": 448.1999999999925, "dt_walking_dead": 292.9500000000216, "N_RNAP": 20, "N_Ribo": 2, "N_ATP": 100, "seed": 60}