{"t_death": 4350.149999999216, "death_mode": "ribo_collapse", "pnr_type": "ribo_depletion", "t_pnr": 2736.449999999868, "dt_walking_dead": 1613.6999999993477, "N_RNAP": 20, "N_Ribo": 27, "N_ATP": 11100, "seed": 27}