{"t_death": 5037.299999998938, "death_mode": "cycle_collapse", "pnr_type": "rnap_deadlock", "t_pnr": 5037.299999998938, "dt_walking_dead": 0.0, "N_RNAP": 20, "N_Ribo": 100, "N_ATP": 11100, "seed": 62}