{"t_death": 5023.3499999989435, "death_mode": "cycle_collapse", "pnr_type": "rnap_deadlock", "t_pnr": 5023.3499999989435, "dt_walking_dead": 0.0, "N_RNAP": 20, "N_Ribo": 64, "N_ATP": 1053, "seed": 71}