{"t_death": 1457.5500000000864, "death_mode": "atp_depletion", "pnr_type": "ribo_depletion", "t_pnr": 993.1500000000395, "dt_walking_dead": 464.4000000000468, "N_RNAP": 20, "N_Ribo": 3, "N_ATP": 100, "seed": 20}