{"t_death": 4551.749999999134, "death_mode": "cycle_collapse", "pnr_type": "rnap_deadlock", "t_pnr": 4413.14999999919, "dt_walking_dead": 138.59999999994398, "N_RNAP": 20, "N_Ribo": 17, "N_ATP": 1053, "seed": 29}