{"t_death": 3946.499999999379, "death_mode": "atp_depletion", "pnr_type": "ribo_depletion", "t_pnr": 2739.5999999998667, "dt_walking_dead": 1206.8999999995121, "N_RNAP": 20, "N_Ribo": 17, "N_ATP": 180, "seed": 69}