{"t_death": 3611.2499999995143, "death_mode": "ribo_collapse", "pnr_type": "ribo_depletion", "t_pnr": 463.0499999999921, "dt_walking_dead": 3148.1999999995223, "N_RNAP": 20, "N_Ribo": 2, "N_ATP": 20000, "seed": 63}