{"t_death": 5978.699999998557, "death_mode": "ribo_collapse", "pnr_type": "ribo_depletion", "t_pnr": 5975.099999998559, "dt_walking_dead": 3.599999999998545, "N_RNAP": 20, "N_Ribo": 100, "N_ATP": 11100, "seed": 33}