{"t_death": 6667.199999998279, "death_mode": "ribo_collapse", "pnr_type": "ribo_depletion", "t_pnr": 4667.399999999087, "dt_walking_dead": 1999.7999999991916, "N_RNAP": 20, "N_Ribo": 41, "N_ATP": 3419, "seed": 91}