{"t_death": 3847.049999999419, "death_mode": "atp_depletion", "pnr_type": "ribo_depletion", "t_pnr": 2666.699999999896, "dt_walking_dead": 1180.3499999995229, "N_RNAP": 20, "N_Ribo": 11, "N_ATP": 180, "seed": 61}