{"t_death": 2758.499999999859, "death_mode": "ribo_collapse", "pnr_type": "ribo_depletion", "t_pnr": 2472.2999999999747, "dt_walking_dead": 286.1999999998843, "N_RNAP": 20, "N_Ribo": 7, "N_ATP": 100, "seed": 30}