{"t_death": 5774.84999999864, "death_mode": "ribo_collapse", "pnr_type": "ribo_depletion", "t_pnr": 5744.699999998652, "dt_walking_dead": 30.149999999987813, "N_RNAP": 20, "N_Ribo": 100, "N_ATP": 1053, "seed": 73}