{"t_death": 2870.9999999998136, "death_mode": "ribo_collapse", "pnr_type": "ribo_depletion", "t_pnr": 1490.4000000000897, "dt_walking_dead": 1380.5999999997239, "N_RNAP": 20, "N_Ribo": 3, "N_ATP": 180, "seed": 23}