{"t_death": 3119.399999999713, "death_mode": "cycle_collapse", "pnr_type": "rnap_deadlock", "t_pnr": 2929.04999999979, "dt_walking_dead": 190.34999999992306, "N_RNAP": 20, "N_Ribo": 41, "N_ATP": 180, "seed": 17}