{"t_death": 690.3000000000089, "death_mode": "atp_depletion", "pnr_type": "ribo_depletion", "t_pnr": 313.6499999999959, "dt_walking_dead": 376.65000000001305, "N_RNAP": 20, "N_Ribo": 2, "N_ATP": 100, "seed": 95}