{"t_death": 4256.5499999992535, "death_mode": "ribo_collapse", "pnr_type": "ribo_depletion", "t_pnr": 1607.8500000001015, "dt_walking_dead": 2648.699999999152, "N_RNAP": 20, "N_Ribo": 7, "N_ATP": 1053, "seed": 39}