{"t_death": 2282.4000000000515, "death_mode": "atp_depletion", "pnr_type": "ribo_depletion", "t_pnr": 1801.8000000001211, "dt_walking_dead": 480.59999999993033, "N_RNAP": 20, "N_Ribo": 27, "N_ATP": 180, "seed": 35}