{"t_death": 1087.200000000049, "death_mode": "atp_depletion", "pnr_type": "ribo_depletion", "t_pnr": 545.3999999999943, "dt_walking_dead": 541.8000000000546, "N_RNAP": 20, "N_Ribo": 3, "N_ATP": 100, "seed": 80}