{"t_death": 1049.8500000000452, "death_mode": "atp_depletion", "pnr_type": "ribo_depletion", "t_pnr": 1005.7500000000408, "dt_walking_dead": 44.10000000000434, "N_RNAP": 20, "N_Ribo": 4, "N_ATP": 100, "seed": 10}