{"t_death": 2792.699999999845, "death_mode": "ribo_collapse", "pnr_type": "ribo_depletion", "t_pnr": 296.5499999999963, "dt_walking_dead": 2496.1499999998487, "N_RNAP": 20, "N_Ribo": 3, "N_ATP": 6161, "seed": 32}