{"t_death": 2719.349999999875, "death_mode": "cycle_collapse", "pnr_type": "rnap_deadlock", "t_pnr": 2714.399999999877, "dt_walking_dead": 4.949999999997999, "N_RNAP": 20, "N_Ribo": 27, "N_ATP": 11100, "seed": 28}