{"t_death": 995.4000000000398, "death_mode": "atp_depletion", "pnr_type": "ribo_depletion", "t_pnr": 621.450000000002, "dt_walking_dead": 373.9500000000378, "N_RNAP": 20, "N_Ribo": 2, "N_ATP": 100, "seed": 49}