{"t_death": 3907.3499999993946, "death_mode": "cycle_collapse", "pnr_type": "rnap_deadlock", "t_pnr": 3877.6499999994066, "dt_walking_dead": 29.699999999987995, "N_RNAP": 20, "N_Ribo": 27, "N_ATP": 11100, "seed": 25}