{"t_death": 6764.39999999824, "death_mode": "ribo_collapse", "pnr_type": "ribo_depletion", "t_pnr": 3711.5999999994738, "dt_walking_dead": 3052.799999998766, "N_RNAP": 20, "N_Ribo": 41, "N_ATP": 1053, "seed": 25}