{"t_death": 4810.49999999903, "death_mode": "ribo_collapse", "pnr_type": "ribo_depletion", "t_pnr": 4721.399999999066, "dt_walking_dead": 89.09999999996398, "N_RNAP": 20, "N_Ribo": 17, "N_ATP": 3419, "seed": 60}