{"t_death": 7150.499999998084, "death_mode": "ribo_collapse", "pnr_type": "ribo_depletion", "t_pnr": 4173.299999999287, "dt_walking_dead": 2977.1999999987966, "N_RNAP": 20, "N_Ribo": 41, "N_ATP": 1898, "seed": 52}