{"t_death": 3098.6999999997215, "death_mode": "atp_depletion", "pnr_type": "ribo_depletion", "t_pnr": 2989.3499999997657, "dt_walking_dead": 109.3499999999558, "N_RNAP": 20, "N_Ribo": 11, "N_ATP": 180, "seed": 46}