{"t_death": 4666.049999999088, "death_mode": "ribo_collapse", "pnr_type": "ribo_depletion", "t_pnr": 2048.400000000146, "dt_walking_dead": 2617.649999998942, "N_RNAP": 20, "N_Ribo": 7, "N_ATP": 11100, "seed": 38}