{"t_death": 6020.54999999854, "death_mode": "ribo_collapse", "pnr_type": "ribo_depletion", "t_pnr": 2719.349999999875, "dt_walking_dead": 3301.1999999986656, "N_RNAP": 20, "N_Ribo": 17, "N_ATP": 20000, "seed": 55}