{"t_death": 5010.299999998949, "death_mode": "ribo_collapse", "pnr_type": "ribo_depletion", "t_pnr": 3325.9499999996297, "dt_walking_dead": 1684.3499999993192, "N_RNAP": 20, "N_Ribo": 27, "N_ATP": 324, "seed": 70}