{"t_death": 4935.599999998979, "death_mode": "ribo_collapse", "pnr_type": "ribo_depletion", "t_pnr": 3070.799999999733, "dt_walking_dead": 1864.7999999992462, "N_RNAP": 20, "N_Ribo": 41, "N_ATP": 1898, "seed": 4}