{"t_death": 2791.7999999998456, "death_mode": "ribo_collapse", "pnr_type": "ribo_depletion", "t_pnr": 1364.850000000077, "dt_walking_dead": 1426.9499999997686, "N_RNAP": 20, "N_Ribo": 3, "N_ATP": 1053, "seed": 12}