{"t_death": 4301.0999999992355, "death_mode": "cycle_collapse", "pnr_type": "rnap_deadlock", "t_pnr": 4092.29999999932, "dt_walking_dead": 208.7999999999156, "N_RNAP": 20, "N_Ribo": 100, "N_ATP": 6161, "seed": 85}