{"t_death": 9458.09999999971, "death_mode": "ribo_collapse", "pnr_type": "ribo_depletion", "t_pnr": 7478.549999997951, "dt_walking_dead": 1979.5500000017582, "N_RNAP": 20, "N_Ribo": 100, "N_ATP": 20000, "seed": 67}