{"t_death": 5191.199999998876, "death_mode": "ribo_collapse", "pnr_type": "ribo_depletion", "t_pnr": 4323.599999999226, "dt_walking_dead": 867.5999999996493, "N_RNAP": 20, "N_Ribo": 100, "N_ATP": 1898, "seed": 17}