{"t_death": 4646.699999999096, "death_mode": "atp_depletion", "pnr_type": "ribo_depletion", "t_pnr": 4142.2499999993, "dt_walking_dead": 504.4499999997961, "N_RNAP": 20, "N_Ribo": 3, "N_ATP": 180, "seed": 94}