{"t_death": 3459.149999999576, "death_mode": "atp_depletion", "pnr_type": "ribo_depletion", "t_pnr": 1583.100000000099, "dt_walking_dead": 1876.0499999994768, "N_RNAP": 20, "N_Ribo": 3, "N_ATP": 100, "seed": 58}