{"t_death": 5369.399999998804, "death_mode": "ribo_collapse", "pnr_type": "ribo_depletion", "t_pnr": 2700.4499999998825, "dt_walking_dead": 2668.949999998921, "N_RNAP": 20, "N_Ribo": 7, "N_ATP": 1898, "seed": 19}