{"t_death": 1975.9500000001387, "death_mode": "atp_depletion", "pnr_type": "ribo_depletion", "t_pnr": 789.3000000000189, "dt_walking_dead": 1186.6500000001197, "N_RNAP": 20, "N_Ribo": 4, "N_ATP": 100, "seed": 80}