{"t_death": 2494.7999999999656, "death_mode": "ribo_collapse", "pnr_type": "ribo_depletion", "t_pnr": 570.5999999999968, "dt_walking_dead": 1924.199999999969, "N_RNAP": 20, "N_Ribo": 2, "N_ATP": 3419, "seed": 45}