{"t_death": 4149.449999999297, "death_mode": "ribo_collapse", "pnr_type": "ribo_depletion", "t_pnr": 2016.9000000001429, "dt_walking_dead": 2132.549999999154, "N_RNAP": 20, "N_Ribo": 17, "N_ATP": 1053, "seed": 43}