{"t_death": 3867.7499999994106, "death_mode": "ribo_collapse", "pnr_type": "ribo_depletion", "t_pnr": 2271.150000000056, "dt_walking_dead": 1596.5999999993546, "N_RNAP": 20, "N_Ribo": 27, "N_ATP": 584, "seed": 52}