{"t_death": 3381.749999999607, "death_mode": "ribo_collapse", "pnr_type": "ribo_depletion", "t_pnr": 945.0000000000347, "dt_walking_dead": 2436.7499999995725, "N_RNAP": 20, "N_Ribo": 3, "N_ATP": 11100, "seed": 66}