{"t_death": 2862.449999999817, "death_mode": "ribo_collapse", "pnr_type": "ribo_depletion", "t_pnr": 2326.9500000000335, "dt_walking_dead": 535.4999999997835, "N_RNAP": 20, "N_Ribo": 7, "N_ATP": 3419, "seed": 75}