{"t_death": 3864.599999999412, "death_mode": "ribo_collapse", "pnr_type": "ribo_depletion", "t_pnr": 3527.549999999548, "dt_walking_dead": 337.04999999986376, "N_RNAP": 20, "N_Ribo": 27, "N_ATP": 1053, "seed": 76}