{"t_death": 3126.5999999997102, "death_mode": "ribo_collapse", "pnr_type": "ribo_depletion", "t_pnr": 2946.599999999783, "dt_walking_dead": 179.99999999992724, "N_RNAP": 20, "N_Ribo": 17, "N_ATP": 1898, "seed": 41}