{"t_death": 3569.3999999995312, "death_mode": "ribo_collapse", "pnr_type": "ribo_depletion", "t_pnr": 3001.499999999761, "dt_walking_dead": 567.8999999997704, "N_RNAP": 20, "N_Ribo": 3, "N_ATP": 180, "seed": 79}