{"t_death": 5849.54999999861, "death_mode": "ribo_collapse", "pnr_type": "ribo_depletion", "t_pnr": 5386.499999998797, "dt_walking_dead": 463.0499999998128, "N_RNAP": 20, "N_Ribo": 11, "N_ATP": 584, "seed": 71}