{"t_death": 5753.699999998648, "death_mode": "ribo_collapse", "pnr_type": "ribo_depletion", "t_pnr": 1514.7000000000921, "dt_walking_dead": 4238.999999998556, "N_RNAP": 20, "N_Ribo": 17, "N_ATP": 584, "seed": 12}