{"t_death": 3889.7999999994017, "death_mode": "ribo_collapse", "pnr_type": "ribo_depletion", "t_pnr": 584.5499999999982, "dt_walking_dead": 3305.2499999994034, "N_RNAP": 20, "N_Ribo": 2, "N_ATP": 1053, "seed": 41}