{"t_death": 926.1000000000328, "death_mode": "atp_depletion", "pnr_type": "ribo_depletion", "t_pnr": 883.8000000000285, "dt_walking_dead": 42.300000000004275, "N_RNAP": 20, "N_Ribo": 3, "N_ATP": 100, "seed": 74}