{"t_death": 626.8500000000025, "death_mode": "atp_depletion", "pnr_type": "ribo_depletion", "t_pnr": 333.4499999999954, "dt_walking_dead": 293.40000000000714, "N_RNAP": 20, "N_Ribo": 2, "N_ATP": 100, "seed": 87}