{"t_death": 3851.549999999417, "death_mode": "cycle_collapse", "pnr_type": "rnap_deadlock", "t_pnr": 3838.4999999994225, "dt_walking_dead": 13.049999999994725, "N_RNAP": 20, "N_Ribo": 27, "N_ATP": 20000, "seed": 40}