{"t_death": 4501.799999999154, "death_mode": "ribo_collapse", "pnr_type": "ribo_depletion", "t_pnr": 3094.649999999723, "dt_walking_dead": 1407.1499999994312, "N_RNAP": 20, "N_Ribo": 7, "N_ATP": 324, "seed": 84}