{"t_death": 1911.6000000001322, "death_mode": "cycle_collapse", "pnr_type": "rnap_deadlock", "t_pnr": 1911.6000000001322, "dt_walking_dead": 0.0, "N_RNAP": 20, "N_Ribo": 2, "N_ATP": 11100, "seed": 59}