{"t_death": 6085.349999998514, "death_mode": "ribo_collapse", "pnr_type": "ribo_depletion", "t_pnr": 5861.699999998605, "dt_walking_dead": 223.6499999999096, "N_RNAP": 20, "N_Ribo": 64, "N_ATP": 20000, "seed": 72}