{"t_death": 4270.949999999248, "death_mode": "ribo_collapse", "pnr_type": "ribo_depletion", "t_pnr": 1951.2000000001362, "dt_walking_dead": 2319.7499999991114, "N_RNAP": 20, "N_Ribo": 3, "N_ATP": 1898, "seed": 33}