{"t_death": 1306.350000000071, "death_mode": "atp_depletion", "pnr_type": "ribo_depletion", "t_pnr": 1146.600000000055, "dt_walking_dead": 159.75000000001614, "N_RNAP": 20, "N_Ribo": 3, "N_ATP": 100, "seed": 21}