{"t_death": 2730.1499999998705, "death_mode": "ribo_collapse", "pnr_type": "ribo_depletion", "t_pnr": 627.7500000000026, "dt_walking_dead": 2102.3999999998678, "N_RNAP": 20, "N_Ribo": 2, "N_ATP": 11100, "seed": 82}