{"t_death": 3591.4499999995223, "death_mode": "ribo_collapse", "pnr_type": "ribo_depletion", "t_pnr": 2015.5500000001427, "dt_walking_dead": 1575.8999999993796, "N_RNAP": 20, "N_Ribo": 4, "N_ATP": 6161, "seed": 11}