{"t_death": 3984.7499999993634, "death_mode": "cycle_collapse", "pnr_type": "rnap_deadlock", "t_pnr": 3840.7499999994216, "dt_walking_dead": 143.9999999999418, "N_RNAP": 20, "N_Ribo": 64, "N_ATP": 1898, "seed": 98}