{"t_death": 4093.1999999993195, "death_mode": "ribo_collapse", "pnr_type": "ribo_depletion", "t_pnr": 2743.199999999865, "dt_walking_dead": 1349.9999999994543, "N_RNAP": 20, "N_Ribo": 17, "N_ATP": 1053, "seed": 52}