{"t_death": 3802.949999999437, "death_mode": "ribo_collapse", "pnr_type": "ribo_depletion", "t_pnr": 1626.3000000001034, "dt_walking_dead": 2176.6499999993334, "N_RNAP": 20, "N_Ribo": 7, "N_ATP": 11100, "seed": 10}