{"t_death": 2470.4999999999754, "death_mode": "ribo_collapse", "pnr_type": "ribo_depletion", "t_pnr": 1859.400000000127, "dt_walking_dead": 611.0999999998485, "N_RNAP": 20, "N_Ribo": 3, "N_ATP": 6161, "seed": 85}