{"t_death": 2857.499999999819, "death_mode": "ribo_collapse", "pnr_type": "ribo_depletion", "t_pnr": 2300.850000000044, "dt_walking_dead": 556.649999999775, "N_RNAP": 20, "N_Ribo": 7, "N_ATP": 584, "seed": 98}