{"t_death": 2414.249999999998, "death_mode": "cycle_collapse", "pnr_type": "rnap_deadlock", "t_pnr": 2064.6000000001395, "dt_walking_dead": 349.64999999985866, "N_RNAP": 20, "N_Ribo": 27, "N_ATP": 11100, "seed": 69}