{"t_death": 2308.500000000041, "death_mode": "ribo_collapse", "pnr_type": "ribo_depletion", "t_pnr": 983.2500000000385, "dt_walking_dead": 1325.2500000000023, "N_RNAP": 20, "N_Ribo": 4, "N_ATP": 11100, "seed": 19}