{"t_death": 2878.1999999998106, "death_mode": "ribo_collapse", "pnr_type": "ribo_depletion", "t_pnr": 1864.3500000001275, "dt_walking_dead": 1013.8499999996832, "N_RNAP": 20, "N_Ribo": 3, "N_ATP": 3419, "seed": 84}