{"t_death": 2299.9500000000444, "death_mode": "cycle_collapse", "pnr_type": "rnap_deadlock", "t_pnr": 1849.050000000126, "dt_walking_dead": 450.89999999991846, "N_RNAP": 20, "N_Ribo": 2, "N_ATP": 324, "seed": 88}