{"t_death": 3566.2499999995325, "death_mode": "ribo_collapse", "pnr_type": "ribo_depletion", "t_pnr": 2942.5499999997846, "dt_walking_dead": 623.6999999997479, "N_RNAP": 20, "N_Ribo": 7, "N_ATP": 3419, "seed": 71}