{"t_death": 4242.599999999259, "death_mode": "ribo_collapse", "pnr_type": "ribo_depletion", "t_pnr": 2591.9999999999263, "dt_walking_dead": 1650.5999999993328, "N_RNAP": 20, "N_Ribo": 7, "N_ATP": 20000, "seed": 62}