{"t_death": 3610.3499999995147, "death_mode": "ribo_collapse", "pnr_type": "ribo_depletion", "t_pnr": 2128.050000000114, "dt_walking_dead": 1482.2999999994008, "N_RNAP": 20, "N_Ribo": 7, "N_ATP": 3419, "seed": 70}