{"t_death": 3667.4999999994916, "death_mode": "ribo_collapse", "pnr_type": "ribo_depletion", "t_pnr": 621.450000000002, "dt_walking_dead": 3046.0499999994895, "N_RNAP": 20, "N_Ribo": 2, "N_ATP": 3419, "seed": 49}