{"t_death": 3578.3999999995276, "death_mode": "ribo_collapse", "pnr_type": "ribo_depletion", "t_pnr": 789.3000000000189, "dt_walking_dead": 2789.099999999509, "N_RNAP": 20, "N_Ribo": 2, "N_ATP": 20000, "seed": 17}