{"t_death": 2202.7500000000837, "death_mode": "cycle_collapse", "pnr_type": "rnap_deadlock", "t_pnr": 2202.7500000000837, "dt_walking_dead": 0.0, "N_RNAP": 20, "N_Ribo": 2, "N_ATP": 11100, "seed": 30}