{"t_death": 5912.999999998584, "death_mode": "atp_depletion", "pnr_type": "ribo_depletion", "t_pnr": 3482.999999999566, "dt_walking_dead": 2429.9999999990177, "N_RNAP": 20, "N_Ribo": 41, "N_ATP": 324, "seed": 32}