{"t_death": 2660.8499999998985, "death_mode": "cycle_collapse", "pnr_type": "rnap_deadlock", "t_pnr": 2310.30000000004, "dt_walking_dead": 350.5499999998583, "N_RNAP": 20, "N_Ribo": 4, "N_ATP": 1898, "seed": 82}