{"t_death": 3820.9499999994296, "death_mode": "cycle_collapse", "pnr_type": "rnap_deadlock", "t_pnr": 3820.9499999994296, "dt_walking_dead": 0.0, "N_RNAP": 20, "N_Ribo": 17, "N_ATP": 3419, "seed": 34}