{"t_death": 2009.7000000001422, "death_mode": "ribo_collapse", "pnr_type": "ribo_depletion", "t_pnr": 1728.4500000001137, "dt_walking_dead": 281.2500000000284, "N_RNAP": 20, "N_Ribo": 4, "N_ATP": 584, "seed": 83}