{"t_death": 3212.0999999996757, "death_mode": "ribo_collapse", "pnr_type": "ribo_depletion", "t_pnr": 3012.7499999997563, "dt_walking_dead": 199.34999999991942, "N_RNAP": 20, "N_Ribo": 7, "N_ATP": 1898, "seed": 23}