{"t_death": 2445.2999999999856, "death_mode": "ribo_collapse", "pnr_type": "ribo_depletion", "t_pnr": 1691.10000000011, "dt_walking_dead": 754.1999999998757, "N_RNAP": 20, "N_Ribo": 2, "N_ATP": 1053, "seed": 19}