{"t_death": 2972.6999999997724, "death_mode": "cycle_collapse", "pnr_type": "rnap_deadlock", "t_pnr": 2965.949999999775, "dt_walking_dead": 6.7499999999972715, "N_RNAP": 20, "N_Ribo": 4, "N_ATP": 11100, "seed": 45}