{"t_death": 1626.3000000001034, "death_mode": "atp_depletion", "pnr_type": "ribo_depletion", "t_pnr": 1594.3500000001002, "dt_walking_dead": 31.95000000000323, "N_RNAP": 20, "N_Ribo": 2, "N_ATP": 100, "seed": 76}