{"t_death": 5062.9499999989275, "death_mode": "atp_depletion", "pnr_type": "ribo_depletion", "t_pnr": 3332.249999999627, "dt_walking_dead": 1730.6999999993004, "N_RNAP": 20, "N_Ribo": 17, "N_ATP": 180, "seed": 64}