{"t_death": 5052.599999998932, "death_mode": "ribo_collapse", "pnr_type": "ribo_depletion", "t_pnr": 3389.399999999604, "dt_walking_dead": 1663.1999999993277, "N_RNAP": 20, "N_Ribo": 17, "N_ATP": 1053, "seed": 14}