{"t_death": 7576.649999997911, "death_mode": "ribo_collapse", "pnr_type": "ribo_depletion", "t_pnr": 5823.44999999862, "dt_walking_dead": 1753.1999999992913, "N_RNAP": 20, "N_Ribo": 100, "N_ATP": 11100, "seed": 22}