{"t_death": 3498.74999999956, "death_mode": "ribo_collapse", "pnr_type": "ribo_depletion", "t_pnr": 1883.2500000001294, "dt_walking_dead": 1615.4999999994304, "N_RNAP": 20, "N_Ribo": 4, "N_ATP": 11100, "seed": 1}