{"t_death": 2436.749999999989, "death_mode": "ribo_collapse", "pnr_type": "ribo_depletion", "t_pnr": 1901.7000000001312, "dt_walking_dead": 535.0499999998578, "N_RNAP": 20, "N_Ribo": 17, "N_ATP": 584, "seed": 79}