{"t_death": 3248.9999999996608, "death_mode": "cycle_collapse", "pnr_type": "rnap_deadlock", "t_pnr": 3248.9999999996608, "dt_walking_dead": 0.0, "N_RNAP": 20, "N_Ribo": 4, "N_ATP": 11100, "seed": 20}