{"t_death": 2878.1999999998106, "death_mode": "ribo_collapse", "pnr_type": "ribo_depletion", "t_pnr": 2777.849999999851, "dt_walking_dead": 100.34999999995944, "N_RNAP": 20, "N_Ribo": 11, "N_ATP": 180, "seed": 41}