{"t_death": 4763.6999999990485, "death_mode": "ribo_collapse", "pnr_type": "ribo_depletion", "t_pnr": 4447.799999999176, "dt_walking_dead": 315.8999999998723, "N_RNAP": 20, "N_Ribo": 11, "N_ATP": 6161, "seed": 24}