{"t_death": 1913.8500000001325, "death_mode": "atp_depletion", "pnr_type": "ribo_depletion", "t_pnr": 537.2999999999935, "dt_walking_dead": 1376.5500000001389, "N_RNAP": 20, "N_Ribo": 2, "N_ATP": 180, "seed": 42}