{"t_death": 2830.9499999998297, "death_mode": "ribo_collapse", "pnr_type": "ribo_depletion", "t_pnr": 2811.1499999998377, "dt_walking_dead": 19.799999999991996, "N_RNAP": 20, "N_Ribo": 7, "N_ATP": 20000, "seed": 73}