{"t_death": 5557.949999998727, "death_mode": "ribo_collapse", "pnr_type": "ribo_depletion", "t_pnr": 2859.749999999818, "dt_walking_dead": 2698.1999999989093, "N_RNAP": 20, "N_Ribo": 11, "N_ATP": 1898, "seed": 31}