{"t_death": 4973.8499999989635, "death_mode": "ribo_collapse", "pnr_type": "ribo_depletion", "t_pnr": 3397.049999999601, "dt_walking_dead": 1576.7999999993626, "N_RNAP": 20, "N_Ribo": 17, "N_ATP": 1898, "seed": 99}