{"t_death": 3723.299999999469, "death_mode": "ribo_collapse", "pnr_type": "ribo_depletion", "t_pnr": 2567.699999999936, "dt_walking_dead": 1155.5999999995329, "N_RNAP": 20, "N_Ribo": 11, "N_ATP": 6161, "seed": 5}