{"t_death": 3175.1999999996906, "death_mode": "ribo_collapse", "pnr_type": "ribo_depletion", "t_pnr": 3064.0499999997355, "dt_walking_dead": 111.14999999995507, "N_RNAP": 20, "N_Ribo": 11, "N_ATP": 11100, "seed": 56}