{"t_death": 2549.2499999999436, "death_mode": "cycle_collapse", "pnr_type": "rnap_deadlock", "t_pnr": 2386.8000000000093, "dt_walking_dead": 162.44999999993433, "N_RNAP": 20, "N_Ribo": 3, "N_ATP": 20000, "seed": 51}