{"t_death": 2048.850000000146, "death_mode": "ribo_collapse", "pnr_type": "ribo_depletion", "t_pnr": 1755.0000000001164, "dt_walking_dead": 293.85000000002947, "N_RNAP": 20, "N_Ribo": 7, "N_ATP": 6161, "seed": 45}