{"t_death": 4103.549999999315, "death_mode": "ribo_collapse", "pnr_type": "ribo_depletion", "t_pnr": 2762.0999999998576, "dt_walking_dead": 1341.4499999994578, "N_RNAP": 20, "N_Ribo": 7, "N_ATP": 11100, "seed": 43}