{"t_death": 3919.9499999993895, "death_mode": "ribo_collapse", "pnr_type": "ribo_depletion", "t_pnr": 2915.5499999997955, "dt_walking_dead": 1004.399999999594, "N_RNAP": 20, "N_Ribo": 17, "N_ATP": 1053, "seed": 87}