{"t_death": 3937.0499999993826, "death_mode": "ribo_collapse", "pnr_type": "ribo_depletion", "t_pnr": 2745.899999999864, "dt_walking_dead": 1191.1499999995185, "N_RNAP": 20, "N_Ribo": 17, "N_ATP": 6161, "seed": 38}