{"t_death": 5093.549999998915, "death_mode": "ribo_collapse", "pnr_type": "ribo_depletion", "t_pnr": 4585.4999999991205, "dt_walking_dead": 508.04999999979464, "N_RNAP": 20, "N_Ribo": 64, "N_ATP": 20000, "seed": 86}