{"t_death": 5015.249999998947, "death_mode": "cycle_collapse", "pnr_type": "rnap_deadlock", "t_pnr": 4805.999999999031, "dt_walking_dead": 209.24999999991542, "N_RNAP": 20, "N_Ribo": 41, "N_ATP": 584, "seed": 62}