{"t_death": 5493.599999998753, "death_mode": "ribo_collapse", "pnr_type": "ribo_depletion", "t_pnr": 1801.8000000001211, "dt_walking_dead": 3691.7999999986323, "N_RNAP": 20, "N_Ribo": 27, "N_ATP": 1053, "seed": 35}