{"t_death": 2984.8499999997675, "death_mode": "ribo_collapse", "pnr_type": "ribo_depletion", "t_pnr": 2597.849999999924, "dt_walking_dead": 386.99999999984357, "N_RNAP": 20, "N_Ribo": 17, "N_ATP": 1053, "seed": 95}