{"t_death": 4593.149999999117, "death_mode": "ribo_collapse", "pnr_type": "ribo_depletion", "t_pnr": 4549.949999999135, "dt_walking_dead": 43.19999999998254, "N_RNAP": 20, "N_Ribo": 27, "N_ATP": 3419, "seed": 53}