{"t_death": 1276.200000000068, "death_mode": "atp_depletion", "pnr_type": "ribo_depletion", "t_pnr": 126.00000000000055, "dt_walking_dead": 1150.2000000000676, "N_RNAP": 20, "N_Ribo": 2, "N_ATP": 100, "seed": 77}