{"t_death": 3654.449999999497, "death_mode": "ribo_collapse", "pnr_type": "ribo_depletion", "t_pnr": 1547.1000000000954, "dt_walking_dead": 2107.3499999994015, "N_RNAP": 20, "N_Ribo": 11, "N_ATP": 6161, "seed": 23}