{"t_death": 3181.499999999688, "death_mode": "ribo_collapse", "pnr_type": "ribo_depletion", "t_pnr": 1979.550000000139, "dt_walking_dead": 1201.949999999549, "N_RNAP": 20, "N_Ribo": 3, "N_ATP": 1898, "seed": 6}