{"t_death": 3386.699999999605, "death_mode": "ribo_collapse", "pnr_type": "ribo_depletion", "t_pnr": 2513.249999999958, "dt_walking_dead": 873.4499999996469, "N_RNAP": 20, "N_Ribo": 7, "N_ATP": 180, "seed": 33}