{"t_death": 4762.349999999049, "death_mode": "ribo_collapse", "pnr_type": "ribo_depletion", "t_pnr": 3266.099999999654, "dt_walking_dead": 1496.2499999993952, "N_RNAP": 20, "N_Ribo": 27, "N_ATP": 324, "seed": 62}