{"t_death": 10914.300000002064, "death_mode": "ribo_collapse", "pnr_type": "ribo_depletion", "t_pnr": 9234.449999999348, "dt_walking_dead": 1679.8500000027161, "N_RNAP": 20, "N_Ribo": 100, "N_ATP": 11100, "seed": 29}