{"t_death": 5765.399999998644, "death_mode": "ribo_collapse", "pnr_type": "ribo_depletion", "t_pnr": 2833.6499999998287, "dt_walking_dead": 2931.749999998815, "N_RNAP": 20, "N_Ribo": 11, "N_ATP": 1898, "seed": 55}