{"t_death": 2525.849999999953, "death_mode": "cycle_collapse", "pnr_type": "rnap_deadlock", "t_pnr": 2492.5499999999665, "dt_walking_dead": 33.29999999998654, "N_RNAP": 20, "N_Ribo": 41, "N_ATP": 1053, "seed": 68}