{"t_death": 9968.400000000534, "death_mode": "cycle_collapse", "pnr_type": "rnap_deadlock", "t_pnr": 9968.400000000534, "dt_walking_dead": 0.0, "N_RNAP": 20, "N_Ribo": 100, "N_ATP": 20000, "seed": 26}