{"t_death": 3934.7999999993835, "death_mode": "ribo_collapse", "pnr_type": "ribo_depletion", "t_pnr": 2308.500000000041, "dt_walking_dead": 1626.2999999993426, "N_RNAP": 20, "N_Ribo": 7, "N_ATP": 1898, "seed": 66}