{"t_death": 1060.2000000000462, "death_mode": "atp_depletion", "pnr_type": "ribo_depletion", "t_pnr": 377.0999999999943, "dt_walking_dead": 683.100000000052, "N_RNAP": 20, "N_Ribo": 2, "N_ATP": 100, "seed": 62}