{"t_death": 5350.0499999988115, "death_mode": "cycle_collapse", "pnr_type": "rnap_deadlock", "t_pnr": 5111.999999998908, "dt_walking_dead": 238.04999999990378, "N_RNAP": 20, "N_Ribo": 64, "N_ATP": 1898, "seed": 54}