{"t_death": 3503.699999999558, "death_mode": "ribo_collapse", "pnr_type": "ribo_depletion", "t_pnr": 1635.7500000001044, "dt_walking_dead": 1867.9499999994534, "N_RNAP": 20, "N_Ribo": 2, "N_ATP": 1053, "seed": 18}