{"t_death": 5860.349999998605, "death_mode": "ribo_collapse", "pnr_type": "ribo_depletion", "t_pnr": 2087.1000000001304, "dt_walking_dead": 3773.249999998475, "N_RNAP": 20, "N_Ribo": 7, "N_ATP": 20000, "seed": 35}