{"t_death": 2443.0499999999865, "death_mode": "ribo_collapse", "pnr_type": "ribo_depletion", "t_pnr": 1198.8000000000602, "dt_walking_dead": 1244.2499999999263, "N_RNAP": 20, "N_Ribo": 3, "N_ATP": 3419, "seed": 47}