{"t_death": 5237.999999998857, "death_mode": "ribo_collapse", "pnr_type": "ribo_depletion", "t_pnr": 3630.1499999995067, "dt_walking_dead": 1607.84999999935, "N_RNAP": 20, "N_Ribo": 4, "N_ATP": 584, "seed": 27}