{"t_death": 3023.549999999752, "death_mode": "ribo_collapse", "pnr_type": "ribo_depletion", "t_pnr": 147.1500000000001, "dt_walking_dead": 2876.399999999752, "N_RNAP": 20, "N_Ribo": 2, "N_ATP": 324, "seed": 52}