{"t_death": 5311.349999998827, "death_mode": "ribo_collapse", "pnr_type": "ribo_depletion", "t_pnr": 3318.7499999996326, "dt_walking_dead": 1992.5999999991946, "N_RNAP": 20, "N_Ribo": 27, "N_ATP": 20000, "seed": 32}