{"t_death": 3685.0499999994845, "death_mode": "ribo_collapse", "pnr_type": "ribo_depletion", "t_pnr": 1815.3000000001225, "dt_walking_dead": 1869.749999999362, "N_RNAP": 20, "N_Ribo": 7, "N_ATP": 1053, "seed": 24}