{"t_death": 3609.899999999515, "death_mode": "cycle_collapse", "pnr_type": "rnap_deadlock", "t_pnr": 3552.749999999538, "dt_walking_dead": 57.1499999999769, "N_RNAP": 20, "N_Ribo": 41, "N_ATP": 20000, "seed": 69}