{"t_death": 5514.299999998745, "death_mode": "ribo_collapse", "pnr_type": "ribo_depletion", "t_pnr": 5019.299999998945, "dt_walking_dead": 494.9999999997999, "N_RNAP": 20, "N_Ribo": 64, "N_ATP": 20000, "seed": 3}