{"t_death": 3021.299999999753, "death_mode": "ribo_collapse", "pnr_type": "ribo_depletion", "t_pnr": 1814.8500000001225, "dt_walking_dead": 1206.4499999996303, "N_RNAP": 20, "N_Ribo": 11, "N_ATP": 584, "seed": 93}