{"t_death": 4463.09999999917, "death_mode": "ribo_collapse", "pnr_type": "ribo_depletion", "t_pnr": 1580.8500000000988, "dt_walking_dead": 2882.2499999990714, "N_RNAP": 20, "N_Ribo": 2, "N_ATP": 324, "seed": 35}