{"t_death": 4401.899999999195, "death_mode": "ribo_collapse", "pnr_type": "ribo_depletion", "t_pnr": 3607.649999999516, "dt_walking_dead": 794.249999999679, "N_RNAP": 20, "N_Ribo": 27, "N_ATP": 1053, "seed": 23}