{"t_death": 2788.199999999847, "death_mode": "ribo_collapse", "pnr_type": "ribo_depletion", "t_pnr": 2158.2000000001017, "dt_walking_dead": 629.9999999997453, "N_RNAP": 20, "N_Ribo": 3, "N_ATP": 20000, "seed": 4}