{"t_death": 2975.3999999997714, "death_mode": "ribo_collapse", "pnr_type": "ribo_depletion", "t_pnr": 2740.0499999998665, "dt_walking_dead": 235.34999999990487, "N_RNAP": 20, "N_Ribo": 7, "N_ATP": 6161, "seed": 77}