{"t_death": 3572.09999999953, "death_mode": "ribo_collapse", "pnr_type": "ribo_depletion", "t_pnr": 1632.600000000104, "dt_walking_dead": 1939.499999999426, "N_RNAP": 20, "N_Ribo": 7, "N_ATP": 11100, "seed": 54}