{"t_death": 2552.3999999999423, "death_mode": "atp_depletion", "pnr_type": "ribo_depletion", "t_pnr": 2113.6500000001197, "dt_walking_dead": 438.74999999982265, "N_RNAP": 20, "N_Ribo": 3, "N_ATP": 180, "seed": 15}