{"t_death": 4279.049999999244, "death_mode": "ribo_collapse", "pnr_type": "ribo_depletion", "t_pnr": 2506.499999999961, "dt_walking_dead": 1772.5499999992835, "N_RNAP": 20, "N_Ribo": 4, "N_ATP": 20000, "seed": 96}