{"t_death": 3717.4499999994714, "death_mode": "cycle_collapse", "pnr_type": "rnap_deadlock", "t_pnr": 3717.4499999994714, "dt_walking_dead": 0.0, "N_RNAP": 20, "N_Ribo": 17, "N_ATP": 6161, "seed": 81}