{"t_death": 5001.299999998952, "death_mode": "atp_depletion", "pnr_type": "ribo_depletion", "t_pnr": 2148.7500000001055, "dt_walking_dead": 2852.549999998847, "N_RNAP": 20, "N_Ribo": 2, "N_ATP": 180, "seed": 81}