{"t_death": 3568.9499999995314, "death_mode": "ribo_collapse", "pnr_type": "ribo_depletion", "t_pnr": 3106.3499999997184, "dt_walking_dead": 462.599999999813, "N_RNAP": 20, "N_Ribo": 41, "N_ATP": 3419, "seed": 5}