{"t_death": 2390.8500000000076, "death_mode": "ribo_collapse", "pnr_type": "ribo_depletion", "t_pnr": 850.0500000000251, "dt_walking_dead": 1540.7999999999824, "N_RNAP": 20, "N_Ribo": 2, "N_ATP": 3419, "seed": 68}