{"t_death": 1014.7500000000417, "death_mode": "atp_depletion", "pnr_type": "ribo_depletion", "t_pnr": 829.800000000023, "dt_walking_dead": 184.9500000000187, "N_RNAP": 20, "N_Ribo": 4, "N_ATP": 100, "seed": 65}