{"t_death": 4012.649999999352, "death_mode": "ribo_collapse", "pnr_type": "ribo_depletion", "t_pnr": 1042.2000000000444, "dt_walking_dead": 2970.4499999993077, "N_RNAP": 20, "N_Ribo": 3, "N_ATP": 1898, "seed": 7}