{"t_death": 3043.7999999997437, "death_mode": "ribo_collapse", "pnr_type": "ribo_depletion", "t_pnr": 1038.150000000044, "dt_walking_dead": 2005.6499999996997, "N_RNAP": 20, "N_Ribo": 3, "N_ATP": 1898, "seed": 95}