{"t_death": 5713.199999998665, "death_mode": "ribo_collapse", "pnr_type": "ribo_depletion", "t_pnr": 4689.4499999990785, "dt_walking_dead": 1023.7499999995862, "N_RNAP": 20, "N_Ribo": 17, "N_ATP": 3419, "seed": 37}