{"t_death": 5697.899999998671, "death_mode": "cycle_collapse", "pnr_type": "rnap_deadlock", "t_pnr": 5691.149999998674, "dt_walking_dead": 6.7499999999972715, "N_RNAP": 20, "N_Ribo": 64, "N_ATP": 11100, "seed": 5}