{"t_death": 3484.3499999995656, "death_mode": "ribo_collapse", "pnr_type": "ribo_depletion", "t_pnr": 883.8000000000285, "dt_walking_dead": 2600.5499999995372, "N_RNAP": 20, "N_Ribo": 3, "N_ATP": 11100, "seed": 74}