{"t_death": 3671.09999999949, "death_mode": "ribo_collapse", "pnr_type": "ribo_depletion", "t_pnr": 2114.1000000001195, "dt_walking_dead": 1556.9999999993706, "N_RNAP": 20, "N_Ribo": 3, "N_ATP": 20000, "seed": 34}