{"t_death": 3322.349999999631, "death_mode": "ribo_collapse", "pnr_type": "ribo_depletion", "t_pnr": 1830.150000000124, "dt_walking_dead": 1492.199999999507, "N_RNAP": 20, "N_Ribo": 11, "N_ATP": 6161, "seed": 94}