{"t_death": 2556.8999999999405, "death_mode": "cycle_collapse", "pnr_type": "rnap_deadlock", "t_pnr": 2556.8999999999405, "dt_walking_dead": 0.0, "N_RNAP": 20, "N_Ribo": 11, "N_ATP": 1053, "seed": 77}