{"t_death": 3805.6499999994357, "death_mode": "cycle_collapse", "pnr_type": "rnap_deadlock", "t_pnr": 3595.4999999995207, "dt_walking_dead": 210.14999999991505, "N_RNAP": 20, "N_Ribo": 27, "N_ATP": 1898, "seed": 37}