{"t_death": 2179.800000000093, "death_mode": "ribo_collapse", "pnr_type": "ribo_depletion", "t_pnr": 2098.350000000126, "dt_walking_dead": 81.44999999996708, "N_RNAP": 20, "N_Ribo": 3, "N_ATP": 11100, "seed": 61}