{"t_death": 10099.350000000746, "death_mode": "ribo_collapse", "pnr_type": "ribo_depletion", "t_pnr": 1638.4500000001046, "dt_walking_dead": 8460.900000000642, "N_RNAP": 20, "N_Ribo": 4, "N_ATP": 324, "seed": 87}