{"t_death": 4563.899999999129, "death_mode": "ribo_collapse", "pnr_type": "ribo_depletion", "t_pnr": 1507.0500000000914, "dt_walking_dead": 3056.849999999038, "N_RNAP": 20, "N_Ribo": 11, "N_ATP": 584, "seed": 57}