{"t_death": 4174.649999999287, "death_mode": "ribo_collapse", "pnr_type": "ribo_depletion", "t_pnr": 2670.7499999998945, "dt_walking_dead": 1503.899999999392, "N_RNAP": 20, "N_Ribo": 11, "N_ATP": 1898, "seed": 97}