{"t_death": 4427.099999999185, "death_mode": "ribo_collapse", "pnr_type": "ribo_depletion", "t_pnr": 4015.799999999351, "dt_walking_dead": 411.29999999983374, "N_RNAP": 20, "N_Ribo": 17, "N_ATP": 11100, "seed": 3}