{"t_death": 4241.24999999926, "death_mode": "ribo_collapse", "pnr_type": "ribo_depletion", "t_pnr": 1324.350000000073, "dt_walking_dead": 2916.8999999991865, "N_RNAP": 20, "N_Ribo": 3, "N_ATP": 1898, "seed": 73}