{"t_death": 4561.19999999913, "death_mode": "ribo_collapse", "pnr_type": "ribo_depletion", "t_pnr": 3271.9499999996515, "dt_walking_dead": 1289.2499999994789, "N_RNAP": 20, "N_Ribo": 4, "N_ATP": 11100, "seed": 59}