{"t_death": 2639.2499999999072, "death_mode": "cycle_collapse", "pnr_type": "rnap_deadlock", "t_pnr": 2639.2499999999072, "dt_walking_dead": 0.0, "N_RNAP": 20, "N_Ribo": 11, "N_ATP": 6161, "seed": 52}