{"t_death": 3629.249999999507, "death_mode": "ribo_collapse", "pnr_type": "ribo_depletion", "t_pnr": 1832.4000000001242, "dt_walking_dead": 1796.8499999993828, "N_RNAP": 20, "N_Ribo": 11, "N_ATP": 180, "seed": 95}