{"t_death": 3387.149999999605, "death_mode": "ribo_collapse", "pnr_type": "ribo_depletion", "t_pnr": 1824.7500000001235, "dt_walking_dead": 1562.3999999994815, "N_RNAP": 20, "N_Ribo": 7, "N_ATP": 584, "seed": 72}