{"t_death": 4627.349999999104, "death_mode": "cycle_collapse", "pnr_type": "rnap_deadlock", "t_pnr": 4424.399999999186, "dt_walking_dead": 202.94999999991796, "N_RNAP": 20, "N_Ribo": 41, "N_ATP": 584, "seed": 88}