{"t_death": 6857.999999998202, "death_mode": "ribo_collapse", "pnr_type": "ribo_depletion", "t_pnr": 6483.599999998353, "dt_walking_dead": 374.39999999984866, "N_RNAP": 20, "N_Ribo": 64, "N_ATP": 1053, "seed": 17}