{"t_death": 2470.0499999999756, "death_mode": "ribo_collapse", "pnr_type": "ribo_depletion", "t_pnr": 2131.6500000001124, "dt_walking_dead": 338.3999999998632, "N_RNAP": 20, "N_Ribo": 11, "N_ATP": 11100, "seed": 58}