{"t_death": 3371.3999999996113, "death_mode": "ribo_collapse", "pnr_type": "ribo_depletion", "t_pnr": 3151.3499999997002, "dt_walking_dead": 220.04999999991105, "N_RNAP": 20, "N_Ribo": 7, "N_ATP": 584, "seed": 14}