{"t_death": 3435.7499999995853, "death_mode": "ribo_collapse", "pnr_type": "ribo_depletion", "t_pnr": 3265.199999999654, "dt_walking_dead": 170.54999999993106, "N_RNAP": 20, "N_Ribo": 64, "N_ATP": 324, "seed": 20}