{"t_death": 5169.599999998884, "death_mode": "ribo_collapse", "pnr_type": "ribo_depletion", "t_pnr": 647.1000000000046, "dt_walking_dead": 4522.4999999988795, "N_RNAP": 20, "N_Ribo": 4, "N_ATP": 3419, "seed": 2}