{"t_death": 4528.349999999144, "death_mode": "ribo_collapse", "pnr_type": "ribo_depletion", "t_pnr": 3942.8999999993803, "dt_walking_dead": 585.4499999997633, "N_RNAP": 20, "N_Ribo": 17, "N_ATP": 324, "seed": 78}