{"t_death": 3066.7499999997344, "death_mode": "ribo_collapse", "pnr_type": "ribo_depletion", "t_pnr": 975.6000000000378, "dt_walking_dead": 2091.149999999697, "N_RNAP": 20, "N_Ribo": 3, "N_ATP": 584, "seed": 35}