{"t_death": 4639.9499999990985, "death_mode": "ribo_collapse", "pnr_type": "ribo_depletion", "t_pnr": 4405.0499999991935, "dt_walking_dead": 234.89999999990505, "N_RNAP": 20, "N_Ribo": 27, "N_ATP": 20000, "seed": 30}