{"t_death": 4774.499999999044, "death_mode": "cycle_collapse", "pnr_type": "rnap_deadlock", "t_pnr": 4764.149999999048, "dt_walking_dead": 10.349999999995816, "N_RNAP": 20, "N_Ribo": 100, "N_ATP": 1053, "seed": 69}