{"t_death": 3801.5999999994374, "death_mode": "atp_depletion", "pnr_type": "ribo_depletion", "t_pnr": 3070.799999999733, "dt_walking_dead": 730.7999999997046, "N_RNAP": 20, "N_Ribo": 41, "N_ATP": 324, "seed": 4}