{"t_death": 3099.1499999997213, "death_mode": "ribo_collapse", "pnr_type": "ribo_depletion", "t_pnr": 1280.7000000000685, "dt_walking_dead": 1818.4499999996528, "N_RNAP": 20, "N_Ribo": 3, "N_ATP": 11100, "seed": 96}