{"t_death": 3143.2499999997035, "death_mode": "cycle_collapse", "pnr_type": "rnap_deadlock", "t_pnr": 3143.2499999997035, "dt_walking_dead": 0.0, "N_RNAP": 20, "N_Ribo": 27, "N_ATP": 3419, "seed": 34}