{"t_death": 4090.049999999321, "death_mode": "ribo_collapse", "pnr_type": "ribo_depletion", "t_pnr": 3451.499999999579, "dt_walking_dead": 638.5499999997419, "N_RNAP": 20, "N_Ribo": 11, "N_ATP": 584, "seed": 4}