{"t_death": 7049.699999998124, "death_mode": "ribo_collapse", "pnr_type": "ribo_depletion", "t_pnr": 4872.5999999990045, "dt_walking_dead": 2177.09999999912, "N_RNAP": 20, "N_Ribo": 100, "N_ATP": 1053, "seed": 48}