{"t_death": 4072.499999999328, "death_mode": "ribo_collapse", "pnr_type": "ribo_depletion", "t_pnr": 2569.0499999999356, "dt_walking_dead": 1503.4499999993923, "N_RNAP": 20, "N_Ribo": 7, "N_ATP": 1053, "seed": 27}