{"t_death": 4852.7999999990125, "death_mode": "cycle_collapse", "pnr_type": "rnap_deadlock", "t_pnr": 4809.14999999903, "dt_walking_dead": 43.649999999982356, "N_RNAP": 20, "N_Ribo": 64, "N_ATP": 20000, "seed": 82}