{"t_death": 4176.899999999286, "death_mode": "ribo_collapse", "pnr_type": "ribo_depletion", "t_pnr": 3596.3999999995203, "dt_walking_dead": 580.4999999997654, "N_RNAP": 20, "N_Ribo": 7, "N_ATP": 6161, "seed": 37}