{"t_death": 4033.7999999993435, "death_mode": "ribo_collapse", "pnr_type": "ribo_depletion", "t_pnr": 2039.4000000001452, "dt_walking_dead": 1994.3999999991984, "N_RNAP": 20, "N_Ribo": 4, "N_ATP": 324, "seed": 86}