{"t_death": 4327.199999999225, "death_mode": "ribo_collapse", "pnr_type": "ribo_depletion", "t_pnr": 3843.4499999994205, "dt_walking_dead": 483.74999999980446, "N_RNAP": 20, "N_Ribo": 41, "N_ATP": 584, "seed": 81}