{"t_death": 1510.2000000000917, "death_mode": "atp_depletion", "pnr_type": "ribo_depletion", "t_pnr": 1079.5500000000482, "dt_walking_dead": 430.6500000000435, "N_RNAP": 20, "N_Ribo": 3, "N_ATP": 180, "seed": 24}