{"t_death": 6682.949999998273, "death_mode": "ribo_collapse", "pnr_type": "ribo_depletion", "t_pnr": 3140.099999999705, "dt_walking_dead": 3542.849999998568, "N_RNAP": 20, "N_Ribo": 27, "N_ATP": 11100, "seed": 38}