{"t_death": 2939.8499999997857, "death_mode": "ribo_collapse", "pnr_type": "ribo_depletion", "t_pnr": 2415.5999999999976, "dt_walking_dead": 524.2499999997881, "N_RNAP": 20, "N_Ribo": 7, "N_ATP": 3419, "seed": 76}