{"t_death": 3019.4999999997535, "death_mode": "cycle_collapse", "pnr_type": "rnap_deadlock", "t_pnr": 3019.4999999997535, "dt_walking_dead": 0.0, "N_RNAP": 20, "N_Ribo": 64, "N_ATP": 1053, "seed": 32}