{"t_death": 6657.749999998283, "death_mode": "ribo_collapse", "pnr_type": "ribo_depletion", "t_pnr": 3833.5499999994245, "dt_walking_dead": 2824.1999999988584, "N_RNAP": 20, "N_Ribo": 100, "N_ATP": 11100, "seed": 3}