{"t_death": 5213.699999998867, "death_mode": "ribo_collapse", "pnr_type": "ribo_depletion", "t_pnr": 4061.6999999993322, "dt_walking_dead": 1151.9999999995343, "N_RNAP": 20, "N_Ribo": 27, "N_ATP": 1898, "seed": 44}