{"t_death": 9659.700000000035, "death_mode": "ribo_collapse", "pnr_type": "ribo_depletion", "t_pnr": 6773.399999998236, "dt_walking_dead": 2886.300000001799, "N_RNAP": 20, "N_Ribo": 100, "N_ATP": 20000, "seed": 50}