{"t_death": 2059.2000000001417, "death_mode": "atp_depletion", "pnr_type": "ribo_depletion", "t_pnr": 1635.7500000001044, "dt_walking_dead": 423.45000000003733, "N_RNAP": 20, "N_Ribo": 2, "N_ATP": 180, "seed": 18}