{"t_death": 2899.349999999802, "death_mode": "atp_depletion", "pnr_type": "ribo_depletion", "t_pnr": 2570.849999999935, "dt_walking_dead": 328.4999999998672, "N_RNAP": 20, "N_Ribo": 7, "N_ATP": 180, "seed": 44}