{"t_death": 4931.099999998981, "death_mode": "ribo_collapse", "pnr_type": "ribo_depletion", "t_pnr": 4533.749999999141, "dt_walking_dead": 397.3499999998394, "N_RNAP": 20, "N_Ribo": 100, "N_ATP": 1053, "seed": 71}