{"t_death": 3359.249999999616, "death_mode": "atp_depletion", "pnr_type": "ribo_depletion", "t_pnr": 1459.3500000000865, "dt_walking_dead": 1899.8999999995297, "N_RNAP": 20, "N_Ribo": 11, "N_ATP": 180, "seed": 2}