{"t_death": 4604.849999999113, "death_mode": "ribo_collapse", "pnr_type": "ribo_depletion", "t_pnr": 1616.8500000001025, "dt_walking_dead": 2987.9999999990105, "N_RNAP": 20, "N_Ribo": 2, "N_ATP": 1053, "seed": 31}