{"t_death": 907.6500000000309, "death_mode": "atp_depletion", "pnr_type": "ribo_depletion", "t_pnr": 296.5499999999963, "dt_walking_dead": 611.1000000000346, "N_RNAP": 20, "N_Ribo": 3, "N_ATP": 100, "seed": 32}