{"t_death": 6121.7999999984995, "death_mode": "ribo_collapse", "pnr_type": "ribo_depletion", "t_pnr": 5349.149999998812, "dt_walking_dead": 772.6499999996877, "N_RNAP": 20, "N_Ribo": 64, "N_ATP": 6161, "seed": 58}