{"t_death": 5863.049999998604, "death_mode": "ribo_collapse", "pnr_type": "ribo_depletion", "t_pnr": 2148.7500000001055, "dt_walking_dead": 3714.2999999984986, "N_RNAP": 20, "N_Ribo": 2, "N_ATP": 11100, "seed": 81}