{"t_death": 4290.74999999924, "death_mode": "atp_depletion", "pnr_type": "ribo_depletion", "t_pnr": 2384.1000000000104, "dt_walking_dead": 1906.6499999992293, "N_RNAP": 20, "N_Ribo": 4, "N_ATP": 180, "seed": 22}