{"t_death": 1454.400000000086, "death_mode": "atp_depletion", "pnr_type": "ribo_depletion", "t_pnr": 511.1999999999909, "dt_walking_dead": 943.2000000000951, "N_RNAP": 20, "N_Ribo": 3, "N_ATP": 100, "seed": 83}